time_in_frame_utc,N,offset_from_own_slot_ms,rs_fixes,chase_flips,snr_db,preamble_corr,source_file
2026-09-26 22:11:18,281258626,+5.2,0,0,7,0.76,20260926_221058.wav
2026-09-26 22:11:39,281258633,+4.2,1,0,5,0.63,20260926_221058.wav
2026-09-26 22:11:48,281258636,+4.2,0,0,6,0.68,20260926_221058.wav
2026-09-26 22:12:12,281258644,+4.1,0,0,9,0.81,20260926_221058.wav
2026-09-26 22:12:18,281258646,+3.3,0,0,6,0.64,20260926_221058.wav
2026-09-26 22:12:27,281258649,+3.4,0,0,5,0.66,20260926_221058.wav
2026-09-26 22:12:45,281258655,+3.2,0,0,3,0.65,20260926_221058.wav
2026-09-26 22:12:54,281258658,+2.5,3,0,4,0.66,20260926_221058.wav
2026-09-26 22:13:03,281258661,+2.3,2,0,4,0.62,20260926_221058.wav
2026-09-26 22:13:42,281258674,+2.0,3,0,4,0.61,20260926_221058.wav
2026-09-26 22:13:51,281258677,+1.6,0,0,6,0.64,20260926_221058.wav
2026-09-26 22:14:03,281258681,+0.9,3,0,1,0.63,20260926_221058.wav
2026-09-26 22:14:27,281258689,+0.7,0,0,8,0.75,20260926_221058.wav
2026-09-26 22:14:30,281258690,+1.0,0,0,5,0.68,20260926_221058.wav
2026-09-26 22:14:39,281258693,+0.6,3,0,3,0.67,20260926_221058.wav
2026-09-26 22:14:42,281258694,+0.4,1,0,2,0.61,20260926_221058.wav
2026-09-26 22:14:54,281258698,+0.4,0,0,8,0.79,20260926_221058.wav
2026-09-26 22:15:03,281258701,-0.2,1,0,6,0.73,20260926_221058.wav
2026-09-26 22:15:12,281258704,+0.0,2,0,8,0.76,20260926_221058.wav
2026-09-26 22:15:48,281258716,-1.4,3,1,4,0.49,20260926_221058.wav
2026-09-26 22:16:00,281258720,-1.1,3,0,2,0.55,20260926_221058.wav
2026-09-26 22:17:03,281258741,-2.6,3,1,1,0.48,20260926_221058.wav
2026-09-26 22:17:12,281258744,-3.5,1,0,3,0.50,20260926_221058.wav
2016-06-11 14:49:15,172990585,+324804482998.0,3,4,1,0.52,20260926_221058.wav
2026-09-26 22:17:27,281258749,-2.6,2,0,1,0.50,20260926_221058.wav
2026-09-26 22:17:39,281258753,-4.1,3,0,2,0.59,20260926_221058.wav
2026-09-26 22:17:54,281258758,-3.4,2,0,3,0.60,20260926_221058.wav
2026-09-26 22:17:57,281258759,-3.4,3,3,3,0.64,20260926_221058.wav
2026-09-26 22:18:12,281258764,-4.5,2,0,6,0.62,20260926_221058.wav
2026-09-26 22:18:57,281258779,-5.3,3,1,4,0.64,20260926_221058.wav
2026-09-26 22:19:09,281258783,-5.3,3,3,6,0.65,20260926_221058.wav
2026-09-26 22:19:12,281258784,-5.8,3,0,3,0.54,20260926_221058.wav
2026-09-26 22:19:36,281258792,-6.0,3,2,3,0.49,20260926_221058.wav
2026-09-26 22:19:45,281258795,-6.6,3,4,2,0.52,20260926_221058.wav
2026-09-26 22:20:45,281258815,-7.5,3,0,4,0.59,20260926_221058.wav
2026-09-26 22:20:54,281258818,-8.1,3,0,4,0.59,20260926_221058.wav
2026-09-26 22:21:36,281258832,-0.1,3,1,0,0.53,20260926_222058.wav
2026-09-26 22:22:03,281258841,+0.1,0,0,6,0.61,20260926_222058.wav
2016-07-05 06:31:12,173671824,+322761791982.6,4,0,1,0.46,20260926_223058.wav
2026-09-26 22:34:54,281259098,-17.2,3,1,3,0.49,20260926_223058.wav
2026-09-26 22:44:24,281259288,+2.4,3,0,2,0.49,20260926_224058.wav
2026-09-26 22:46:00,281259320,+0.8,3,1,2,0.55,20260926_224058.wav
2026-09-26 22:46:03,281259321,+0.8,3,1,6,0.48,20260926_224058.wav
2026-09-26 22:46:21,281259327,+0.6,3,2,2,0.54,20260926_224058.wav
2026-09-26 22:47:03,281259341,-0.6,3,0,5,0.61,20260926_224058.wav
2026-09-26 22:47:39,281259353,-1.5,3,0,1,0.48,20260926_224058.wav
2026-09-26 22:48:00,281259360,-3.1,2,0,5,0.60,20260926_224058.wav
2026-09-26 22:49:27,281259389,-3.9,1,1,4,0.56,20260926_224058.wav
2026-09-26 22:52:51,281259457,+8.4,3,0,2,0.44,20260926_225058.wav
2026-09-26 22:54:24,281259488,+6.8,2,0,8,0.42,20260926_225058.wav
2026-09-26 22:58:03,281259561,+1.4,3,1,1,0.45,20260926_225058.wav
2026-09-26 22:58:54,281259578,+0.0,3,1,0,0.48,20260926_225058.wav
2026-09-26 22:59:15,281259585,-0.1,3,0,6,0.70,20260926_225058.wav
2026-09-26 22:59:45,281259595,-1.0,1,0,5,0.61,20260926_225058.wav
2026-09-26 22:59:57,281259599,-1.0,3,3,1,0.50,20260926_225058.wav
2026-09-26 23:01:03,281259621,+5.4,0,0,1,0.56,20260926_230058.wav
2026-09-26 23:01:18,281259626,+5.3,3,0,4,0.69,20260926_230058.wav
2026-09-26 23:01:42,281259634,+5.0,2,0,5,0.64,20260926_230058.wav
2026-09-26 23:01:51,281259637,+4.6,0,0,4,0.68,20260926_230058.wav
2026-09-26 23:01:54,281259638,+4.9,3,1,2,0.64,20260926_230058.wav
2026-09-26 23:02:03,281259641,+3.9,1,0,6,0.70,20260926_230058.wav
2026-09-26 23:02:42,281259654,+3.9,0,0,8,0.79,20260926_230058.wav
2026-09-26 23:03:03,281259661,+3.4,0,0,4,0.67,20260926_230058.wav
2026-09-26 23:03:12,281259664,+3.0,2,0,3,0.67,20260926_230058.wav
2026-09-26 23:03:15,281259665,+3.4,3,1,6,0.75,20260926_230058.wav
2026-09-26 23:03:36,281259672,+2.4,0,0,9,0.83,20260926_230058.wav
2026-09-26 23:03:42,281259674,+2.4,0,0,8,0.81,20260926_230058.wav
2026-09-26 23:03:45,281259675,+2.2,0,0,12,0.90,20260926_230058.wav
2026-09-26 23:03:48,281259676,+2.4,0,0,10,0.85,20260926_230058.wav
2026-09-26 23:04:03,281259681,+1.8,1,0,3,0.72,20260926_230058.wav
2026-09-26 23:04:36,281259692,+1.2,0,0,10,0.84,20260926_230058.wav
2026-09-26 23:04:39,281259693,+1.0,0,0,11,0.84,20260926_230058.wav
2026-09-26 23:04:42,281259694,+1.0,0,0,12,0.87,20260926_230058.wav
2026-09-26 23:04:48,281259696,+1.1,0,0,7,0.82,20260926_230058.wav
2026-09-26 23:04:51,281259697,+0.5,0,0,9,0.82,20260926_230058.wav
2026-09-26 23:05:03,281259701,+0.5,0,0,9,0.83,20260926_230058.wav
2026-09-26 23:05:24,281259708,+0.0,0,0,5,0.75,20260926_230058.wav
2026-09-26 23:05:30,281259710,+0.0,1,0,2,0.67,20260926_230058.wav
2026-09-26 23:05:54,281259718,-0.9,2,0,3,0.69,20260926_230058.wav
2026-09-26 23:06:03,281259721,-1.0,0,0,11,0.81,20260926_230058.wav
2026-09-26 23:06:12,281259724,-0.8,0,0,8,0.79,20260926_230058.wav
2026-09-26 23:06:18,281259726,-0.9,0,0,7,0.80,20260926_230058.wav
2026-09-26 23:06:27,281259729,-0.9,0,0,9,0.81,20260926_230058.wav
2026-09-26 23:06:48,281259736,-1.3,0,0,9,0.83,20260926_230058.wav
2026-09-26 23:07:00,281259740,-1.7,0,0,4,0.68,20260926_230058.wav
2026-09-26 23:07:03,281259741,-1.9,0,0,11,0.86,20260926_230058.wav
2026-09-26 23:07:12,281259744,-2.0,0,0,13,0.87,20260926_230058.wav
2026-09-26 23:07:18,281259746,-2.4,0,0,8,0.84,20260926_230058.wav
2026-09-26 23:07:21,281259747,-1.9,0,0,8,0.79,20260926_230058.wav
2026-09-26 23:08:03,281259761,-3.2,0,0,4,0.73,20260926_230058.wav
2026-09-26 23:08:09,281259763,-3.2,0,0,11,0.85,20260926_230058.wav
2026-09-26 23:08:18,281259766,-3.3,0,0,12,0.86,20260926_230058.wav
2026-09-26 23:08:21,281259767,-3.2,0,0,12,0.84,20260926_230058.wav
2026-09-26 23:09:03,281259781,-4.4,1,0,4,0.75,20260926_230058.wav
2026-09-26 23:09:27,281259789,-4.9,0,0,9,0.80,20260926_230058.wav
2026-09-26 23:09:36,281259792,-4.8,0,0,8,0.81,20260926_230058.wav
2026-09-26 23:09:54,281259798,-5.6,0,0,10,0.83,20260926_230058.wav
2026-09-26 23:10:03,281259801,-5.6,0,0,8,0.83,20260926_230058.wav
2026-09-26 23:10:27,281259809,-6.3,0,0,6,0.78,20260926_230058.wav
2026-09-26 23:10:51,281259817,-6.8,0,0,10,0.87,20260926_230058.wav
2026-09-26 23:11:18,281259826,+5.9,0,0,11,0.86,20260926_231058.wav
2026-09-26 23:11:39,281259833,+5.0,0,0,11,0.81,20260926_231058.wav
2026-09-26 23:11:54,281259838,+4.4,0,1,4,0.69,20260926_231058.wav
2026-09-26 23:12:00,281259840,+5.0,1,0,8,0.80,20260926_231058.wav
2026-09-26 23:12:03,281259841,+5.1,1,1,8,0.81,20260926_231058.wav
2026-09-26 23:12:27,281259849,+3.8,3,0,2,0.63,20260926_231058.wav
2026-09-26 23:12:30,281259850,+3.8,2,0,4,0.69,20260926_231058.wav
2026-09-26 23:12:51,281259857,+3.4,0,0,11,0.84,20260926_231058.wav
2026-09-26 23:13:03,281259861,+3.1,1,0,5,0.74,20260926_231058.wav
2026-09-26 23:13:12,281259864,+3.5,3,0,3,0.64,20260926_231058.wav
2026-09-26 23:13:18,281259866,+2.7,3,0,5,0.72,20260926_231058.wav
2026-09-26 23:13:51,281259877,+2.3,3,3,2,0.61,20260926_231058.wav
2026-09-26 23:13:54,281259878,+1.9,0,0,8,0.78,20260926_231058.wav
2026-09-26 23:14:03,281259881,+2.2,0,0,8,0.78,20260926_231058.wav
2026-09-26 23:14:12,281259884,+1.7,0,0,4,0.73,20260926_231058.wav
2026-09-26 23:14:15,281259885,+2.2,0,0,9,0.82,20260926_231058.wav
2026-09-26 23:14:30,281259890,+2.1,2,0,4,0.68,20260926_231058.wav
2026-09-26 23:14:45,281259895,+1.5,0,0,12,0.90,20260926_231058.wav
2026-09-26 23:14:57,281259899,+1.1,0,0,12,0.89,20260926_231058.wav
2026-09-26 23:15:03,281259901,+0.8,0,0,9,0.83,20260926_231058.wav
2026-09-26 23:15:12,281259904,+1.1,0,0,11,0.86,20260926_231058.wav
2026-09-26 23:15:36,281259912,+0.2,0,0,13,0.91,20260926_231058.wav
2026-09-26 23:15:48,281259916,+0.2,0,0,11,0.89,20260926_231058.wav
2026-09-26 23:15:54,281259918,-0.1,0,0,11,0.89,20260926_231058.wav
2026-09-26 23:16:03,281259921,+0.1,0,0,13,0.90,20260926_231058.wav
2026-09-26 23:16:12,281259924,-0.2,0,0,13,0.92,20260926_231058.wav
2026-09-26 23:16:45,281259935,-1.1,0,0,12,0.89,20260926_231058.wav
2026-09-26 23:16:51,281259937,-1.1,0,0,12,0.90,20260926_231058.wav
2026-09-26 23:17:00,281259940,-1.4,0,0,12,0.89,20260926_231058.wav
2026-09-26 23:17:03,281259941,-1.4,0,0,13,0.87,20260926_231058.wav
2026-09-26 23:17:18,281259946,-1.6,0,0,9,0.87,20260926_231058.wav
2026-09-26 23:17:39,281259953,-2.0,0,0,12,0.89,20260926_231058.wav
2026-09-26 23:17:42,281259954,-1.7,0,0,12,0.89,20260926_231058.wav
2026-09-26 23:18:03,281259961,-2.4,0,0,14,0.90,20260926_231058.wav
2026-09-26 23:18:15,281259965,-2.9,0,0,10,0.87,20260926_231058.wav
2026-09-26 23:18:36,281259972,-3.2,0,0,11,0.85,20260926_231058.wav
2026-09-26 23:18:54,281259978,-3.7,1,0,10,0.86,20260926_231058.wav
2026-09-26 23:19:03,281259981,-3.9,0,0,11,0.89,20260926_231058.wav
2026-09-26 23:19:39,281259993,-4.6,0,0,10,0.83,20260926_231058.wav
2026-09-26 23:19:42,281259994,-4.5,0,0,10,0.84,20260926_231058.wav
2026-09-26 23:19:45,281259995,-4.5,0,0,11,0.85,20260926_231058.wav
2026-09-26 23:19:48,281259996,-4.6,0,0,10,0.85,20260926_231058.wav
2026-09-26 23:20:00,281260000,-5.0,0,0,11,0.86,20260926_231058.wav
2026-09-26 23:20:03,281260001,-4.9,0,0,10,0.85,20260926_231058.wav
2026-09-26 23:20:15,281260005,-5.0,0,0,13,0.85,20260926_231058.wav
2026-09-26 23:20:45,281260015,-5.7,0,0,10,0.85,20260926_231058.wav
2026-09-26 23:20:51,281260017,-6.0,0,0,9,0.86,20260926_231058.wav
2026-09-26 23:20:54,281260018,-6.0,0,0,10,0.86,20260926_231058.wav
2026-09-26 23:21:03,281260021,+5.0,0,0,10,0.87,20260926_232058.wav
2026-09-26 23:21:18,281260026,+4.6,0,0,9,0.85,20260926_232058.wav
2026-09-26 23:21:21,281260027,+4.4,0,0,9,0.84,20260926_232058.wav
2026-09-26 23:21:27,281260029,+4.2,0,0,10,0.87,20260926_232058.wav
2026-09-26 23:21:30,281260030,+4.3,0,0,11,0.90,20260926_232058.wav
2026-09-26 23:21:39,281260033,+4.2,0,0,10,0.88,20260926_232058.wav
2026-09-26 23:21:45,281260035,+4.2,0,0,12,0.88,20260926_232058.wav
2026-09-26 23:21:57,281260039,+4.1,0,0,8,0.87,20260926_232058.wav
2026-09-26 23:22:00,281260040,+3.5,0,0,9,0.86,20260926_232058.wav
2026-09-26 23:22:03,281260041,+4.0,0,0,14,0.89,20260926_232058.wav
2026-09-26 23:22:15,281260045,+3.4,0,0,10,0.81,20260926_232058.wav
2026-09-26 23:22:24,281260048,+3.0,0,0,8,0.80,20260926_232058.wav
2026-09-26 23:23:03,281260061,+2.3,0,0,5,0.77,20260926_232058.wav
2026-09-26 23:23:12,281260064,+2.1,2,0,8,0.82,20260926_232058.wav
2026-09-26 23:23:24,281260068,+2.4,0,0,10,0.88,20260926_232058.wav
2026-09-26 23:23:27,281260069,+2.1,0,0,10,0.83,20260926_232058.wav
2026-09-26 23:23:30,281260070,+1.9,0,0,9,0.83,20260926_232058.wav
2026-09-26 23:24:03,281260081,+1.5,0,0,13,0.86,20260926_232058.wav
2026-09-26 23:24:24,281260088,+0.9,0,0,4,0.70,20260926_232058.wav
2026-09-26 23:24:27,281260089,+0.6,0,0,11,0.85,20260926_232058.wav
2026-09-26 23:24:36,281260092,+0.5,0,0,2,0.66,20260926_232058.wav
2026-09-26 23:24:39,281260093,+0.4,0,0,10,0.86,20260926_232058.wav
2026-09-26 23:24:57,281260099,+0.2,0,0,13,0.86,20260926_232058.wav
2026-09-26 23:25:00,281260100,+0.1,0,0,9,0.86,20260926_232058.wav
2026-09-26 23:25:03,281260101,+0.0,0,0,11,0.84,20260926_232058.wav
2026-09-26 23:25:12,281260104,+0.1,0,0,13,0.88,20260926_232058.wav
2026-09-26 23:25:15,281260105,-0.8,1,0,11,0.85,20260926_232058.wav
2026-09-26 23:25:21,281260107,-0.1,0,0,10,0.88,20260926_232058.wav
2026-09-26 23:25:27,281260109,-0.6,0,0,11,0.89,20260926_232058.wav
2026-09-26 23:25:36,281260112,-0.4,0,0,10,0.87,20260926_232058.wav
2026-09-26 23:25:51,281260117,-0.9,0,0,12,0.88,20260926_232058.wav
2026-09-26 23:26:03,281260121,-1.4,0,0,10,0.87,20260926_232058.wav
2026-09-26 23:26:42,281260134,-1.9,0,0,12,0.86,20260926_232058.wav
2026-09-26 23:26:45,281260135,-2.2,0,0,9,0.84,20260926_232058.wav
2026-09-26 23:27:03,281260141,-2.5,0,0,10,0.85,20260926_232058.wav
2026-09-26 23:27:12,281260144,-2.2,0,0,11,0.85,20260926_232058.wav
2026-09-26 23:27:42,281260154,-3.3,0,0,12,0.88,20260926_232058.wav
2026-09-26 23:27:45,281260155,-3.3,0,0,11,0.87,20260926_232058.wav
2026-09-26 23:28:03,281260161,-3.2,1,0,12,0.87,20260926_232058.wav
2026-09-26 23:28:36,281260172,-4.3,0,0,9,0.86,20260926_232058.wav
2026-09-26 23:28:39,281260173,-4.5,0,0,10,0.86,20260926_232058.wav
2026-09-26 23:28:48,281260176,-4.4,0,0,10,0.86,20260926_232058.wav
2026-09-26 23:29:00,281260180,-5.0,0,0,8,0.77,20260926_232058.wav
2026-09-26 23:29:03,281260181,-4.9,2,0,2,0.62,20260926_232058.wav
2026-09-26 23:29:24,281260188,-5.2,2,0,3,0.61,20260926_232058.wav
2026-09-26 23:29:27,281260189,-5.9,0,0,9,0.82,20260926_232058.wav
2026-09-26 23:29:39,281260193,-5.8,2,0,4,0.65,20260926_232058.wav
2026-09-26 23:29:42,281260194,-5.9,2,0,2,0.58,20260926_232058.wav
2026-09-26 23:30:03,281260201,-6.3,3,1,2,0.63,20260926_232058.wav
2026-09-26 23:30:48,281260216,-7.2,3,0,3,0.64,20260926_232058.wav
2026-09-26 23:30:54,281260218,-7.0,0,0,3,0.69,20260926_232058.wav
2026-09-26 23:31:03,281260221,+7.0,0,0,12,0.85,20260926_233058.wav
2026-09-26 23:31:18,281260226,+6.3,0,0,15,0.87,20260926_233058.wav
2026-09-26 23:31:21,281260227,+6.4,0,0,10,0.82,20260926_233058.wav
2026-09-26 23:31:30,281260230,+6.0,1,0,5,0.70,20260926_233058.wav
2026-09-26 23:31:42,281260234,+5.5,0,0,5,0.76,20260926_233058.wav
2026-09-26 23:31:45,281260235,+5.7,0,0,8,0.78,20260926_233058.wav
2026-09-26 23:32:03,281260241,+5.2,1,0,6,0.72,20260926_233058.wav
2026-09-26 23:32:18,281260246,+5.0,2,0,3,0.68,20260926_233058.wav
2026-09-26 23:32:24,281260248,+4.8,0,0,9,0.83,20260926_233058.wav
2026-09-26 23:32:27,281260249,+4.9,0,0,7,0.80,20260926_233058.wav
2026-09-26 23:32:39,281260253,+4.3,1,0,7,0.78,20260926_233058.wav
2026-09-26 23:33:03,281260261,+4.5,0,0,9,0.83,20260926_233058.wav
2026-09-26 23:33:30,281260270,+3.7,2,0,2,0.63,20260926_233058.wav
2026-09-26 23:33:36,281260272,+3.2,0,0,7,0.77,20260926_233058.wav
2026-09-26 23:33:54,281260278,+3.6,1,0,7,0.76,20260926_233058.wav
2026-09-26 23:34:21,281260287,+2.6,1,0,9,0.82,20260926_233058.wav
2026-09-26 23:34:48,281260296,+1.9,2,0,3,0.68,20260926_233058.wav
2026-09-26 23:34:54,281260298,+2.2,0,0,8,0.79,20260926_233058.wav
2026-09-26 23:35:00,281260300,+1.8,0,0,9,0.82,20260926_233058.wav
2026-09-26 23:35:03,281260301,+1.8,0,0,13,0.88,20260926_233058.wav
2026-09-26 23:35:12,281260304,+1.6,0,0,10,0.85,20260926_233058.wav
2026-09-26 23:35:39,281260313,+1.0,0,0,9,0.83,20260926_233058.wav
2026-09-26 23:35:45,281260315,+1.0,0,0,10,0.85,20260926_233058.wav
2026-09-26 23:35:54,281260318,+0.6,0,0,11,0.85,20260926_233058.wav
2026-09-26 23:36:00,281260320,+0.6,0,0,10,0.85,20260926_233058.wav
2026-09-26 23:36:03,281260321,+0.7,0,0,12,0.87,20260926_233058.wav
2026-09-26 23:36:12,281260324,+0.1,0,0,9,0.86,20260926_233058.wav
2026-09-26 23:36:15,281260325,+0.3,0,0,12,0.88,20260926_233058.wav
2026-09-26 23:36:42,281260334,-0.1,0,0,13,0.90,20260926_233058.wav
2026-09-26 23:36:48,281260336,-0.4,0,0,13,0.90,20260926_233058.wav
2026-09-26 23:37:00,281260340,-0.8,0,0,13,0.90,20260926_233058.wav
2026-09-26 23:37:03,281260341,-0.6,0,0,10,0.87,20260926_233058.wav
2026-09-26 23:37:09,281260343,-0.6,0,0,15,0.89,20260926_233058.wav
2026-09-26 23:37:18,281260346,-0.9,0,0,11,0.87,20260926_233058.wav
2026-09-26 23:37:42,281260354,-1.2,0,0,10,0.90,20260926_233058.wav
2026-09-26 23:37:51,281260357,-2.0,0,0,13,0.85,20260926_233058.wav
2026-09-26 23:38:00,281260360,-1.7,0,0,11,0.85,20260926_233058.wav
2026-09-26 23:38:03,281260361,-1.8,0,0,11,0.85,20260926_233058.wav
2026-09-26 23:38:27,281260369,-2.2,0,0,12,0.85,20260926_233058.wav
2026-09-26 23:38:30,281260370,-2.4,0,0,8,0.85,20260926_233058.wav
2026-09-26 23:38:39,281260373,-2.4,0,0,9,0.86,20260926_233058.wav
2026-09-26 23:38:42,281260374,-2.4,0,0,11,0.86,20260926_233058.wav
2026-09-26 23:39:00,281260380,-3.1,0,0,14,0.88,20260926_233058.wav
2026-09-26 23:39:03,281260381,-2.6,0,0,14,0.90,20260926_233058.wav
2026-09-26 23:39:18,281260386,-3.1,0,0,7,0.84,20260926_233058.wav
2026-09-26 23:39:24,281260388,-4.0,0,0,12,0.80,20260926_233058.wav
2026-09-26 23:39:30,281260390,-3.6,0,0,12,0.87,20260926_233058.wav
2026-09-26 23:39:45,281260395,-4.1,1,0,3,0.70,20260926_233058.wav
2026-09-26 23:40:03,281260401,-4.4,0,0,11,0.87,20260926_233058.wav
2026-09-26 23:40:09,281260403,-4.4,0,0,9,0.90,20260926_233058.wav
2026-09-26 23:40:15,281260405,-4.5,0,0,13,0.90,20260926_233058.wav
2026-09-26 23:40:18,281260406,-4.4,0,0,10,0.87,20260926_233058.wav
2026-09-26 23:40:30,281260410,-4.8,0,0,11,0.90,20260926_233058.wav
2026-09-26 23:40:36,281260412,-5.1,0,0,11,0.89,20260926_233058.wav
2026-09-26 23:40:45,281260415,-4.9,0,0,13,0.89,20260926_233058.wav
2026-09-26 23:40:51,281260417,-5.1,0,0,12,0.89,20260926_233058.wav
2026-09-26 23:41:03,281260421,+6.0,2,0,6,0.82,20260926_234058.wav
2026-09-26 23:41:39,281260433,+4.9,0,0,12,0.88,20260926_234058.wav
2026-09-26 23:41:48,281260436,+5.1,0,0,11,0.87,20260926_234058.wav
2026-09-26 23:42:03,281260441,+4.7,0,0,12,0.89,20260926_234058.wav
2026-09-26 23:42:30,281260450,+4.1,0,0,12,0.90,20260926_234058.wav
2026-09-26 23:42:45,281260455,+4.0,0,0,13,0.90,20260926_234058.wav
2026-09-26 23:42:48,281260456,+3.9,0,0,9,0.86,20260926_234058.wav
2026-09-26 23:42:57,281260459,+3.5,0,0,2,0.66,20260926_234058.wav
2026-09-26 23:43:03,281260461,+3.4,0,0,7,0.80,20260926_234058.wav
2026-09-26 23:43:30,281260470,+2.6,0,0,6,0.75,20260926_234058.wav
2026-09-26 23:43:36,281260472,+2.8,0,0,10,0.83,20260926_234058.wav
2026-09-26 23:43:45,281260475,+2.8,0,0,10,0.86,20260926_234058.wav
2026-09-26 23:43:51,281260477,+2.4,0,0,11,0.84,20260926_234058.wav
2026-09-26 23:44:03,281260481,+2.5,1,0,4,0.72,20260926_234058.wav
2026-09-26 23:44:18,281260486,+1.9,0,0,8,0.79,20260926_234058.wav
2026-09-26 23:44:27,281260489,+1.5,0,0,8,0.75,20260926_234058.wav
2026-09-26 23:45:00,281260500,+1.5,2,0,6,0.74,20260926_234058.wav
2026-09-26 23:45:03,281260501,+0.9,3,0,4,0.71,20260926_234058.wav
2026-09-26 23:45:12,281260504,+0.6,0,0,11,0.84,20260926_234058.wav
2026-09-26 23:45:18,281260506,+0.2,0,0,9,0.85,20260926_234058.wav
2026-09-26 23:45:45,281260515,+0.3,0,0,5,0.73,20260926_234058.wav
2026-09-26 23:46:03,281260521,+0.0,0,0,9,0.83,20260926_234058.wav
2026-09-26 23:46:15,281260525,-0.1,0,0,10,0.86,20260926_234058.wav
2026-09-26 23:46:42,281260534,-0.7,0,0,10,0.85,20260926_234058.wav
2026-09-26 23:46:45,281260535,-1.3,0,0,11,0.86,20260926_234058.wav
2026-09-26 23:46:51,281260537,-1.3,0,0,12,0.87,20260926_234058.wav
2026-09-26 23:47:03,281260541,-1.1,0,0,3,0.69,20260926_234058.wav
2026-09-26 23:47:12,281260544,-1.6,0,0,9,0.83,20260926_234058.wav
2026-09-26 23:47:18,281260546,-1.6,1,0,8,0.85,20260926_234058.wav
2026-09-26 23:48:03,281260561,-2.7,1,0,7,0.72,20260926_234058.wav
2026-09-26 23:48:39,281260573,-3.0,0,0,8,0.81,20260926_234058.wav
2026-09-26 23:48:42,281260574,-3.7,0,0,8,0.76,20260926_234058.wav
2026-09-26 23:49:03,281260581,-3.8,3,0,4,0.74,20260926_234058.wav
2026-09-26 23:49:36,281260592,-4.5,2,1,5,0.67,20260926_234058.wav
2026-09-26 23:49:48,281260596,-4.6,2,0,6,0.72,20260926_234058.wav
2026-09-26 23:49:54,281260598,-4.9,0,0,7,0.76,20260926_234058.wav
2026-09-26 23:50:00,281260600,-4.9,2,0,3,0.66,20260926_234058.wav
2026-09-26 23:50:03,281260601,-5.3,3,0,6,0.72,20260926_234058.wav
2026-09-26 23:50:09,281260603,-5.4,2,0,6,0.73,20260926_234058.wav
2026-09-26 23:50:12,281260604,-5.6,3,0,4,0.69,20260926_234058.wav
2026-09-26 23:50:24,281260608,-5.6,1,0,5,0.66,20260926_234058.wav
2026-09-26 23:50:30,281260610,-5.2,2,0,3,0.67,20260926_234058.wav
2026-09-26 23:50:39,281260613,-5.9,0,0,6,0.70,20260926_234058.wav
2026-09-26 23:51:03,281260621,+5.5,1,0,6,0.74,20260926_235058.wav
2026-09-26 23:51:27,281260629,+4.9,3,0,3,0.67,20260926_235058.wav
2026-09-26 23:51:51,281260637,+4.9,2,0,3,0.64,20260926_235058.wav
2026-09-26 23:51:54,281260638,+4.8,1,0,8,0.72,20260926_235058.wav
2026-09-26 23:52:00,281260640,+4.8,1,0,3,0.60,20260926_235058.wav
2026-09-26 23:52:03,281260641,+4.2,3,1,4,0.63,20260926_235058.wav
2026-09-26 23:52:18,281260646,+4.2,2,0,1,0.62,20260926_235058.wav
2026-09-26 23:52:36,281260652,+3.5,3,0,2,0.62,20260926_235058.wav
2026-09-26 23:53:03,281260661,+3.9,1,0,2,0.62,20260926_235058.wav
2026-09-26 23:53:15,281260665,+3.1,0,1,3,0.67,20260926_235058.wav
2026-09-26 23:53:24,281260668,+2.5,3,0,3,0.67,20260926_235058.wav
2026-09-26 23:53:39,281260673,+2.6,1,0,4,0.69,20260926_235058.wav
2026-09-26 23:53:51,281260677,+2.5,1,0,7,0.73,20260926_235058.wav
2026-09-26 23:54:03,281260681,+1.9,1,0,1,0.62,20260926_235058.wav
2026-09-26 23:54:15,281260685,+1.7,1,0,5,0.65,20260926_235058.wav
2026-09-26 23:54:21,281260687,+1.7,3,2,4,0.67,20260926_235058.wav
2026-09-26 23:54:39,281260693,+1.7,3,1,4,0.64,20260926_235058.wav
2026-09-26 23:54:45,281260695,+1.1,3,0,4,0.66,20260926_235058.wav
2026-09-26 23:54:54,281260698,+1.6,1,0,1,0.62,20260926_235058.wav
2026-09-26 23:55:03,281260701,+0.9,3,1,4,0.67,20260926_235058.wav
2026-09-26 23:55:30,281260710,+0.2,1,0,5,0.74,20260926_235058.wav
2026-09-26 23:55:51,281260717,+0.2,0,0,6,0.76,20260926_235058.wav
2026-09-26 23:56:03,281260721,-0.5,0,0,1,0.59,20260926_235058.wav
2026-09-26 23:56:09,281260723,-0.2,0,0,7,0.82,20260926_235058.wav
2026-09-26 23:56:18,281260726,-0.4,0,0,8,0.84,20260926_235058.wav
2026-09-26 23:56:21,281260727,-0.6,0,0,10,0.86,20260926_235058.wav
2026-09-26 23:56:30,281260730,-0.9,0,0,10,0.84,20260926_235058.wav
2026-09-26 23:56:39,281260733,-0.7,0,0,6,0.83,20260926_235058.wav
2026-09-26 23:57:03,281260741,-0.9,0,0,9,0.83,20260926_235058.wav
2026-09-26 23:57:42,281260754,-2.0,0,0,8,0.86,20260926_235058.wav
2026-09-26 23:57:54,281260758,-2.5,0,0,11,0.87,20260926_235058.wav
2026-09-26 23:58:03,281260761,-2.3,1,0,8,0.86,20260926_235058.wav
2026-09-26 23:58:09,281260763,-2.7,0,0,10,0.87,20260926_235058.wav
2026-09-26 23:58:27,281260769,-3.2,0,0,10,0.86,20260926_235058.wav
2026-09-26 23:58:36,281260772,-3.2,0,0,9,0.84,20260926_235058.wav
2026-09-26 23:58:48,281260776,-3.6,3,2,0,0.53,20260926_235058.wav
2026-09-26 23:58:54,281260778,-3.6,0,0,10,0.83,20260926_235058.wav
2026-09-26 23:59:03,281260781,-3.6,2,0,9,0.84,20260926_235058.wav
2026-09-26 23:59:27,281260789,-4.5,2,0,4,0.69,20260926_235058.wav
2026-09-26 23:59:48,281260796,-4.8,3,0,4,0.68,20260926_235058.wav
2026-09-27 00:00:03,281260801,-5.2,3,1,1,0.60,20260926_235058.wav
2026-09-27 00:00:12,281260804,-4.8,3,2,3,0.58,20260926_235058.wav
2026-09-27 00:00:18,281260806,-4.9,2,0,3,0.58,20260926_235058.wav
2026-09-27 00:00:48,281260816,-6.1,2,0,3,0.66,20260926_235058.wav
2026-09-27 00:01:03,281260821,+5.1,2,0,1,0.62,20260927_000058.wav
2026-09-27 00:01:15,281260825,+5.7,0,0,9,0.80,20260927_000058.wav
2026-09-27 00:01:30,281260830,+5.3,0,0,7,0.80,20260927_000058.wav
2026-09-27 00:01:36,281260832,+5.0,0,0,9,0.79,20260927_000058.wav
2026-09-27 00:01:51,281260837,+4.6,1,0,4,0.71,20260927_000058.wav
2026-09-27 00:02:03,281260841,+4.3,1,0,9,0.79,20260927_000058.wav
2026-09-27 00:02:30,281260850,+3.9,1,1,5,0.71,20260927_000058.wav
2026-09-27 00:03:00,281260860,-2476.3,1,0,9,0.79,20260927_000058.wav
2026-09-27 00:03:03,281260861,+3.3,0,0,7,0.75,20260927_000058.wav
2026-09-27 00:03:15,281260865,+3.1,0,0,6,0.77,20260927_000058.wav
2026-09-27 00:03:30,281260870,+2.7,3,0,3,0.66,20260927_000058.wav
2026-09-27 00:03:39,281260873,+2.6,3,1,3,0.68,20260927_000058.wav
2026-09-27 00:03:54,281260878,+2.6,3,0,3,0.68,20260927_000058.wav
2026-09-27 00:04:00,281260880,+2.4,0,0,4,0.68,20260927_000058.wav
2026-09-27 00:04:03,281260881,+1.9,1,0,6,0.78,20260927_000058.wav
2026-09-27 00:04:09,281260883,+2.1,0,0,9,0.80,20260927_000058.wav
2026-09-27 00:04:24,281260888,+1.6,3,1,4,0.66,20260927_000058.wav
2026-09-27 00:04:39,281260893,+1.4,1,0,3,0.68,20260927_000058.wav
2026-09-27 00:04:51,281260897,+1.0,2,0,3,0.68,20260927_000058.wav
2026-09-27 00:05:03,281260901,+0.8,0,0,6,0.73,20260927_000058.wav
2026-09-27 00:05:24,281260908,+0.6,0,0,4,0.71,20260927_000058.wav
2026-09-27 00:05:45,281260915,+0.0,0,0,4,0.69,20260927_000058.wav
2026-09-27 00:05:57,281260919,+0.3,0,0,11,0.84,20260927_000058.wav
2026-09-27 00:06:03,281260921,-0.4,2,0,6,0.73,20260927_000058.wav
2026-09-27 00:06:15,281260925,-0.5,0,0,6,0.76,20260927_000058.wav
2026-09-27 00:06:21,281260927,-0.2,2,0,2,0.65,20260927_000058.wav
2026-09-27 00:07:03,281260941,-1.3,0,0,9,0.84,20260927_000058.wav
2026-09-27 00:07:21,281260947,-1.8,0,0,11,0.87,20260927_000058.wav
2026-09-27 00:07:24,281260948,-1.7,0,0,11,0.86,20260927_000058.wav
2026-09-27 00:07:30,281260950,-1.4,1,0,9,0.83,20260927_000058.wav
2026-09-27 00:07:42,281260954,-2.0,0,0,9,0.88,20260927_000058.wav
2026-09-27 00:07:54,281260958,-2.3,0,0,13,0.87,20260927_000058.wav
2026-09-27 00:08:03,281260961,-2.4,0,0,11,0.81,20260927_000058.wav
2026-09-27 00:08:12,281260964,-2.6,0,0,11,0.86,20260927_000058.wav
2026-09-27 00:08:18,281260966,-3.1,0,0,8,0.81,20260927_000058.wav
2026-09-27 00:08:21,281260967,-2.7,0,0,7,0.82,20260927_000058.wav
2026-09-27 00:08:27,281260969,-2.8,0,0,8,0.80,20260927_000058.wav
2026-09-27 00:09:00,281260980,-3.8,0,0,7,0.80,20260927_000058.wav
2026-09-27 00:09:03,281260981,-3.8,0,0,11,0.87,20260927_000058.wav
2026-09-27 00:09:48,281260996,-4.2,0,0,11,0.84,20260927_000058.wav
2026-09-27 00:10:03,281261001,-4.9,0,0,9,0.84,20260927_000058.wav
2026-09-27 00:10:15,281261005,-5.0,0,0,7,0.83,20260927_000058.wav
2026-09-27 00:10:27,281261009,-5.4,1,0,6,0.78,20260927_000058.wav
2026-09-27 00:10:51,281261017,-5.8,0,0,8,0.82,20260927_000058.wav
2026-09-27 00:11:03,281261021,+4.9,2,0,4,0.70,20260927_001058.wav
2026-09-27 00:11:12,281261024,+4.5,0,0,7,0.77,20260927_001058.wav
2026-09-27 00:11:24,281261028,+4.0,3,0,5,0.71,20260927_001058.wav
2026-09-27 00:11:27,281261029,+3.9,0,0,7,0.76,20260927_001058.wav
2026-09-27 00:11:57,281261039,+3.1,2,0,5,0.73,20260927_001058.wav
2026-09-27 00:12:03,281261041,+3.6,3,0,3,0.67,20260927_001058.wav
2026-09-27 00:12:42,281261054,+2.8,0,0,5,0.67,20260927_001058.wav
2026-09-27 00:12:48,281261056,+2.8,3,0,3,0.65,20260927_001058.wav
2026-09-27 00:12:57,281261059,+2.2,1,0,5,0.72,20260927_001058.wav
2026-09-27 00:13:00,281261060,+2.4,3,0,6,0.74,20260927_001058.wav
2026-09-27 00:13:21,281261067,+2.0,3,0,2,0.59,20260927_001058.wav
2026-09-27 00:13:39,281261073,+1.4,2,0,5,0.67,20260927_001058.wav
2026-09-27 00:13:48,281261076,+1.3,2,0,1,0.62,20260927_001058.wav
2026-09-27 00:13:51,281261077,+1.4,3,2,2,0.60,20260927_001058.wav
2026-09-27 00:14:00,281261080,+0.5,0,0,7,0.66,20260927_001058.wav
2026-09-27 00:14:03,281261081,+1.1,2,0,3,0.61,20260927_001058.wav
2026-09-27 00:14:39,281261093,+0.3,1,0,6,0.71,20260927_001058.wav
2026-09-27 00:14:51,281261097,+0.2,3,0,5,0.72,20260927_001058.wav
2026-09-27 00:15:03,281261101,+0.4,3,1,5,0.67,20260927_001058.wav
2026-09-27 00:15:15,281261105,-0.2,2,1,3,0.61,20260927_001058.wav
2026-09-27 00:15:21,281261107,-0.2,3,0,6,0.61,20260927_001058.wav
2026-09-27 00:15:39,281261113,-1.1,0,0,2,0.66,20260927_001058.wav
2026-09-27 00:16:03,281261121,-1.3,1,0,5,0.65,20260927_001058.wav
2026-09-27 00:16:39,281261133,-2.4,3,0,2,0.55,20260927_001058.wav
2026-09-27 00:16:51,281261137,-2.9,3,0,4,0.60,20260927_001058.wav
2026-09-27 00:17:03,281261141,-2.4,3,1,4,0.64,20260927_001058.wav
2026-09-27 00:17:24,281261148,-3.1,3,1,4,0.59,20260927_001058.wav
2026-09-27 00:18:03,281261161,-3.4,2,0,3,0.57,20260927_001058.wav
2026-09-27 00:18:45,281261175,-4.9,2,0,6,0.64,20260927_001058.wav
2026-09-27 00:18:54,281261178,-4.9,1,1,3,0.64,20260927_001058.wav
2026-09-27 00:19:03,281261181,-5.1,1,0,3,0.60,20260927_001058.wav
2026-09-27 00:19:21,281261187,-5.6,2,0,5,0.61,20260927_001058.wav
2026-09-27 00:19:39,281261193,-5.8,3,0,4,0.61,20260927_001058.wav
2026-09-27 00:19:42,281261194,-5.7,1,0,5,0.64,20260927_001058.wav
2026-09-27 00:19:54,281261198,-5.8,2,0,4,0.70,20260927_001058.wav
2026-09-27 00:20:03,281261201,-6.4,3,3,2,0.57,20260927_001058.wav
2026-09-27 00:20:18,281261206,-6.4,3,0,5,0.65,20260927_001058.wav
2026-09-27 00:20:39,281261213,-6.9,2,0,6,0.65,20260927_001058.wav
2026-09-27 00:21:42,281261234,+6.4,3,2,0,0.54,20260927_002058.wav
2026-09-27 00:21:48,281261236,+6.3,3,0,3,0.61,20260927_002058.wav
2026-09-27 00:22:03,281261241,+5.9,3,0,3,0.59,20260927_002058.wav
2026-09-27 00:22:27,281261249,+5.7,2,0,3,0.56,20260927_002058.wav
2026-09-27 00:22:36,281261252,+4.9,3,1,2,0.55,20260927_002058.wav
2026-09-27 00:22:51,281261257,+4.7,3,1,2,0.60,20260927_002058.wav
2026-09-27 00:23:03,281261261,+4.8,2,0,0,0.54,20260927_002058.wav
2026-09-27 00:23:24,281261268,+4.6,0,0,6,0.63,20260927_002058.wav
2026-09-27 00:23:30,281261270,+4.2,3,0,3,0.54,20260927_002058.wav
2026-09-27 00:23:39,281261273,+4.5,2,0,1,0.44,20260927_002058.wav
2026-09-27 00:24:12,281261284,+3.2,2,0,1,0.55,20260927_002058.wav
2026-09-27 00:24:42,281261294,+2.7,1,0,5,0.66,20260927_002058.wav
2026-09-27 00:24:45,281261295,+2.3,0,0,4,0.58,20260927_002058.wav
2026-09-27 00:25:03,281261301,+1.8,4,0,3,0.52,20260927_002058.wav
2026-09-27 00:25:36,281261312,+1.8,2,0,0,0.50,20260927_002058.wav
2026-09-27 00:25:39,281261313,+1.5,2,0,4,0.59,20260927_002058.wav
2026-09-27 00:25:42,281261314,+1.4,3,0,3,0.59,20260927_002058.wav
2026-09-27 00:25:48,281261316,+1.4,3,2,1,0.57,20260927_002058.wav
2026-09-27 00:25:51,281261317,+1.2,3,0,-1,0.46,20260927_002058.wav
2026-09-27 00:26:00,281261320,+1.2,1,0,5,0.71,20260927_002058.wav
2026-09-27 00:26:03,281261321,+1.2,3,3,1,0.55,20260927_002058.wav
2026-09-27 00:26:18,281261326,+0.5,1,0,3,0.67,20260927_002058.wav
2026-09-27 00:26:24,281261328,+0.8,0,0,5,0.70,20260927_002058.wav
2026-09-27 00:26:39,281261333,+0.1,3,1,3,0.63,20260927_002058.wav
2026-09-27 00:26:48,281261336,+0.0,2,0,4,0.64,20260927_002058.wav
2026-09-27 00:26:54,281261338,-0.5,3,0,7,0.70,20260927_002058.wav
2026-09-27 00:26:57,281261339,+0.2,0,0,2,0.61,20260927_002058.wav
2026-09-27 00:27:03,281261341,+0.0,0,0,5,0.70,20260927_002058.wav
2026-09-27 00:27:12,281261344,+0.1,1,0,3,0.67,20260927_002058.wav
2026-09-27 00:27:18,281261346,-0.6,2,0,4,0.67,20260927_002058.wav
2026-09-27 00:27:45,281261355,-1.1,3,0,4,0.67,20260927_002058.wav
2026-09-27 00:27:57,281261359,-0.9,4,0,1,0.54,20260927_002058.wav
2026-09-27 00:28:03,281261361,-1.0,1,0,5,0.68,20260927_002058.wav
2026-09-27 00:28:15,281261365,-1.3,1,1,2,0.62,20260927_002058.wav
2026-09-27 00:28:30,281261370,-2.2,0,0,4,0.68,20260927_002058.wav
2026-09-27 00:28:42,281261374,-2.0,3,1,2,0.65,20260927_002058.wav
2026-09-27 00:28:45,281261375,-2.2,0,0,7,0.76,20260927_002058.wav
2026-09-27 00:29:03,281261381,-2.8,1,0,5,0.72,20260927_002058.wav
2026-09-27 00:29:12,281261384,-2.2,0,0,9,0.84,20260927_002058.wav
2026-09-27 00:29:18,281261386,-2.3,0,0,11,0.83,20260927_002058.wav
2026-09-27 00:29:39,281261393,-3.1,1,0,6,0.73,20260927_002058.wav
2026-09-27 00:29:45,281261395,-3.3,2,0,6,0.73,20260927_002058.wav
2026-09-27 00:29:57,281261399,-3.3,3,0,4,0.71,20260927_002058.wav
2026-09-27 00:30:00,281261400,-3.4,0,0,2,0.62,20260927_002058.wav
2026-09-27 00:30:03,281261401,-3.8,0,0,8,0.79,20260927_002058.wav
2026-09-27 00:30:12,281261404,-3.3,0,0,10,0.82,20260927_002058.wav
2026-09-27 00:30:15,281261405,-3.7,0,0,9,0.81,20260927_002058.wav
2026-09-27 00:30:27,281261409,-3.9,3,0,3,0.65,20260927_002058.wav
2026-09-27 00:30:30,281261410,-4.3,0,0,6,0.77,20260927_002058.wav
2026-09-27 00:30:36,281261412,-4.6,1,0,11,0.86,20260927_002058.wav
2026-09-27 00:30:42,281261414,-4.4,1,0,5,0.70,20260927_002058.wav
2026-09-27 00:30:45,281261415,-4.2,1,0,8,0.80,20260927_002058.wav
2026-09-27 00:30:48,281261416,-4.7,0,0,11,0.82,20260927_002058.wav
2026-09-27 00:31:00,281261420,+6.0,0,0,5,0.75,20260927_003058.wav
2026-09-27 00:31:03,281261421,+6.2,0,0,11,0.81,20260927_003058.wav
2026-09-27 00:31:09,281261423,+6.2,0,0,9,0.82,20260927_003058.wav
2026-09-27 00:31:12,281261424,+5.3,0,0,9,0.81,20260927_003058.wav
2026-09-27 00:31:39,281261433,+5.1,1,0,10,0.81,20260927_003058.wav
2026-09-27 00:31:42,281261434,+5.2,0,0,9,0.83,20260927_003058.wav
2026-09-27 00:31:45,281261435,+5.0,0,0,8,0.83,20260927_003058.wav
2026-09-27 00:31:48,281261436,+4.8,0,0,10,0.83,20260927_003058.wav
2026-09-27 00:31:51,281261437,+5.2,0,0,12,0.86,20260927_003058.wav
2026-09-27 00:32:03,281261441,+5.1,0,0,10,0.83,20260927_003058.wav
2026-09-27 00:32:18,281261446,+4.4,0,0,8,0.79,20260927_003058.wav
2026-09-27 00:32:30,281261450,+4.1,0,0,10,0.85,20260927_003058.wav
2026-09-27 00:32:39,281261453,+3.7,0,0,7,0.77,20260927_003058.wav
2026-09-27 00:33:03,281261461,+3.5,0,0,11,0.87,20260927_003058.wav
2026-09-27 00:33:48,281261476,+2.6,0,0,12,0.88,20260927_003058.wav
2026-09-27 00:33:51,281261477,+2.4,0,0,10,0.83,20260927_003058.wav
2026-09-27 00:33:54,281261478,+2.7,0,0,10,0.83,20260927_003058.wav
2026-09-27 00:34:00,281261480,+2.2,0,0,11,0.83,20260927_003058.wav
2026-09-27 00:34:03,281261481,+2.3,0,0,10,0.86,20260927_003058.wav
2026-09-27 00:34:12,281261484,+2.0,0,0,10,0.86,20260927_003058.wav
2026-09-27 00:34:15,281261485,+1.7,0,0,9,0.81,20260927_003058.wav
2026-09-27 00:34:21,281261487,+1.8,0,0,11,0.84,20260927_003058.wav
2026-09-27 00:34:36,281261492,+1.6,0,0,8,0.82,20260927_003058.wav
2026-09-27 00:34:48,281261496,+1.4,2,0,4,0.71,20260927_003058.wav
2026-09-27 00:34:54,281261498,+1.4,1,0,8,0.81,20260927_003058.wav
2026-09-27 00:35:03,281261501,+1.0,0,0,7,0.79,20260927_003058.wav
2026-09-27 00:35:27,281261509,+0.3,0,0,2,0.64,20260927_003058.wav
2026-09-27 00:35:39,281261513,+0.1,0,0,6,0.75,20260927_003058.wav
2026-09-27 00:35:45,281261515,-0.1,0,0,8,0.76,20260927_003058.wav
2026-09-27 00:35:51,281261517,-0.1,0,0,7,0.83,20260927_003058.wav
2026-09-27 00:35:54,281261518,+0.1,3,1,2,0.59,20260927_003058.wav
2026-09-27 00:36:00,281261520,-0.5,0,0,7,0.78,20260927_003058.wav
2026-09-27 00:36:03,281261521,+0.1,0,0,3,0.62,20260927_003058.wav
2026-09-27 00:36:15,281261525,-0.3,1,0,5,0.71,20260927_003058.wav
2026-09-27 00:36:18,281261526,-0.6,0,1,6,0.75,20260927_003058.wav
2026-09-27 00:36:21,281261527,-0.6,0,0,9,0.83,20260927_003058.wav
2026-09-27 00:36:24,281261528,-0.8,0,0,10,0.83,20260927_003058.wav
2026-09-27 00:36:30,281261530,-0.8,3,0,1,0.59,20260927_003058.wav
2026-09-27 00:36:45,281261535,-0.6,0,0,3,0.66,20260927_003058.wav
2026-09-27 00:37:03,281261541,-1.2,0,0,9,0.81,20260927_003058.wav
2026-09-27 00:37:15,281261545,-1.4,0,0,11,0.83,20260927_003058.wav
2026-09-27 00:37:42,281261554,-2.1,0,0,13,0.87,20260927_003058.wav
2026-09-27 00:37:51,281261557,-2.2,0,0,3,0.66,20260927_003058.wav
2026-09-27 00:38:03,281261561,-2.4,0,0,13,0.88,20260927_003058.wav
2026-09-27 00:38:12,281261564,-2.4,0,0,13,0.90,20260927_003058.wav
2026-09-27 00:38:21,281261567,-3.0,0,0,10,0.89,20260927_003058.wav
2026-09-27 00:38:54,281261578,-3.3,0,0,4,0.73,20260927_003058.wav
2026-09-27 00:39:03,281261581,-3.9,0,0,3,0.67,20260927_003058.wav
2026-09-27 00:39:36,281261592,-4.0,0,0,13,0.87,20260927_003058.wav
2026-09-27 00:39:39,281261593,-4.3,0,0,9,0.85,20260927_003058.wav
2026-09-27 00:39:42,281261594,-4.4,0,0,9,0.83,20260927_003058.wav
2026-09-27 00:39:48,281261596,-4.8,0,0,11,0.89,20260927_003058.wav
2026-09-27 00:39:54,281261598,-4.5,0,0,14,0.86,20260927_003058.wav
2026-09-27 00:39:57,281261599,-4.8,0,0,8,0.84,20260927_003058.wav
2026-09-27 00:40:03,281261601,-4.5,0,0,9,0.84,20260927_003058.wav
2026-09-27 00:40:15,281261605,-4.9,0,0,9,0.84,20260927_003058.wav
2026-09-27 00:40:18,281261606,-4.9,0,0,12,0.86,20260927_003058.wav
2026-09-27 00:40:21,281261607,-5.0,0,0,9,0.86,20260927_003058.wav
2026-09-27 00:40:36,281261612,-5.7,3,0,3,0.63,20260927_003058.wav
2026-09-27 00:40:51,281261617,-5.3,0,0,9,0.80,20260927_003058.wav
2026-09-27 00:41:03,281261621,+4.7,0,0,8,0.83,20260927_004058.wav
2026-09-27 00:41:09,281261623,+3.9,1,0,7,0.83,20260927_004058.wav
2026-09-27 00:41:12,281261624,+4.1,0,0,9,0.81,20260927_004058.wav
2026-09-27 00:41:18,281261626,+3.7,1,0,4,0.65,20260927_004058.wav
2026-09-27 00:41:57,281261639,+3.2,0,0,6,0.79,20260927_004058.wav
2026-09-27 00:42:03,281261641,+2.5,0,0,7,0.77,20260927_004058.wav
2026-09-27 00:42:24,281261648,+2.4,2,0,2,0.68,20260927_004058.wav
2026-09-27 00:42:27,281261649,+2.6,3,0,2,0.64,20260927_004058.wav
2026-09-27 00:42:36,281261652,+2.4,0,0,11,0.85,20260927_004058.wav
2026-09-27 00:42:39,281261653,+2.1,0,0,11,0.83,20260927_004058.wav
2026-09-27 00:42:51,281261657,+1.9,0,0,11,0.84,20260927_004058.wav
2026-09-27 00:43:03,281261661,+1.8,0,0,5,0.70,20260927_004058.wav
2026-09-27 00:43:36,281261672,+1.3,0,0,8,0.82,20260927_004058.wav
2026-09-27 00:43:48,281261676,+0.5,1,0,6,0.70,20260927_004058.wav
2026-09-27 00:43:54,281261678,+1.0,2,0,7,0.79,20260927_004058.wav
2026-09-27 00:44:09,281261683,+0.6,1,0,9,0.77,20260927_004058.wav
2026-09-27 00:44:18,281261686,+0.0,1,0,4,0.69,20260927_004058.wav
2026-09-27 00:44:27,281261689,+0.2,0,0,3,0.67,20260927_004058.wav
2026-09-27 00:45:03,281261701,-0.8,0,0,8,0.78,20260927_004058.wav
2026-09-27 00:45:27,281261709,-1.6,1,0,5,0.70,20260927_004058.wav
2026-09-27 00:45:57,281261719,-1.3,1,0,3,0.64,20260927_004058.wav
2026-09-27 00:46:03,281261721,-1.4,1,0,4,0.66,20260927_004058.wav
2026-09-27 00:46:15,281261725,-2.3,3,1,1,0.57,20260927_004058.wav
2026-09-27 00:46:48,281261736,-2.6,3,1,4,0.60,20260927_004058.wav
2026-09-27 00:46:51,281261737,-3.0,3,1,1,0.55,20260927_004058.wav
2026-09-27 00:46:54,281261738,-3.4,3,2,2,0.58,20260927_004058.wav
2026-09-27 00:47:00,281261740,-3.3,3,0,4,0.57,20260927_004058.wav
2026-09-27 00:47:03,281261741,-3.0,1,0,3,0.62,20260927_004058.wav
2026-09-27 00:47:12,281261744,-3.6,0,0,2,0.61,20260927_004058.wav
2026-09-27 00:47:18,281261746,-3.0,1,0,6,0.62,20260927_004058.wav
2026-09-27 00:47:24,281261748,-3.6,2,0,1,0.50,20260927_004058.wav
2026-09-27 00:48:03,281261761,-4.8,3,0,2,0.48,20260927_004058.wav
2026-09-27 00:48:12,281261764,-4.8,3,0,2,0.54,20260927_004058.wav
2026-09-27 00:48:54,281261778,-5.0,3,0,1,0.57,20260927_004058.wav
2026-09-27 00:50:48,281261816,-7.8,3,4,1,0.54,20260927_004058.wav
2026-09-27 00:51:27,281261829,+5.6,3,1,2,0.50,20260927_005058.wav
2026-09-27 00:51:45,281261835,+6.0,2,0,4,0.67,20260927_005058.wav
2026-09-27 00:51:54,281261838,+5.6,3,1,3,0.61,20260927_005058.wav
2026-09-27 00:51:57,281261839,+5.4,2,0,3,0.55,20260927_005058.wav
2026-09-27 00:52:00,281261840,+5.4,3,1,0,0.53,20260927_005058.wav
2026-09-27 00:52:03,281261841,+5.8,3,2,0,0.40,20260927_005058.wav
2026-09-27 00:52:15,281261845,+5.2,3,1,0,0.50,20260927_005058.wav
2026-09-27 00:52:30,281261850,+4.5,1,0,4,0.61,20260927_005058.wav
2026-09-27 00:52:36,281261852,+5.2,3,2,2,0.57,20260927_005058.wav
2026-09-27 00:52:42,281261854,+4.2,1,0,2,0.64,20260927_005058.wav
2026-09-27 00:53:03,281261861,+4.7,1,0,4,0.67,20260927_005058.wav
2026-09-27 00:53:54,281261878,+3.2,3,1,3,0.67,20260927_005058.wav
2026-09-27 00:54:03,281261881,+3.6,0,0,4,0.75,20260927_005058.wav
2026-09-27 00:54:21,281261887,+3.2,0,0,8,0.84,20260927_005058.wav
2026-09-27 00:54:24,281261888,+3.1,0,0,10,0.83,20260927_005058.wav
2026-09-27 00:54:57,281261899,+2.1,0,0,10,0.83,20260927_005058.wav
2026-09-27 00:55:03,281261901,+2.1,0,0,9,0.81,20260927_005058.wav
2026-09-27 00:55:21,281261907,+1.8,0,0,8,0.80,20260927_005058.wav
2026-09-27 00:55:24,281261908,+1.8,0,0,10,0.82,20260927_005058.wav
2026-09-27 00:55:42,281261914,+1.5,0,0,9,0.80,20260927_005058.wav
2026-09-27 00:55:54,281261918,+1.5,0,0,12,0.85,20260927_005058.wav
2026-09-27 00:56:03,281261921,+0.7,3,0,5,0.71,20260927_005058.wav
2026-09-27 00:56:15,281261925,+1.0,1,0,12,0.87,20260927_005058.wav
2026-09-27 00:56:45,281261935,+0.2,0,0,14,0.89,20260927_005058.wav
2026-09-27 00:56:57,281261939,-0.2,0,1,10,0.86,20260927_005058.wav
2026-09-27 00:57:00,281261940,-0.2,0,0,12,0.86,20260927_005058.wav
2026-09-27 00:57:03,281261941,-0.4,0,0,8,0.76,20260927_005058.wav
2026-09-27 00:57:45,281261955,-0.8,0,0,14,0.89,20260927_005058.wav
2026-09-27 00:57:48,281261956,-0.8,0,0,11,0.90,20260927_005058.wav
2026-09-27 00:58:03,281261961,-1.4,0,0,11,0.87,20260927_005058.wav
2026-09-27 00:58:12,281261964,-1.4,0,0,13,0.91,20260927_005058.wav
2026-09-27 00:58:21,281261967,-1.6,0,0,11,0.88,20260927_005058.wav
2026-09-27 00:58:36,281261972,-2.0,0,0,13,0.89,20260927_005058.wav
2026-09-27 00:58:39,281261973,-2.1,0,0,12,0.89,20260927_005058.wav
2026-09-27 00:58:42,281261974,-2.3,0,0,12,0.90,20260927_005058.wav
2026-09-27 00:59:03,281261981,-2.5,0,0,9,0.81,20260927_005058.wav
2026-09-27 00:59:09,281261983,-2.6,1,0,7,0.79,20260927_005058.wav
2026-09-27 00:59:12,281261984,-2.7,0,0,8,0.82,20260927_005058.wav
2026-09-27 00:59:21,281261987,-2.8,0,0,12,0.85,20260927_005058.wav
2026-09-27 00:59:27,281261989,-3.4,0,0,10,0.81,20260927_005058.wav
2026-09-27 00:59:39,281261993,-3.3,1,0,3,0.65,20260927_005058.wav
2026-09-27 01:00:03,281262001,-3.7,0,0,9,0.78,20260927_005058.wav
2026-09-27 01:00:30,281262010,-4.4,2,0,1,0.61,20260927_005058.wav
2026-09-27 01:00:39,281262013,-4.4,1,0,6,0.82,20260927_005058.wav
2026-09-27 01:00:42,281262014,-4.4,3,1,1,0.63,20260927_005058.wav
2026-09-27 01:00:48,281262016,-5.3,0,0,6,0.76,20260927_005058.wav
2026-09-27 01:00:51,281262017,-4.9,0,0,8,0.73,20260927_005058.wav
2026-09-27 01:00:54,281262018,-4.5,2,0,2,0.61,20260927_005058.wav
2026-09-27 01:01:03,281262021,+6.5,3,0,7,0.70,20260927_010058.wav
2026-09-27 01:01:12,281262024,+5.9,3,0,5,0.66,20260927_010058.wav
2026-09-27 01:01:15,281262025,+6.5,3,5,3,0.63,20260927_010058.wav
2026-09-27 01:01:27,281262029,+5.9,1,0,5,0.67,20260927_010058.wav
2026-09-27 01:02:12,281262044,+5.0,1,0,7,0.71,20260927_010058.wav
2026-09-27 01:02:24,281262048,+4.8,2,0,4,0.70,20260927_010058.wav
2026-09-27 01:02:30,281262050,+4.6,0,0,6,0.71,20260927_010058.wav
2026-09-27 01:02:42,281262054,+4.5,1,0,2,0.58,20260927_010058.wav
2026-09-27 01:03:12,281262064,+4.1,1,0,3,0.64,20260927_010058.wav
2026-09-27 01:03:30,281262070,+3.0,0,0,5,0.68,20260927_010058.wav
2026-09-27 01:03:42,281262074,+3.4,0,0,3,0.62,20260927_010058.wav
2026-09-27 01:03:57,281262079,+2.8,3,1,1,0.56,20260927_010058.wav
2026-09-27 01:04:03,281262081,+3.1,3,1,3,0.59,20260927_010058.wav
2026-09-27 01:04:15,281262085,+2.9,1,0,6,0.65,20260927_010058.wav
2026-09-27 01:04:21,281262087,+2.3,1,0,6,0.68,20260927_010058.wav
2026-09-27 01:04:48,281262096,+2.3,2,0,4,0.66,20260927_010058.wav
2026-09-27 01:05:00,281262100,+1.7,1,0,5,0.70,20260927_010058.wav
2026-09-27 01:05:18,281262106,+1.7,3,1,3,0.61,20260927_010058.wav
2026-09-27 01:05:27,281262109,+0.7,0,0,4,0.71,20260927_010058.wav
2026-09-27 01:05:39,281262113,+1.0,0,0,3,0.66,20260927_010058.wav
2026-09-27 01:05:54,281262118,+0.9,1,1,5,0.71,20260927_010058.wav
2026-09-27 01:06:03,281262121,+0.4,0,0,6,0.73,20260927_010058.wav
2026-09-27 01:06:12,281262124,+0.3,0,0,6,0.68,20260927_010058.wav
2026-09-27 01:06:18,281262126,+0.0,2,0,4,0.68,20260927_010058.wav
2026-09-27 01:06:24,281262128,-0.2,1,0,5,0.68,20260927_010058.wav
2026-09-27 01:07:03,281262141,-0.6,0,0,8,0.81,20260927_010058.wav
2026-09-27 01:07:15,281262145,-0.9,1,0,6,0.70,20260927_010058.wav
2026-09-27 01:07:18,281262146,-1.1,0,0,3,0.63,20260927_010058.wav
2026-09-27 01:07:30,281262150,-1.2,1,0,5,0.72,20260927_010058.wav
2026-09-27 01:07:36,281262152,-1.5,2,0,7,0.73,20260927_010058.wav
2026-09-27 01:07:42,281262154,-1.6,3,0,4,0.69,20260927_010058.wav
2026-09-27 01:07:51,281262157,-2.0,2,0,3,0.66,20260927_010058.wav
2026-09-27 01:08:03,281262161,-2.0,0,0,3,0.67,20260927_010058.wav
2026-09-27 01:08:15,281262165,-2.2,3,0,1,0.64,20260927_010058.wav
2026-09-27 01:08:27,281262169,-2.5,0,0,7,0.75,20260927_010058.wav
2026-09-27 01:08:51,281262177,-2.2,1,0,7,0.74,20260927_010058.wav
2026-09-27 01:09:03,281262181,-2.7,1,0,1,0.58,20260927_010058.wav
2026-09-27 01:09:21,281262187,-3.1,1,0,9,0.80,20260927_010058.wav
2026-09-27 01:09:39,281262193,-4.0,1,0,6,0.71,20260927_010058.wav
2026-09-27 01:09:45,281262195,-4.1,0,0,7,0.75,20260927_010058.wav
2026-09-27 01:10:03,281262201,-3.9,3,0,3,0.70,20260927_010058.wav
2026-09-27 01:10:15,281262205,-4.3,0,0,3,0.66,20260927_010058.wav
2026-09-27 01:10:24,281262208,-4.8,0,0,3,0.69,20260927_010058.wav
2026-09-27 01:10:39,281262213,-4.8,1,0,3,0.67,20260927_010058.wav
2026-09-27 01:10:42,281262214,-4.8,3,0,3,0.63,20260927_010058.wav
2026-09-27 01:10:51,281262217,-5.2,1,0,7,0.75,20260927_010058.wav
2026-09-27 01:10:54,281262218,-5.4,2,0,3,0.61,20260927_010058.wav
2026-09-27 01:11:18,281262226,+3.7,2,0,6,0.72,20260927_011058.wav
2026-09-27 01:11:27,281262229,+3.7,0,0,6,0.76,20260927_011058.wav
2026-09-27 01:11:39,281262233,+3.5,1,0,4,0.67,20260927_011058.wav
2026-09-27 01:11:42,281262234,+3.1,0,0,9,0.78,20260927_011058.wav
2026-09-27 01:11:45,281262235,+3.5,0,0,6,0.78,20260927_011058.wav
2026-09-27 01:11:57,281262239,+3.0,0,0,7,0.75,20260927_011058.wav
2026-09-27 01:12:03,281262241,+2.8,1,0,2,0.64,20260927_011058.wav
2026-09-27 01:12:27,281262249,+2.2,1,1,5,0.73,20260927_011058.wav
2026-09-27 01:12:48,281262256,+1.9,0,0,6,0.78,20260927_011058.wav
2026-09-27 01:13:00,281262260,+2.0,1,0,1,0.60,20260927_011058.wav
2026-09-27 01:13:03,281262261,+1.5,3,2,1,0.61,20260927_011058.wav
2026-09-27 01:13:12,281262264,+2.0,1,0,5,0.70,20260927_011058.wav
2026-09-27 01:13:21,281262267,+1.6,3,0,3,0.62,20260927_011058.wav
2026-09-27 01:13:36,281262272,+1.5,3,1,3,0.67,20260927_011058.wav
2026-09-27 01:13:42,281262274,+1.2,1,0,9,0.80,20260927_011058.wav
2026-09-27 01:13:51,281262277,+1.0,2,0,0,0.58,20260927_011058.wav
2026-09-27 01:14:03,281262281,+0.5,3,0,2,0.61,20260927_011058.wav
2026-09-27 01:14:15,281262285,+0.1,0,0,3,0.68,20260927_011058.wav
2026-09-27 01:14:45,281262295,-0.1,0,0,7,0.75,20260927_011058.wav
2026-09-27 01:15:03,281262301,-0.3,1,0,5,0.72,20260927_011058.wav
2026-09-27 01:15:15,281262305,-1.1,1,0,5,0.73,20260927_011058.wav
2026-09-27 01:15:18,281262306,-0.6,2,0,2,0.62,20260927_011058.wav
2026-09-27 01:15:30,281262310,-1.3,0,0,5,0.71,20260927_011058.wav
2026-09-27 01:15:54,281262318,-2.2,1,0,3,0.65,20260927_011058.wav
2026-09-27 01:16:03,281262321,-1.8,1,0,4,0.63,20260927_011058.wav
2026-09-27 01:16:21,281262327,-2.0,2,0,1,0.58,20260927_011058.wav
2026-09-27 01:16:30,281262330,-2.4,2,0,2,0.65,20260927_011058.wav
2026-09-27 01:17:03,281262341,-3.1,2,0,4,0.70,20260927_011058.wav
2026-09-27 01:17:39,281262353,-3.6,3,2,2,0.62,20260927_011058.wav
2026-09-27 01:17:48,281262356,-3.3,3,0,6,0.67,20260927_011058.wav
2026-09-27 01:18:03,281262361,-4.4,0,0,7,0.72,20260927_011058.wav
2026-09-27 01:18:12,281262364,-4.5,3,0,3,0.65,20260927_011058.wav
2026-09-27 01:18:18,281262366,-4.9,0,1,4,0.67,20260927_011058.wav
2026-09-27 01:19:03,281262381,-5.4,0,0,5,0.71,20260927_011058.wav
2026-09-27 01:20:03,281262401,-6.6,0,0,3,0.63,20260927_011058.wav
2026-09-27 01:20:45,281262415,-7.4,1,0,3,0.65,20260927_011058.wav
2026-09-27 01:21:15,281262425,+6.6,0,0,2,0.64,20260927_012058.wav
2026-09-27 01:21:18,281262426,+5.8,1,0,1,0.51,20260927_012058.wav
2026-09-27 01:21:21,281262427,+5.9,0,0,1,0.60,20260927_012058.wav
2026-09-27 01:21:45,281262435,+5.5,3,0,4,0.67,20260927_012058.wav
2026-09-27 01:22:03,281262441,+5.2,2,0,2,0.59,20260927_012058.wav
2026-09-27 01:22:24,281262448,+4.4,3,1,3,0.62,20260927_012058.wav
2026-09-27 01:22:54,281262458,+4.0,3,0,2,0.56,20260927_012058.wav
2026-09-27 01:23:03,281262461,+3.7,0,0,3,0.58,20260927_012058.wav
2026-09-27 01:23:15,281262465,+3.8,3,1,2,0.59,20260927_012058.wav
2026-09-27 01:23:30,281262470,+3.3,2,0,3,0.58,20260927_012058.wav
2026-09-27 01:24:00,281262480,+2.2,1,0,5,0.65,20260927_012058.wav
2026-09-27 01:24:15,281262485,+2.3,3,1,3,0.52,20260927_012058.wav
2026-09-27 01:24:36,281262492,+1.7,3,0,3,0.53,20260927_012058.wav
2026-09-27 01:24:42,281262494,+2.2,3,4,6,0.58,20260927_012058.wav
2026-09-27 01:24:45,281262495,+1.9,3,0,1,0.51,20260927_012058.wav
2026-09-27 01:25:00,281262500,+1.8,2,0,2,0.56,20260927_012058.wav
2026-09-27 01:25:18,281262506,+1.2,2,0,7,0.70,20260927_012058.wav
2026-09-27 01:25:48,281262516,+0.6,3,0,9,0.72,20260927_012058.wav
2026-09-27 01:26:03,281262521,+0.5,3,2,2,0.57,20260927_012058.wav
2026-09-27 01:26:15,281262525,+0.4,3,0,3,0.64,20260927_012058.wav
2026-09-27 01:26:39,281262533,+0.0,0,0,2,0.62,20260927_012058.wav
2026-09-27 01:26:45,281262535,-0.3,0,0,1,0.61,20260927_012058.wav
2026-09-27 01:26:51,281262537,-0.3,0,0,6,0.72,20260927_012058.wav
2026-09-27 01:27:03,281262541,-0.8,3,0,6,0.70,20260927_012058.wav
2026-09-27 01:27:15,281262545,-0.6,3,0,2,0.66,20260927_012058.wav
2026-09-27 01:27:18,281262546,-1.4,3,5,2,0.63,20260927_012058.wav
2026-09-27 01:27:21,281262547,-0.5,0,0,10,0.77,20260927_012058.wav
2026-09-27 01:27:45,281262555,-1.5,1,0,6,0.75,20260927_012058.wav
2026-09-27 01:28:03,281262561,-1.8,0,0,8,0.80,20260927_012058.wav
2026-09-27 01:28:24,281262568,-2.6,1,0,3,0.70,20260927_012058.wav
2026-09-27 01:28:30,281262570,-2.6,1,0,4,0.71,20260927_012058.wav
2026-09-27 01:28:42,281262574,-2.6,0,0,12,0.87,20260927_012058.wav
2026-09-27 01:29:03,281262581,-2.6,0,0,9,0.85,20260927_012058.wav
2026-09-27 01:29:15,281262585,-3.4,0,0,7,0.80,20260927_012058.wav
2026-09-27 01:29:45,281262595,-4.1,0,0,8,0.79,20260927_012058.wav
2026-09-27 01:29:51,281262597,-3.9,0,0,10,0.84,20260927_012058.wav
2026-09-27 01:29:57,281262599,-3.9,0,0,11,0.84,20260927_012058.wav
2026-09-27 01:30:03,281262601,-4.2,0,0,8,0.82,20260927_012058.wav
2026-09-27 01:30:15,281262605,-4.1,1,0,7,0.80,20260927_012058.wav
2026-09-27 01:30:39,281262613,-4.9,2,0,8,0.83,20260927_012058.wav
2026-09-27 01:30:45,281262615,-5.0,0,0,4,0.73,20260927_012058.wav
2026-09-27 01:31:03,281262621,+6.3,0,0,10,0.81,20260927_013058.wav
2026-09-27 01:32:03,281262641,+4.7,0,0,6,0.71,20260927_013058.wav
2026-09-27 01:32:42,281262654,+4.2,0,0,7,0.76,20260927_013058.wav
2026-09-27 01:32:45,281262655,+3.8,3,2,1,0.55,20260927_013058.wav
2026-09-27 01:32:54,281262658,+3.7,0,0,5,0.68,20260927_013058.wav
2026-09-27 01:32:57,281262659,+3.4,1,0,4,0.72,20260927_013058.wav
2026-09-27 01:33:03,281262661,+3.5,0,0,2,0.63,20260927_013058.wav
2026-09-27 01:33:12,281262664,+3.3,1,0,8,0.80,20260927_013058.wav
2026-09-27 01:33:15,281262665,+3.2,0,0,5,0.76,20260927_013058.wav
2026-09-27 01:33:27,281262669,+3.1,3,0,3,0.67,20260927_013058.wav
2026-09-27 01:33:42,281262674,+3.0,0,0,4,0.70,20260927_013058.wav
2026-09-27 01:33:48,281262676,+2.4,0,0,7,0.76,20260927_013058.wav
2026-09-27 01:33:54,281262678,+2.3,3,0,3,0.65,20260927_013058.wav
2026-09-27 01:34:03,281262681,+2.1,1,0,7,0.75,20260927_013058.wav
2026-09-27 01:34:18,281262686,+1.9,3,0,2,0.60,20260927_013058.wav
2026-09-27 01:34:36,281262692,+0.9,3,0,1,0.59,20260927_013058.wav
2026-09-27 01:34:39,281262693,+1.1,1,0,7,0.73,20260927_013058.wav
2026-09-27 01:34:42,281262694,+1.6,0,0,8,0.75,20260927_013058.wav
2026-09-27 01:35:00,281262700,+0.7,2,0,6,0.72,20260927_013058.wav
2026-09-27 01:35:03,281262701,+1.1,3,1,5,0.67,20260927_013058.wav
2026-09-27 01:35:15,281262705,+0.8,3,0,2,0.65,20260927_013058.wav
2026-09-27 01:35:39,281262713,+0.0,0,0,7,0.76,20260927_013058.wav
2026-09-27 01:35:48,281262716,+0.2,1,0,6,0.74,20260927_013058.wav
2026-09-27 01:36:00,281262720,-0.3,3,0,6,0.70,20260927_013058.wav
2026-09-27 01:36:03,281262721,-0.2,2,0,1,0.63,20260927_013058.wav
2026-09-27 01:36:18,281262726,-0.3,2,0,4,0.67,20260927_013058.wav
2026-09-27 01:36:21,281262727,-0.6,3,1,5,0.67,20260927_013058.wav
2026-09-27 01:36:39,281262733,-1.1,2,0,6,0.68,20260927_013058.wav
2026-09-27 01:37:09,281262743,-1.8,0,0,8,0.82,20260927_013058.wav
2026-09-27 01:37:51,281262757,-2.1,0,0,5,0.70,20260927_013058.wav
2026-09-27 01:38:03,281262761,-2.6,1,0,5,0.71,20260927_013058.wav
2026-09-27 01:38:12,281262764,-2.5,0,0,9,0.84,20260927_013058.wav
2026-09-27 01:38:18,281262766,-2.6,0,0,9,0.83,20260927_013058.wav
2026-09-27 01:38:21,281262767,-3.1,0,0,6,0.74,20260927_013058.wav
2026-09-27 01:39:00,281262780,-3.6,1,0,6,0.76,20260927_013058.wav
2026-09-27 01:39:03,281262781,-3.4,1,0,6,0.79,20260927_013058.wav
2026-09-27 01:39:36,281262792,-4.1,0,0,9,0.86,20260927_013058.wav
2026-09-27 01:39:39,281262793,-4.0,0,0,11,0.85,20260927_013058.wav
2026-09-27 01:39:42,281262794,-4.3,0,0,11,0.89,20260927_013058.wav
2026-09-27 01:39:54,281262798,-4.6,0,0,10,0.85,20260927_013058.wav
2026-09-27 01:40:03,281262801,-4.8,0,0,11,0.89,20260927_013058.wav
2026-09-27 01:40:27,281262809,-5.3,0,0,9,0.83,20260927_013058.wav
2026-09-27 01:40:48,281262816,-5.8,0,1,12,0.86,20260927_013058.wav
2026-09-27 01:40:51,281262817,-5.4,0,0,11,0.84,20260927_013058.wav
2026-09-27 01:40:54,281262818,-5.7,0,0,14,0.86,20260927_013058.wav
2026-09-27 01:41:03,281262821,+5.9,0,0,10,0.83,20260927_014058.wav
2026-09-27 01:41:09,281262823,+5.4,0,0,12,0.84,20260927_014058.wav
2026-09-27 01:41:12,281262824,+5.9,0,0,10,0.84,20260927_014058.wav
2026-09-27 01:41:18,281262826,+5.6,0,0,11,0.84,20260927_014058.wav
2026-09-27 01:41:21,281262827,+5.1,0,0,9,0.82,20260927_014058.wav
2026-09-27 01:41:24,281262828,+5.4,0,0,8,0.80,20260927_014058.wav
2026-09-27 01:41:54,281262838,+4.6,0,0,6,0.77,20260927_014058.wav
2026-09-27 01:41:57,281262839,+4.6,0,0,7,0.73,20260927_014058.wav
2026-09-27 01:42:03,281262841,+4.5,0,0,2,0.66,20260927_014058.wav
2026-09-27 01:42:27,281262849,+4.0,0,0,7,0.75,20260927_014058.wav
2026-09-27 01:42:39,281262853,+3.6,0,0,7,0.78,20260927_014058.wav
2026-09-27 01:42:48,281262856,+3.5,0,0,10,0.84,20260927_014058.wav
2026-09-27 01:43:03,281262861,+3.2,0,0,4,0.66,20260927_014058.wav
2026-09-27 01:43:18,281262866,+2.8,1,0,5,0.71,20260927_014058.wav
2026-09-27 01:43:27,281262869,+2.8,1,0,9,0.81,20260927_014058.wav
2026-09-27 01:43:48,281262876,+2.3,1,0,3,0.69,20260927_014058.wav
2026-09-27 01:44:03,281262881,+2.2,1,0,6,0.74,20260927_014058.wav
2026-09-27 01:44:42,281262894,+1.0,1,2,9,0.85,20260927_014058.wav
2026-09-27 01:44:48,281262896,+1.1,0,0,4,0.71,20260927_014058.wav
2026-09-27 01:44:54,281262898,+0.8,0,0,3,0.65,20260927_014058.wav
2026-09-27 01:44:57,281262899,+0.8,2,0,5,0.72,20260927_014058.wav
2026-09-27 01:45:03,281262901,+0.8,0,0,3,0.64,20260927_014058.wav
2026-09-27 01:45:24,281262908,+0.7,0,0,7,0.76,20260927_014058.wav
2026-09-27 01:45:45,281262915,+0.2,1,0,6,0.70,20260927_014058.wav
2026-09-27 01:45:48,281262916,-0.5,2,0,5,0.77,20260927_014058.wav
2026-09-27 01:45:57,281262919,-0.2,0,0,6,0.81,20260927_014058.wav
2026-09-27 01:46:03,281262921,-0.3,0,0,9,0.83,20260927_014058.wav
2026-09-27 01:46:12,281262924,-0.2,2,0,8,0.82,20260927_014058.wav
2026-09-27 01:46:15,281262925,-0.2,0,0,8,0.84,20260927_014058.wav
2026-09-27 01:46:18,281262926,-0.5,0,0,9,0.85,20260927_014058.wav
2026-09-27 01:46:36,281262932,-0.7,1,0,9,0.83,20260927_014058.wav
2026-09-27 01:46:42,281262934,-1.0,0,0,2,0.67,20260927_014058.wav
2026-09-27 01:46:45,281262935,-1.1,0,0,7,0.81,20260927_014058.wav
2026-09-27 01:47:03,281262941,-1.8,0,0,5,0.71,20260927_014058.wav
2026-09-27 01:47:45,281262955,-2.3,0,0,7,0.81,20260927_014058.wav
2026-09-27 01:48:03,281262961,-2.8,0,0,9,0.85,20260927_014058.wav
2026-09-27 01:48:15,281262965,-3.0,0,0,9,0.86,20260927_014058.wav
2026-09-27 01:48:21,281262967,-2.9,0,0,7,0.84,20260927_014058.wav
2026-09-27 01:48:24,281262968,-3.0,0,0,8,0.85,20260927_014058.wav
2026-09-27 01:48:45,281262975,-3.2,0,0,10,0.87,20260927_014058.wav
2026-09-27 01:49:03,281262981,-4.1,2,0,3,0.69,20260927_014058.wav
2026-09-27 01:49:39,281262993,-4.7,0,0,11,0.85,20260927_014058.wav
2026-09-27 01:49:51,281262997,-5.0,0,0,9,0.85,20260927_014058.wav
2026-09-27 01:50:03,281263001,-5.3,1,0,5,0.75,20260927_014058.wav
2026-09-27 01:50:15,281263005,-5.3,3,0,4,0.70,20260927_014058.wav
2026-09-27 01:50:27,281263009,-5.5,0,0,3,0.70,20260927_014058.wav
2026-09-27 01:50:39,281263013,-6.3,0,0,6,0.74,20260927_014058.wav
2026-09-27 01:50:45,281263015,-6.2,0,0,4,0.71,20260927_014058.wav
2026-09-27 01:51:03,281263021,+5.8,0,0,1,0.61,20260927_015058.wav
2026-09-27 01:51:15,281263025,+5.4,3,0,3,0.63,20260927_015058.wav
2026-09-27 01:51:21,281263027,+5.3,1,0,8,0.74,20260927_015058.wav
2026-09-27 01:51:30,281263030,+4.8,3,0,6,0.76,20260927_015058.wav
2026-09-27 01:51:39,281263033,+4.9,0,0,6,0.70,20260927_015058.wav
2026-09-27 01:51:45,281263035,+4.6,2,0,6,0.73,20260927_015058.wav
2026-09-27 01:51:57,281263039,+4.7,1,0,4,0.70,20260927_015058.wav
2026-09-27 01:52:03,281263041,+3.7,0,0,3,0.69,20260927_015058.wav
2026-09-27 01:52:30,281263050,+3.6,0,0,4,0.65,20260927_015058.wav
2026-09-27 01:53:03,281263061,+3.1,2,0,5,0.70,20260927_015058.wav
2026-09-27 01:53:27,281263069,+2.1,3,2,0,0.58,20260927_015058.wav
2026-09-27 01:53:30,281263070,+2.3,3,1,3,0.59,20260927_015058.wav
2026-09-27 01:53:39,281263073,+2.4,1,0,7,0.71,20260927_015058.wav
2026-09-27 01:53:45,281263075,+2.2,1,0,1,0.60,20260927_015058.wav
2026-09-27 01:53:48,281263076,+2.5,3,0,4,0.66,20260927_015058.wav
2026-09-27 01:54:03,281263081,+1.6,0,0,7,0.72,20260927_015058.wav
2026-09-27 01:54:18,281263086,+1.8,1,0,6,0.72,20260927_015058.wav
2026-09-27 01:54:45,281263095,+1.1,1,0,2,0.59,20260927_015058.wav
2026-09-27 01:55:03,281263101,+1.0,0,0,9,0.82,20260927_015058.wav
2026-09-27 01:55:18,281263106,+0.5,0,0,7,0.82,20260927_015058.wav
2026-09-27 01:55:21,281263107,+0.5,2,0,7,0.75,20260927_015058.wav
2026-09-27 01:55:42,281263114,-0.1,0,0,11,0.82,20260927_015058.wav
2026-09-27 01:55:51,281263117,-0.3,0,0,3,0.65,20260927_015058.wav
2026-09-27 01:55:54,281263118,+0.0,3,0,3,0.62,20260927_015058.wav
2026-09-27 01:56:03,281263121,-0.3,3,0,3,0.66,20260927_015058.wav
2026-09-27 01:56:15,281263125,-0.7,3,0,2,0.62,20260927_015058.wav
2026-09-27 01:56:39,281263133,-1.2,0,0,6,0.70,20260927_015058.wav
2026-09-27 01:56:45,281263135,-1.3,3,0,2,0.61,20260927_015058.wav
2026-09-27 01:56:51,281263137,-1.3,0,0,9,0.80,20260927_015058.wav
2026-09-27 01:57:03,281263141,-1.5,0,0,4,0.68,20260927_015058.wav
2026-09-27 01:57:57,281263159,-3.1,0,0,7,0.78,20260927_015058.wav
2026-09-27 01:58:03,281263161,-2.8,3,2,3,0.64,20260927_015058.wav
2026-09-27 01:58:18,281263166,-3.2,0,0,9,0.80,20260927_015058.wav
2026-09-27 01:58:24,281263168,-2.9,0,0,5,0.68,20260927_015058.wav
2026-09-27 01:58:39,281263173,-3.2,0,0,4,0.67,20260927_015058.wav
2026-09-27 01:58:51,281263177,-3.8,2,0,3,0.67,20260927_015058.wav
2026-09-27 01:59:03,281263181,-4.0,0,0,6,0.71,20260927_015058.wav
2026-09-27 01:59:18,281263186,-4.4,0,0,7,0.79,20260927_015058.wav
2026-09-27 01:59:42,281263194,-4.4,0,0,9,0.79,20260927_015058.wav
2026-09-27 02:00:03,281263201,-5.1,0,0,9,0.81,20260927_015058.wav
2026-09-27 02:00:18,281263206,-5.4,0,0,8,0.79,20260927_015058.wav
2026-09-27 02:00:30,281263210,-5.4,0,0,5,0.72,20260927_015058.wav
2026-09-27 02:00:48,281263216,-6.2,0,0,10,0.82,20260927_015058.wav
2026-09-27 02:01:36,281263232,+6.7,0,0,9,0.81,20260927_020058.wav
2026-09-27 02:01:45,281263235,+6.5,0,0,9,0.82,20260927_020058.wav
2026-09-27 02:02:03,281263241,+5.9,0,0,8,0.84,20260927_020058.wav
2026-09-27 02:02:15,281263245,+5.8,0,0,8,0.82,20260927_020058.wav
2026-09-27 02:02:39,281263253,+5.1,0,0,3,0.69,20260927_020058.wav
2026-09-27 02:02:45,281263255,+5.3,0,0,6,0.80,20260927_020058.wav
2026-09-27 02:03:00,281263260,+5.1,0,0,10,0.86,20260927_020058.wav
2026-09-27 02:03:03,281263261,+5.1,0,0,10,0.81,20260927_020058.wav
2026-09-27 02:03:27,281263269,+4.3,1,0,4,0.70,20260927_020058.wav
2026-09-27 02:03:30,281263270,+4.2,1,0,3,0.65,20260927_020058.wav
2026-09-27 02:03:48,281263276,+3.7,0,0,10,0.78,20260927_020058.wav
2026-09-27 02:04:03,281263281,+3.7,0,0,6,0.73,20260927_020058.wav
2026-09-27 02:05:03,281263301,+2.4,2,0,6,0.71,20260927_020058.wav
2026-09-27 02:05:42,281263314,+1.6,3,0,6,0.73,20260927_020058.wav
2026-09-27 02:05:45,281263315,+1.4,0,0,9,0.82,20260927_020058.wav
2026-09-27 02:05:57,281263319,+1.4,0,1,6,0.75,20260927_020058.wav
2026-09-27 02:06:03,281263321,+1.0,2,0,2,0.67,20260927_020058.wav
2026-09-27 02:06:15,281263325,+0.9,0,0,5,0.79,20260927_020058.wav
2026-09-27 02:06:24,281263328,+0.7,0,0,2,0.66,20260927_020058.wav
2026-09-27 02:06:27,281263329,+1.2,0,0,10,0.80,20260927_020058.wav
2026-09-27 02:06:42,281263334,+0.4,0,0,6,0.73,20260927_020058.wav
2026-09-27 02:07:00,281263340,+0.0,0,0,5,0.78,20260927_020058.wav
2026-09-27 02:07:03,281263341,+0.3,0,0,6,0.79,20260927_020058.wav
2026-09-27 02:07:12,281263344,+0.0,3,1,2,0.64,20260927_020058.wav
2026-09-27 02:07:21,281263347,+0.0,0,0,10,0.83,20260927_020058.wav
2026-09-27 02:07:39,281263353,-0.6,0,0,6,0.81,20260927_020058.wav
2026-09-27 02:07:42,281263354,-0.7,0,0,9,0.80,20260927_020058.wav
2026-09-27 02:08:03,281263361,-1.1,2,0,6,0.79,20260927_020058.wav
2026-09-27 02:08:12,281263364,-1.5,0,0,4,0.78,20260927_020058.wav
2026-09-27 02:08:24,281263368,-1.4,0,0,7,0.80,20260927_020058.wav
2026-09-27 02:08:39,281263373,-1.7,3,2,5,0.75,20260927_020058.wav
2026-09-27 02:08:45,281263375,-1.9,2,0,7,0.79,20260927_020058.wav
2026-09-27 02:08:57,281263379,-2.0,2,0,4,0.69,20260927_020058.wav
2026-09-27 02:09:03,281263381,-2.3,3,0,3,0.68,20260927_020058.wav
2026-09-27 02:09:12,281263384,-2.5,1,0,7,0.75,20260927_020058.wav
2026-09-27 02:09:15,281263385,-2.6,2,0,2,0.62,20260927_020058.wav
2026-09-27 02:09:42,281263394,-3.0,1,0,2,0.59,20260927_020058.wav
2026-09-27 02:09:45,281263395,-3.1,2,0,2,0.57,20260927_020058.wav
2026-09-27 02:09:54,281263398,-3.0,3,0,3,0.66,20260927_020058.wav
2026-09-27 02:09:57,281263399,-2.8,0,0,8,0.73,20260927_020058.wav
2026-09-27 02:10:00,281263400,-3.5,0,0,8,0.83,20260927_020058.wav
2026-09-27 02:10:03,281263401,-3.4,0,0,6,0.79,20260927_020058.wav
2026-09-27 02:10:09,281263403,-3.3,1,0,8,0.82,20260927_020058.wav
2026-09-27 02:10:12,281263404,-3.3,0,0,6,0.76,20260927_020058.wav
2026-09-27 02:10:21,281263407,-4.0,1,0,7,0.75,20260927_020058.wav
2026-09-27 02:10:36,281263412,-4.0,1,0,6,0.72,20260927_020058.wav
2026-09-27 02:10:42,281263414,-4.4,0,0,13,0.84,20260927_020058.wav
2026-09-27 02:10:45,281263415,-4.2,2,0,3,0.68,20260927_020058.wav
2026-09-27 02:10:48,281263416,-4.2,0,0,11,0.83,20260927_020058.wav
2026-09-27 02:11:03,281263421,+4.0,0,0,6,0.77,20260927_021058.wav
2026-09-27 02:11:18,281263426,+4.0,1,0,7,0.79,20260927_021058.wav
2026-09-27 02:11:24,281263428,+3.6,1,0,9,0.81,20260927_021058.wav
2026-09-27 02:12:00,281263440,+2.6,0,0,9,0.82,20260927_021058.wav
2026-09-27 02:12:03,281263441,+2.7,0,0,9,0.80,20260927_021058.wav
2026-09-27 02:12:24,281263448,+2.5,0,0,10,0.83,20260927_021058.wav
2026-09-27 02:12:27,281263449,+2.3,3,3,2,0.61,20260927_021058.wav
2026-09-27 02:12:45,281263455,+1.7,1,0,4,0.72,20260927_021058.wav
2026-09-27 02:12:48,281263456,+1.8,0,0,3,0.69,20260927_021058.wav
2026-09-27 02:12:54,281263458,+1.7,0,0,3,0.66,20260927_021058.wav
2026-09-27 02:13:03,281263461,+1.4,0,0,8,0.78,20260927_021058.wav
2026-09-27 02:13:09,281263463,+1.1,0,0,8,0.81,20260927_021058.wav
2026-09-27 02:13:12,281263464,+1.3,2,0,7,0.73,20260927_021058.wav
2026-09-27 02:13:21,281263467,+1.8,0,0,10,0.78,20260927_021058.wav
2026-09-27 02:13:30,281263470,+1.2,2,0,4,0.71,20260927_021058.wav
2026-09-27 02:13:36,281263472,+0.4,3,2,3,0.62,20260927_021058.wav
2026-09-27 02:13:45,281263475,+0.9,3,1,3,0.65,20260927_021058.wav
2026-09-27 02:14:03,281263481,+0.3,1,1,7,0.76,20260927_021058.wav
2026-09-27 02:14:18,281263486,+0.0,0,0,7,0.75,20260927_021058.wav
2026-09-27 02:14:24,281263488,+0.0,3,1,2,0.62,20260927_021058.wav
2026-09-27 02:14:27,281263489,-0.2,3,1,1,0.62,20260927_021058.wav
2026-09-27 02:14:42,281263494,-0.6,3,2,0,0.61,20260927_021058.wav
2026-09-27 02:15:00,281263500,-1.1,2,0,5,0.69,20260927_021058.wav
2026-09-27 02:15:18,281263506,-0.8,0,0,3,0.67,20260927_021058.wav
2026-09-27 02:15:54,281263518,-2.2,1,0,6,0.70,20260927_021058.wav
2026-09-27 02:16:03,281263521,-2.0,3,0,4,0.64,20260927_021058.wav
2026-09-27 02:16:15,281263525,-2.4,0,0,4,0.69,20260927_021058.wav
2026-09-27 02:16:36,281263532,-3.1,0,0,9,0.75,20260927_021058.wav
2026-09-27 02:17:03,281263541,-3.4,0,0,3,0.66,20260927_021058.wav
2026-09-27 02:17:18,281263546,-3.7,1,0,4,0.60,20260927_021058.wav
2026-09-27 02:17:42,281263554,-3.8,2,0,3,0.58,20260927_021058.wav
2026-09-27 02:17:48,281263556,-4.4,3,1,4,0.66,20260927_021058.wav
2026-09-27 02:18:03,281263561,-4.8,3,0,1,0.65,20260927_021058.wav
2026-09-27 02:19:03,281263581,-5.2,2,0,6,0.68,20260927_021058.wav
2026-09-27 02:19:30,281263590,-6.6,1,0,7,0.74,20260927_021058.wav
2026-09-27 02:19:36,281263592,-5.9,3,0,2,0.65,20260927_021058.wav
2026-09-27 02:20:03,281263601,-7.0,3,0,3,0.64,20260927_021058.wav
2026-09-27 02:20:39,281263613,-7.6,0,0,2,0.65,20260927_021058.wav
2026-09-27 02:20:45,281263615,-7.4,3,0,3,0.58,20260927_021058.wav
2026-09-27 02:21:03,281263621,+6.1,2,0,1,0.62,20260927_022058.wav
2026-09-27 02:21:15,281263625,+5.9,0,0,4,0.62,20260927_022058.wav
2026-09-27 02:21:39,281263633,+5.6,3,1,5,0.64,20260927_022058.wav
2026-09-27 02:21:57,281263639,+5.4,3,0,2,0.66,20260927_022058.wav
2026-09-27 02:22:03,281263641,+4.9,3,0,5,0.71,20260927_022058.wav
2026-09-27 02:22:30,281263650,+4.7,2,0,4,0.71,20260927_022058.wav
2026-09-27 02:22:42,281263654,+4.3,1,0,3,0.65,20260927_022058.wav
2026-09-27 02:23:03,281263661,+3.9,1,0,4,0.68,20260927_022058.wav
2026-09-27 02:23:27,281263669,+3.5,1,0,3,0.61,20260927_022058.wav
2026-09-27 02:23:30,281263670,+3.4,3,2,4,0.67,20260927_022058.wav
2026-09-27 02:23:57,281263679,+2.5,1,0,2,0.65,20260927_022058.wav
2026-09-27 02:24:03,281263681,+3.1,2,0,0,0.55,20260927_022058.wav
2026-09-27 02:24:42,281263694,+2.1,2,0,5,0.56,20260927_022058.wav
2026-09-27 02:24:48,281263696,+1.8,3,2,1,0.54,20260927_022058.wav
2026-09-27 02:24:54,281263698,+1.9,2,0,0,0.47,20260927_022058.wav
2026-09-27 02:24:57,281263699,+2.5,0,0,3,0.61,20260927_022058.wav
2026-09-27 02:25:27,281263709,+1.5,3,2,6,0.60,20260927_022058.wav
2026-09-27 02:25:48,281263716,+0.9,3,1,4,0.61,20260927_022058.wav
2026-09-27 02:25:54,281263718,+1.0,3,1,-1,0.52,20260927_022058.wav
2026-09-27 02:26:21,281263727,+0.1,3,1,3,0.58,20260927_022058.wav
2026-09-27 02:27:03,281263741,-0.1,3,0,1,0.63,20260927_022058.wav
2026-09-27 02:27:36,281263752,-1.2,3,0,1,0.55,20260927_022058.wav
2026-09-27 02:27:42,281263754,-1.4,3,0,1,0.51,20260927_022058.wav
2026-09-27 02:27:51,281263757,-1.6,3,1,0,0.53,20260927_022058.wav
2026-09-27 02:27:57,281263759,-1.6,3,4,1,0.58,20260927_022058.wav
2026-09-27 02:28:00,281263760,-1.1,0,0,6,0.69,20260927_022058.wav
2026-09-27 02:28:15,281263765,-2.1,1,0,5,0.65,20260927_022058.wav
2026-09-27 02:28:51,281263777,-2.7,3,1,2,0.60,20260927_022058.wav
2026-09-27 02:28:54,281263778,-2.8,3,0,2,0.51,20260927_022058.wav
2026-09-27 02:29:00,281263780,-3.2,1,0,5,0.61,20260927_022058.wav
2026-09-27 02:29:03,281263781,-3.7,2,0,4,0.59,20260927_022058.wav
2026-09-27 02:29:24,281263788,-3.6,3,0,4,0.63,20260927_022058.wav
2026-09-27 02:29:27,281263789,-3.6,3,2,3,0.56,20260927_022058.wav
2026-09-27 02:29:39,281263793,-3.8,3,0,3,0.59,20260927_022058.wav
2026-09-27 02:29:42,281263794,-3.1,3,0,3,0.54,20260927_022058.wav
2026-09-27 02:29:54,281263798,-4.3,3,0,1,0.61,20260927_022058.wav
2026-09-27 02:30:03,281263801,-3.9,0,1,7,0.67,20260927_022058.wav
2026-09-27 02:30:18,281263806,-4.3,0,0,4,0.68,20260927_022058.wav
2026-09-27 02:30:45,281263815,-5.1,2,0,7,0.71,20260927_022058.wav
2026-09-27 02:30:48,281263816,-5.5,3,1,1,0.55,20260927_022058.wav
2026-09-27 02:31:03,281263821,+4.9,1,0,6,0.69,20260927_023058.wav
2026-09-27 02:31:18,281263826,+4.8,3,2,3,0.58,20260927_023058.wav
2026-09-27 02:31:36,281263832,+4.4,2,0,3,0.63,20260927_023058.wav
2026-09-27 02:31:42,281263834,+4.1,3,0,6,0.70,20260927_023058.wav
2026-09-27 02:32:03,281263841,+4.0,1,0,4,0.65,20260927_023058.wav
2026-09-27 02:32:24,281263848,+3.2,1,0,5,0.66,20260927_023058.wav
2026-09-27 02:32:27,281263849,+3.2,1,0,5,0.68,20260927_023058.wav
2026-09-27 02:32:45,281263855,+2.7,0,0,5,0.67,20260927_023058.wav
2026-09-27 02:32:48,281263856,+2.3,3,0,1,0.60,20260927_023058.wav
2026-09-27 02:33:00,281263860,+2.8,0,0,10,0.76,20260927_023058.wav
2026-09-27 02:33:03,281263861,+2.5,1,0,7,0.79,20260927_023058.wav
2026-09-27 02:33:18,281263866,+2.3,3,1,2,0.60,20260927_023058.wav
2026-09-27 02:33:21,281263867,+2.1,3,0,7,0.73,20260927_023058.wav
2026-09-27 02:33:30,281263870,+1.8,3,0,3,0.62,20260927_023058.wav
2026-09-27 02:33:39,281263873,+1.8,1,0,6,0.63,20260927_023058.wav
2026-09-27 02:33:57,281263879,+1.6,3,0,3,0.58,20260927_023058.wav
2026-09-27 02:34:03,281263881,+1.7,3,0,3,0.60,20260927_023058.wav
2026-09-27 02:34:12,281263884,+0.8,3,0,1,0.56,20260927_023058.wav
2026-09-27 02:34:21,281263887,+0.7,3,1,3,0.63,20260927_023058.wav
2026-09-27 02:34:30,281263890,+0.7,2,0,1,0.54,20260927_023058.wav
2026-09-27 02:35:03,281263901,+0.6,3,2,3,0.59,20260927_023058.wav
2026-09-27 02:35:42,281263914,-0.6,0,1,5,0.59,20260927_023058.wav
2026-09-27 02:35:45,281263915,-0.8,3,3,1,0.59,20260927_023058.wav
2026-09-27 02:36:03,281263921,-1.0,0,0,7,0.67,20260927_023058.wav
2026-09-27 02:36:27,281263929,-1.8,0,0,3,0.57,20260927_023058.wav
2026-09-27 02:36:36,281263932,-1.7,3,2,0,0.51,20260927_023058.wav
2026-09-27 02:36:42,281263934,-2.7,3,2,5,0.68,20260927_023058.wav
2026-09-27 02:36:48,281263936,-1.8,1,0,4,0.52,20260927_023058.wav
2026-09-27 02:36:54,281263938,-2.6,3,0,4,0.62,20260927_023058.wav
2026-09-27 02:37:03,281263941,-2.0,3,0,4,0.56,20260927_023058.wav
2026-09-27 02:37:18,281263946,-3.1,5,0,4,0.61,20260927_023058.wav
2026-09-27 02:37:21,281263947,-2.4,3,0,1,0.62,20260927_023058.wav
2026-09-27 02:37:36,281263952,-3.3,3,3,1,0.54,20260927_023058.wav
2026-09-27 02:37:45,281263955,-2.6,0,0,3,0.62,20260927_023058.wav
2026-09-27 02:37:51,281263957,-3.1,3,2,2,0.54,20260927_023058.wav
2026-09-27 02:38:15,281263965,-4.5,3,1,2,0.51,20260927_023058.wav
2026-09-27 02:38:18,281263966,-4.5,2,1,4,0.53,20260927_023058.wav
2026-09-27 02:38:30,281263970,-4.0,3,1,2,0.66,20260927_023058.wav
2026-09-27 02:39:03,281263981,-4.2,2,0,4,0.56,20260927_023058.wav
2026-09-27 02:39:15,281263985,-5.1,3,0,2,0.50,20260927_023058.wav
2026-09-27 02:39:24,281263988,-5.5,1,0,6,0.56,20260927_023058.wav
2026-09-27 02:40:45,281264015,-7.4,2,0,0,0.49,20260927_023058.wav
2026-09-27 02:41:03,281264021,+6.2,3,5,3,0.61,20260927_024058.wav
2026-09-27 02:41:30,281264030,+6.8,2,0,2,0.61,20260927_024058.wav
2026-09-27 02:42:15,281264045,+5.5,0,0,3,0.55,20260927_024058.wav
2026-09-27 02:42:39,281264053,+5.0,3,0,4,0.59,20260927_024058.wav
2026-09-27 02:42:45,281264055,+5.2,1,0,1,0.56,20260927_024058.wav
2026-09-27 02:43:00,281264060,+4.5,3,0,4,0.59,20260927_024058.wav
2026-09-27 02:43:30,281264070,+3.8,1,0,0,0.52,20260927_024058.wav
2026-09-27 02:43:51,281264077,+3.4,2,0,4,0.58,20260927_024058.wav
2026-09-27 02:44:03,281264081,+3.4,1,0,3,0.60,20260927_024058.wav
2026-09-27 02:44:15,281264085,+3.1,0,1,7,0.68,20260927_024058.wav
2026-09-27 02:44:45,281264095,+3.2,2,0,5,0.66,20260927_024058.wav
2026-09-27 02:44:48,281264096,+3.3,0,0,3,0.62,20260927_024058.wav
2026-09-27 02:44:51,281264097,+2.8,3,1,3,0.60,20260927_024058.wav
2026-09-27 02:44:57,281264099,+2.5,1,0,4,0.62,20260927_024058.wav
2026-09-27 02:45:03,281264101,+2.3,1,0,5,0.62,20260927_024058.wav
2026-09-27 02:45:15,281264105,+2.2,1,1,7,0.67,20260927_024058.wav
2026-09-27 02:46:03,281264121,+1.3,0,0,5,0.62,20260927_024058.wav
2026-09-27 02:46:24,281264128,+1.5,3,0,3,0.61,20260927_024058.wav
2026-09-27 02:46:42,281264134,+0.1,3,1,3,0.57,20260927_024058.wav
2026-09-27 02:46:54,281264138,+0.3,1,0,1,0.50,20260927_024058.wav
2026-09-27 02:47:03,281264141,-0.2,4,0,4,0.57,20260927_024058.wav
2026-09-27 02:47:12,281264144,-0.1,2,0,4,0.60,20260927_024058.wav
2026-09-27 02:47:18,281264146,-0.6,3,3,-1,0.49,20260927_024058.wav
2026-09-27 02:47:27,281264149,-0.9,3,1,2,0.50,20260927_024058.wav
2026-09-27 02:47:39,281264153,-1.4,3,0,2,0.55,20260927_024058.wav
2026-09-27 02:47:57,281264159,-1.4,2,2,2,0.56,20260927_024058.wav
2026-09-27 02:48:03,281264161,-0.9,1,1,3,0.59,20260927_024058.wav
2026-09-27 02:48:42,281264174,-2.0,2,0,4,0.59,20260927_024058.wav
2026-09-27 02:48:54,281264178,-2.7,2,0,3,0.62,20260927_024058.wav
2026-09-27 02:49:03,281264181,-2.3,3,1,5,0.66,20260927_024058.wav
2026-09-27 02:49:12,281264184,-2.7,0,0,5,0.67,20260927_024058.wav
2026-09-27 02:49:36,281264192,-3.0,3,0,2,0.60,20260927_024058.wav
2026-09-27 02:49:42,281264194,-3.1,2,0,6,0.63,20260927_024058.wav
2026-09-27 02:49:48,281264196,-3.4,3,3,1,0.52,20260927_024058.wav
2026-09-27 02:50:00,281264200,-3.2,2,0,4,0.64,20260927_024058.wav
2026-09-27 02:50:03,281264201,-3.5,3,0,-1,0.48,20260927_024058.wav
2026-09-27 02:50:39,281264213,-5.0,1,0,5,0.66,20260927_024058.wav
2026-09-27 02:50:45,281264215,-4.4,3,1,3,0.68,20260927_024058.wav
2026-09-27 02:50:48,281264216,-4.4,3,0,2,0.56,20260927_024058.wav
2026-09-27 02:50:51,281264217,-4.7,3,3,1,0.58,20260927_024058.wav
2026-09-27 02:51:03,281264221,+5.6,1,1,3,0.57,20260927_025058.wav
2026-09-27 02:51:15,281264225,+5.1,1,0,4,0.66,20260927_025058.wav
2026-09-27 02:51:18,281264226,+5.1,2,0,1,0.53,20260927_025058.wav
2026-09-27 02:51:39,281264233,+4.4,1,0,3,0.65,20260927_025058.wav
2026-09-27 02:52:03,281264241,+3.6,1,0,7,0.71,20260927_025058.wav
2026-09-27 02:52:24,281264248,+3.6,2,0,3,0.62,20260927_025058.wav
2026-09-27 02:52:39,281264253,+2.9,2,0,2,0.61,20260927_025058.wav
2026-09-27 02:52:42,281264254,+3.1,3,0,1,0.57,20260927_025058.wav
2026-09-27 02:52:51,281264257,+2.5,3,0,4,0.63,20260927_025058.wav
2026-09-27 02:52:54,281264258,+3.2,3,0,1,0.61,20260927_025058.wav
2026-09-27 02:53:03,281264261,+2.4,3,2,4,0.70,20260927_025058.wav
2026-09-27 02:53:18,281264266,+2.7,3,1,6,0.74,20260927_025058.wav
2026-09-27 02:53:27,281264269,+2.3,0,0,4,0.68,20260927_025058.wav
2026-09-27 02:53:39,281264273,+2.5,0,0,6,0.74,20260927_025058.wav
2026-09-27 02:53:42,281264274,+1.9,0,0,4,0.68,20260927_025058.wav
2026-09-27 02:54:03,281264281,+1.8,3,1,5,0.71,20260927_025058.wav
2026-09-27 02:54:48,281264296,+0.8,2,0,2,0.62,20260927_025058.wav
2026-09-27 02:54:57,281264299,+0.8,2,0,5,0.71,20260927_025058.wav
2026-09-27 02:55:03,281264301,+0.8,2,0,3,0.63,20260927_025058.wav
2026-09-27 02:55:36,281264312,+0.1,0,0,7,0.74,20260927_025058.wav
2026-09-27 02:55:45,281264315,-0.1,0,0,5,0.71,20260927_025058.wav
2026-09-27 02:56:03,281264321,-0.4,0,0,3,0.69,20260927_025058.wav
2026-09-27 02:56:18,281264326,-1.0,1,0,2,0.67,20260927_025058.wav
2026-09-27 02:56:42,281264334,-1.3,0,0,7,0.71,20260927_025058.wav
2026-09-27 02:57:03,281264341,-1.3,3,0,5,0.76,20260927_025058.wav
2026-09-27 02:57:18,281264346,-2.6,0,0,2,0.67,20260927_025058.wav
2026-09-27 02:57:30,281264350,-1.7,1,0,6,0.75,20260927_025058.wav
2026-09-27 02:57:45,281264355,-2.4,1,0,8,0.74,20260927_025058.wav
2026-09-27 02:58:03,281264361,-3.3,0,0,4,0.68,20260927_025058.wav
2026-09-27 02:58:12,281264364,-3.1,3,0,2,0.62,20260927_025058.wav
2026-09-27 02:58:45,281264375,-3.8,0,0,8,0.77,20260927_025058.wav
2026-09-27 02:59:03,281264381,-3.8,0,0,5,0.70,20260927_025058.wav
2026-09-27 02:59:42,281264394,-4.8,3,0,3,0.69,20260927_025058.wav
2026-09-27 02:59:48,281264396,-4.9,0,0,5,0.74,20260927_025058.wav
2026-09-27 02:59:54,281264398,-5.4,1,0,3,0.66,20260927_025058.wav
2026-09-27 03:00:00,281264400,-5.2,1,0,4,0.65,20260927_025058.wav
2026-09-27 03:00:03,281264401,-5.0,3,1,2,0.61,20260927_025058.wav
2026-09-27 03:00:12,281264404,-5.2,0,0,8,0.75,20260927_025058.wav
2026-09-27 03:00:18,281264406,-5.5,2,0,3,0.66,20260927_025058.wav
2026-09-27 03:00:54,281264418,-5.8,0,0,5,0.68,20260927_025058.wav
2026-09-27 03:01:03,281264421,+5.0,0,0,7,0.78,20260927_030058.wav
2026-09-27 03:01:09,281264423,+4.6,0,0,8,0.82,20260927_030058.wav
2026-09-27 03:01:30,281264430,+4.1,0,0,7,0.75,20260927_030058.wav
2026-09-27 03:01:42,281264434,+4.0,2,0,3,0.66,20260927_030058.wav
2026-09-27 03:01:51,281264437,+3.9,0,0,3,0.67,20260927_030058.wav
2026-09-27 03:02:03,281264441,+3.4,0,1,6,0.71,20260927_030058.wav
2026-09-27 03:02:09,281264443,+3.8,0,0,9,0.82,20260927_030058.wav
2026-09-27 03:02:21,281264447,+3.3,3,0,8,0.80,20260927_030058.wav
2026-09-27 03:02:54,281264458,+2.0,2,0,8,0.78,20260927_030058.wav
2026-09-27 03:02:57,281264459,+2.4,0,0,9,0.81,20260927_030058.wav
2026-09-27 03:03:03,281264461,+2.6,1,0,8,0.77,20260927_030058.wav
2026-09-27 03:03:27,281264469,+2.0,3,0,1,0.55,20260927_030058.wav
2026-09-27 03:03:36,281264472,+1.8,1,0,6,0.79,20260927_030058.wav
2026-09-27 03:03:39,281264473,+1.8,3,0,3,0.62,20260927_030058.wav
2026-09-27 03:03:51,281264477,+1.9,3,1,2,0.60,20260927_030058.wav
2026-09-27 03:03:54,281264478,+1.8,1,0,10,0.82,20260927_030058.wav
2026-09-27 03:04:03,281264481,+1.0,2,0,4,0.68,20260927_030058.wav
2026-09-27 03:04:21,281264487,+0.3,3,0,4,0.72,20260927_030058.wav
2026-09-27 03:05:00,281264500,+0.0,3,0,5,0.67,20260927_030058.wav
2026-09-27 03:05:03,281264501,+0.2,1,0,7,0.79,20260927_030058.wav
2026-09-27 03:05:18,281264506,+0.0,1,0,3,0.70,20260927_030058.wav
2026-09-27 03:05:21,281264507,+0.0,2,0,3,0.63,20260927_030058.wav
2026-09-27 03:05:30,281264510,-0.6,0,0,10,0.83,20260927_030058.wav
2026-09-27 03:05:39,281264513,-0.7,1,0,2,0.56,20260927_030058.wav
2026-09-27 03:06:03,281264521,-1.1,3,0,3,0.65,20260927_030058.wav
2026-09-27 03:06:36,281264532,-1.9,1,0,8,0.74,20260927_030058.wav
2026-09-27 03:06:51,281264537,-1.8,3,0,4,0.67,20260927_030058.wav
2026-09-27 03:07:00,281264540,-2.2,5,0,1,0.56,20260927_030058.wav
2026-09-27 03:07:03,281264541,-2.4,0,0,10,0.78,20260927_030058.wav
2026-09-27 03:07:09,281264543,-2.5,1,0,2,0.63,20260927_030058.wav
2026-09-27 03:07:36,281264552,-2.9,0,0,4,0.69,20260927_030058.wav
2026-09-27 03:07:48,281264556,-3.2,1,1,5,0.67,20260927_030058.wav
2026-09-27 03:07:51,281264557,-3.4,0,0,3,0.75,20260927_030058.wav
2026-09-27 03:08:03,281264561,-3.5,3,0,2,0.59,20260927_030058.wav
2026-09-27 03:08:18,281264566,-4.0,0,0,6,0.69,20260927_030058.wav
2026-09-27 03:08:30,281264570,-4.2,2,0,6,0.73,20260927_030058.wav
2026-09-27 03:08:48,281264576,-4.7,1,0,5,0.68,20260927_030058.wav
2026-09-27 03:09:03,281264581,-4.7,1,0,4,0.65,20260927_030058.wav
2026-09-27 03:10:03,281264601,-6.0,3,2,1,0.62,20260927_030058.wav
2026-09-27 03:10:30,281264610,-6.8,1,0,3,0.65,20260927_030058.wav
2026-09-27 03:10:42,281264614,-6.7,3,0,4,0.68,20260927_030058.wav
2026-09-27 03:10:51,281264617,-6.6,2,0,6,0.72,20260927_030058.wav
2026-09-27 03:11:03,281264621,+3.8,3,0,2,0.63,20260927_031058.wav
2026-09-27 03:11:18,281264626,+4.3,0,0,7,0.71,20260927_031058.wav
2026-09-27 03:11:30,281264630,+3.8,0,0,10,0.81,20260927_031058.wav
2026-09-27 03:11:42,281264634,+3.7,0,0,9,0.82,20260927_031058.wav
2026-09-27 03:11:54,281264638,+3.2,2,0,3,0.66,20260927_031058.wav
2026-09-27 03:11:57,281264639,+3.3,1,0,6,0.78,20260927_031058.wav
2026-09-27 03:12:03,281264641,+3.2,0,0,7,0.75,20260927_031058.wav
2026-09-27 03:12:18,281264646,+2.7,1,0,5,0.73,20260927_031058.wav
2026-09-27 03:12:27,281264649,+2.8,0,0,8,0.80,20260927_031058.wav
2026-09-27 03:12:45,281264655,+2.3,2,1,3,0.71,20260927_031058.wav
2026-09-27 03:12:54,281264658,+2.3,0,0,8,0.79,20260927_031058.wav
2026-09-27 03:12:57,281264659,+2.1,3,0,4,0.74,20260927_031058.wav
2026-09-27 03:13:00,281264660,+2.3,0,0,9,0.81,20260927_031058.wav
2026-09-27 03:13:03,281264661,+2.0,3,1,1,0.60,20260927_031058.wav
2026-09-27 03:13:12,281264664,+1.9,3,0,2,0.63,20260927_031058.wav
2026-09-27 03:13:15,281264665,+2.1,3,0,4,0.68,20260927_031058.wav
2026-09-27 03:13:21,281264667,+1.5,0,0,6,0.75,20260927_031058.wav
2026-09-27 03:13:30,281264670,+1.3,2,0,3,0.72,20260927_031058.wav
2026-09-27 03:13:36,281264672,+1.5,3,0,7,0.71,20260927_031058.wav
2026-09-27 03:13:45,281264675,+1.7,0,0,13,0.83,20260927_031058.wav
2026-09-27 03:13:51,281264677,+1.3,2,0,3,0.65,20260927_031058.wav
2026-09-27 03:14:03,281264681,+0.8,1,0,6,0.69,20260927_031058.wav
2026-09-27 03:14:18,281264686,+0.7,1,0,7,0.73,20260927_031058.wav
2026-09-27 03:14:30,281264690,+0.2,0,0,6,0.75,20260927_031058.wav
2026-09-27 03:14:39,281264693,+0.4,0,0,2,0.64,20260927_031058.wav
2026-09-27 03:14:57,281264699,-0.5,3,1,2,0.62,20260927_031058.wav
2026-09-27 03:15:03,281264701,-0.2,2,0,3,0.67,20260927_031058.wav
2026-09-27 03:15:27,281264709,-1.0,1,0,5,0.66,20260927_031058.wav
2026-09-27 03:15:30,281264710,-0.7,3,1,2,0.66,20260927_031058.wav
2026-09-27 03:16:03,281264721,-1.6,3,0,6,0.71,20260927_031058.wav
2026-09-27 03:16:42,281264734,-2.3,1,0,3,0.63,20260927_031058.wav
2026-09-27 03:16:45,281264735,-2.1,2,0,0,0.53,20260927_031058.wav
2026-09-27 03:17:03,281264741,-3.1,0,0,8,0.72,20260927_031058.wav
2026-09-27 03:17:18,281264746,-2.9,3,0,6,0.70,20260927_031058.wav
2026-09-27 03:17:21,281264747,-2.9,0,0,2,0.63,20260927_031058.wav
2026-09-27 03:17:30,281264750,-3.5,1,0,4,0.68,20260927_031058.wav
2026-09-27 03:17:54,281264758,-3.9,1,0,6,0.76,20260927_031058.wav
2026-09-27 03:18:03,281264761,-3.7,0,0,4,0.71,20260927_031058.wav
2026-09-27 03:18:42,281264774,-4.2,0,0,8,0.79,20260927_031058.wav
2026-09-27 03:18:48,281264776,-4.3,0,0,11,0.81,20260927_031058.wav
2026-09-27 03:19:00,281264780,-5.1,0,0,3,0.70,20260927_031058.wav
2026-09-27 03:19:03,281264781,-4.8,3,0,2,0.63,20260927_031058.wav
2026-09-27 03:19:18,281264786,-5.4,3,0,4,0.72,20260927_031058.wav
2026-09-27 03:20:00,281264800,-6.3,1,0,7,0.77,20260927_031058.wav
2026-09-27 03:20:03,281264801,-5.4,0,0,9,0.83,20260927_031058.wav
2026-09-27 03:20:18,281264806,-6.6,0,0,10,0.81,20260927_031058.wav
2026-09-27 03:20:30,281264810,-6.3,2,0,4,0.68,20260927_031058.wav
2026-09-27 03:20:42,281264814,-6.9,0,0,6,0.79,20260927_031058.wav
2026-09-27 03:20:48,281264816,-6.8,1,0,3,0.65,20260927_031058.wav
2026-09-27 03:20:54,281264818,-6.8,3,1,3,0.66,20260927_031058.wav
2026-09-27 03:21:03,281264821,+6.5,0,0,0,0.52,20260927_032058.wav
2026-09-27 03:21:12,281264824,+6.5,0,0,10,0.86,20260927_032058.wav
2026-09-27 03:21:48,281264836,+5.5,3,1,1,0.62,20260927_032058.wav
2026-09-27 03:22:00,281264840,+5.2,0,1,3,0.70,20260927_032058.wav
2026-09-27 03:22:03,281264841,+4.7,1,0,8,0.76,20260927_032058.wav
2026-09-27 03:22:30,281264850,+4.5,0,0,5,0.72,20260927_032058.wav
2026-09-27 03:23:03,281264861,+3.7,3,0,4,0.71,20260927_032058.wav
2026-09-27 03:23:27,281264869,+3.9,0,0,5,0.71,20260927_032058.wav
2026-09-27 03:23:39,281264873,+3.0,1,0,9,0.76,20260927_032058.wav
2026-09-27 03:23:45,281264875,+3.1,3,0,0,0.53,20260927_032058.wav
2026-09-27 03:23:51,281264877,+2.9,0,0,11,0.80,20260927_032058.wav
2026-09-27 03:23:57,281264879,+3.3,1,0,7,0.74,20260927_032058.wav
2026-09-27 03:24:03,281264881,+3.1,0,0,6,0.77,20260927_032058.wav
2026-09-27 03:24:18,281264886,+2.7,1,0,6,0.73,20260927_032058.wav
2026-09-27 03:24:39,281264893,+2.4,2,0,4,0.70,20260927_032058.wav
2026-09-27 03:24:45,281264895,+2.0,0,0,8,0.78,20260927_032058.wav
2026-09-27 03:25:03,281264901,+1.9,0,0,4,0.69,20260927_032058.wav
2026-09-27 03:25:15,281264905,+1.5,0,0,11,0.78,20260927_032058.wav
2026-09-27 03:25:18,281264906,+1.6,0,0,10,0.82,20260927_032058.wav
2026-09-27 03:25:39,281264913,+1.1,0,0,5,0.71,20260927_032058.wav
2026-09-27 03:25:42,281264914,+1.0,3,0,5,0.70,20260927_032058.wav
2026-09-27 03:26:03,281264921,+0.7,0,0,5,0.73,20260927_032058.wav
2026-09-27 03:26:09,281264923,+0.8,0,0,10,0.79,20260927_032058.wav
2026-09-27 03:26:12,281264924,+0.2,0,0,9,0.79,20260927_032058.wav
2026-09-27 03:26:18,281264926,+0.0,3,0,3,0.65,20260927_032058.wav
2026-09-27 03:26:21,281264927,+0.3,0,0,6,0.76,20260927_032058.wav
2026-09-27 03:26:39,281264933,+0.0,0,0,10,0.78,20260927_032058.wav
2026-09-27 03:27:03,281264941,+0.0,0,0,9,0.79,20260927_032058.wav
2026-09-27 03:27:24,281264948,-1.3,0,0,6,0.75,20260927_032058.wav
2026-09-27 03:27:27,281264949,-1.3,3,0,2,0.63,20260927_032058.wav
2026-09-27 03:27:39,281264953,-1.1,1,0,11,0.83,20260927_032058.wav
2026-09-27 03:27:48,281264956,-1.2,0,0,10,0.82,20260927_032058.wav
2026-09-27 03:27:51,281264957,-1.2,0,0,9,0.86,20260927_032058.wav
2026-09-27 03:27:54,281264958,-1.4,0,0,8,0.83,20260927_032058.wav
2026-09-27 03:28:03,281264961,-1.7,0,0,10,0.84,20260927_032058.wav
2026-09-27 03:28:12,281264964,-2.1,1,0,7,0.73,20260927_032058.wav
2026-09-27 03:28:27,281264969,-2.1,0,0,10,0.83,20260927_032058.wav
2026-09-27 03:28:36,281264972,-2.9,0,0,8,0.80,20260927_032058.wav
2026-09-27 03:28:54,281264978,-3.0,0,0,8,0.84,20260927_032058.wav
2026-09-27 03:29:03,281264981,-3.0,0,0,9,0.82,20260927_032058.wav
2026-09-27 03:29:12,281264984,-3.0,2,0,6,0.74,20260927_032058.wav
2026-09-27 03:29:24,281264988,-3.3,0,0,2,0.64,20260927_032058.wav
2026-09-27 03:29:39,281264993,-3.4,2,0,3,0.65,20260927_032058.wav
2026-09-27 03:29:45,281264995,-3.6,0,0,9,0.80,20260927_032058.wav
2026-09-27 03:30:00,281265000,-4.1,1,0,5,0.72,20260927_032058.wav
2026-09-27 03:30:03,281265001,-4.0,0,0,1,0.62,20260927_032058.wav
2026-09-27 03:30:12,281265004,-4.2,0,0,9,0.82,20260927_032058.wav
2026-09-27 03:30:30,281265010,-4.4,1,0,5,0.72,20260927_032058.wav
2026-09-27 03:30:36,281265012,-4.9,0,0,9,0.83,20260927_032058.wav
2026-09-27 03:30:42,281265014,-5.2,0,0,5,0.77,20260927_032058.wav
2026-09-27 03:30:45,281265015,-5.0,0,0,9,0.81,20260927_032058.wav
2026-09-27 03:31:03,281265021,+6.6,1,0,6,0.75,20260927_033058.wav
2026-09-27 03:31:36,281265032,+5.8,0,0,8,0.81,20260927_033058.wav
2026-09-27 03:31:42,281265034,+5.7,0,0,10,0.85,20260927_033058.wav
2026-09-27 03:31:45,281265035,+5.8,0,0,9,0.80,20260927_033058.wav
2026-09-27 03:31:48,281265036,+5.6,0,0,7,0.82,20260927_033058.wav
2026-09-27 03:31:51,281265037,+5.5,0,0,10,0.82,20260927_033058.wav
2026-09-27 03:32:03,281265041,+5.5,0,0,13,0.85,20260927_033058.wav
2026-09-27 03:32:09,281265043,+5.3,0,0,11,0.87,20260927_033058.wav
2026-09-27 03:32:18,281265046,+4.9,0,0,11,0.83,20260927_033058.wav
2026-09-27 03:32:27,281265049,+5.0,0,0,12,0.88,20260927_033058.wav
2026-09-27 03:32:39,281265053,+4.8,0,0,11,0.90,20260927_033058.wav
2026-09-27 03:33:00,281265060,+4.2,0,0,12,0.87,20260927_033058.wav
2026-09-27 03:33:03,281265061,+3.9,0,0,10,0.87,20260927_033058.wav
2026-09-27 03:33:27,281265069,+3.4,0,0,3,0.71,20260927_033058.wav
2026-09-27 03:33:30,281265070,+3.6,0,0,9,0.80,20260927_033058.wav
2026-09-27 03:33:51,281265077,+3.4,0,0,9,0.83,20260927_033058.wav
2026-09-27 03:34:03,281265081,+3.1,0,0,10,0.88,20260927_033058.wav
2026-09-27 03:34:09,281265083,+3.1,0,0,8,0.76,20260927_033058.wav
2026-09-27 03:34:12,281265084,+2.7,0,0,10,0.84,20260927_033058.wav
2026-09-27 03:34:27,281265089,+2.6,0,0,4,0.71,20260927_033058.wav
2026-09-27 03:34:48,281265096,+1.8,0,0,4,0.72,20260927_033058.wav
2026-09-27 03:34:51,281265097,+2.0,3,0,2,0.62,20260927_033058.wav
2026-09-27 03:34:54,281265098,+2.2,1,0,9,0.80,20260927_033058.wav
2026-09-27 03:35:03,281265101,+2.1,0,0,12,0.84,20260927_033058.wav
2026-09-27 03:35:21,281265107,+1.3,0,0,8,0.78,20260927_033058.wav
2026-09-27 03:36:03,281265121,+0.9,0,0,9,0.83,20260927_033058.wav
2026-09-27 03:36:27,281265129,+0.1,0,0,9,0.81,20260927_033058.wav
2026-09-27 03:36:39,281265133,-0.1,0,0,9,0.81,20260927_033058.wav
2026-09-27 03:36:42,281265134,-0.2,1,0,11,0.86,20260927_033058.wav
2026-09-27 03:36:48,281265136,-0.4,3,0,3,0.70,20260927_033058.wav
2026-09-27 03:36:54,281265138,-0.1,0,0,9,0.80,20260927_033058.wav
2026-09-27 03:37:03,281265141,-0.5,0,0,9,0.83,20260927_033058.wav
2026-09-27 03:37:15,281265145,-0.4,0,0,9,0.82,20260927_033058.wav
2026-09-27 03:37:21,281265147,-0.9,3,0,3,0.68,20260927_033058.wav
2026-09-27 03:37:48,281265156,-1.6,0,1,6,0.75,20260927_033058.wav
2026-09-27 03:38:00,281265160,-1.9,0,0,9,0.81,20260927_033058.wav
2026-09-27 03:38:03,281265161,-1.6,0,0,9,0.79,20260927_033058.wav
2026-09-27 03:38:18,281265166,-1.9,1,0,7,0.78,20260927_033058.wav
2026-09-27 03:38:39,281265173,-2.0,1,0,2,0.64,20260927_033058.wav
2026-09-27 03:38:42,281265174,-2.4,2,0,5,0.74,20260927_033058.wav
2026-09-27 03:38:48,281265176,-2.5,3,0,3,0.65,20260927_033058.wav
2026-09-27 03:38:54,281265178,-2.7,0,0,9,0.83,20260927_033058.wav
2026-09-27 03:38:57,281265179,-2.5,3,1,2,0.64,20260927_033058.wav
2026-09-27 03:39:00,281265180,-2.7,0,0,11,0.87,20260927_033058.wav
2026-09-27 03:39:03,281265181,-2.7,0,0,8,0.80,20260927_033058.wav
2026-09-27 03:39:24,281265188,-3.4,3,0,3,0.67,20260927_033058.wav
2026-09-27 03:39:30,281265190,-3.1,2,0,8,0.74,20260927_033058.wav
2026-09-27 03:39:48,281265196,-4.0,3,1,2,0.61,20260927_033058.wav
2026-09-27 03:39:54,281265198,-4.0,3,0,7,0.76,20260927_033058.wav
2026-09-27 03:40:00,281265200,-4.3,2,0,4,0.68,20260927_033058.wav
2026-09-27 03:40:03,281265201,-3.8,0,0,9,0.85,20260927_033058.wav
2026-09-27 03:40:12,281265204,-4.0,3,0,4,0.65,20260927_033058.wav
2026-09-27 03:40:36,281265212,-4.7,3,2,4,0.68,20260927_033058.wav
2026-09-27 03:40:42,281265214,-4.6,2,0,7,0.71,20260927_033058.wav
2026-09-27 03:41:03,281265221,+5.8,0,0,10,0.78,20260927_034058.wav
2026-09-27 03:41:30,281265230,+5.4,2,0,4,0.63,20260927_034058.wav
2026-09-27 03:41:42,281265234,+5.1,2,0,8,0.78,20260927_034058.wav
2026-09-27 03:41:57,281265239,+5.0,2,0,5,0.77,20260927_034058.wav
2026-09-27 03:42:03,281265241,+5.0,0,0,8,0.82,20260927_034058.wav
2026-09-27 03:42:12,281265244,+4.7,0,0,9,0.83,20260927_034058.wav
2026-09-27 03:42:27,281265249,+4.4,0,0,8,0.78,20260927_034058.wav
2026-09-27 03:42:45,281265255,+3.8,0,0,8,0.80,20260927_034058.wav
2026-09-27 03:42:48,281265256,+3.9,0,0,6,0.79,20260927_034058.wav
2026-09-27 03:43:03,281265261,+3.7,0,0,12,0.87,20260927_034058.wav
2026-09-27 03:43:09,281265263,+3.8,0,0,9,0.83,20260927_034058.wav
2026-09-27 03:43:12,281265264,+3.8,0,0,10,0.86,20260927_034058.wav
2026-09-27 03:43:30,281265270,+2.9,0,0,3,0.71,20260927_034058.wav
2026-09-27 03:43:36,281265272,+3.4,0,0,11,0.87,20260927_034058.wav
2026-09-27 03:43:42,281265274,+3.0,0,0,13,0.85,20260927_034058.wav
2026-09-27 03:43:45,281265275,+2.7,0,0,10,0.86,20260927_034058.wav
2026-09-27 03:44:03,281265281,+2.7,0,0,9,0.86,20260927_034058.wav
2026-09-27 03:44:15,281265285,+2.3,0,0,10,0.85,20260927_034058.wav
2026-09-27 03:44:30,281265290,+1.6,0,0,9,0.84,20260927_034058.wav
2026-09-27 03:44:51,281265297,+1.9,0,0,9,0.84,20260927_034058.wav
2026-09-27 03:45:00,281265300,+1.8,0,0,13,0.86,20260927_034058.wav
2026-09-27 03:45:03,281265301,+1.6,0,0,8,0.80,20260927_034058.wav
2026-09-27 03:45:15,281265305,+1.2,0,0,9,0.84,20260927_034058.wav
2026-09-27 03:45:18,281265306,+0.9,0,0,9,0.84,20260927_034058.wav
2026-09-27 03:45:54,281265318,+0.0,0,0,4,0.71,20260927_034058.wav
2026-09-27 03:46:00,281265320,+0.0,0,0,6,0.72,20260927_034058.wav
2026-09-27 03:46:09,281265323,+0.0,2,0,7,0.78,20260927_034058.wav
2026-09-27 03:46:18,281265326,+0.0,0,0,9,0.76,20260927_034058.wav
2026-09-27 03:46:21,281265327,-0.1,0,0,8,0.80,20260927_034058.wav
2026-09-27 03:46:30,281265330,-0.4,1,0,2,0.65,20260927_034058.wav
2026-09-27 03:46:39,281265333,-0.6,1,0,3,0.66,20260927_034058.wav
2026-09-27 03:46:42,281265334,-0.6,0,0,10,0.81,20260927_034058.wav
2026-09-27 03:46:51,281265337,-0.7,0,0,4,0.71,20260927_034058.wav
2026-09-27 03:46:54,281265338,-0.9,3,1,1,0.64,20260927_034058.wav
2026-09-27 03:47:03,281265341,-0.8,0,0,4,0.69,20260927_034058.wav
2026-09-27 03:47:09,281265343,-1.2,3,1,2,0.59,20260927_034058.wav
2026-09-27 03:47:21,281265347,-1.5,3,1,3,0.60,20260927_034058.wav
2026-09-27 03:47:57,281265359,-2.4,2,0,4,0.67,20260927_034058.wav
2026-09-27 03:48:00,281265360,-1.6,0,0,6,0.70,20260927_034058.wav
2026-09-27 03:48:03,281265361,-2.6,3,0,1,0.58,20260927_034058.wav
2026-09-27 03:48:27,281265369,-2.2,0,0,8,0.76,20260927_034058.wav
2026-09-27 03:48:30,281265370,-2.9,2,0,1,0.67,20260927_034058.wav
2026-09-27 03:48:36,281265372,-2.7,3,0,6,0.74,20260927_034058.wav
2026-09-27 03:48:48,281265376,-3.2,0,0,9,0.79,20260927_034058.wav
2026-09-27 03:49:03,281265381,-3.4,1,0,5,0.71,20260927_034058.wav
2026-09-27 03:49:12,281265384,-3.6,2,0,6,0.73,20260927_034058.wav
2026-09-27 03:49:27,281265389,-3.8,2,0,7,0.80,20260927_034058.wav
2026-09-27 03:49:48,281265396,-4.3,0,0,7,0.70,20260927_034058.wav
2026-09-27 03:49:54,281265398,-4.1,0,0,7,0.80,20260927_034058.wav
2026-09-27 03:50:00,281265400,-4.5,0,0,4,0.69,20260927_034058.wav
2026-09-27 03:50:03,281265401,-4.6,0,0,10,0.82,20260927_034058.wav
2026-09-27 03:50:39,281265413,-5.4,0,0,5,0.71,20260927_034058.wav
2026-09-27 03:50:42,281265414,-5.2,0,0,9,0.81,20260927_034058.wav
2026-09-27 03:50:48,281265416,-5.6,0,0,5,0.69,20260927_034058.wav
2026-09-27 03:50:54,281265418,-5.5,0,0,3,0.67,20260927_034058.wav
2026-09-27 03:51:03,281265421,+5.9,0,0,7,0.73,20260927_035058.wav
2026-09-27 03:51:45,281265435,+4.0,1,0,5,0.73,20260927_035058.wav
2026-09-27 03:51:48,281265436,+4.5,3,1,3,0.61,20260927_035058.wav
2026-09-27 03:52:03,281265441,+4.2,2,0,6,0.70,20260927_035058.wav
2026-09-27 03:52:30,281265450,+3.5,1,0,2,0.66,20260927_035058.wav
2026-09-27 03:52:36,281265452,+3.4,0,1,4,0.70,20260927_035058.wav
2026-09-27 03:52:51,281265457,+3.5,2,0,2,0.65,20260927_035058.wav
2026-09-27 03:53:03,281265461,+2.9,2,0,4,0.71,20260927_035058.wav
2026-09-27 03:53:18,281265466,+2.8,0,0,6,0.64,20260927_035058.wav
2026-09-27 03:53:24,281265468,+2.6,0,0,5,0.64,20260927_035058.wav
2026-09-27 03:53:30,281265470,+2.0,3,0,3,0.62,20260927_035058.wav
2004-05-28 10:08:24,46351368,+704742315003.1,3,3,6,0.64,20260927_035058.wav
2026-09-27 03:54:03,281265481,+1.6,1,0,3,0.62,20260927_035058.wav
2026-09-27 03:54:12,281265484,+1.7,2,0,4,0.57,20260927_035058.wav
2026-09-27 03:54:18,281265486,+0.0,3,1,5,0.58,20260927_035058.wav
2026-09-27 03:54:48,281265496,+0.9,1,0,2,0.60,20260927_035058.wav
2026-09-27 03:54:54,281265498,+0.9,3,1,7,0.66,20260927_035058.wav
2026-09-27 03:55:03,281265501,+0.8,3,1,2,0.59,20260927_035058.wav
2026-09-27 03:55:30,281265510,-0.6,3,0,2,0.58,20260927_035058.wav
2026-09-27 03:55:45,281265515,-0.0,3,1,3,0.60,20260927_035058.wav
2026-09-27 03:55:51,281265517,+0.1,1,0,2,0.63,20260927_035058.wav
2026-09-27 03:56:03,281265521,-0.5,2,0,3,0.62,20260927_035058.wav
2026-09-27 03:56:09,281265523,-0.4,3,0,5,0.69,20260927_035058.wav
2026-09-27 03:56:12,281265524,-0.8,1,0,5,0.73,20260927_035058.wav
2026-09-27 03:56:39,281265533,-1.2,0,0,3,0.68,20260927_035058.wav
2026-09-27 03:57:00,281265540,-1.6,1,0,2,0.62,20260927_035058.wav
2026-09-27 03:57:03,281265541,-1.3,0,0,4,0.67,20260927_035058.wav
2026-09-27 03:57:30,281265550,-2.1,1,0,4,0.66,20260927_035058.wav
2026-09-27 03:58:03,281265561,-3.0,1,0,4,0.67,20260927_035058.wav
2026-09-27 03:58:27,281265569,-3.6,3,1,5,0.69,20260927_035058.wav
2026-09-27 03:58:54,281265578,-4.0,3,1,2,0.52,20260927_035058.wav
2026-09-27 03:59:00,281265580,-4.5,0,0,3,0.61,20260927_035058.wav
2026-09-27 03:59:03,281265581,-3.7,3,2,2,0.55,20260927_035058.wav
2026-09-27 03:59:27,281265589,-4.3,3,3,8,0.71,20260927_035058.wav
2026-09-27 03:59:54,281265598,-5.1,2,0,1,0.59,20260927_035058.wav
2026-09-27 04:00:03,281265601,-4.7,1,0,3,0.61,20260927_035058.wav
2026-09-27 04:00:24,281265608,-5.6,3,0,2,0.54,20260927_035058.wav
2026-09-27 04:01:03,281265621,+3.7,3,0,3,0.60,20260927_040058.wav
2026-09-27 04:01:15,281265625,+4.3,0,1,2,0.61,20260927_040058.wav
2026-09-27 04:01:18,281265626,+4.7,3,0,3,0.51,20260927_040058.wav
2026-09-27 04:01:36,281265632,+4.0,2,0,8,0.68,20260927_040058.wav
2026-09-27 04:01:42,281265634,+3.7,1,1,4,0.58,20260927_040058.wav
2026-09-27 04:02:03,281265641,+3.3,1,0,6,0.71,20260927_040058.wav
2026-09-27 04:02:18,281265646,+3.0,0,0,5,0.61,20260927_040058.wav
2026-09-27 04:02:27,281265649,+2.8,3,0,8,0.66,20260927_040058.wav
2026-09-27 04:03:03,281265661,+2.1,3,1,5,0.68,20260927_040058.wav
2026-09-27 04:03:42,281265674,+0.7,2,0,6,0.69,20260927_040058.wav
2026-09-27 04:03:48,281265676,+1.4,0,0,6,0.73,20260927_040058.wav
2026-09-27 04:04:03,281265681,+1.3,0,1,6,0.65,20260927_040058.wav
2026-09-27 04:04:15,281265685,+1.1,3,3,3,0.62,20260927_040058.wav
2026-09-27 04:04:27,281265689,+0.1,2,0,5,0.68,20260927_040058.wav
2026-09-27 04:04:54,281265698,+0.5,3,0,2,0.59,20260927_040058.wav
2026-09-27 04:05:00,281265700,+0.0,1,0,4,0.66,20260927_040058.wav
2026-09-27 04:05:03,281265701,+0.4,3,1,2,0.60,20260927_040058.wav
2026-09-27 04:05:54,281265718,-1.2,3,0,7,0.71,20260927_040058.wav
2026-09-27 04:06:03,281265721,-1.4,0,1,6,0.73,20260927_040058.wav
2026-09-27 04:06:15,281265725,-1.1,3,2,3,0.61,20260927_040058.wav
2026-09-27 04:07:03,281265741,-2.0,1,0,5,0.73,20260927_040058.wav
2026-09-27 04:07:36,281265752,-3.1,3,1,2,0.59,20260927_040058.wav
2026-09-27 04:07:42,281265754,-3.5,0,0,6,0.71,20260927_040058.wav
2026-09-27 04:08:00,281265760,-3.9,1,0,5,0.71,20260927_040058.wav
2026-09-27 04:08:39,281265773,-3.7,0,0,4,0.68,20260927_040058.wav
2026-09-27 04:08:51,281265777,-4.4,1,0,6,0.77,20260927_040058.wav
2026-09-27 04:09:03,281265781,-5.0,2,0,3,0.67,20260927_040058.wav
2026-09-27 04:09:18,281265786,-5.2,3,2,1,0.59,20260927_040058.wav
2026-09-27 04:09:45,281265795,-5.5,0,0,5,0.71,20260927_040058.wav
2026-09-27 04:09:57,281265799,-5.6,1,0,9,0.74,20260927_040058.wav
2026-09-27 04:10:03,281265801,-6.0,1,0,6,0.71,20260927_040058.wav
2026-09-27 04:10:24,281265808,-6.9,2,0,2,0.60,20260927_040058.wav
2026-09-27 04:10:54,281265818,-7.1,0,0,6,0.76,20260927_040058.wav
2026-09-27 04:11:45,281265835,+4.3,3,0,3,0.64,20260927_041058.wav
2026-09-27 04:11:48,281265836,+4.4,1,0,4,0.65,20260927_041058.wav
2026-09-27 04:11:54,281265838,+3.6,3,3,3,0.59,20260927_041058.wav
2026-09-27 04:12:03,281265841,+4.3,2,0,8,0.68,20260927_041058.wav
2026-09-27 04:12:21,281265847,+3.3,1,0,1,0.54,20260927_041058.wav
2026-09-27 04:12:24,281265848,+3.7,1,0,7,0.68,20260927_041058.wav
2026-09-27 04:13:03,281265861,+2.3,0,0,5,0.66,20260927_041058.wav
2026-09-27 04:14:03,281265881,+1.5,2,1,5,0.64,20260927_041058.wav
2003-02-18 04:15:06,32952302,+744940766620.6,3,1,-3,0.35,20260927_041058.wav
2026-09-27 04:14:45,281265895,+0.8,3,0,1,0.58,20260927_041058.wav
2026-09-27 04:14:51,281265897,+0.5,3,0,2,0.54,20260927_041058.wav
2026-09-27 04:15:00,281265900,+0.6,0,0,6,0.70,20260927_041058.wav
2026-09-27 04:15:03,281265901,+0.5,3,2,0,0.56,20260927_041058.wav
2026-09-27 04:15:57,281265919,-0.5,1,0,1,0.62,20260927_041058.wav
2026-09-27 04:16:03,281265921,-1.0,0,1,4,0.65,20260927_041058.wav
2026-09-27 04:16:51,281265937,-1.9,2,0,3,0.64,20260927_041058.wav
2026-09-27 04:16:54,281265938,-1.4,3,0,3,0.63,20260927_041058.wav
2026-09-27 04:17:03,281265941,-2.1,1,0,4,0.63,20260927_041058.wav
2026-09-27 04:18:03,281265961,-2.8,2,0,0,0.52,20260927_041058.wav
2026-09-27 04:19:00,281265980,-4.6,2,0,3,0.59,20260927_041058.wav
2026-09-27 04:19:03,281265981,-4.6,3,1,0,0.54,20260927_041058.wav
2026-09-27 04:19:27,281265989,-5.0,2,0,3,0.58,20260927_041058.wav
2026-09-27 04:19:36,281265992,-4.7,3,1,0,0.51,20260927_041058.wav
2026-09-27 04:19:48,281265996,-5.3,1,2,0,0.60,20260927_041058.wav
2026-09-27 04:19:51,281265997,-5.0,2,0,4,0.66,20260927_041058.wav
2026-09-27 04:21:03,281266021,+4.2,2,0,7,0.65,20260927_042058.wav
2026-09-27 04:21:54,281266038,+3.7,3,0,5,0.68,20260927_042058.wav
2026-09-27 04:21:57,281266039,+3.4,3,0,5,0.71,20260927_042058.wav
2026-09-27 04:22:03,281266041,+3.0,2,0,2,0.58,20260927_042058.wav
2026-09-27 04:22:39,281266053,+2.7,2,0,7,0.65,20260927_042058.wav
2026-09-27 04:22:51,281266057,+2.8,0,0,6,0.64,20260927_042058.wav
2026-09-27 04:24:03,281266081,+1.0,3,1,2,0.67,20260927_042058.wav
2026-09-27 04:24:54,281266098,+0.0,1,0,7,0.72,20260927_042058.wav
2026-09-27 04:24:57,281266099,+0.4,3,2,1,0.55,20260927_042058.wav
2026-09-27 04:25:03,281266101,+0.0,1,0,4,0.62,20260927_042058.wav
2026-09-27 04:26:03,281266121,-1.3,0,0,3,0.61,20260927_042058.wav
2026-09-27 04:26:48,281266136,-2.2,3,1,2,0.61,20260927_042058.wav
2026-09-27 04:26:54,281266138,-2.0,2,0,5,0.66,20260927_042058.wav
2026-09-27 04:26:57,281266139,-2.1,3,0,5,0.70,20260927_042058.wav
2026-09-27 04:27:03,281266141,-1.9,0,1,5,0.70,20260927_042058.wav
2026-09-27 04:27:21,281266147,-2.6,3,0,2,0.56,20260927_042058.wav
2026-09-27 04:27:24,281266148,-2.7,3,1,4,0.62,20260927_042058.wav
2002-03-20 14:22:15,23316445,+773849123997.5,3,1,2,0.64,20260927_042058.wav
2026-09-27 04:28:03,281266161,-3.4,2,0,4,0.64,20260927_042058.wav
2026-09-27 04:29:03,281266181,-4.5,2,1,6,0.70,20260927_042058.wav
2026-09-27 04:32:03,281266241,+5.8,1,0,3,0.62,20260927_043058.wav
2026-09-27 04:32:12,281266244,+5.3,3,0,3,0.60,20260927_043058.wav
2026-09-27 04:32:18,281266246,+5.0,3,0,2,0.53,20260927_043058.wav
2026-09-27 04:32:42,281266254,+4.6,0,0,8,0.77,20260927_043058.wav
2026-09-27 04:32:45,281266255,+4.8,4,0,2,0.61,20260927_043058.wav
2026-09-27 04:33:03,281266261,+4.4,3,1,3,0.59,20260927_043058.wav
2026-09-27 04:34:03,281266281,+3.2,0,0,2,0.60,20260927_043058.wav
2026-09-27 04:35:00,281266300,+2.2,1,0,4,0.67,20260927_043058.wav
2026-09-27 04:35:03,281266301,+2.3,3,0,3,0.58,20260927_043058.wav
2026-09-27 04:35:18,281266306,+1.6,2,0,6,0.68,20260927_043058.wav
2026-09-27 04:35:24,281266308,+2.0,2,0,5,0.68,20260927_043058.wav
2026-09-27 04:35:27,281266309,+1.6,3,2,2,0.62,20260927_043058.wav
2026-09-27 04:35:30,281266310,+1.6,0,0,4,0.69,20260927_043058.wav
2026-09-27 04:36:03,281266321,+0.7,1,0,8,0.76,20260927_043058.wav
2026-09-27 04:36:30,281266330,+0.5,2,0,2,0.54,20260927_043058.wav
2026-09-27 04:36:39,281266333,+0.7,0,0,8,0.78,20260927_043058.wav
2026-09-27 04:36:48,281266336,+0.3,0,0,8,0.79,20260927_043058.wav
2026-09-27 04:36:54,281266338,+0.3,0,0,8,0.78,20260927_043058.wav
2026-09-27 04:36:57,281266339,+0.2,0,0,8,0.80,20260927_043058.wav
2026-09-27 04:37:00,281266340,+0.3,3,1,3,0.63,20260927_043058.wav
2026-09-27 04:37:03,281266341,-0.2,0,0,8,0.75,20260927_043058.wav
2026-09-27 04:37:09,281266343,+0.0,0,0,7,0.77,20260927_043058.wav
2026-09-27 04:37:12,281266344,-0.2,2,0,5,0.70,20260927_043058.wav
2026-09-27 04:37:15,281266345,-0.0,2,0,6,0.69,20260927_043058.wav
2026-09-27 04:37:18,281266346,-0.2,0,0,8,0.78,20260927_043058.wav
2026-09-27 04:37:21,281266347,-0.5,0,0,6,0.78,20260927_043058.wav
2026-09-27 04:37:27,281266349,-0.2,3,0,2,0.56,20260927_043058.wav
2026-09-27 04:37:36,281266352,-0.9,0,0,5,0.75,20260927_043058.wav
2026-09-27 04:37:51,281266357,-1.1,0,0,10,0.82,20260927_043058.wav
2026-09-27 04:38:03,281266361,-1.6,3,0,0,0.62,20260927_043058.wav
2026-09-27 04:39:03,281266381,-2.3,0,0,8,0.78,20260927_043058.wav
2026-09-27 04:39:12,281266384,-2.7,0,0,9,0.83,20260927_043058.wav
2026-09-27 04:39:15,281266385,-2.7,0,0,9,0.84,20260927_043058.wav
2026-09-27 04:39:42,281266394,-3.3,0,0,8,0.81,20260927_043058.wav
2026-09-27 04:39:45,281266395,-2.6,0,0,8,0.79,20260927_043058.wav
2026-09-27 04:39:48,281266396,-3.3,0,0,4,0.66,20260927_043058.wav
2026-09-27 04:40:00,281266400,-3.0,0,0,5,0.72,20260927_043058.wav
2026-09-27 04:40:03,281266401,-3.4,0,0,4,0.74,20260927_043058.wav
2026-09-27 04:40:15,281266405,-3.8,3,0,2,0.63,20260927_043058.wav
2026-09-27 04:40:42,281266414,-4.4,3,1,8,0.78,20260927_043058.wav
2026-09-27 04:40:48,281266416,-4.4,0,0,5,0.74,20260927_043058.wav
2026-09-27 04:40:51,281266417,-4.8,3,0,1,0.54,20260927_043058.wav
2026-09-27 04:41:03,281266421,+5.7,3,1,5,0.67,20260927_044059.wav
2026-09-27 04:41:24,281266428,+5.4,0,0,2,0.63,20260927_044059.wav
2026-09-27 04:41:27,281266429,+5.1,1,0,3,0.58,20260927_044059.wav
2026-09-27 04:41:42,281266434,+5.1,1,0,1,0.58,20260927_044059.wav
2026-09-27 04:41:48,281266436,+4.7,0,0,6,0.70,20260927_044059.wav
2026-09-27 04:41:54,281266438,+4.8,0,0,2,0.62,20260927_044059.wav
2026-09-27 04:42:00,281266440,+4.5,3,1,1,0.56,20260927_044059.wav
2026-09-27 04:42:03,281266441,+4.7,2,0,7,0.73,20260927_044059.wav
2026-09-27 04:42:18,281266446,+4.3,2,0,7,0.74,20260927_044059.wav
2026-09-27 04:42:45,281266455,+3.5,0,0,5,0.70,20260927_044059.wav
2026-09-27 04:42:48,281266456,+4.2,0,0,4,0.65,20260927_044059.wav
2026-09-27 04:42:54,281266458,+3.1,0,0,8,0.73,20260927_044059.wav
2026-09-27 04:43:03,281266461,+3.3,0,0,5,0.71,20260927_044059.wav
2026-09-27 04:43:30,281266470,+2.6,1,0,5,0.66,20260927_044059.wav
2026-09-27 04:43:42,281266474,+1.9,0,0,7,0.76,20260927_044059.wav
2026-09-27 04:43:45,281266475,+2.8,3,0,3,0.61,20260927_044059.wav
2026-09-27 04:44:03,281266481,+2.1,2,0,4,0.68,20260927_044059.wav
2026-09-27 04:44:39,281266493,+1.6,2,0,2,0.61,20260927_044059.wav
2026-09-27 04:44:42,281266494,+1.5,3,0,1,0.56,20260927_044059.wav
2026-09-27 04:45:03,281266501,+1.3,3,0,3,0.65,20260927_044059.wav
2026-09-27 04:45:15,281266505,+0.5,3,0,3,0.63,20260927_044059.wav
2026-09-27 04:45:36,281266512,+0.0,1,0,2,0.65,20260927_044059.wav
2026-09-27 04:45:42,281266514,+0.1,0,0,5,0.67,20260927_044059.wav
2026-09-27 04:45:45,281266515,+0.1,3,1,2,0.54,20260927_044059.wav
2026-09-27 04:45:48,281266516,+0.4,0,0,8,0.72,20260927_044059.wav
2026-09-27 04:45:54,281266518,-0.1,3,0,4,0.62,20260927_044059.wav
2026-09-27 04:45:57,281266519,+0.0,3,3,4,0.68,20260927_044059.wav
2026-09-27 04:46:00,281266520,+0.1,1,0,7,0.74,20260927_044059.wav
2026-09-27 04:46:03,281266521,+0.5,1,0,8,0.76,20260927_044059.wav
2026-09-27 04:46:15,281266525,-0.4,2,0,6,0.68,20260927_044059.wav
2026-09-27 04:46:21,281266527,-0.4,1,0,5,0.70,20260927_044059.wav
2026-09-27 04:46:36,281266532,-0.9,2,0,4,0.68,20260927_044059.wav
2026-09-27 04:46:42,281266534,-1.0,1,0,5,0.70,20260927_044059.wav
2026-09-27 04:46:48,281266536,-1.1,0,0,8,0.78,20260927_044059.wav
2026-09-27 04:46:51,281266537,-1.0,2,0,6,0.74,20260927_044059.wav
2026-09-27 04:47:00,281266540,-1.4,1,0,4,0.68,20260927_044059.wav
2026-09-27 04:47:03,281266541,-1.2,3,0,1,0.60,20260927_044059.wav
2026-09-27 04:47:24,281266548,-2.0,0,0,4,0.69,20260927_044059.wav
2026-09-27 04:47:30,281266550,-1.8,0,0,4,0.71,20260927_044059.wav
2026-09-27 04:48:03,281266561,-2.9,1,0,8,0.79,20260927_044059.wav
2026-09-27 04:48:39,281266573,-3.0,1,0,7,0.77,20260927_044059.wav
2026-09-27 04:48:54,281266578,-3.7,0,0,4,0.70,20260927_044059.wav
2026-09-27 04:49:03,281266581,-3.6,2,0,3,0.61,20260927_044059.wav
2026-09-27 04:49:21,281266587,-4.7,0,0,7,0.73,20260927_044059.wav
2026-09-27 04:49:42,281266594,-4.6,1,0,2,0.59,20260927_044059.wav
2026-09-27 04:49:51,281266597,-4.6,2,0,5,0.71,20260927_044059.wav
2026-09-27 04:49:54,281266598,-4.9,1,0,3,0.68,20260927_044059.wav
2026-09-27 04:50:03,281266601,-4.7,2,0,3,0.63,20260927_044059.wav
2026-09-27 04:50:24,281266608,-5.3,3,0,3,0.65,20260927_044059.wav
2026-09-27 04:50:27,281266609,-5.2,3,0,2,0.61,20260927_044059.wav
2026-09-27 04:50:39,281266613,-5.7,0,0,4,0.66,20260927_044059.wav
2026-09-27 04:50:48,281266616,-5.9,1,0,5,0.73,20260927_044059.wav
2026-09-27 04:50:57,281266619,-5.5,0,0,6,0.73,20260927_044059.wav
2026-09-27 04:51:03,281266621,+5.7,1,0,8,0.73,20260927_045059.wav
2026-09-27 04:51:15,281266625,+5.5,1,0,4,0.67,20260927_045059.wav
2026-09-27 04:51:27,281266629,+5.5,3,0,2,0.62,20260927_045059.wav
2026-09-27 04:51:45,281266635,+5.0,2,0,4,0.65,20260927_045059.wav
2026-09-27 04:52:03,281266641,+4.3,0,1,4,0.70,20260927_045059.wav
2026-09-27 04:52:21,281266647,+4.4,0,0,6,0.77,20260927_045059.wav
2026-09-27 04:52:39,281266653,+4.2,3,1,4,0.66,20260927_045059.wav
2026-09-27 04:53:03,281266661,+3.9,0,0,7,0.74,20260927_045059.wav
2026-09-27 04:53:15,281266665,+3.0,1,0,5,0.75,20260927_045059.wav
2026-09-27 04:53:27,281266669,+3.2,0,0,8,0.79,20260927_045059.wav
2026-09-27 04:53:30,281266670,+3.2,3,1,1,0.61,20260927_045059.wav
2026-09-27 04:53:39,281266673,+2.8,2,0,4,0.70,20260927_045059.wav
2026-09-27 04:54:03,281266681,+2.4,3,1,1,0.61,20260927_045059.wav
2026-09-27 04:54:15,281266685,+1.8,0,0,4,0.73,20260927_045059.wav
2026-09-27 04:54:27,281266689,+2.1,3,0,8,0.70,20260927_045059.wav
2026-09-27 04:54:30,281266690,+1.9,0,0,7,0.75,20260927_045059.wav
2026-09-27 04:54:54,281266698,+1.0,0,0,4,0.68,20260927_045059.wav
2026-09-27 04:54:57,281266699,+0.9,3,1,2,0.64,20260927_045059.wav
2026-09-27 04:55:00,281266700,+1.2,3,0,2,0.65,20260927_045059.wav
2026-09-27 04:55:03,281266701,+0.9,2,0,4,0.66,20260927_045059.wav
2026-09-27 04:55:15,281266705,+1.0,0,0,9,0.82,20260927_045059.wav
2026-09-27 04:55:21,281266707,+0.6,0,0,10,0.81,20260927_045059.wav
2026-09-27 04:55:24,281266708,+1.0,0,0,7,0.78,20260927_045059.wav
2026-09-27 04:55:39,281266713,+0.6,2,0,5,0.69,20260927_045059.wav
2026-09-27 04:56:03,281266721,-0.6,0,0,5,0.69,20260927_045059.wav
2026-09-27 04:56:18,281266726,-0.6,2,0,1,0.60,20260927_045059.wav
2026-09-27 04:56:39,281266733,-1.1,0,0,8,0.75,20260927_045059.wav
2026-09-27 04:56:42,281266734,-0.8,3,1,2,0.62,20260927_045059.wav
2026-09-27 04:57:00,281266740,-0.9,3,0,0,0.50,20260927_045059.wav
2026-09-27 04:57:03,281266741,-1.5,2,0,7,0.71,20260927_045059.wav
2026-09-27 04:57:18,281266746,-1.6,3,0,3,0.59,20260927_045059.wav
2026-09-27 04:57:24,281266748,-1.5,0,0,8,0.70,20260927_045059.wav
2026-09-27 04:57:30,281266750,-2.0,1,0,9,0.71,20260927_045059.wav
2026-09-27 04:58:03,281266761,-2.4,3,1,4,0.63,20260927_045059.wav
2026-09-27 04:58:21,281266767,-2.9,3,1,3,0.62,20260927_045059.wav
2026-09-27 04:58:36,281266772,-3.3,3,1,2,0.60,20260927_045059.wav
2026-09-27 04:58:42,281266774,-3.3,3,0,4,0.65,20260927_045059.wav
2026-09-27 04:58:45,281266775,-3.3,3,1,3,0.62,20260927_045059.wav
2026-09-27 04:58:51,281266777,-3.6,0,0,7,0.71,20260927_045059.wav
2026-09-27 04:59:03,281266781,-3.5,0,0,5,0.67,20260927_045059.wav
2026-09-27 04:59:39,281266793,-4.4,1,0,6,0.71,20260927_045059.wav
2026-09-27 04:59:54,281266798,-4.4,1,0,4,0.65,20260927_045059.wav
2026-09-27 04:59:57,281266799,-4.8,3,0,1,0.60,20260927_045059.wav
2026-09-27 05:00:03,281266801,-4.5,0,0,7,0.74,20260927_045059.wav
2026-09-27 05:00:18,281266806,-5.3,1,0,4,0.67,20260927_045059.wav
2026-09-27 05:00:24,281266808,-5.7,0,0,4,0.64,20260927_045059.wav
2026-09-27 05:00:30,281266810,-4.9,0,0,7,0.77,20260927_045059.wav
2026-09-27 05:00:45,281266815,-5.7,1,0,5,0.66,20260927_045059.wav
2026-09-27 05:01:18,281266826,+5.6,1,0,6,0.69,20260927_050059.wav
2026-09-27 05:01:30,281266830,+5.2,1,0,2,0.66,20260927_050059.wav
2026-09-27 05:01:36,281266832,+4.9,0,0,5,0.64,20260927_050059.wav
2026-09-27 05:01:45,281266835,+5.3,3,3,1,0.55,20260927_050059.wav
2026-09-27 05:02:03,281266841,+4.5,0,0,5,0.62,20260927_050059.wav
2026-09-27 05:02:12,281266844,+4.5,2,0,4,0.63,20260927_050059.wav
2026-09-27 05:02:15,281266845,+4.4,3,0,1,0.59,20260927_050059.wav
2026-09-27 05:02:39,281266853,+4.0,0,0,5,0.65,20260927_050059.wav
2026-09-27 05:02:42,281266854,+4.1,2,0,3,0.61,20260927_050059.wav
2026-09-27 05:02:54,281266858,+3.6,2,0,3,0.62,20260927_050059.wav
2026-09-27 05:02:57,281266859,+3.2,2,0,1,0.60,20260927_050059.wav
2026-09-27 05:03:03,281266861,+3.7,2,0,6,0.69,20260927_050059.wav
2026-09-27 05:03:12,281266864,+3.6,3,0,2,0.61,20260927_050059.wav
2026-09-27 05:03:27,281266869,+3.1,3,2,2,0.65,20260927_050059.wav
2026-09-27 05:03:42,281266874,+2.9,0,0,2,0.60,20260927_050059.wav
2026-09-27 05:03:45,281266875,+2.7,3,0,2,0.61,20260927_050059.wav
2026-09-27 05:03:57,281266879,+2.5,0,0,4,0.67,20260927_050059.wav
2026-09-27 05:04:03,281266881,+2.3,3,0,1,0.62,20260927_050059.wav
2026-09-27 05:04:36,281266892,+1.9,3,0,4,0.64,20260927_050059.wav
2026-09-27 05:04:39,281266893,+2.0,1,0,3,0.65,20260927_050059.wav
2026-09-27 05:04:51,281266897,+2.0,2,0,8,0.71,20260927_050059.wav
2026-09-27 05:05:00,281266900,+0.8,0,0,4,0.67,20260927_050059.wav
2026-09-27 05:05:03,281266901,+1.5,3,0,2,0.62,20260927_050059.wav
2026-09-27 05:05:18,281266906,+0.9,1,0,5,0.71,20260927_050059.wav
2026-09-27 05:05:24,281266908,+1.0,3,1,2,0.65,20260927_050059.wav
2026-09-27 05:05:30,281266910,+0.8,3,0,2,0.67,20260927_050059.wav
2026-09-27 05:05:42,281266914,+0.7,3,0,2,0.61,20260927_050059.wav
2026-09-27 05:05:48,281266916,+0.0,1,0,5,0.69,20260927_050059.wav
2026-09-27 05:05:57,281266919,+0.2,1,0,8,0.77,20260927_050059.wav
2026-09-27 05:06:03,281266921,+0.2,0,0,6,0.74,20260927_050059.wav
2026-09-27 05:06:18,281266926,-0.7,2,0,4,0.65,20260927_050059.wav
2026-09-27 05:06:45,281266935,-0.6,1,0,7,0.75,20260927_050059.wav
2026-09-27 05:06:48,281266936,-0.8,0,0,5,0.71,20260927_050059.wav
2026-09-27 05:07:03,281266941,-0.8,0,0,6,0.70,20260927_050059.wav
2026-09-27 05:07:12,281266944,-1.1,0,0,6,0.73,20260927_050059.wav
2026-09-27 05:07:36,281266952,-1.8,3,3,2,0.58,20260927_050059.wav
2026-09-27 05:07:42,281266954,-1.6,2,0,6,0.72,20260927_050059.wav
2026-09-27 05:07:51,281266957,-1.7,1,0,4,0.61,20260927_050059.wav
2026-09-27 05:08:03,281266961,-2.4,0,0,4,0.66,20260927_050059.wav
2026-09-27 05:08:09,281266963,-2.1,3,4,3,0.61,20260927_050059.wav
2026-09-27 05:08:18,281266966,-2.9,0,1,5,0.62,20260927_050059.wav
2026-09-27 05:08:21,281266967,-2.9,1,0,6,0.76,20260927_050059.wav
2026-09-27 05:08:24,281266968,-2.2,3,0,3,0.66,20260927_050059.wav
2026-09-27 05:08:27,281266969,-2.4,2,0,7,0.67,20260927_050059.wav
2026-09-27 05:08:39,281266973,-2.8,3,0,3,0.62,20260927_050059.wav
2026-09-27 05:09:00,281266980,-3.4,3,2,1,0.57,20260927_050059.wav
2026-09-27 05:09:24,281266988,-3.6,1,0,7,0.65,20260927_050059.wav
2026-09-27 05:09:36,281266992,-3.9,1,0,5,0.69,20260927_050059.wav
2026-09-27 05:09:51,281266997,-4.4,1,0,3,0.61,20260927_050059.wav
2026-09-27 05:09:54,281266998,-4.3,0,0,8,0.79,20260927_050059.wav
2026-09-27 05:09:57,281266999,-3.5,0,0,8,0.73,20260927_050059.wav
2026-09-27 05:10:03,281267001,-4.7,3,0,3,0.67,20260927_050059.wav
2026-09-27 05:10:15,281267005,-5.1,0,0,7,0.74,20260927_050059.wav
2026-09-27 05:10:18,281267006,-4.8,1,0,3,0.59,20260927_050059.wav
2026-09-27 05:10:21,281267007,-4.8,0,0,3,0.66,20260927_050059.wav
2026-09-27 05:10:27,281267009,-4.5,2,0,4,0.71,20260927_050059.wav
2026-09-27 05:10:48,281267016,-5.7,0,0,8,0.70,20260927_050059.wav
2026-09-27 05:10:51,281267017,-5.1,3,1,1,0.58,20260927_050059.wav
2026-09-27 05:10:54,281267018,-5.4,3,2,4,0.62,20260927_050059.wav
2026-09-27 05:11:09,281267023,+6.7,3,3,3,0.64,20260927_051059.wav
2026-09-27 05:11:18,281267026,+6.3,0,0,7,0.70,20260927_051059.wav
2026-09-27 05:11:24,281267028,+6.6,1,0,6,0.66,20260927_051059.wav
2026-09-27 05:12:03,281267041,+5.0,2,0,3,0.63,20260927_051059.wav
2026-09-27 05:12:42,281267054,+5.0,1,0,7,0.75,20260927_051059.wav
2026-09-27 05:12:51,281267057,+4.8,2,0,2,0.54,20260927_051059.wav
2026-09-27 05:12:57,281267059,+4.4,0,0,3,0.68,20260927_051059.wav
2026-09-27 05:13:03,281267061,+4.6,0,0,7,0.72,20260927_051059.wav
2026-09-27 05:13:27,281267069,+4.1,0,0,4,0.66,20260927_051059.wav
2026-09-27 05:13:36,281267072,+3.4,3,1,2,0.59,20260927_051059.wav
2026-09-27 05:13:48,281267076,+3.3,0,0,5,0.67,20260927_051059.wav
2026-09-27 05:13:51,281267077,+3.3,1,0,3,0.68,20260927_051059.wav
2026-09-27 05:14:03,281267081,+3.3,2,0,0,0.52,20260927_051059.wav
2026-09-27 05:14:15,281267085,+2.8,2,0,5,0.69,20260927_051059.wav
2026-09-27 05:14:24,281267088,+2.9,2,0,5,0.69,20260927_051059.wav
2026-09-27 05:14:30,281267090,+2.9,1,0,6,0.78,20260927_051059.wav
2026-09-27 05:14:39,281267093,+2.0,0,0,4,0.65,20260927_051059.wav
2026-09-27 05:14:45,281267095,+2.1,3,0,4,0.69,20260927_051059.wav
2026-09-27 05:14:48,281267096,+2.0,3,1,3,0.60,20260927_051059.wav
2026-09-27 05:15:03,281267101,+1.7,2,0,7,0.72,20260927_051059.wav
2026-09-27 05:15:15,281267105,+1.9,0,1,2,0.67,20260927_051059.wav
2026-09-27 05:15:21,281267107,+1.3,1,0,6,0.73,20260927_051059.wav
2026-09-27 05:15:30,281267110,+1.3,1,0,4,0.69,20260927_051059.wav
2026-09-27 05:15:45,281267115,+0.9,2,0,4,0.68,20260927_051059.wav
2026-09-27 05:16:00,281267120,+0.7,2,0,5,0.70,20260927_051059.wav
2026-09-27 05:16:03,281267121,+1.2,1,0,3,0.63,20260927_051059.wav
2026-09-27 05:16:09,281267123,+0.0,0,0,10,0.81,20260927_051059.wav
2026-09-27 05:16:12,281267124,+0.9,3,0,3,0.60,20260927_051059.wav
2026-09-27 05:16:18,281267126,+0.3,0,0,5,0.67,20260927_051059.wav
2026-09-27 05:16:24,281267128,+0.0,3,0,2,0.57,20260927_051059.wav
2026-09-27 05:16:30,281267130,-0.1,1,0,5,0.63,20260927_051059.wav
2026-09-27 05:16:39,281267133,-0.3,1,0,2,0.61,20260927_051059.wav
2026-09-27 05:16:51,281267137,-0.2,2,0,4,0.64,20260927_051059.wav
2026-09-27 05:16:54,281267138,-0.5,0,0,5,0.75,20260927_051059.wav
2026-09-27 05:17:03,281267141,-0.5,1,0,4,0.63,20260927_051059.wav
2026-09-27 05:17:24,281267148,-1.0,0,0,3,0.66,20260927_051059.wav
2026-09-27 05:17:39,281267153,-1.4,2,0,5,0.69,20260927_051059.wav
2026-09-27 05:17:42,281267154,-0.5,0,0,3,0.61,20260927_051059.wav
2026-09-27 05:18:03,281267161,-0.9,3,0,2,0.64,20260927_051059.wav
2026-09-27 05:18:15,281267165,-1.8,2,0,4,0.64,20260927_051059.wav
2026-09-27 05:18:27,281267169,-2.0,1,0,3,0.69,20260927_051059.wav
2026-09-27 05:18:36,281267172,-2.1,0,0,5,0.70,20260927_051059.wav
2026-09-27 05:18:45,281267175,-2.3,1,0,3,0.59,20260927_051059.wav
2026-09-27 05:18:54,281267178,-2.3,0,0,6,0.66,20260927_051059.wav
2026-09-27 05:19:03,281267181,-3.2,1,0,8,0.77,20260927_051059.wav
2026-09-27 05:19:12,281267184,-3.5,2,0,5,0.67,20260927_051059.wav
2026-09-27 05:19:21,281267187,-2.9,1,0,5,0.73,20260927_051059.wav
2026-09-27 05:19:36,281267192,-4.1,3,0,1,0.60,20260927_051059.wav
2026-09-27 05:19:39,281267193,-3.4,2,0,5,0.72,20260927_051059.wav
2026-09-27 05:19:42,281267194,-3.3,2,0,2,0.63,20260927_051059.wav
2026-09-27 05:19:48,281267196,-3.2,1,0,8,0.72,20260927_051059.wav
2026-09-27 05:19:51,281267197,-3.6,3,0,4,0.65,20260927_051059.wav
2026-09-27 05:20:00,281267200,-3.3,1,0,5,0.67,20260927_051059.wav
2026-09-27 05:20:03,281267201,-3.6,2,0,1,0.57,20260927_051059.wav
2026-09-27 05:20:45,281267215,-4.7,1,0,4,0.66,20260927_051059.wav
2026-09-27 05:20:48,281267216,-4.8,2,0,2,0.56,20260927_051059.wav
2026-09-27 05:20:51,281267217,-4.9,3,0,2,0.63,20260927_051059.wav
2026-09-27 05:21:18,281267226,+5.0,3,1,2,0.58,20260927_052059.wav
2026-09-27 05:21:21,281267227,+4.8,3,3,6,0.69,20260927_052059.wav
2026-09-27 05:21:45,281267235,+4.6,1,0,8,0.72,20260927_052059.wav
2026-09-27 05:22:00,281267240,+4.2,1,0,6,0.73,20260927_052059.wav
2026-09-27 05:22:03,281267241,+3.6,3,0,2,0.63,20260927_052059.wav
2026-09-27 05:22:24,281267248,+3.7,1,0,4,0.69,20260927_052059.wav
2026-09-27 05:22:42,281267254,+3.7,3,2,2,0.57,20260927_052059.wav
2026-09-27 05:22:51,281267257,+2.9,0,0,2,0.65,20260927_052059.wav
2026-09-27 05:23:03,281267261,+2.8,0,0,7,0.71,20260927_052059.wav
2026-09-27 05:23:27,281267269,+2.3,3,0,4,0.64,20260927_052059.wav
2026-09-27 05:23:30,281267270,+2.6,3,0,2,0.60,20260927_052059.wav
2026-09-27 05:23:54,281267278,+1.7,1,0,4,0.67,20260927_052059.wav
2026-09-27 05:24:03,281267281,+2.1,2,0,6,0.70,20260927_052059.wav
2026-09-27 05:24:27,281267289,+1.3,3,1,1,0.60,20260927_052059.wav
2026-09-27 05:24:36,281267292,+1.6,0,1,6,0.70,20260927_052059.wav
2026-09-27 05:24:42,281267294,+1.3,0,0,3,0.67,20260927_052059.wav
2026-09-27 05:24:48,281267296,+0.9,2,0,9,0.77,20260927_052059.wav
2026-09-27 05:24:57,281267299,+0.6,2,1,8,0.70,20260927_052059.wav
2026-09-27 05:25:00,281267300,+0.6,3,0,3,0.60,20260927_052059.wav
2026-09-27 05:25:03,281267301,+0.3,3,2,3,0.59,20260927_052059.wav
2026-09-27 05:25:15,281267305,+0.8,1,0,8,0.75,20260927_052059.wav
2026-09-27 05:25:18,281267306,+0.4,0,0,5,0.69,20260927_052059.wav
2026-09-27 05:25:39,281267313,-0.3,1,0,2,0.62,20260927_052059.wav
2026-09-27 05:25:48,281267316,+0.0,2,0,8,0.75,20260927_052059.wav
2026-09-27 05:26:00,281267320,-0.7,0,0,7,0.75,20260927_052059.wav
2026-09-27 05:26:03,281267321,-0.7,0,0,4,0.62,20260927_052059.wav
2026-09-27 05:26:24,281267328,-1.3,2,0,6,0.68,20260927_052059.wav
2026-09-27 05:26:27,281267329,-0.7,3,2,3,0.61,20260927_052059.wav
2026-09-27 05:27:03,281267341,-1.4,1,0,5,0.71,20260927_052059.wav
2026-09-27 05:27:36,281267352,-2.4,3,1,6,0.72,20260927_052059.wav
2026-09-27 05:27:45,281267355,-2.9,0,0,6,0.70,20260927_052059.wav
2026-09-27 05:27:48,281267356,-2.4,0,0,1,0.57,20260927_052059.wav
2026-09-27 05:27:57,281267359,-2.5,0,0,7,0.79,20260927_052059.wav
2026-09-27 05:28:03,281267361,-2.9,3,0,6,0.73,20260927_052059.wav
2026-09-27 05:28:15,281267365,-3.0,2,0,4,0.66,20260927_052059.wav
2026-09-27 05:28:21,281267367,-2.8,3,1,7,0.73,20260927_052059.wav
2026-09-27 05:28:39,281267373,-3.5,2,1,2,0.69,20260927_052059.wav
2026-09-27 05:28:48,281267376,-3.9,3,0,8,0.75,20260927_052059.wav
2026-09-27 05:29:03,281267381,-4.0,2,0,3,0.63,20260927_052059.wav
2026-09-27 05:29:18,281267386,-4.5,2,0,5,0.69,20260927_052059.wav
2026-09-27 05:29:48,281267396,-4.5,1,0,2,0.57,20260927_052059.wav
2026-09-27 05:29:54,281267398,-5.3,2,0,4,0.58,20260927_052059.wav
2026-09-27 05:30:03,281267401,-5.3,2,0,6,0.74,20260927_052059.wav
2026-09-27 05:30:18,281267406,-5.9,0,0,7,0.71,20260927_052059.wav
2026-09-27 05:30:54,281267418,-6.0,0,0,5,0.66,20260927_052059.wav
2026-09-27 05:31:21,281267427,+5.6,0,0,9,0.76,20260927_053059.wav
2026-09-27 05:31:30,281267430,+4.9,0,0,3,0.62,20260927_053059.wav
2026-09-27 05:31:42,281267434,+5.4,3,0,5,0.69,20260927_053059.wav
2026-09-27 05:31:45,281267435,+5.1,1,0,8,0.80,20260927_053059.wav
2026-09-27 05:31:51,281267437,+4.8,2,0,4,0.65,20260927_053059.wav
2026-09-27 05:32:03,281267441,+4.7,3,0,5,0.71,20260927_053059.wav
2026-09-27 05:32:30,281267450,+4.4,1,0,4,0.68,20260927_053059.wav
2026-09-27 05:32:39,281267453,+4.1,0,0,6,0.67,20260927_053059.wav
2026-09-27 05:32:42,281267454,+3.9,2,0,3,0.67,20260927_053059.wav
2026-09-27 05:33:03,281267461,+3.3,1,0,7,0.70,20260927_053059.wav
2026-09-27 05:33:15,281267465,+3.4,3,0,5,0.76,20260927_053059.wav
2026-09-27 05:33:36,281267472,+2.8,3,1,2,0.57,20260927_053059.wav
2026-09-27 05:33:42,281267474,+2.7,1,0,3,0.58,20260927_053059.wav
2026-09-27 05:33:45,281267475,+2.6,1,0,6,0.66,20260927_053059.wav
2026-09-27 05:34:03,281267481,+2.2,2,0,3,0.68,20260927_053059.wav
2026-09-27 05:34:36,281267492,+1.3,3,0,2,0.58,20260927_053059.wav
2026-09-27 05:34:48,281267496,+1.5,3,0,4,0.69,20260927_053059.wav
2026-09-27 05:35:00,281267500,+1.3,0,0,6,0.74,20260927_053059.wav
2026-09-27 05:35:03,281267501,+1.7,3,2,1,0.51,20260927_053059.wav
2026-09-27 05:35:18,281267506,+0.9,0,0,5,0.73,20260927_053059.wav
2026-09-27 05:35:30,281267510,+0.8,0,0,7,0.71,20260927_053059.wav
2026-09-27 05:35:39,281267513,+0.2,0,0,5,0.72,20260927_053059.wav
2026-09-27 05:35:48,281267516,+0.3,2,0,3,0.65,20260927_053059.wav
2026-09-27 05:36:00,281267520,-0.2,2,0,3,0.69,20260927_053059.wav
2026-09-27 05:36:03,281267521,+0.2,3,0,1,0.58,20260927_053059.wav
2026-09-27 05:36:18,281267526,-0.3,3,0,2,0.58,20260927_053059.wav
2026-09-27 05:36:30,281267530,-1.1,0,0,6,0.73,20260927_053059.wav
2026-09-27 05:36:48,281267536,-0.7,1,0,8,0.73,20260927_053059.wav
2026-09-27 05:37:00,281267540,-1.1,1,0,3,0.67,20260927_053059.wav
2026-09-27 05:37:03,281267541,-1.0,0,0,7,0.78,20260927_053059.wav
2026-09-27 05:37:30,281267550,-1.8,2,0,2,0.53,20260927_053059.wav
2026-09-27 05:37:45,281267555,-2.2,0,0,2,0.59,20260927_053059.wav
2026-09-27 05:38:03,281267561,-2.1,3,0,5,0.66,20260927_053059.wav
2026-09-27 05:38:15,281267565,-2.6,2,0,3,0.62,20260927_053059.wav
2026-09-27 05:38:18,281267566,-2.6,0,0,8,0.78,20260927_053059.wav
2026-09-27 05:38:27,281267569,-3.0,1,0,6,0.71,20260927_053059.wav
2026-09-27 05:38:42,281267574,-2.9,1,0,2,0.60,20260927_053059.wav
2026-09-27 05:39:03,281267581,-3.4,2,0,7,0.76,20260927_053059.wav
2026-09-27 05:39:15,281267585,-3.4,0,0,6,0.72,20260927_053059.wav
2026-09-27 05:39:36,281267592,-4.3,2,0,3,0.58,20260927_053059.wav
2026-09-27 05:39:42,281267594,-4.4,1,0,6,0.69,20260927_053059.wav
2026-09-27 05:39:45,281267595,-4.3,1,0,5,0.69,20260927_053059.wav
2026-09-27 05:39:48,281267596,-4.4,0,0,8,0.75,20260927_053059.wav
2026-09-27 05:39:54,281267598,-4.7,2,0,3,0.65,20260927_053059.wav
2026-09-27 05:39:57,281267599,-4.7,1,0,4,0.68,20260927_053059.wav
2026-09-27 05:40:03,281267601,-4.6,3,1,5,0.67,20260927_053059.wav
2026-09-27 05:40:39,281267613,-5.6,0,0,7,0.71,20260927_053059.wav
2026-09-27 05:40:42,281267614,-5.3,2,0,6,0.73,20260927_053059.wav
2026-09-27 05:41:03,281267621,+6.5,1,0,3,0.65,20260927_054059.wav
2026-09-27 05:41:27,281267629,+5.5,2,0,4,0.70,20260927_054059.wav
2026-09-27 05:41:30,281267630,+5.4,3,1,3,0.65,20260927_054059.wav
2026-09-27 05:41:39,281267633,+6.0,0,0,4,0.65,20260927_054059.wav
2026-09-27 05:41:42,281267634,+5.9,3,0,1,0.58,20260927_054059.wav
2026-09-27 05:41:48,281267636,+5.9,2,0,3,0.61,20260927_054059.wav
2026-09-27 05:42:03,281267641,+4.7,0,0,5,0.69,20260927_054059.wav
2026-09-27 05:42:24,281267648,+5.1,3,0,4,0.66,20260927_054059.wav
2026-09-27 05:42:57,281267659,+4.2,1,0,4,0.67,20260927_054059.wav
2026-09-27 05:43:00,281267660,+4.2,1,0,3,0.63,20260927_054059.wav
2026-09-27 05:43:03,281267661,+4.3,0,0,3,0.66,20260927_054059.wav
2026-09-27 05:43:45,281267675,+3.5,0,0,10,0.80,20260927_054059.wav
2026-09-27 05:43:51,281267677,+3.2,0,0,6,0.68,20260927_054059.wav
2026-09-27 05:44:03,281267681,+2.9,1,0,3,0.69,20260927_054059.wav
2026-09-27 05:44:12,281267684,+2.7,1,0,5,0.71,20260927_054059.wav
2026-09-27 05:44:18,281267686,+2.8,0,0,9,0.81,20260927_054059.wav
2026-09-27 05:44:30,281267690,+2.4,0,0,5,0.71,20260927_054059.wav
2026-09-27 05:44:39,281267693,+2.5,2,0,2,0.65,20260927_054059.wav
2026-09-27 05:45:03,281267701,+1.2,1,0,3,0.66,20260927_054059.wav
2026-09-27 05:45:15,281267705,+1.8,3,2,2,0.62,20260927_054059.wav
2026-09-27 05:45:36,281267712,+1.2,0,0,5,0.73,20260927_054059.wav
2026-09-27 05:46:00,281267720,+0.6,1,0,6,0.75,20260927_054059.wav
2026-09-27 05:46:03,281267721,+0.6,0,0,4,0.64,20260927_054059.wav
2026-09-27 05:46:42,281267734,+0.0,0,0,6,0.72,20260927_054059.wav
2026-09-27 05:46:45,281267735,-0.1,1,0,5,0.73,20260927_054059.wav
2026-09-27 05:46:48,281267736,+0.2,2,0,2,0.55,20260927_054059.wav
2026-09-27 05:46:51,281267737,-0.5,1,0,7,0.74,20260927_054059.wav
2026-09-27 05:47:00,281267740,-0.9,0,0,3,0.66,20260927_054059.wav
2026-09-27 05:47:03,281267741,-0.4,3,0,4,0.64,20260927_054059.wav
2026-09-27 05:47:18,281267746,-0.6,1,0,2,0.61,20260927_054059.wav
2026-09-27 05:47:39,281267753,-1.4,3,0,3,0.66,20260927_054059.wav
2026-09-27 05:47:57,281267759,-0.9,0,0,6,0.72,20260927_054059.wav
2026-09-27 05:48:03,281267761,-1.7,0,0,2,0.72,20260927_054059.wav
2026-09-27 05:48:24,281267768,-2.4,1,0,3,0.65,20260927_054059.wav
2026-09-27 05:48:39,281267773,-2.3,3,3,2,0.57,20260927_054059.wav
2026-09-27 05:48:42,281267774,-2.3,1,0,9,0.75,20260927_054059.wav
2026-09-27 05:48:48,281267776,-2.4,0,0,5,0.74,20260927_054059.wav
2026-09-27 05:48:51,281267777,-2.6,1,0,5,0.64,20260927_054059.wav
2026-09-27 05:49:03,281267781,-3.1,1,0,3,0.67,20260927_054059.wav
2026-09-27 05:49:36,281267792,-3.4,0,0,3,0.65,20260927_054059.wav
2026-09-27 05:50:00,281267800,-4.4,1,0,4,0.66,20260927_054059.wav
2026-09-27 05:50:03,281267801,-3.8,3,0,4,0.68,20260927_054059.wav
2026-09-27 05:50:12,281267804,-4.2,1,0,9,0.77,20260927_054059.wav
2026-09-27 05:50:15,281267805,-4.2,3,1,1,0.57,20260927_054059.wav
2026-09-27 05:50:18,281267806,-4.1,2,0,6,0.76,20260927_054059.wav
2026-09-27 05:50:30,281267810,-4.3,3,2,3,0.65,20260927_054059.wav
2026-09-27 05:50:39,281267813,-4.7,1,0,6,0.72,20260927_054059.wav
2026-09-27 05:50:42,281267814,-5.0,3,0,2,0.57,20260927_054059.wav
2026-09-27 05:50:45,281267815,-4.7,1,0,3,0.61,20260927_054059.wav
2026-09-27 05:51:36,281267832,+6.0,3,2,1,0.60,20260927_055059.wav
2026-09-27 05:51:42,281267834,+4.8,3,0,4,0.65,20260927_055059.wav
2026-09-27 05:51:48,281267836,+5.4,2,0,4,0.70,20260927_055059.wav
2026-09-27 05:51:54,281267838,+4.9,0,0,3,0.67,20260927_055059.wav
2026-09-27 05:52:00,281267840,+5.2,3,0,2,0.58,20260927_055059.wav
2026-09-27 05:52:03,281267841,+4.9,0,0,7,0.72,20260927_055059.wav
2026-09-27 05:52:15,281267845,+4.7,2,0,4,0.71,20260927_055059.wav
2026-09-27 05:52:18,281267846,+4.3,3,1,2,0.62,20260927_055059.wav
2026-09-27 05:52:21,281267847,+4.1,1,0,4,0.67,20260927_055059.wav
2026-09-27 05:52:45,281267855,+3.9,1,0,5,0.70,20260927_055059.wav
2026-09-27 05:52:48,281267856,+4.1,3,1,3,0.56,20260927_055059.wav
2026-09-27 05:53:00,281267860,+3.5,1,1,4,0.66,20260927_055059.wav
2026-09-27 05:53:03,281267861,+3.8,3,0,6,0.72,20260927_055059.wav
2026-09-27 05:53:30,281267870,+3.2,1,0,4,0.67,20260927_055059.wav
2026-09-27 05:53:42,281267874,+2.3,3,0,2,0.59,20260927_055059.wav
2026-09-27 05:53:48,281267876,+3.0,3,1,3,0.59,20260927_055059.wav
2026-09-27 05:54:03,281267881,+2.4,0,0,6,0.70,20260927_055059.wav
2026-09-27 05:54:12,281267884,+2.4,3,0,5,0.64,20260927_055059.wav
2026-09-27 05:54:18,281267886,+2.1,0,0,4,0.70,20260927_055059.wav
2026-09-27 05:55:03,281267901,+2.2,2,0,2,0.60,20260927_055059.wav
2026-09-27 05:55:21,281267907,+1.1,0,0,3,0.61,20260927_055059.wav
2026-09-27 05:55:51,281267917,+0.7,2,0,3,0.67,20260927_055059.wav
2026-09-27 05:56:03,281267921,+0.4,0,0,7,0.64,20260927_055059.wav
2026-09-27 05:56:30,281267930,-0.4,1,1,3,0.62,20260927_055059.wav
2026-09-27 05:56:42,281267934,-0.6,1,0,6,0.69,20260927_055059.wav
2026-09-27 05:56:48,281267936,-0.4,3,0,4,0.66,20260927_055059.wav
2026-09-27 05:57:03,281267941,-1.2,2,0,2,0.62,20260927_055059.wav
2026-09-27 05:57:12,281267944,-1.0,1,0,6,0.73,20260927_055059.wav
2026-09-27 05:57:18,281267946,-1.3,0,0,3,0.69,20260927_055059.wav
2026-09-27 05:57:48,281267956,-1.6,2,0,1,0.57,20260927_055059.wav
2026-09-27 05:58:03,281267961,-2.3,3,0,2,0.62,20260927_055059.wav
2026-09-27 05:58:09,281267963,-1.7,2,0,7,0.72,20260927_055059.wav
2026-09-27 05:58:36,281267972,-2.8,0,0,7,0.75,20260927_055059.wav
2026-09-27 05:58:51,281267977,-3.3,1,0,3,0.62,20260927_055059.wav
2026-09-27 05:59:03,281267981,-3.5,1,0,4,0.66,20260927_055059.wav
2026-09-27 05:59:18,281267986,-3.4,2,0,1,0.56,20260927_055059.wav
2026-09-27 05:59:27,281267989,-4.2,0,0,3,0.64,20260927_055059.wav
2026-09-27 05:59:30,281267990,-4.1,0,0,7,0.74,20260927_055059.wav
2026-09-27 05:59:42,281267994,-3.9,3,0,0,0.53,20260927_055059.wav
2026-09-27 05:59:54,281267998,-3.7,1,0,5,0.67,20260927_055059.wav
2026-09-27 06:00:00,281268000,-4.7,3,0,3,0.66,20260927_055059.wav
2026-09-27 06:00:03,281268001,-4.3,3,1,4,0.62,20260927_055059.wav
2026-09-27 06:00:18,281268006,-4.9,2,0,5,0.67,20260927_055059.wav
2026-09-27 06:00:24,281268008,-4.8,0,0,8,0.76,20260927_055059.wav
2026-09-27 06:00:45,281268015,-5.2,3,0,5,0.65,20260927_055059.wav
2026-09-27 06:00:48,281268016,-5.7,3,1,4,0.62,20260927_055059.wav
2026-09-27 06:01:09,281268023,+4.5,0,0,11,0.81,20260927_060059.wav
2026-09-27 06:01:15,281268025,+4.4,0,0,6,0.69,20260927_060059.wav
2026-09-27 06:01:30,281268030,+3.8,1,0,6,0.64,20260927_060059.wav
2026-09-27 06:01:45,281268035,+4.4,3,0,3,0.63,20260927_060059.wav
2026-09-27 06:01:51,281268037,+3.1,1,0,4,0.67,20260927_060059.wav
2026-09-27 06:02:03,281268041,+2.9,2,0,5,0.72,20260927_060059.wav
2026-09-27 06:02:15,281268045,+3.2,0,0,5,0.72,20260927_060059.wav
2026-09-27 06:02:24,281268048,+2.0,1,0,5,0.72,20260927_060059.wav
2026-09-27 06:02:30,281268050,+2.4,0,0,5,0.70,20260927_060059.wav
2026-09-27 06:02:48,281268056,+2.3,3,2,2,0.63,20260927_060059.wav
2026-09-27 06:02:51,281268057,+2.4,0,0,8,0.76,20260927_060059.wav
2026-09-27 06:02:57,281268059,+2.4,2,0,6,0.71,20260927_060059.wav
2026-09-27 06:03:03,281268061,+2.2,3,2,0,0.56,20260927_060059.wav
2026-09-27 06:03:18,281268066,+2.2,1,0,4,0.72,20260927_060059.wav
2026-09-27 06:03:21,281268067,+1.7,3,1,1,0.55,20260927_060059.wav
2026-09-27 06:03:27,281268069,+1.0,2,0,3,0.67,20260927_060059.wav
2026-09-27 06:03:30,281268070,+1.6,2,0,3,0.65,20260927_060059.wav
2026-09-27 06:03:39,281268073,+1.2,0,0,4,0.68,20260927_060059.wav
2026-09-27 06:04:00,281268080,+0.8,0,0,5,0.69,20260927_060059.wav
2026-09-27 06:04:03,281268081,+1.1,1,0,0,0.58,20260927_060059.wav
2026-09-27 06:04:09,281268083,+0.9,1,0,6,0.74,20260927_060059.wav
2026-09-27 06:04:12,281268084,+0.8,4,0,4,0.64,20260927_060059.wav
2026-09-27 06:04:21,281268087,+0.0,3,0,5,0.68,20260927_060059.wav
2026-09-27 06:04:42,281268094,+0.3,2,0,4,0.64,20260927_060059.wav
2026-09-27 06:04:51,281268097,+0.1,2,0,7,0.76,20260927_060059.wav
2026-09-27 06:04:54,281268098,-0.0,1,0,1,0.60,20260927_060059.wav
2026-09-27 06:05:03,281268101,-0.0,1,0,5,0.70,20260927_060059.wav
2026-09-27 06:05:39,281268113,-0.8,0,0,5,0.75,20260927_060059.wav
2026-09-27 06:05:51,281268117,-1.5,2,0,2,0.59,20260927_060059.wav
2026-09-27 06:06:03,281268121,-1.2,2,0,5,0.70,20260927_060059.wav
2026-09-27 06:06:18,281268126,-1.7,3,1,3,0.67,20260927_060059.wav
2026-09-27 06:06:39,281268133,-2.2,0,0,8,0.73,20260927_060059.wav
2026-09-27 06:07:03,281268141,-3.1,0,0,5,0.72,20260927_060059.wav
2026-09-27 06:07:30,281268150,-3.1,0,0,6,0.77,20260927_060059.wav
2026-09-27 06:07:39,281268153,-3.3,0,1,6,0.72,20260927_060059.wav
2026-09-27 06:07:42,281268154,-3.3,2,0,1,0.59,20260927_060059.wav
2026-09-27 06:07:54,281268158,-3.1,2,0,2,0.63,20260927_060059.wav
2026-09-27 06:08:03,281268161,-3.7,2,0,3,0.64,20260927_060059.wav
2026-09-27 06:08:18,281268166,-3.5,3,0,3,0.63,20260927_060059.wav
2026-09-27 06:08:39,281268173,-4.0,0,0,3,0.63,20260927_060059.wav
2026-09-27 06:08:48,281268176,-4.9,0,0,3,0.70,20260927_060059.wav
2026-09-27 06:09:03,281268181,-4.6,0,0,7,0.73,20260927_060059.wav
2026-09-27 06:09:12,281268184,-4.7,3,0,2,0.57,20260927_060059.wav
2026-09-27 06:09:45,281268195,-6.0,1,1,4,0.66,20260927_060059.wav
2026-09-27 06:09:48,281268196,-5.6,0,0,1,0.60,20260927_060059.wav
2026-09-27 06:10:03,281268201,-6.0,0,0,5,0.69,20260927_060059.wav
2026-09-27 06:10:12,281268204,-5.7,1,0,4,0.69,20260927_060059.wav
2026-09-27 06:10:30,281268210,-6.5,0,1,8,0.72,20260927_060059.wav
2026-09-27 06:10:42,281268214,-6.6,1,0,6,0.72,20260927_060059.wav
2026-09-27 06:10:51,281268217,-7.3,1,0,3,0.64,20260927_060059.wav
2026-09-27 06:11:18,281268226,+4.2,2,0,6,0.74,20260927_061059.wav
2026-09-27 06:11:39,281268233,+4.3,0,1,7,0.72,20260927_061059.wav
2026-09-27 06:11:57,281268239,+4.3,2,0,3,0.64,20260927_061059.wav
2026-09-27 06:12:00,281268240,+3.5,3,1,1,0.58,20260927_061059.wav
2026-09-27 06:12:03,281268241,+3.2,2,0,2,0.59,20260927_061059.wav
2026-09-27 06:12:18,281268246,+3.6,4,0,1,0.62,20260927_061059.wav
2026-09-27 06:12:24,281268248,+3.5,0,0,2,0.65,20260927_061059.wav
2026-09-27 06:12:27,281268249,+3.6,3,1,3,0.59,20260927_061059.wav
2026-09-27 06:12:45,281268255,+2.9,0,0,4,0.68,20260927_061059.wav
2026-09-27 06:12:48,281268256,+2.6,3,2,2,0.62,20260927_061059.wav
2026-09-27 06:13:00,281268260,+2.8,2,0,2,0.60,20260927_061059.wav
2026-09-27 06:13:03,281268261,+2.7,2,0,6,0.65,20260927_061059.wav
2026-09-27 06:13:09,281268263,+2.4,3,2,1,0.61,20260927_061059.wav
2026-09-27 06:13:18,281268266,+1.9,2,0,6,0.68,20260927_061059.wav
2026-09-27 06:13:42,281268274,+2.0,2,0,3,0.70,20260927_061059.wav
2026-09-27 06:13:45,281268275,+2.0,3,1,3,0.66,20260927_061059.wav
2026-09-27 06:13:51,281268277,+1.8,1,0,2,0.68,20260927_061059.wav
2026-09-27 06:14:03,281268281,+1.7,2,0,3,0.65,20260927_061059.wav
2026-09-27 06:14:18,281268286,+1.2,3,0,5,0.71,20260927_061059.wav
2026-09-27 06:14:39,281268293,+0.4,0,0,3,0.71,20260927_061059.wav
2026-09-27 06:14:42,281268294,+0.6,3,0,2,0.65,20260927_061059.wav
2026-09-27 06:15:03,281268301,+0.0,1,0,7,0.69,20260927_061059.wav
2026-09-27 06:15:27,281268309,-0.3,2,0,3,0.59,20260927_061059.wav
2026-09-27 06:15:45,281268315,+0.0,2,1,6,0.68,20260927_061059.wav
2026-09-27 06:15:48,281268316,-0.5,3,1,3,0.64,20260927_061059.wav
2026-09-27 06:15:54,281268318,-1.2,3,1,5,0.61,20260927_061059.wav
2026-09-27 06:16:03,281268321,-1.1,2,0,2,0.64,20260927_061059.wav
2026-09-27 06:16:36,281268332,-1.7,1,0,6,0.69,20260927_061059.wav
2026-09-27 06:16:45,281268335,-1.7,0,0,2,0.60,20260927_061059.wav
2026-09-27 06:17:03,281268341,-2.1,3,1,7,0.67,20260927_061059.wav
2026-09-27 06:17:57,281268359,-3.5,0,0,5,0.73,20260927_061059.wav
2026-09-27 06:18:03,281268361,-3.7,1,0,3,0.62,20260927_061059.wav
2026-09-27 06:18:12,281268364,-3.5,3,0,1,0.60,20260927_061059.wav
2026-09-27 06:18:15,281268365,-3.6,3,1,4,0.66,20260927_061059.wav
2026-09-27 06:18:36,281268372,-4.1,0,0,5,0.71,20260927_061059.wav
2026-09-27 06:18:57,281268379,-4.1,3,0,4,0.62,20260927_061059.wav
2026-09-27 06:19:03,281268381,-4.6,3,0,3,0.60,20260927_061059.wav
2026-09-27 06:19:15,281268385,-4.3,1,0,2,0.60,20260927_061059.wav
2026-09-27 06:19:36,281268392,-5.0,3,0,1,0.57,20260927_061059.wav
2026-09-27 06:19:48,281268396,-5.8,3,0,2,0.57,20260927_061059.wav
2026-09-27 06:20:03,281268401,-5.6,3,1,1,0.58,20260927_061059.wav
2026-09-27 06:20:39,281268413,-6.9,2,0,5,0.67,20260927_061059.wav
2026-09-27 06:20:45,281268415,-7.0,1,0,7,0.77,20260927_061059.wav
2026-09-27 06:20:54,281268418,-6.3,1,0,7,0.70,20260927_061059.wav
2026-09-27 06:21:39,281268433,+5.5,1,0,4,0.68,20260927_062059.wav
2026-09-27 06:21:45,281268435,+5.1,3,0,4,0.66,20260927_062059.wav
2026-09-27 06:22:03,281268441,+4.8,0,0,6,0.72,20260927_062059.wav
2026-09-27 06:22:18,281268446,+4.7,0,0,3,0.64,20260927_062059.wav
2026-09-27 06:22:24,281268448,+4.2,1,0,3,0.66,20260927_062059.wav
2026-09-27 06:22:30,281268450,+4.5,1,0,5,0.70,20260927_062059.wav
2026-09-27 06:22:39,281268453,+3.9,3,1,4,0.72,20260927_062059.wav
2026-09-27 06:22:51,281268457,+3.6,1,0,5,0.66,20260927_062059.wav
2026-09-27 06:23:03,281268461,+3.3,2,1,3,0.60,20260927_062059.wav
2026-09-27 06:23:27,281268469,+3.0,0,0,3,0.68,20260927_062059.wav
2026-09-27 06:23:39,281268473,+2.9,0,0,7,0.76,20260927_062059.wav
2026-09-27 06:23:42,281268474,+2.6,3,0,3,0.58,20260927_062059.wav
2026-09-27 06:23:45,281268475,+3.0,0,0,10,0.77,20260927_062059.wav
2026-09-27 06:23:57,281268479,+2.5,2,0,3,0.65,20260927_062059.wav
2026-09-27 06:24:03,281268481,+2.8,1,0,6,0.75,20260927_062059.wav
2026-09-27 06:24:12,281268484,+2.7,0,0,7,0.74,20260927_062059.wav
2026-09-27 06:24:15,281268485,+2.5,0,0,7,0.74,20260927_062059.wav
2026-09-27 06:24:30,281268490,+1.7,1,0,8,0.70,20260927_062059.wav
2026-09-27 06:24:36,281268492,+1.8,2,0,7,0.68,20260927_062059.wav
2026-09-27 06:24:42,281268494,+1.9,1,0,5,0.70,20260927_062059.wav
2026-09-27 06:24:45,281268495,+1.5,1,0,4,0.70,20260927_062059.wav
2026-09-27 06:24:57,281268499,+1.8,2,0,5,0.70,20260927_062059.wav
2026-09-27 06:25:00,281268500,+1.2,1,0,3,0.66,20260927_062059.wav
2026-09-27 06:25:03,281268501,+1.4,3,1,3,0.64,20260927_062059.wav
2026-09-27 06:25:15,281268505,+0.9,0,0,7,0.77,20260927_062059.wav
2026-09-27 06:25:39,281268513,+0.0,3,1,5,0.67,20260927_062059.wav
2026-09-27 06:25:51,281268517,+0.5,2,0,8,0.77,20260927_062059.wav
2026-09-27 06:26:00,281268520,-0.1,3,0,4,0.66,20260927_062059.wav
2026-09-27 06:26:03,281268521,+0.0,2,0,4,0.66,20260927_062059.wav
2026-09-27 06:26:18,281268526,-0.2,2,0,1,0.60,20260927_062059.wav
2026-09-27 06:26:39,281268533,-0.6,2,0,3,0.67,20260927_062059.wav
2026-09-27 06:26:42,281268534,-0.8,1,0,4,0.65,20260927_062059.wav
2026-09-27 06:26:57,281268539,-1.4,3,0,2,0.62,20260927_062059.wav
2026-09-27 06:27:03,281268541,-1.0,1,0,8,0.71,20260927_062059.wav
2026-09-27 06:27:12,281268544,-1.3,0,0,4,0.62,20260927_062059.wav
2026-09-27 06:27:24,281268548,-1.9,0,0,4,0.68,20260927_062059.wav
2026-09-27 06:27:27,281268549,-1.6,0,0,6,0.74,20260927_062059.wav
2026-09-27 06:27:45,281268555,-2.1,2,0,5,0.70,20260927_062059.wav
2026-09-27 06:27:48,281268556,-1.9,1,0,2,0.65,20260927_062059.wav
2026-09-27 06:28:03,281268561,-2.2,0,0,8,0.75,20260927_062059.wav
2026-09-27 06:28:30,281268570,-2.8,0,0,4,0.70,20260927_062059.wav
2026-09-27 06:28:36,281268572,-2.9,1,0,6,0.79,20260927_062059.wav
2026-09-27 06:28:45,281268575,-2.4,0,0,9,0.78,20260927_062059.wav
2026-09-27 06:28:51,281268577,-3.2,3,1,6,0.67,20260927_062059.wav
2026-09-27 06:29:03,281268581,-3.6,3,0,5,0.68,20260927_062059.wav
2026-09-27 06:29:24,281268588,-4.0,3,0,3,0.66,20260927_062059.wav
2026-09-27 06:29:30,281268590,-3.7,3,1,2,0.64,20260927_062059.wav
2026-09-27 06:29:39,281268593,-4.7,0,0,4,0.64,20260927_062059.wav
2026-09-27 06:29:57,281268599,-4.8,1,0,5,0.72,20260927_062059.wav
2026-09-27 06:30:00,281268600,-4.3,3,0,3,0.64,20260927_062059.wav
2026-09-27 06:30:03,281268601,-4.9,3,0,2,0.60,20260927_062059.wav
2026-09-27 06:30:18,281268606,-4.9,1,0,1,0.63,20260927_062059.wav
2026-09-27 06:30:57,281268619,-5.7,0,0,5,0.73,20260927_062059.wav
2026-09-27 06:31:03,281268621,+6.7,1,1,2,0.68,20260927_063059.wav
2026-09-27 06:31:30,281268630,+6.0,2,0,6,0.67,20260927_063059.wav
2026-09-27 06:31:42,281268634,+5.7,1,0,3,0.65,20260927_063059.wav
2026-09-27 06:31:51,281268637,+5.6,1,0,7,0.71,20260927_063059.wav
2026-09-27 06:32:03,281268641,+5.2,1,0,8,0.75,20260927_063059.wav
2026-09-27 06:32:09,281268643,+5.6,1,0,4,0.69,20260927_063059.wav
2026-09-27 06:32:21,281268647,+4.9,2,0,2,0.58,20260927_063059.wav
2026-09-27 06:33:00,281268660,+4.0,0,0,4,0.67,20260927_063059.wav
2026-09-27 06:33:03,281268661,+4.4,3,1,3,0.63,20260927_063059.wav
2026-09-27 06:33:30,281268670,+3.5,0,0,4,0.70,20260927_063059.wav
2026-09-27 06:33:39,281268673,+3.6,3,1,4,0.64,20260927_063059.wav
2026-09-27 06:33:42,281268674,+3.4,3,0,2,0.60,20260927_063059.wav
2026-09-27 06:33:51,281268677,+3.4,3,0,4,0.66,20260927_063059.wav
2026-09-27 06:34:27,281268689,+2.7,1,0,5,0.70,20260927_063059.wav
2026-09-27 06:34:36,281268692,+2.2,3,0,3,0.59,20260927_063059.wav
2026-09-27 06:35:03,281268701,+1.6,0,0,7,0.71,20260927_063059.wav
2026-09-27 06:35:12,281268704,+2.1,2,0,3,0.59,20260927_063059.wav
2026-09-27 06:35:18,281268706,+1.6,1,0,5,0.69,20260927_063059.wav
2026-09-27 06:35:24,281268708,+1.2,3,1,2,0.63,20260927_063059.wav
2026-09-27 06:35:39,281268713,+1.3,3,1,4,0.60,20260927_063059.wav
2026-09-27 06:35:57,281268719,+1.2,3,2,3,0.56,20260927_063059.wav
2026-09-27 06:36:03,281268721,+1.0,3,0,2,0.58,20260927_063059.wav
2026-09-27 06:36:24,281268728,-0.7,1,0,3,0.68,20260927_063059.wav
2026-09-27 06:36:27,281268729,+0.1,3,0,4,0.62,20260927_063059.wav
2026-09-27 06:36:30,281268730,+0.0,3,1,0,0.57,20260927_063059.wav
2026-09-27 06:36:36,281268732,+0.0,3,2,1,0.58,20260927_063059.wav
2026-09-27 06:36:42,281268734,-0.2,3,0,2,0.59,20260927_063059.wav
2026-09-27 06:37:00,281268740,-0.3,3,1,7,0.64,20260927_063059.wav
2026-09-27 06:37:03,281268741,-0.4,3,0,0,0.56,20260927_063059.wav
2026-09-27 06:37:09,281268743,-0.2,0,0,9,0.72,20260927_063059.wav
2026-09-27 06:37:12,281268744,-0.5,3,0,1,0.56,20260927_063059.wav
2026-09-27 06:37:18,281268746,-2400.8,2,0,7,0.73,20260927_063059.wav
2026-09-27 06:37:21,281268747,-0.8,2,0,0,0.58,20260927_063059.wav
2026-09-27 06:37:51,281268757,-1.6,0,0,7,0.73,20260927_063059.wav
2026-09-27 06:37:54,281268758,-1.6,3,1,4,0.64,20260927_063059.wav
2026-09-27 06:38:00,281268760,-1.8,1,0,4,0.69,20260927_063059.wav
2026-09-27 06:38:03,281268761,-1.4,1,0,5,0.68,20260927_063059.wav
2026-09-27 06:38:15,281268765,-2.6,0,0,6,0.71,20260927_063059.wav
2026-09-27 06:38:30,281268770,-2.5,1,0,4,0.72,20260927_063059.wav
2026-09-27 06:38:45,281268775,-2.7,2,0,3,0.71,20260927_063059.wav
2026-09-27 06:38:48,281268776,-2.1,3,1,2,0.60,20260927_063059.wav
2026-09-27 06:39:03,281268781,-2.8,2,0,7,0.71,20260927_063059.wav
2026-09-27 06:39:15,281268785,-2.9,1,0,8,0.73,20260927_063059.wav
2026-09-27 06:39:45,281268795,-3.9,1,0,4,0.64,20260927_063059.wav
2026-09-27 06:40:00,281268800,-3.9,3,0,6,0.70,20260927_063059.wav
2026-09-27 06:40:03,281268801,-4.1,2,0,2,0.59,20260927_063059.wav
2026-09-27 06:40:12,281268804,-4.4,1,0,1,0.57,20260927_063059.wav
2026-09-27 06:40:21,281268807,-4.6,3,1,1,0.58,20260927_063059.wav
2026-09-27 06:40:24,281268808,-4.5,1,0,6,0.78,20260927_063059.wav
2026-09-27 06:40:42,281268814,-4.9,3,0,0,0.57,20260927_063059.wav
2026-09-27 06:41:03,281268821,+5.7,1,0,3,0.63,20260927_064059.wav
2026-09-27 06:41:12,281268824,+5.7,1,0,3,0.62,20260927_064059.wav
2026-09-27 06:41:39,281268833,+5.3,0,0,3,0.65,20260927_064059.wav
2026-09-27 06:41:45,281268835,+5.1,3,0,1,0.56,20260927_064059.wav
2026-09-27 06:41:57,281268839,+4.6,0,0,7,0.72,20260927_064059.wav
2026-09-27 06:42:03,281268841,+4.5,3,0,5,0.70,20260927_064059.wav
2026-09-27 06:42:12,281268844,+4.4,3,0,4,0.62,20260927_064059.wav
2026-09-27 06:42:27,281268849,+4.4,3,0,7,0.73,20260927_064059.wav
2026-09-27 06:42:36,281268852,+4.0,1,0,2,0.61,20260927_064059.wav
2026-09-27 06:43:03,281268861,+3.3,0,0,5,0.72,20260927_064059.wav
2026-09-27 06:43:36,281268872,+2.7,3,1,2,0.62,20260927_064059.wav
2026-09-27 06:43:45,281268875,+3.1,3,2,5,0.67,20260927_064059.wav
2026-09-27 06:43:48,281268876,+2.5,3,0,0,0.55,20260927_064059.wav
2026-09-27 06:43:51,281268877,+2.8,0,0,3,0.63,20260927_064059.wav
2026-09-27 06:44:03,281268881,+1.8,2,0,3,0.66,20260927_064059.wav
2026-09-27 06:44:12,281268884,+2.0,1,0,5,0.66,20260927_064059.wav
2026-09-27 06:44:15,281268885,+2.3,3,0,1,0.62,20260927_064059.wav
2026-09-27 06:44:39,281268893,+1.8,0,0,4,0.67,20260927_064059.wav
2026-09-27 06:44:57,281268899,+1.6,0,0,6,0.71,20260927_064059.wav
2026-09-27 06:45:00,281268900,+1.1,2,0,6,0.72,20260927_064059.wav
2026-09-27 06:45:03,281268901,+1.1,0,0,5,0.70,20260927_064059.wav
2026-09-27 06:45:12,281268904,+1.1,2,0,4,0.64,20260927_064059.wav
2026-09-27 06:45:15,281268905,+1.4,2,0,5,0.68,20260927_064059.wav
2026-09-27 06:45:30,281268910,+0.9,1,0,5,0.70,20260927_064059.wav
2026-09-27 06:45:45,281268915,-0.1,3,0,2,0.67,20260927_064059.wav
2026-09-27 06:46:03,281268921,+0.0,0,0,5,0.68,20260927_064059.wav
2026-09-27 06:46:12,281268924,+0.0,0,0,4,0.68,20260927_064059.wav
2026-09-27 06:46:18,281268926,-0.7,1,0,8,0.76,20260927_064059.wav
2026-09-27 06:46:45,281268935,-0.5,2,0,6,0.73,20260927_064059.wav
2026-09-27 06:46:48,281268936,-0.8,2,0,5,0.71,20260927_064059.wav
2026-09-27 06:46:51,281268937,-0.6,3,1,4,0.66,20260927_064059.wav
2026-09-27 06:47:00,281268940,-1.2,2,0,8,0.72,20260927_064059.wav
2026-09-27 06:47:03,281268941,-0.9,3,0,3,0.69,20260927_064059.wav
2026-09-27 06:47:09,281268943,-1.2,3,2,1,0.62,20260927_064059.wav
2026-09-27 06:47:12,281268944,-1.1,1,0,3,0.61,20260927_064059.wav
2026-09-27 06:47:18,281268946,-1.5,0,0,5,0.71,20260927_064059.wav
2026-09-27 06:47:21,281268947,-1.8,3,2,1,0.60,20260927_064059.wav
2026-09-27 06:47:39,281268953,-2.0,0,0,7,0.71,20260927_064059.wav
2026-09-27 06:48:03,281268961,-2.0,3,0,2,0.61,20260927_064059.wav
2026-09-27 06:48:30,281268970,-2.8,3,0,4,0.63,20260927_064059.wav
2026-09-27 06:48:39,281268973,-3.0,1,0,7,0.76,20260927_064059.wav
2026-09-27 06:48:54,281268978,-3.6,1,0,6,0.68,20260927_064059.wav
2026-09-27 06:49:00,281268980,-3.6,3,0,5,0.68,20260927_064059.wav
2026-09-27 06:49:03,281268981,-3.6,0,0,5,0.74,20260927_064059.wav
2026-09-27 06:49:48,281268996,-4.6,0,0,2,0.67,20260927_064059.wav
2026-09-27 06:50:03,281269001,-4.9,3,1,1,0.58,20260927_064059.wav
2026-09-27 06:50:18,281269006,-5.0,0,0,4,0.67,20260927_064059.wav
2026-09-27 06:50:39,281269013,-5.2,0,0,6,0.69,20260927_064059.wav
2026-09-27 06:50:54,281269018,-5.5,0,0,4,0.69,20260927_064059.wav
2026-09-27 06:51:03,281269021,+6.9,2,0,7,0.71,20260927_065059.wav
2026-09-27 06:51:12,281269024,+6.1,3,2,2,0.55,20260927_065059.wav
2026-09-27 06:52:03,281269041,+4.9,1,0,3,0.68,20260927_065059.wav
2026-09-27 06:52:21,281269047,+4.8,1,0,0,0.57,20260927_065059.wav
2026-09-27 06:52:42,281269054,+4.2,3,0,3,0.71,20260927_065059.wav
2026-09-27 06:52:45,281269055,+4.5,3,0,3,0.64,20260927_065059.wav
2026-09-27 06:52:51,281269057,+4.5,2,0,5,0.66,20260927_065059.wav
2026-09-27 06:53:03,281269061,+4.0,1,0,6,0.67,20260927_065059.wav
2026-09-27 06:53:15,281269065,+3.8,1,0,3,0.65,20260927_065059.wav
2026-09-27 06:53:24,281269068,+3.2,3,0,4,0.62,20260927_065059.wav
2026-09-27 06:53:30,281269070,+3.3,3,1,2,0.59,20260927_065059.wav
2026-09-27 06:53:45,281269075,+3.4,2,0,3,0.66,20260927_065059.wav
2026-09-27 06:53:48,281269076,+3.1,3,0,4,0.67,20260927_065059.wav
2026-09-27 06:54:03,281269081,+2.5,3,3,2,0.59,20260927_065059.wav
2026-09-27 06:54:15,281269085,+2.3,3,2,3,0.67,20260927_065059.wav
2026-09-27 06:54:18,281269086,+2.0,0,0,0,0.56,20260927_065059.wav
2026-09-27 06:54:30,281269090,+1.8,3,0,4,0.67,20260927_065059.wav
2026-09-27 06:55:03,281269101,+1.2,0,0,7,0.72,20260927_065059.wav
2026-09-27 06:55:09,281269103,+1.5,3,1,5,0.68,20260927_065059.wav
2026-09-27 06:55:15,281269105,+1.6,0,0,5,0.70,20260927_065059.wav
2026-09-27 06:55:24,281269108,+1.1,1,0,6,0.66,20260927_065059.wav
2026-09-27 06:55:42,281269114,+0.7,2,0,2,0.59,20260927_065059.wav
2026-09-27 06:55:51,281269117,+0.5,1,0,2,0.62,20260927_065059.wav
2026-09-27 06:56:03,281269121,+0.2,2,0,5,0.73,20260927_065059.wav
2026-09-27 06:56:15,281269125,-0.4,3,2,2,0.58,20260927_065059.wav
2026-09-27 06:56:18,281269126,+0.0,3,1,2,0.63,20260927_065059.wav
2026-09-27 06:56:27,281269129,-0.0,0,0,6,0.75,20260927_065059.wav
2026-09-27 06:56:45,281269135,-0.5,3,1,4,0.63,20260927_065059.wav
2026-09-27 06:57:03,281269141,-1.4,3,0,3,0.63,20260927_065059.wav
2026-09-27 06:57:12,281269144,-0.7,3,1,4,0.65,20260927_065059.wav
2026-09-27 06:57:24,281269148,-1.1,3,0,4,0.62,20260927_065059.wav
2026-09-27 06:57:42,281269154,-1.4,0,0,4,0.70,20260927_065059.wav
2026-09-27 06:57:45,281269155,-2.0,1,0,8,0.75,20260927_065059.wav
2026-09-27 06:57:48,281269156,-1.8,0,0,6,0.76,20260927_065059.wav
2026-09-27 06:57:57,281269159,-2.0,3,1,2,0.58,20260927_065059.wav
2026-09-27 06:58:03,281269161,-2.3,2,0,4,0.64,20260927_065059.wav
2026-09-27 06:58:36,281269172,-2.5,2,0,1,0.58,20260927_065059.wav
2026-09-27 06:58:51,281269177,-2.9,0,0,7,0.74,20260927_065059.wav
2026-09-27 06:59:03,281269181,-3.6,3,1,0,0.60,20260927_065059.wav
2026-09-27 06:59:09,281269183,-3.6,2,0,1,0.59,20260927_065059.wav
2026-09-27 06:59:12,281269184,-3.6,2,0,7,0.78,20260927_065059.wav
2026-09-27 06:59:18,281269186,-3.9,3,0,2,0.61,20260927_065059.wav
2026-09-27 06:59:21,281269187,-3.0,3,0,6,0.71,20260927_065059.wav
2026-09-27 06:59:39,281269193,-4.0,0,0,6,0.73,20260927_065059.wav
2026-09-27 06:59:54,281269198,-4.4,1,0,5,0.70,20260927_065059.wav
2026-09-27 06:59:57,281269199,-4.0,1,0,5,0.66,20260927_065059.wav
2026-09-27 07:00:00,281269200,-4.5,2,0,4,0.67,20260927_065059.wav
2026-09-27 07:00:03,281269201,-4.5,3,2,2,0.61,20260927_065059.wav
2026-09-27 07:00:39,281269213,-4.6,2,0,7,0.71,20260927_065059.wav
2026-09-27 07:00:51,281269217,-5.6,3,1,2,0.58,20260927_065059.wav
2026-09-27 07:01:03,281269221,+6.4,1,0,4,0.68,20260927_070059.wav
2026-09-27 07:01:18,281269226,+6.0,0,0,7,0.75,20260927_070059.wav
2026-09-27 07:01:36,281269232,+6.1,1,0,5,0.68,20260927_070059.wav
2026-09-27 07:01:54,281269238,+5.3,3,1,3,0.62,20260927_070059.wav
2026-09-27 07:02:03,281269241,+5.1,3,1,4,0.67,20260927_070059.wav
2026-09-27 07:02:18,281269246,+5.1,3,0,0,0.60,20260927_070059.wav
2026-09-27 07:02:39,281269253,+4.3,1,0,2,0.68,20260927_070059.wav
2026-09-27 07:02:57,281269259,+3.3,1,0,3,0.68,20260927_070059.wav
2026-09-27 07:03:00,281269260,+3.7,0,0,4,0.69,20260927_070059.wav
2026-09-27 07:03:03,281269261,+4.1,2,0,2,0.62,20260927_070059.wav
2026-09-27 07:03:12,281269264,+4.2,3,1,3,0.62,20260927_070059.wav
2026-09-27 07:03:30,281269270,+3.0,2,0,4,0.72,20260927_070059.wav
2026-09-27 07:04:00,281269280,+2.7,1,0,5,0.71,20260927_070059.wav
2026-09-27 07:04:03,281269281,+2.8,3,1,2,0.62,20260927_070059.wav
2026-09-27 07:04:15,281269285,+2.4,3,0,6,0.77,20260927_070059.wav
2026-09-27 07:04:45,281269295,+2.0,2,0,2,0.60,20260927_070059.wav
2026-09-27 07:05:03,281269301,+1.4,3,1,5,0.70,20260927_070059.wav
2026-09-27 07:05:09,281269303,+1.9,3,2,6,0.72,20260927_070059.wav
2026-09-27 07:05:18,281269306,+0.9,3,0,2,0.66,20260927_070059.wav
2026-09-27 07:05:21,281269307,+1.4,0,0,7,0.73,20260927_070059.wav
2026-09-27 07:05:54,281269318,+0.7,2,0,8,0.73,20260927_070059.wav
2026-09-27 07:06:03,281269321,+0.1,2,0,3,0.64,20260927_070059.wav
2026-09-27 07:06:48,281269336,-0.6,3,1,6,0.67,20260927_070059.wav
2026-09-27 07:06:51,281269337,-0.8,1,0,3,0.61,20260927_070059.wav
2026-09-27 07:07:03,281269341,-0.1,0,0,6,0.72,20260927_070059.wav
2026-09-27 07:07:18,281269346,-1.7,2,0,5,0.70,20260927_070059.wav
2026-09-27 07:07:21,281269347,-1.4,1,0,1,0.58,20260927_070059.wav
2026-09-27 07:07:48,281269356,-1.7,3,0,5,0.71,20260927_070059.wav
2026-09-27 07:07:54,281269358,-1.7,3,1,7,0.78,20260927_070059.wav
2026-09-27 07:08:03,281269361,-2.6,0,0,6,0.72,20260927_070059.wav
2026-09-27 07:08:12,281269364,-2.2,2,0,2,0.60,20260927_070059.wav
2026-09-27 07:08:18,281269366,-2.3,0,0,7,0.77,20260927_070059.wav
2026-09-27 07:08:39,281269373,-2.4,1,0,3,0.63,20260927_070059.wav
2026-09-27 07:08:54,281269378,-3.2,1,0,5,0.68,20260927_070059.wav
2026-09-27 07:09:03,281269381,-3.2,2,0,2,0.58,20260927_070059.wav
2026-09-27 07:09:12,281269384,-3.3,2,0,5,0.67,20260927_070059.wav
2026-09-27 07:09:15,281269385,-3.4,3,0,2,0.63,20260927_070059.wav
2026-09-27 07:09:24,281269388,-3.9,2,0,6,0.67,20260927_070059.wav
2026-09-27 07:09:36,281269392,-3.4,2,0,4,0.68,20260927_070059.wav
2026-09-27 07:09:42,281269394,-4.2,0,0,4,0.65,20260927_070059.wav
2026-09-27 07:09:48,281269396,-4.4,3,0,2,0.62,20260927_070059.wav
2026-09-27 07:10:03,281269401,-4.5,3,1,4,0.64,20260927_070059.wav
2026-09-27 07:10:18,281269406,-4.7,1,0,7,0.73,20260927_070059.wav
2026-09-27 07:10:39,281269413,-5.1,0,0,8,0.69,20260927_070059.wav
2026-09-27 07:11:03,281269421,+5.0,2,0,2,0.66,20260927_071059.wav
2026-09-27 07:11:39,281269433,+4.7,1,0,6,0.70,20260927_071059.wav
2026-09-27 07:11:45,281269435,+4.4,0,0,5,0.68,20260927_071059.wav
2026-09-27 07:11:48,281269436,+4.2,2,0,3,0.63,20260927_071059.wav
2026-09-27 07:11:51,281269437,+4.8,2,0,5,0.61,20260927_071059.wav
2026-09-27 07:12:03,281269441,+4.3,3,3,5,0.73,20260927_071059.wav
2026-09-27 07:12:15,281269445,+4.2,1,0,5,0.74,20260927_071059.wav
2026-09-27 07:12:18,281269446,+3.7,0,0,7,0.74,20260927_071059.wav
2026-09-27 07:12:21,281269447,+4.0,0,0,7,0.74,20260927_071059.wav
2026-09-27 07:12:24,281269448,+3.8,2,0,2,0.59,20260927_071059.wav
2026-09-27 07:12:54,281269458,+2.9,1,0,6,0.76,20260927_071059.wav
2026-09-27 07:13:03,281269461,+2.9,1,0,4,0.76,20260927_071059.wav
2026-09-27 07:13:24,281269468,+2.9,2,1,3,0.67,20260927_071059.wav
2026-09-27 07:13:30,281269470,+2.5,3,0,3,0.61,20260927_071059.wav
2026-09-27 07:13:54,281269478,+2.4,2,0,7,0.75,20260927_071059.wav
2026-09-27 07:14:03,281269481,+1.8,0,0,6,0.71,20260927_071059.wav
2026-09-27 07:14:39,281269493,+1.0,1,0,4,0.68,20260927_071059.wav
2026-09-27 07:14:45,281269495,+1.1,1,0,5,0.72,20260927_071059.wav
2026-09-27 07:14:51,281269497,+1.0,3,0,5,0.68,20260927_071059.wav
2026-09-27 07:15:03,281269501,+1.0,2,0,5,0.63,20260927_071059.wav
2026-09-27 07:15:15,281269505,+0.3,2,0,5,0.73,20260927_071059.wav
2026-09-27 07:15:21,281269507,+0.3,3,0,1,0.57,20260927_071059.wav
2026-09-27 07:15:57,281269519,-0.3,2,1,7,0.72,20260927_071059.wav
2026-09-27 07:16:00,281269520,-0.4,1,0,4,0.65,20260927_071059.wav
2026-09-27 07:16:03,281269521,-0.4,0,0,5,0.71,20260927_071059.wav
2026-09-27 07:16:24,281269528,-0.9,1,1,5,0.69,20260927_071059.wav
2026-09-27 07:16:30,281269530,-0.9,0,0,5,0.74,20260927_071059.wav
2026-09-27 07:16:39,281269533,-1.5,0,0,7,0.76,20260927_071059.wav
2026-09-27 07:16:54,281269538,-1.5,2,0,3,0.65,20260927_071059.wav
2026-09-27 07:17:03,281269541,-2.1,3,0,6,0.75,20260927_071059.wav
2026-09-27 07:17:48,281269556,-2.8,0,0,5,0.69,20260927_071059.wav
2026-09-27 07:18:03,281269561,-3.0,2,0,5,0.75,20260927_071059.wav
2026-09-27 07:18:12,281269564,-2.9,0,0,7,0.74,20260927_071059.wav
2026-09-27 07:18:18,281269566,-3.1,0,0,6,0.77,20260927_071059.wav
2026-09-27 07:18:48,281269576,-4.4,3,1,2,0.58,20260927_071059.wav
2026-09-27 07:19:03,281269581,-4.1,1,0,3,0.68,20260927_071059.wav
2026-09-27 07:19:36,281269592,-4.9,3,1,1,0.59,20260927_071059.wav
2026-09-27 07:19:45,281269595,-5.2,3,1,3,0.66,20260927_071059.wav
2026-09-27 07:19:51,281269597,-5.7,1,0,7,0.77,20260927_071059.wav
2026-09-27 07:20:03,281269601,-5.2,3,0,8,0.76,20260927_071059.wav
2026-09-27 07:20:09,281269603,-5.3,3,1,7,0.73,20260927_071059.wav
2026-09-27 07:20:18,281269606,-5.4,3,0,3,0.64,20260927_071059.wav
2026-09-27 07:20:24,281269608,-5.4,0,0,6,0.70,20260927_071059.wav
2026-09-27 07:20:54,281269618,-6.5,2,0,3,0.66,20260927_071059.wav
2026-09-27 07:21:27,281269629,+5.8,3,0,2,0.61,20260927_072059.wav
2026-09-27 07:21:30,281269630,+6.0,0,0,10,0.80,20260927_072059.wav
2026-09-27 07:21:36,281269632,+6.1,0,0,6,0.73,20260927_072059.wav
2026-09-27 07:21:39,281269633,+5.9,3,1,4,0.64,20260927_072059.wav
2026-09-27 07:21:51,281269637,+5.2,3,2,3,0.61,20260927_072059.wav
2026-09-27 07:21:54,281269638,+5.4,0,0,10,0.82,20260927_072059.wav
2026-09-27 07:22:03,281269641,+5.2,2,0,2,0.68,20260927_072059.wav
2026-09-27 07:22:18,281269646,+4.9,0,0,6,0.74,20260927_072059.wav
2026-09-27 07:22:36,281269652,+4.5,3,2,1,0.58,20260927_072059.wav
2026-09-27 07:22:48,281269656,+4.0,0,0,7,0.70,20260927_072059.wav
2026-09-27 07:22:51,281269657,+4.2,3,0,3,0.66,20260927_072059.wav
2026-09-27 07:22:54,281269658,+4.1,0,0,5,0.69,20260927_072059.wav
2026-09-27 07:23:00,281269660,+3.7,2,0,3,0.69,20260927_072059.wav
2026-09-27 07:23:03,281269661,+4.2,1,0,5,0.75,20260927_072059.wav
2026-09-27 07:23:12,281269664,+4.1,0,0,8,0.78,20260927_072059.wav
2026-09-27 07:23:42,281269674,+3.5,3,1,3,0.63,20260927_072059.wav
2026-09-27 07:23:45,281269675,+3.3,3,1,1,0.60,20260927_072059.wav
2026-09-27 07:23:54,281269678,+2.7,1,0,5,0.75,20260927_072059.wav
2026-09-27 07:24:03,281269681,+2.6,2,0,3,0.67,20260927_072059.wav
2026-09-27 07:24:12,281269684,+2.7,3,1,1,0.53,20260927_072059.wav
2026-09-27 07:24:36,281269692,+2.2,2,0,2,0.60,20260927_072059.wav
2026-09-27 07:25:00,281269700,+1.5,2,0,3,0.69,20260927_072059.wav
2026-09-27 07:25:03,281269701,+1.4,3,1,3,0.60,20260927_072059.wav
2026-09-27 07:25:18,281269706,+1.2,1,0,6,0.68,20260927_072059.wav
2026-09-27 07:26:03,281269721,+0.3,3,0,6,0.68,20260927_072059.wav
2026-09-27 07:26:12,281269724,+0.3,3,0,5,0.64,20260927_072059.wav
2026-09-27 07:26:27,281269729,+0.1,0,0,7,0.71,20260927_072059.wav
2026-09-27 07:26:39,281269733,-0.1,1,0,3,0.68,20260927_072059.wav
2026-09-27 07:26:42,281269734,-0.4,2,0,2,0.60,20260927_072059.wav
2026-09-27 07:27:03,281269741,-1.0,1,0,5,0.76,20260927_072059.wav
2026-09-27 07:27:12,281269744,-0.8,1,0,6,0.77,20260927_072059.wav
2026-09-27 07:27:15,281269745,-0.8,3,0,2,0.60,20260927_072059.wav
2026-09-27 07:27:24,281269748,-1.7,3,0,4,0.67,20260927_072059.wav
2026-09-27 07:27:27,281269749,-1.2,2,0,1,0.60,20260927_072059.wav
2026-09-27 07:27:42,281269754,-1.5,1,0,5,0.67,20260927_072059.wav
2026-09-27 07:27:45,281269755,-1.9,0,0,9,0.80,20260927_072059.wav
2026-09-27 07:27:54,281269758,-1.9,2,0,4,0.67,20260927_072059.wav
2026-09-27 07:28:03,281269761,-1.5,3,0,3,0.71,20260927_072059.wav
2026-09-27 07:28:15,281269765,-2.4,3,0,1,0.61,20260927_072059.wav
2026-09-27 07:28:39,281269773,-2.2,1,0,7,0.75,20260927_072059.wav
2026-09-27 07:28:48,281269776,-3.1,5,0,4,0.66,20260927_072059.wav
2026-09-27 07:29:03,281269781,-3.1,0,0,5,0.70,20260927_072059.wav
2026-09-27 07:29:24,281269788,-3.5,0,0,6,0.69,20260927_072059.wav
2026-09-27 07:29:39,281269793,-3.9,1,0,8,0.78,20260927_072059.wav
2026-09-27 07:29:45,281269795,-4.0,1,0,3,0.63,20260927_072059.wav
2026-09-27 07:29:48,281269796,-4.4,3,0,2,0.62,20260927_072059.wav
2026-09-27 07:29:51,281269797,-4.1,3,3,3,0.60,20260927_072059.wav
2026-09-27 07:29:57,281269799,-4.1,2,0,4,0.68,20260927_072059.wav
2026-09-27 07:30:03,281269801,-4.4,0,0,5,0.69,20260927_072059.wav
2026-09-27 07:30:18,281269806,-4.9,3,0,2,0.61,20260927_072059.wav
2026-09-27 07:30:27,281269809,-4.7,3,0,6,0.66,20260927_072059.wav
2026-09-27 07:30:39,281269813,-5.4,2,0,2,0.60,20260927_072059.wav
2026-09-27 07:30:45,281269815,-5.8,2,0,2,0.65,20260927_072059.wav
2026-09-27 07:30:54,281269818,-5.7,2,0,5,0.67,20260927_072059.wav
