slot_start_utc,content,crc,phase_activity_deg,firmware_result,carrier_hz
2026-09-26 22:11:00,idle,,5.0,none,1000.084
2026-09-26 22:11:03,time,crc_ok,14.4,none,1000.084
2026-09-26 22:11:06,idle,,5.0,none,1000.084
2026-09-26 22:11:09,idle,,4.9,none,1000.084
2026-09-26 22:11:12,idle,,4.6,none,1000.084
2026-09-26 22:11:15,other,,15.1,none,1000.084
2026-09-26 22:11:18,time,crc_ok,14.1,decoded,1000.084
2026-09-26 22:11:21,idle,,5.4,none,1000.084
2026-09-26 22:11:24,other,,15.0,failed,1000.084
2026-09-26 22:11:27,idle,,4.8,none,1000.084
2026-09-26 22:11:30,idle,,4.6,none,1000.084
2026-09-26 22:11:33,other,,14.4,none,1000.084
2026-09-26 22:11:36,idle,,4.7,none,1000.084
2026-09-26 22:11:39,time,crc_ok,15.3,decoded,1000.084
2026-09-26 22:11:42,other,,15.0,none,1000.084
2026-09-26 22:11:45,idle,,4.8,none,1000.084
2026-09-26 22:11:48,time,crc_ok,13.8,decoded,1000.084
2026-09-26 22:11:51,idle,,4.3,none,1000.084
2026-09-26 22:11:54,idle,,5.1,none,1000.084
2026-09-26 22:11:57,other,,15.0,none,1000.084
2026-09-26 22:12:00,idle,,5.0,none,1000.084
2026-09-26 22:12:03,time,crc_ok,14.9,confirmed,1000.084
2026-09-26 22:12:06,idle,,4.5,none,1000.084
2026-09-26 22:12:09,other,,15.0,failed,1000.084
2026-09-26 22:12:12,time,crc_ok,15.0,decoded,1000.084
2026-09-26 22:12:15,idle,,4.8,none,1000.084
2026-09-26 22:12:18,time,crc_ok,14.6,decoded,1000.084
2026-09-26 22:12:21,idle,,4.7,none,1000.084
2026-09-26 22:12:24,idle,,4.4,none,1000.084
2026-09-26 22:12:27,time,crc_ok,14.3,decoded,1000.084
2026-09-26 22:12:30,idle,,4.4,none,1000.084
2026-09-26 22:12:33,other,,15.2,none,1000.084
2026-09-26 22:12:36,idle,,4.8,none,1000.084
2026-09-26 22:12:39,idle,,4.6,none,1000.084
2026-09-26 22:12:42,idle,,4.9,none,1000.084
2026-09-26 22:12:45,time,crc_ok,14.1,decoded,1000.084
2026-09-26 22:12:48,other,,14.8,none,1000.084
2026-09-26 22:12:51,idle,,4.5,none,1000.084
2026-09-26 22:12:54,time,bit_errors,15.4,decoded,1000.084
2026-09-26 22:12:57,idle,,4.8,none,1000.084
2026-09-26 22:13:00,idle,,4.9,none,1000.084
2026-09-26 22:13:03,time,crc_ok,14.4,decoded,1000.084
2026-09-26 22:13:06,idle,,5.0,none,1000.084
2026-09-26 22:13:09,idle,,5.3,none,1000.084
2026-09-26 22:13:12,other,,15.4,none,1000.084
2026-09-26 22:13:15,idle,,5.2,none,1000.084
2026-09-26 22:13:18,idle,,5.4,none,1000.084
2026-09-26 22:13:21,other,,15.3,none,1000.084
2026-09-26 22:13:24,idle,,5.4,none,1000.084
2026-09-26 22:13:27,idle,,5.5,none,1000.084
2026-09-26 22:13:30,other,,15.2,none,1000.084
2026-09-26 22:13:33,other,,14.8,none,1000.084
2026-09-26 22:13:36,other,,15.5,none,1000.084
2026-09-26 22:13:39,idle,,5.8,none,1000.084
2026-09-26 22:13:42,time,bit_errors,14.5,decoded,1000.084
2026-09-26 22:13:45,other,,15.4,failed,1000.084
2026-09-26 22:13:48,idle,,5.7,none,1000.084
2026-09-26 22:13:51,time,crc_ok,14.6,decoded,1000.084
2026-09-26 22:13:54,idle,,5.3,none,1000.084
2026-09-26 22:13:57,idle,,5.1,none,1000.084
2026-09-26 22:14:00,idle,,5.3,none,1000.084
2026-09-26 22:14:03,time,crc_ok,15.4,decoded,1000.084
2026-09-26 22:14:06,idle,,5.0,none,1000.084
2026-09-26 22:14:09,idle,,4.7,none,1000.084
2026-09-26 22:14:12,idle,,5.0,none,1000.084
2026-09-26 22:14:15,other,,15.0,none,1000.084
2026-09-26 22:14:18,time,crc_ok,14.9,confirmed,1000.084
2026-09-26 22:14:21,idle,,5.0,none,1000.084
2026-09-26 22:14:24,idle,,4.4,none,1000.084
2026-09-26 22:14:27,time,crc_ok,14.0,decoded,1000.084
2026-09-26 22:14:30,time,crc_ok,14.2,decoded,1000.084
2026-09-26 22:14:33,other,,14.3,none,1000.084
2026-09-26 22:14:36,idle,,4.3,none,1000.084
2026-09-26 22:14:39,time,crc_ok,14.2,decoded,1000.084
2026-09-26 22:14:42,time,bit_errors,15.2,decoded,1000.084
2026-09-26 22:14:45,idle,,4.7,none,1000.084
2026-09-26 22:14:48,other,,14.9,failed,1000.084
2026-09-26 22:14:51,idle,,4.7,none,1000.084
2026-09-26 22:14:54,time,crc_ok,14.2,decoded,1000.084
2026-09-26 22:14:57,other,,14.6,none,1000.084
2026-09-26 22:15:00,idle,,5.1,none,1000.084
2026-09-26 22:15:03,time,crc_ok,14.5,decoded,1000.084
2026-09-26 22:15:06,idle,,4.9,none,1000.084
2026-09-26 22:15:09,other,,15.2,none,1000.084
2026-09-26 22:15:12,time,crc_ok,14.2,decoded,1000.084
2026-09-26 22:15:15,idle,,6.0,none,1000.084
2026-09-26 22:15:18,other,,15.8,none,1000.084
2026-09-26 22:15:21,unclear,,14.3,none,1000.084
2026-09-26 22:15:24,idle,,5.9,none,1000.084
2026-09-26 22:15:27,other,,15.2,failed,1000.084
2026-09-26 22:15:30,idle,,5.9,none,1000.084
2026-09-26 22:15:33,other,,15.6,none,1000.084
2026-09-26 22:15:36,idle,,5.9,none,1000.084
2026-09-26 22:15:39,idle,,6.0,none,1000.084
2026-09-26 22:15:42,idle,,6.4,none,1000.084
2026-09-26 22:15:45,other,,14.9,failed,1000.084
2026-09-26 22:15:48,time,crc_ok,15.1,decoded,1000.084
2026-09-26 22:15:51,idle,,6.6,none,1000.084
2026-09-26 22:15:54,idle,,6.6,none,1000.084
2026-09-26 22:15:57,other,,15.8,none,1000.084
2026-09-26 22:16:00,time,crc_ok,15.5,decoded,1000.084
2026-09-26 22:16:03,time,crc_ok,15.7,confirmed,1000.084
2026-09-26 22:16:06,idle,,7.2,none,1000.084
2026-09-26 22:16:09,other,,15.9,failed,1000.084
2026-09-26 22:16:12,other,,16.9,none,1000.084
2026-09-26 22:16:15,other,,16.1,none,1000.084
2026-09-26 22:16:18,time,crc_ok,15.9,confirmed,1000.084
2026-09-26 22:16:21,unclear,,8.2,none,1000.084
2026-09-26 22:16:24,idle,,7.7,none,1000.084
2026-09-26 22:16:27,unclear,,8.1,none,1000.084
2026-09-26 22:16:30,other,,16.1,failed,1000.084
2026-09-26 22:16:33,other,,16.0,none,1000.084
2026-09-26 22:16:36,other,,16.9,none,1000.084
2026-09-26 22:16:39,idle,,7.7,none,1000.084
2026-09-26 22:16:42,other,,16.4,none,1000.084
2026-09-26 22:16:45,time,crc_ok,14.8,confirmed,1000.084
2026-09-26 22:16:48,idle,,7.9,none,1000.084
2026-09-26 22:16:51,other,,16.9,failed,1000.084
2026-09-26 22:16:54,unclear,,8.2,none,1000.084
2026-09-26 22:16:57,idle,,7.9,none,1000.084
2026-09-26 22:17:00,unclear,,8.6,none,1000.084
2026-09-26 22:17:03,time,bit_errors,16.3,decoded,1000.084
2026-09-26 22:17:06,other,,16.6,none,1000.084
2026-09-26 22:17:09,idle,,7.9,none,1000.084
2026-09-26 22:17:12,time,crc_ok,16.6,decoded,1000.084
2026-09-26 22:17:15,time,bit_errors,15.7,confirmed,1000.084
2026-09-26 22:17:18,time,bit_errors,15.9,none,1000.084
2026-09-26 22:17:21,idle,,7.5,none,1000.084
2026-09-26 22:17:24,unclear,,8.1,none,1000.084
2026-09-26 22:17:27,time,crc_ok,16.8,decoded,1000.084
2026-09-26 22:17:30,time,bit_errors,15.5,confirmed,1000.084
2026-09-26 22:17:33,other,,15.9,none,1000.084
2026-09-26 22:17:36,idle,,7.2,none,1000.084
2026-09-26 22:17:39,time,crc_ok,16.2,decoded,1000.084
2026-09-26 22:17:42,other,,15.8,none,1000.084
2026-09-26 22:17:45,other,,15.4,none,1000.084
2026-09-26 22:17:48,idle,,6.5,none,1000.084
2026-09-26 22:17:51,idle,,7.3,none,1000.084
2026-09-26 22:17:54,time,crc_ok,15.1,decoded,1000.084
2026-09-26 22:17:57,time,bit_errors,15.2,decoded,1000.084
2026-09-26 22:18:00,other,,15.7,none,1000.084
2026-09-26 22:18:03,time,crc_ok,14.2,confirmed,1000.084
2026-09-26 22:18:06,idle,,5.9,none,1000.084
2026-09-26 22:18:09,other,,15.7,none,1000.084
2026-09-26 22:18:12,time,crc_ok,14.9,decoded,1000.084
2026-09-26 22:18:15,other,,15.9,none,1000.084
2026-09-26 22:18:18,idle,,8.0,none,1000.084
2026-09-26 22:18:21,idle,,7.8,none,1000.084
2026-09-26 22:18:24,other,,15.9,failed,1000.084
2026-09-26 22:18:27,other,,16.7,none,1000.084
2026-09-26 22:18:30,time,crc_ok,15.6,confirmed,1000.084
2026-09-26 22:18:33,other,,15.4,none,1000.084
2026-09-26 22:18:36,time,crc_ok,15.0,confirmed,1000.084
2026-09-26 22:18:39,idle,,6.9,none,1000.084
2026-09-26 22:18:42,other,,15.7,failed,1000.084
2026-09-26 22:18:45,time,crc_ok,15.2,confirmed,1000.084
2026-09-26 22:18:48,other,,15.6,none,1000.084
2026-09-26 22:18:51,idle,,6.9,none,1000.084
2026-09-26 22:18:54,idle,,7.7,none,1000.084
2026-09-26 22:18:57,time,bit_errors,15.7,decoded,1000.084
2026-09-26 22:19:00,other,,15.6,none,1000.084
2026-09-26 22:19:03,time,bit_errors,15.6,confirmed,1000.084
2026-09-26 22:19:06,other,,16.2,none,1000.084
2026-09-26 22:19:09,time,crc_ok,16.3,decoded,1000.084
2026-09-26 22:19:12,time,bit_errors,16.0,decoded,1000.084
2026-09-26 22:19:15,other,,16.1,failed,1000.084
2026-09-26 22:19:18,time,bit_errors,16.0,confirmed,1000.084
2026-09-26 22:19:21,idle,,7.7,none,1000.084
2026-09-26 22:19:24,idle,,7.8,none,1000.084
2026-09-26 22:19:27,idle,,7.2,none,1000.084
2026-09-26 22:19:30,idle,,7.9,none,1000.084
2026-09-26 22:19:33,other,,16.3,none,1000.084
2026-09-26 22:19:36,time,bit_errors,15.8,decoded,1000.084
2026-09-26 22:19:39,other,,15.8,none,1000.084
2026-09-26 22:19:42,other,,16.1,none,1000.084
2026-09-26 22:19:45,time,crc_ok,16.2,decoded,1000.084
2026-09-26 22:19:48,time,bit_errors,16.5,failed,1000.084
2026-09-26 22:19:51,other,,16.0,none,1000.084
2026-09-26 22:19:54,idle,,7.8,none,1000.084
2026-09-26 22:19:57,unclear,,9.3,none,1000.084
2026-09-26 22:20:00,time,crc_ok,15.2,failed,1000.084
2026-09-26 22:20:03,time,crc_ok,16.6,confirmed,1000.084
2026-09-26 22:20:06,other,,17.0,none,1000.084
2026-09-26 22:20:09,unclear,,8.8,none,1000.084
2026-09-26 22:20:12,time,crc_ok,16.1,confirmed,1000.084
2026-09-26 22:20:15,other,,16.0,none,1000.084
2026-09-26 22:20:18,time,crc_ok,17.2,confirmed,1000.084
2026-09-26 22:20:21,unclear,,8.4,none,1000.084
2026-09-26 22:20:24,unclear,,9.1,none,1000.084
2026-09-26 22:20:27,other,,16.5,none,1000.084
2026-09-26 22:20:30,unclear,,9.6,none,1000.084
2026-09-26 22:20:33,other,,15.9,none,1000.084
2026-09-26 22:20:36,unclear,,8.7,none,1000.084
2026-09-26 22:20:39,other,,17.7,none,1000.084
2026-09-26 22:20:42,time,crc_ok,16.1,confirmed,1000.084
2026-09-26 22:20:45,time,crc_ok,15.2,decoded,1000.084
2026-09-26 22:20:48,unclear,,10.1,none,1000.084
2026-09-26 22:20:51,idle,,7.8,none,1000.084
2026-09-26 22:20:54,time,crc_ok,16.9,decoded,1000.084
2026-09-26 22:21:00,unclear,,8.9,none,1000.082
2026-09-26 22:21:03,time,crc_ok,16.7,failed,1000.082
2026-09-26 22:21:06,unclear,,9.7,none,1000.082
2026-09-26 22:21:09,other,,16.4,none,1000.082
2026-09-26 22:21:12,other,,15.8,none,1000.082
2026-09-26 22:21:15,time,bit_errors,17.4,failed,1000.082
2026-09-26 22:21:18,unclear,,9.1,none,1000.082
2026-09-26 22:21:21,unclear,,8.2,none,1000.082
2026-09-26 22:21:24,other,,16.5,none,1000.082
2026-09-26 22:21:27,idle,,7.5,none,1000.082
2026-09-26 22:21:30,unclear,,8.4,none,1000.082
2026-09-26 22:21:33,other,,16.1,none,1000.082
2026-09-26 22:21:36,time,bit_errors,16.2,decoded,1000.082
2026-09-26 22:21:39,unclear,,9.6,none,1000.082
2026-09-26 22:21:42,other,,16.2,none,1000.082
2026-09-26 22:21:45,other,,16.6,none,1000.082
2026-09-26 22:21:48,time,bit_errors,16.3,none,1000.082
2026-09-26 22:21:51,idle,,7.5,none,1000.082
2026-09-26 22:21:54,unclear,,8.1,none,1000.082
2026-09-26 22:21:57,other,,16.9,none,1000.082
2026-09-26 22:22:00,idle,,7.1,none,1000.082
2026-09-26 22:22:03,time,crc_ok,16.0,decoded,1000.082
2026-09-26 22:22:06,idle,,7.6,none,1000.082
2026-09-26 22:22:09,unclear,,8.6,none,1000.082
2026-09-26 22:22:12,unclear,,8.7,none,1000.082
2026-09-26 22:22:15,other,,17.0,none,1000.082
2026-09-26 22:22:18,other,,16.0,none,1000.082
2026-09-26 22:22:21,unclear,,8.9,none,1000.082
2026-09-26 22:22:24,unclear,,9.0,none,1000.082
2026-09-26 22:22:27,unclear,,10.1,none,1000.082
2026-09-26 22:22:30,unclear,,9.0,none,1000.082
2026-09-26 22:22:33,other,,14.9,none,1000.082
2026-09-26 22:22:36,other,,16.6,none,1000.082
2026-09-26 22:22:39,time,crc_ok,16.7,confirmed,1000.082
2026-09-26 22:22:42,other,,17.2,none,1000.082
2026-09-26 22:22:45,time,crc_ok,18.3,confirmed,1000.082
2026-09-26 22:22:48,time,bit_errors,17.2,confirmed,1000.082
2026-09-26 22:22:51,other,,17.7,none,1000.082
2026-09-26 22:22:54,unclear,,9.1,none,1000.082
2026-09-26 22:22:57,unclear,,11.0,none,1000.082
2026-09-26 22:23:00,other,,18.0,failed,1000.082
2026-09-26 22:23:03,time,crc_ok,17.0,failed,1000.082
2026-09-26 22:23:06,other,,19.2,none,1000.082
2026-09-26 22:23:09,time,bit_errors,17.5,confirmed,1000.082
2026-09-26 22:23:12,time,crc_ok,17.4,confirmed,1000.082
2026-09-26 22:23:15,unclear,,10.2,none,1000.082
2026-09-26 22:23:18,time,crc_ok,17.2,failed,1000.082
2026-09-26 22:23:21,time,crc_ok,17.5,confirmed,1000.082
2026-09-26 22:23:24,unclear,,10.7,none,1000.082
2026-09-26 22:23:27,unclear,,8.6,none,1000.082
2026-09-26 22:23:30,other,,16.7,none,1000.082
2026-09-26 22:23:33,other,,17.0,none,1000.082
2026-09-26 22:23:36,unclear,,9.9,none,1000.082
2026-09-26 22:23:39,other,,16.5,none,1000.082
2026-09-26 22:23:42,unclear,,9.6,none,1000.082
2026-09-26 22:23:45,unclear,,10.6,none,1000.082
2026-09-26 22:23:48,unclear,,10.6,none,1000.082
2026-09-26 22:23:51,unclear,,9.7,none,1000.082
2026-09-26 22:23:54,unclear,,10.0,none,1000.082
2026-09-26 22:23:57,time,bit_errors,17.0,confirmed,1000.082
2026-09-26 22:24:00,unclear,,10.4,none,1000.082
2026-09-26 22:24:03,time,bit_errors,17.4,confirmed,1000.082
2026-09-26 22:24:06,unclear,,11.0,none,1000.082
2026-09-26 22:24:09,other,,17.8,failed,1000.082
2026-09-26 22:24:12,unclear,,10.9,none,1000.082
2026-09-26 22:24:15,unclear,,11.4,none,1000.082
2026-09-26 22:24:18,unclear,,11.0,none,1000.082
2026-09-26 22:24:21,unclear,,9.9,none,1000.082
2026-09-26 22:24:24,unclear,,10.2,none,1000.082
2026-09-26 22:24:27,other,,17.6,none,1000.082
2026-09-26 22:24:30,unclear,,11.2,none,1000.082
2026-09-26 22:24:33,other,,17.5,none,1000.082
2026-09-26 22:24:36,time,bit_errors,15.9,confirmed,1000.082
2026-09-26 22:24:39,other,,17.4,none,1000.082
2026-09-26 22:24:42,other,,18.2,none,1000.082
2026-09-26 22:24:45,unclear,,9.7,none,1000.082
2026-09-26 22:24:48,time,crc_ok,16.5,confirmed,1000.082
2026-09-26 22:24:51,other,,17.1,failed,1000.082
2026-09-26 22:24:54,unclear,,10.2,none,1000.082
2026-09-26 22:24:57,unclear,,10.8,none,1000.082
2026-09-26 22:25:00,time,bit_errors,18.3,confirmed,1000.082
2026-09-26 22:25:03,time,bit_errors,17.3,confirmed,1000.082
2026-09-26 22:25:06,unclear,,10.6,none,1000.082
2026-09-26 22:25:09,other,,19.8,none,1000.082
2026-09-26 22:25:12,time,crc_ok,19.9,failed,1000.082
2026-09-26 22:25:15,unclear,,13.9,none,1000.082
2026-09-26 22:25:18,unclear,,13.7,none,1000.082
2026-09-26 22:25:21,unclear,,14.9,none,1000.082
2026-09-26 22:25:24,unclear,,16.2,none,1000.082
2026-09-26 22:25:27,time,bit_errors,23.3,none,1000.082
2026-09-26 22:25:30,unclear,,19.8,none,1000.082
2026-09-26 22:25:33,unclear,,24.7,none,1000.082
2026-09-26 22:25:36,unclear,,80.4,none,1000.082
2026-09-26 22:25:39,unclear,,18.4,none,1000.082
2026-09-26 22:25:42,unclear,,17.7,none,1000.082
2026-09-26 22:25:45,unclear,,18.2,none,1000.082
2026-09-26 22:25:48,time,bit_errors,23.0,none,1000.082
2026-09-26 22:25:51,other,,22.9,none,1000.082
2026-09-26 22:25:54,unclear,,71.3,none,1000.082
2026-09-26 22:25:57,unclear,,17.6,none,1000.082
2026-09-26 22:26:00,unclear,,22.5,none,1000.082
2026-09-26 22:26:03,time,bit_errors,21.5,none,1000.082
2026-09-26 22:26:06,other,,21.2,none,1000.082
2026-09-26 22:26:09,unclear,,16.4,none,1000.082
2026-09-26 22:26:12,other,,22.9,none,1000.082
2026-09-26 22:26:15,unclear,,62.3,failed,1000.082
2026-09-26 22:26:18,unclear,,23.5,none,1000.082
2026-09-26 22:26:21,unclear,,17.1,none,1000.082
2026-09-26 22:26:24,unclear,,65.5,none,1000.082
2026-09-26 22:26:27,unclear,,126.4,none,1000.082
2026-09-26 22:26:30,unclear,,74.7,none,1000.082
2026-09-26 22:26:33,unclear,,76.5,none,1000.082
2026-09-26 22:26:36,unclear,,70.4,none,1000.082
2026-09-26 22:26:39,unclear,,73.6,none,1000.082
2026-09-26 22:26:42,unclear,,25.5,none,1000.082
2026-09-26 22:26:45,unclear,,28.1,none,1000.082
2026-09-26 22:26:48,unclear,,107.6,none,1000.082
2026-09-26 22:26:51,unclear,,23.6,none,1000.082
2026-09-26 22:26:54,unclear,,98.6,none,1000.082
2026-09-26 22:26:57,unclear,,305.9,none,1000.082
2026-09-26 22:27:00,unclear,,189.3,none,1000.082
2026-09-26 22:27:03,unclear,,138.0,none,1000.082
2026-09-26 22:27:06,unclear,,171.6,none,1000.082
2026-09-26 22:27:09,unclear,,146.5,none,1000.082
2026-09-26 22:27:12,unclear,,126.1,none,1000.082
2026-09-26 22:27:15,unclear,,185.9,none,1000.082
2026-09-26 22:27:18,unclear,,411.9,none,1000.082
2026-09-26 22:27:21,unclear,,167.5,none,1000.082
2026-09-26 22:27:24,unclear,,231.8,none,1000.082
2026-09-26 22:27:27,unclear,,115.6,none,1000.082
2026-09-26 22:27:30,unclear,,233.2,none,1000.082
2026-09-26 22:27:33,unclear,,216.6,none,1000.082
2026-09-26 22:27:36,unclear,,102.6,none,1000.082
2026-09-26 22:27:39,unclear,,181.4,none,1000.082
2026-09-26 22:27:42,unclear,,113.6,none,1000.082
2026-09-26 22:27:45,unclear,,250.0,none,1000.082
2026-09-26 22:27:48,unclear,,184.2,none,1000.082
2026-09-26 22:27:51,unclear,,123.6,none,1000.082
2026-09-26 22:27:54,unclear,,120.2,none,1000.082
2026-09-26 22:27:57,unclear,,125.3,none,1000.082
2026-09-26 22:28:00,unclear,,158.0,none,1000.082
2026-09-26 22:28:03,unclear,,166.0,none,1000.082
2026-09-26 22:28:06,unclear,,448.4,none,1000.082
2026-09-26 22:28:09,unclear,,249.6,none,1000.082
2026-09-26 22:28:12,unclear,,254.3,none,1000.082
2026-09-26 22:28:15,unclear,,268.6,none,1000.082
2026-09-26 22:28:18,unclear,,200.7,none,1000.082
2026-09-26 22:28:21,unclear,,27.7,none,1000.082
2026-09-26 22:28:24,unclear,,144.1,none,1000.082
2026-09-26 22:28:27,unclear,,21.1,none,1000.082
2026-09-26 22:28:30,unclear,,20.4,none,1000.082
2026-09-26 22:28:33,unclear,,24.5,none,1000.082
2026-09-26 22:28:36,other,,24.7,none,1000.082
2026-09-26 22:28:39,time,bit_errors,25.1,none,1000.082
2026-09-26 22:28:42,time,bit_errors,23.7,none,1000.082
2026-09-26 22:28:45,unclear,,66.8,none,1000.082
2026-09-26 22:28:48,unclear,,22.0,none,1000.082
2026-09-26 22:28:51,unclear,,143.9,none,1000.082
2026-09-26 22:28:54,unclear,,16.2,none,1000.082
2026-09-26 22:28:57,unclear,,15.4,none,1000.082
2026-09-26 22:29:00,other,,21.4,none,1000.082
2026-09-26 22:29:03,time,bit_errors,20.9,confirmed,1000.082
2026-09-26 22:29:06,unclear,,13.6,none,1000.082
2026-09-26 22:29:09,unclear,,14.0,none,1000.082
2026-09-26 22:29:12,unclear,,15.9,none,1000.082
2026-09-26 22:29:15,other,,21.7,none,1000.082
2026-09-26 22:29:18,other,,20.9,none,1000.082
2026-09-26 22:29:21,unclear,,15.2,none,1000.082
2026-09-26 22:29:24,unclear,,17.0,none,1000.082
2026-09-26 22:29:27,unclear,,16.0,none,1000.082
2026-09-26 22:29:30,unclear,,14.7,none,1000.082
2026-09-26 22:29:33,unclear,,21.3,none,1000.082
2026-09-26 22:29:36,unclear,,15.5,none,1000.082
2026-09-26 22:29:39,other,,19.4,failed,1000.082
2026-09-26 22:29:42,unclear,,20.8,none,1000.082
2026-09-26 22:29:45,unclear,,14.6,none,1000.082
2026-09-26 22:29:48,time,crc_ok,20.0,failed,1000.082
2026-09-26 22:29:51,unclear,,14.9,none,1000.082
2026-09-26 22:29:54,other,,19.7,none,1000.082
2026-09-26 22:29:57,time,bit_errors,20.1,none,1000.082
2026-09-26 22:30:00,unclear,,11.0,none,1000.082
2026-09-26 22:30:03,time,bit_errors,18.6,failed,1000.082
2026-09-26 22:30:06,unclear,,10.9,none,1000.082
2026-09-26 22:30:09,other,,19.8,none,1000.082
2026-09-26 22:30:12,other,,18.5,none,1000.082
2026-09-26 22:30:15,unclear,,11.9,none,1000.082
2026-09-26 22:30:18,other,,18.9,none,1000.082
2026-09-26 22:30:21,unclear,,13.0,none,1000.082
2026-09-26 22:30:24,other,,18.8,none,1000.082
2026-09-26 22:30:27,time,bit_errors,18.0,none,1000.082
2026-09-26 22:30:30,unclear,,13.9,none,1000.082
2026-09-26 22:30:33,other,,18.3,none,1000.082
2026-09-26 22:30:36,unclear,,12.6,none,1000.082
2026-09-26 22:30:39,unclear,,12.5,none,1000.082
2026-09-26 22:30:42,unclear,,12.3,none,1000.082
2026-09-26 22:30:45,other,,19.6,none,1000.082
2026-09-26 22:30:48,time,bit_errors,17.5,none,1000.082
2026-09-26 22:30:51,unclear,,13.2,none,1000.082
2026-09-26 22:30:54,unclear,,12.3,none,1000.082
2026-09-26 22:31:00,unclear,,12.6,none,1000.081
2026-09-26 22:31:03,time,bit_errors,18.5,none,1000.081
2026-09-26 22:31:06,unclear,,11.6,none,1000.081
2026-09-26 22:31:09,unclear,,10.9,none,1000.081
2026-09-26 22:31:12,other,,17.9,none,1000.081
2026-09-26 22:31:15,unclear,,10.7,none,1000.081
2026-09-26 22:31:18,other,,18.5,none,1000.081
2026-09-26 22:31:21,unclear,,10.2,none,1000.081
2026-09-26 22:31:24,unclear,,10.6,none,1000.081
2026-09-26 22:31:27,unclear,,10.5,none,1000.081
2026-09-26 22:31:30,time,crc_ok,17.0,none,1000.081
2026-09-26 22:31:33,other,,18.7,none,1000.081
2026-09-26 22:31:36,time,bit_errors,18.0,failed,1000.081
2026-09-26 22:31:39,unclear,,11.2,none,1000.081
2026-09-26 22:31:42,other,,17.8,none,1000.081
2026-09-26 22:31:45,other,,18.4,none,1000.081
2026-09-26 22:31:48,unclear,,11.0,none,1000.081
2026-09-26 22:31:51,other,,18.8,none,1000.081
2026-09-26 22:31:54,unclear,,10.7,none,1000.081
2026-09-26 22:31:57,unclear,,10.0,none,1000.081
2026-09-26 22:32:00,unclear,,10.9,none,1000.081
2026-09-26 22:32:03,time,bit_errors,17.1,failed,1000.081
2026-09-26 22:32:06,unclear,,12.5,none,1000.081
2026-09-26 22:32:09,other,,19.7,none,1000.081
2026-09-26 22:32:12,unclear,,12.6,none,1000.081
2026-09-26 22:32:15,other,,19.9,none,1000.081
2026-09-26 22:32:18,unclear,,13.4,none,1000.081
2026-09-26 22:32:21,unclear,,13.2,none,1000.081
2026-09-26 22:32:24,time,crc_ok,20.4,failed,1000.081
2026-09-26 22:32:27,unclear,,12.8,none,1000.081
2026-09-26 22:32:30,other,,18.1,none,1000.081
2026-09-26 22:32:33,other,,20.1,none,1000.081
2026-09-26 22:32:36,unclear,,13.1,none,1000.081
2026-09-26 22:32:39,time,crc_ok,18.8,failed,1000.081
2026-09-26 22:32:42,unclear,,12.1,none,1000.081
2026-09-26 22:32:45,other,,20.1,none,1000.081
2026-09-26 22:32:48,time,bit_errors,20.8,failed,1000.081
2026-09-26 22:32:51,time,bit_errors,18.7,failed,1000.081
2026-09-26 22:32:54,unclear,,11.6,none,1000.081
2026-09-26 22:32:57,other,,17.1,none,1000.081
2026-09-26 22:33:00,unclear,,11.8,none,1000.081
2026-09-26 22:33:03,time,crc_ok,17.6,none,1000.081
2026-09-26 22:33:06,unclear,,12.5,none,1000.081
2026-09-26 22:33:09,other,,19.0,none,1000.081
2026-09-26 22:33:12,unclear,,11.6,none,1000.081
2026-09-26 22:33:15,time,crc_ok,18.4,failed,1000.081
2026-09-26 22:33:18,other,,19.5,none,1000.081
2026-09-26 22:33:21,time,crc_ok,19.2,failed,1000.081
2026-09-26 22:33:24,unclear,,12.9,none,1000.081
2026-09-26 22:33:27,other,,18.7,none,1000.081
2026-09-26 22:33:30,unclear,,10.1,none,1000.081
2026-09-26 22:33:33,other,,16.7,none,1000.081
2026-09-26 22:33:36,unclear,,11.8,none,1000.081
2026-09-26 22:33:39,other,,18.3,none,1000.081
2026-09-26 22:33:42,unclear,,9.7,none,1000.081
2026-09-26 22:33:45,time,bit_errors,17.5,failed,1000.081
2026-09-26 22:33:48,unclear,,10.7,none,1000.081
2026-09-26 22:33:51,unclear,,9.7,none,1000.081
2026-09-26 22:33:54,time,bit_errors,17.2,none,1000.081
2026-09-26 22:33:57,unclear,,9.9,none,1000.081
2026-09-26 22:34:00,other,,17.5,none,1000.081
2026-09-26 22:34:03,time,bit_errors,17.2,failed,1000.081
2026-09-26 22:34:06,unclear,,10.1,none,1000.081
2026-09-26 22:34:09,other,,17.2,none,1000.081
2026-09-26 22:34:12,other,,16.8,none,1000.081
2026-09-26 22:34:15,unclear,,10.4,none,1000.081
2026-09-26 22:34:18,unclear,,9.2,none,1000.081
2026-09-26 22:34:21,other,,18.4,none,1000.081
2026-09-26 22:34:24,time,crc_ok,15.8,none,1000.081
2026-09-26 22:34:27,unclear,,11.2,none,1000.081
2026-09-26 22:34:30,other,,18.5,none,1000.081
2026-09-26 22:34:33,other,,17.1,none,1000.081
2026-09-26 22:34:36,unclear,,10.8,none,1000.081
2026-09-26 22:34:39,other,,17.0,none,1000.081
2026-09-26 22:34:42,time,bit_errors,15.7,failed,1000.081
2026-09-26 22:34:45,unclear,,10.2,none,1000.081
2026-09-26 22:34:48,unclear,,9.7,none,1000.081
2026-09-26 22:34:51,other,,16.7,failed,1000.081
2026-09-26 22:34:54,time,crc_ok,17.5,decoded,1000.081
2026-09-26 22:34:57,unclear,,9.0,none,1000.081
2026-09-26 22:35:00,unclear,,9.3,none,1000.081
2026-09-26 22:35:03,time,crc_ok,16.4,confirmed,1000.081
2026-09-26 22:35:06,unclear,,9.8,none,1000.081
2026-09-26 22:35:09,unclear,,11.1,none,1000.081
2026-09-26 22:35:12,unclear,,10.5,none,1000.081
2026-09-26 22:35:15,other,,17.6,none,1000.081
2026-09-26 22:35:18,time,bit_errors,17.5,failed,1000.081
2026-09-26 22:35:21,unclear,,11.5,none,1000.081
2026-09-26 22:35:24,other,,20.2,none,1000.081
2026-09-26 22:35:27,unclear,,13.7,none,1000.081
2026-09-26 22:35:30,time,crc_ok,18.7,confirmed,1000.081
2026-09-26 22:35:33,other,,18.5,none,1000.081
2026-09-26 22:35:36,unclear,,14.2,none,1000.081
2026-09-26 22:35:39,other,,18.9,none,1000.081
2026-09-26 22:35:42,other,,19.8,none,1000.081
2026-09-26 22:35:45,unclear,,14.9,none,1000.081
2026-09-26 22:35:48,time,crc_ok,20.1,none,1000.081
2026-09-26 22:35:51,unclear,,14.0,none,1000.081
2026-09-26 22:35:54,unclear,,19.6,failed,1000.081
2026-09-26 22:35:57,unclear,,14.5,none,1000.081
2026-09-26 22:36:00,unclear,,13.5,none,1000.081
2026-09-26 22:36:03,time,bit_errors,18.6,none,1000.081
2026-09-26 22:36:06,unclear,,15.1,none,1000.081
2026-09-26 22:36:09,other,,22.4,none,1000.081
2026-09-26 22:36:12,time,bit_errors,21.4,none,1000.081
2026-09-26 22:36:15,unclear,,15.8,none,1000.081
2026-09-26 22:36:18,time,bit_errors,21.5,none,1000.081
2026-09-26 22:36:21,unclear,,15.8,none,1000.081
2026-09-26 22:36:24,unclear,,24.0,failed,1000.081
2026-09-26 22:36:27,unclear,,128.4,none,1000.081
2026-09-26 22:36:30,unclear,,20.9,none,1000.081
2026-09-26 22:36:33,other,,25.3,none,1000.081
2026-09-26 22:36:36,unclear,,20.7,none,1000.081
2026-09-26 22:36:39,unclear,,21.6,none,1000.081
2026-09-26 22:36:42,unclear,,19.8,none,1000.081
2026-09-26 22:36:45,time,bit_errors,25.9,failed,1000.081
2026-09-26 22:36:48,unclear,,62.2,none,1000.081
2026-09-26 22:36:51,unclear,,19.3,none,1000.081
2026-09-26 22:36:54,other,,23.2,none,1000.081
2026-09-26 22:36:57,unclear,,20.4,none,1000.081
2026-09-26 22:37:00,other,,20.9,none,1000.081
2026-09-26 22:37:03,time,bit_errors,21.5,none,1000.081
2026-09-26 22:37:06,unclear,,16.6,none,1000.081
2026-09-26 22:37:09,other,,21.7,none,1000.081
2026-09-26 22:37:12,unclear,,16.2,none,1000.081
2026-09-26 22:37:15,unclear,,15.4,none,1000.081
2026-09-26 22:37:18,time,bit_errors,19.3,failed,1000.081
2026-09-26 22:37:21,time,bit_errors,19.8,none,1000.081
2026-09-26 22:37:24,unclear,,15.3,none,1000.081
2026-09-26 22:37:27,unclear,,15.4,none,1000.081
2026-09-26 22:37:30,time,bit_errors,19.2,none,1000.081
2026-09-26 22:37:33,other,,21.1,none,1000.081
2026-09-26 22:37:36,time,crc_ok,20.9,none,1000.081
2026-09-26 22:37:39,unclear,,18.2,none,1000.081
2026-09-26 22:37:42,time,bit_errors,21.8,none,1000.081
2026-09-26 22:37:45,other,,22.1,none,1000.081
2026-09-26 22:37:48,unclear,,17.8,none,1000.081
2026-09-26 22:37:51,time,crc_ok,22.8,failed,1000.081
2026-09-26 22:37:54,unclear,,16.2,none,1000.081
2026-09-26 22:37:57,unclear,,15.2,none,1000.081
2026-09-26 22:38:00,unclear,,15.4,none,1000.081
2026-09-26 22:38:03,time,bit_errors,20.6,failed,1000.081
2026-09-26 22:38:06,unclear,,13.9,none,1000.081
2026-09-26 22:38:09,other,,20.8,none,1000.081
2026-09-26 22:38:12,unclear,,14.1,none,1000.081
2026-09-26 22:38:15,other,,20.0,none,1000.081
2026-09-26 22:38:18,unclear,,13.7,none,1000.081
2026-09-26 22:38:21,unclear,,14.7,none,1000.081
2026-09-26 22:38:24,time,bit_errors,20.5,none,1000.081
2026-09-26 22:38:27,unclear,,15.8,none,1000.081
2026-09-26 22:38:30,unclear,,15.7,none,1000.081
2026-09-26 22:38:33,unclear,,21.6,none,1000.081
2026-09-26 22:38:36,unclear,,17.1,none,1000.081
2026-09-26 22:38:39,other,,20.7,none,1000.081
2026-09-26 22:38:42,unclear,,21.0,none,1000.081
2026-09-26 22:38:45,unclear,,14.9,none,1000.081
2026-09-26 22:38:48,unclear,,20.8,none,1000.081
2026-09-26 22:38:51,time,bit_errors,20.1,confirmed,1000.081
2026-09-26 22:38:54,unclear,,13.0,none,1000.081
2026-09-26 22:38:57,other,,17.7,none,1000.081
2026-09-26 22:39:00,other,,19.9,none,1000.081
2026-09-26 22:39:03,time,bit_errors,18.7,confirmed,1000.081
2026-09-26 22:39:06,unclear,,11.8,none,1000.081
2026-09-26 22:39:09,other,,19.0,none,1000.081
2026-09-26 22:39:12,unclear,,13.1,none,1000.081
2026-09-26 22:39:15,time,bit_errors,18.9,confirmed,1000.081
2026-09-26 22:39:18,time,bit_errors,17.6,confirmed,1000.081
2026-09-26 22:39:21,time,crc_ok,18.0,confirmed,1000.081
2026-09-26 22:39:24,unclear,,12.0,none,1000.081
2026-09-26 22:39:27,time,crc_ok,18.9,confirmed,1000.081
2026-09-26 22:39:30,other,,18.7,failed,1000.081
2026-09-26 22:39:33,other,,18.8,none,1000.081
2026-09-26 22:39:36,unclear,,12.2,none,1000.081
2026-09-26 22:39:39,time,crc_ok,18.8,confirmed,1000.081
2026-09-26 22:39:42,unclear,,13.7,none,1000.081
2026-09-26 22:39:45,other,,21.1,none,1000.081
2026-09-26 22:39:48,unclear,,15.3,none,1000.081
2026-09-26 22:39:51,unclear,,16.7,none,1000.081
2026-09-26 22:39:54,other,,21.6,none,1000.081
2026-09-26 22:39:57,unclear,,17.5,none,1000.081
2026-09-26 22:40:00,unclear,,16.6,none,1000.081
2026-09-26 22:40:03,time,bit_errors,20.6,none,1000.081
2026-09-26 22:40:06,other,,23.7,none,1000.081
2026-09-26 22:40:09,unclear,,18.0,none,1000.081
2026-09-26 22:40:12,time,bit_errors,23.1,failed,1000.081
2026-09-26 22:40:15,unclear,,18.0,none,1000.081
2026-09-26 22:40:18,unclear,,17.4,none,1000.081
2026-09-26 22:40:21,other,,23.2,none,1000.081
2026-09-26 22:40:24,other,,23.0,none,1000.081
2026-09-26 22:40:27,unclear,,16.8,none,1000.081
2026-09-26 22:40:30,other,,24.2,none,1000.081
2026-09-26 22:40:33,other,,24.2,none,1000.081
2026-09-26 22:40:36,unclear,,17.6,none,1000.081
2026-09-26 22:40:39,unclear,,21.7,none,1000.081
2026-09-26 22:40:42,time,bit_errors,19.6,none,1000.081
2026-09-26 22:40:45,unclear,,16.4,none,1000.081
2026-09-26 22:40:48,unclear,,15.5,none,1000.081
2026-09-26 22:40:51,other,,20.8,none,1000.081
2026-09-26 22:40:54,other,,18.8,none,1000.081
2026-09-26 22:41:00,unclear,,13.2,none,1000.081
2026-09-26 22:41:03,time,crc_ok,17.9,none,1000.081
2026-09-26 22:41:06,other,,19.6,none,1000.081
2026-09-26 22:41:09,time,crc_ok,19.4,failed,1000.081
2026-09-26 22:41:12,time,crc_ok,19.1,none,1000.081
2026-09-26 22:41:15,unclear,,11.8,none,1000.081
2026-09-26 22:41:18,time,crc_ok,18.8,none,1000.081
2026-09-26 22:41:21,other,,19.1,none,1000.081
2026-09-26 22:41:24,unclear,,13.1,none,1000.081
2026-09-26 22:41:27,unclear,,12.7,none,1000.081
2026-09-26 22:41:30,other,,20.1,none,1000.081
2026-09-26 22:41:33,other,,19.3,none,1000.081
2026-09-26 22:41:36,unclear,,12.5,none,1000.081
2026-09-26 22:41:39,other,,18.6,none,1000.081
2026-09-26 22:41:42,unclear,,13.2,none,1000.081
2026-09-26 22:41:45,unclear,,12.9,none,1000.081
2026-09-26 22:41:48,unclear,,12.8,none,1000.081
2026-09-26 22:41:51,unclear,,12.7,none,1000.081
2026-09-26 22:41:54,time,bit_errors,18.9,none,1000.081
2026-09-26 22:41:57,unclear,,12.9,none,1000.081
2026-09-26 22:42:00,unclear,,14.0,none,1000.081
2026-09-26 22:42:03,time,bit_errors,18.8,failed,1000.081
2026-09-26 22:42:06,unclear,,12.9,none,1000.081
2026-09-26 22:42:09,other,,19.4,none,1000.081
2026-09-26 22:42:12,unclear,,12.2,none,1000.081
2026-09-26 22:42:15,unclear,,13.2,none,1000.081
2026-09-26 22:42:18,unclear,,11.8,none,1000.081
2026-09-26 22:42:21,unclear,,12.4,none,1000.081
2026-09-26 22:42:24,other,,18.6,none,1000.081
2026-09-26 22:42:27,unclear,,11.7,none,1000.081
2026-09-26 22:42:30,unclear,,12.2,none,1000.081
2026-09-26 22:42:33,unclear,,17.1,none,1000.081
2026-09-26 22:42:36,time,bit_errors,17.8,failed,1000.081
2026-09-26 22:42:39,other,,18.7,none,1000.081
2026-09-26 22:42:42,time,bit_errors,19.8,failed,1000.081
2026-09-26 22:42:45,unclear,,12.8,none,1000.081
2026-09-26 22:42:48,other,,19.6,none,1000.081
2026-09-26 22:42:51,other,,18.9,none,1000.081
2026-09-26 22:42:54,unclear,,13.5,none,1000.081
2026-09-26 22:42:57,unclear,,12.8,none,1000.081
2026-09-26 22:43:00,time,crc_ok,19.0,failed,1000.081
2026-09-26 22:43:03,time,crc_ok,18.9,none,1000.081
2026-09-26 22:43:06,unclear,,13.7,none,1000.081
2026-09-26 22:43:09,other,,20.6,none,1000.081
2026-09-26 22:43:12,unclear,,14.0,none,1000.081
2026-09-26 22:43:15,unclear,,13.6,none,1000.081
2026-09-26 22:43:18,other,,20.0,none,1000.081
2026-09-26 22:43:21,unclear,,13.3,none,1000.081
2026-09-26 22:43:24,unclear,,14.3,none,1000.081
2026-09-26 22:43:27,other,,17.0,none,1000.081
2026-09-26 22:43:30,unclear,,13.4,none,1000.081
2026-09-26 22:43:33,other,,21.5,none,1000.081
2026-09-26 22:43:36,time,bit_errors,18.7,failed,1000.081
2026-09-26 22:43:39,unclear,,12.7,none,1000.081
2026-09-26 22:43:42,unclear,,12.3,none,1000.081
2026-09-26 22:43:45,unclear,,12.0,none,1000.081
2026-09-26 22:43:48,time,crc_ok,17.7,failed,1000.081
2026-09-26 22:43:51,time,bit_errors,18.0,none,1000.081
2026-09-26 22:43:54,time,bit_errors,18.8,failed,1000.081
2026-09-26 22:43:57,unclear,,12.1,none,1000.081
2026-09-26 22:44:00,time,crc_ok,19.5,failed,1000.081
2026-09-26 22:44:03,time,crc_ok,18.1,failed,1000.081
2026-09-26 22:44:06,unclear,,11.4,none,1000.081
2026-09-26 22:44:09,unclear,,12.3,none,1000.081
2026-09-26 22:44:12,unclear,,11.7,none,1000.081
2026-09-26 22:44:15,other,,18.9,none,1000.081
2026-09-26 22:44:18,time,bit_errors,17.0,none,1000.081
2026-09-26 22:44:21,unclear,,11.1,none,1000.081
2026-09-26 22:44:24,time,crc_ok,17.6,decoded,1000.081
2026-09-26 22:44:27,unclear,,11.4,none,1000.081
2026-09-26 22:44:30,time,bit_errors,17.5,confirmed,1000.081
2026-09-26 22:44:33,other,,17.6,none,1000.081
2026-09-26 22:44:36,unclear,,11.1,none,1000.081
2026-09-26 22:44:39,other,,17.3,failed,1000.081
2026-09-26 22:44:42,time,bit_errors,17.0,failed,1000.081
2026-09-26 22:44:45,unclear,,11.2,none,1000.081
2026-09-26 22:44:48,other,,17.6,failed,1000.081
2026-09-26 22:44:51,unclear,,11.1,none,1000.081
2026-09-26 22:44:54,unclear,,10.3,none,1000.081
2026-09-26 22:44:57,unclear,,11.4,none,1000.081
2026-09-26 22:45:00,other,,18.5,failed,1000.081
2026-09-26 22:45:03,time,bit_errors,16.9,failed,1000.081
2026-09-26 22:45:06,unclear,,10.4,none,1000.081
2026-09-26 22:45:09,other,,16.4,none,1000.081
2026-09-26 22:45:12,other,,18.2,none,1000.081
2026-09-26 22:45:15,unclear,,9.7,none,1000.081
2026-09-26 22:45:18,time,bit_errors,16.4,failed,1000.081
2026-09-26 22:45:21,unclear,,9.1,none,1000.081
2026-09-26 22:45:24,unclear,,10.2,none,1000.081
2026-09-26 22:45:27,unclear,,8.2,none,1000.081
2026-09-26 22:45:30,other,,16.5,failed,1000.081
2026-09-26 22:45:33,other,,15.9,none,1000.081
2026-09-26 22:45:36,unclear,,9.5,none,1000.081
2026-09-26 22:45:39,unclear,,10.0,none,1000.081
2026-09-26 22:45:42,unclear,,10.4,none,1000.081
2026-09-26 22:45:45,time,bit_errors,16.4,confirmed,1000.081
2026-09-26 22:45:48,other,,17.0,none,1000.081
2026-09-26 22:45:51,unclear,,9.2,none,1000.081
2026-09-26 22:45:54,other,,16.7,none,1000.081
2026-09-26 22:45:57,unclear,,9.5,none,1000.081
2026-09-26 22:46:00,time,bit_errors,17.0,decoded,1000.081
2026-09-26 22:46:03,time,crc_ok,16.8,decoded,1000.081
2026-09-26 22:46:06,other,,17.5,none,1000.081
2026-09-26 22:46:09,other,,17.3,none,1000.081
2026-09-26 22:46:12,unclear,,10.0,none,1000.081
2026-09-26 22:46:15,unclear,,10.3,none,1000.081
2026-09-26 22:46:18,unclear,,10.1,none,1000.081
2026-09-26 22:46:21,time,crc_ok,17.1,decoded,1000.081
2026-09-26 22:46:24,unclear,,9.1,none,1000.081
2026-09-26 22:46:27,unclear,,9.8,none,1000.081
2026-09-26 22:46:30,time,crc_ok,16.7,none,1000.081
2026-09-26 22:46:33,other,,17.4,failed,1000.081
2026-09-26 22:46:36,other,,17.2,none,1000.081
2026-09-26 22:46:39,unclear,,9.4,none,1000.081
2026-09-26 22:46:42,time,crc_ok,16.5,confirmed,1000.081
2026-09-26 22:46:45,time,crc_ok,16.7,failed,1000.081
2026-09-26 22:46:48,unclear,,9.5,none,1000.081
2026-09-26 22:46:51,other,,17.3,none,1000.081
2026-09-26 22:46:54,unclear,,10.1,none,1000.081
2026-09-26 22:46:57,unclear,,9.5,none,1000.081
2026-09-26 22:47:00,unclear,,9.6,none,1000.081
2026-09-26 22:47:03,time,crc_ok,17.6,decoded,1000.081
2026-09-26 22:47:06,other,,17.1,none,1000.081
2026-09-26 22:47:09,time,bit_errors,16.0,confirmed,1000.081
2026-09-26 22:47:12,time,crc_ok,16.6,confirmed,1000.081
2026-09-26 22:47:15,unclear,,8.7,none,1000.081
2026-09-26 22:47:18,other,,17.7,none,1000.081
2026-09-26 22:47:21,other,,16.3,none,1000.081
2026-09-26 22:47:24,unclear,,10.3,none,1000.081
2026-09-26 22:47:27,unclear,,9.8,none,1000.081
2026-09-26 22:47:30,time,bit_errors,17.3,confirmed,1000.081
2026-09-26 22:47:33,other,,17.5,none,1000.081
2026-09-26 22:47:36,unclear,,9.5,none,1000.081
2026-09-26 22:47:39,time,crc_ok,16.6,decoded,1000.081
2026-09-26 22:47:42,unclear,,10.3,none,1000.081
2026-09-26 22:47:45,unclear,,9.4,none,1000.081
2026-09-26 22:47:48,unclear,,9.7,none,1000.081
2026-09-26 22:47:51,unclear,,9.2,none,1000.081
2026-09-26 22:47:54,unclear,,9.7,none,1000.081
2026-09-26 22:47:57,unclear,,8.8,none,1000.081
2026-09-26 22:48:00,time,crc_ok,16.1,decoded,1000.081
2026-09-26 22:48:03,time,crc_ok,17.3,confirmed,1000.081
2026-09-26 22:48:06,unclear,,10.1,none,1000.081
2026-09-26 22:48:09,other,,17.1,none,1000.081
2026-09-26 22:48:12,unclear,,9.5,none,1000.081
2026-09-26 22:48:15,unclear,,9.6,none,1000.081
2026-09-26 22:48:18,unclear,,10.0,none,1000.081
2026-09-26 22:48:21,unclear,,9.7,none,1000.081
2026-09-26 22:48:24,unclear,,10.9,none,1000.081
2026-09-26 22:48:27,unclear,,10.5,none,1000.081
2026-09-26 22:48:30,other,,16.3,none,1000.081
2026-09-26 22:48:33,other,,17.7,none,1000.081
2026-09-26 22:48:36,time,crc_ok,19.1,none,1000.081
2026-09-26 22:48:39,other,,20.0,none,1000.081
2026-09-26 22:48:42,other,,18.1,none,1000.081
2026-09-26 22:48:45,unclear,,11.3,none,1000.081
2026-09-26 22:48:48,time,bit_errors,18.9,none,1000.081
2026-09-26 22:48:51,other,,18.3,none,1000.081
2026-09-26 22:48:54,unclear,,11.4,none,1000.081
2026-09-26 22:48:57,unclear,,11.7,none,1000.081
2026-09-26 22:49:00,other,,18.6,none,1000.081
2026-09-26 22:49:03,time,crc_ok,18.0,confirmed,1000.081
2026-09-26 22:49:06,other,,18.7,failed,1000.081
2026-09-26 22:49:09,time,crc_ok,17.0,confirmed,1000.081
2026-09-26 22:49:12,unclear,,11.4,none,1000.081
2026-09-26 22:49:15,unclear,,10.6,none,1000.081
2026-09-26 22:49:18,unclear,,11.1,none,1000.081
2026-09-26 22:49:21,unclear,,10.7,none,1000.081
2026-09-26 22:49:24,unclear,,12.1,none,1000.081
2026-09-26 22:49:27,time,crc_ok,17.7,decoded,1000.081
2026-09-26 22:49:30,unclear,,11.4,none,1000.081
2026-09-26 22:49:33,other,,17.6,none,1000.081
2026-09-26 22:49:36,time,crc_ok,16.4,confirmed,1000.081
2026-09-26 22:49:39,unclear,,9.4,none,1000.081
2026-09-26 22:49:42,unclear,,10.5,none,1000.081
2026-09-26 22:49:45,unclear,,10.4,none,1000.081
2026-09-26 22:49:48,other,,16.4,none,1000.081
2026-09-26 22:49:51,other,,17.2,none,1000.081
2026-09-26 22:49:54,other,,17.4,none,1000.081
2026-09-26 22:49:57,unclear,,9.5,none,1000.081
2026-09-26 22:50:00,other,,17.6,none,1000.081
2026-09-26 22:50:03,time,crc_ok,17.4,none,1000.081
2026-09-26 22:50:06,idle,,7.9,none,1000.081
2026-09-26 22:50:09,unclear,,9.4,failed,1000.081
2026-09-26 22:50:12,unclear,,9.8,none,1000.081
2026-09-26 22:50:15,other,,16.2,none,1000.081
2026-09-26 22:50:18,time,crc_ok,17.2,confirmed,1000.081
2026-09-26 22:50:21,unclear,,10.2,none,1000.081
2026-09-26 22:50:24,unclear,,9.6,none,1000.081
2026-09-26 22:50:27,other,,17.7,none,1000.081
2026-09-26 22:50:30,unclear,,11.0,none,1000.081
2026-09-26 22:50:33,other,,17.1,none,1000.081
2026-09-26 22:50:36,unclear,,10.3,none,1000.081
2026-09-26 22:50:39,time,crc_ok,16.6,confirmed,1000.081
2026-09-26 22:50:42,other,,16.8,none,1000.081
2026-09-26 22:50:45,unclear,,9.7,none,1000.081
2026-09-26 22:50:48,other,,17.3,none,1000.081
2026-09-26 22:50:51,unclear,,9.2,none,1000.081
2026-09-26 22:50:54,other,,17.0,none,1000.081
2026-09-26 22:51:00,time,crc_ok,17.8,none,1000.082
2026-09-26 22:51:03,time,bit_errors,17.0,none,1000.082
2026-09-26 22:51:06,unclear,,10.8,none,1000.082
2026-09-26 22:51:09,unclear,,16.9,none,1000.082
2026-09-26 22:51:12,time,bit_errors,16.8,failed,1000.082
2026-09-26 22:51:15,unclear,,9.3,none,1000.082
2026-09-26 22:51:18,other,,17.4,none,1000.082
2026-09-26 22:51:21,unclear,,9.0,none,1000.082
2026-09-26 22:51:24,time,crc_ok,17.0,failed,1000.082
2026-09-26 22:51:27,other,,16.4,none,1000.082
2026-09-26 22:51:30,time,crc_ok,16.8,none,1000.082
2026-09-26 22:51:33,other,,16.4,none,1000.082
2026-09-26 22:51:36,unclear,,10.3,none,1000.082
2026-09-26 22:51:39,unclear,,9.5,none,1000.082
2026-09-26 22:51:42,unclear,,9.5,none,1000.082
2026-09-26 22:51:45,time,crc_ok,16.6,failed,1000.082
2026-09-26 22:51:48,other,,17.4,none,1000.082
2026-09-26 22:51:51,unclear,,9.3,none,1000.082
2026-09-26 22:51:54,unclear,,9.6,none,1000.082
2026-09-26 22:51:57,time,crc_ok,17.2,failed,1000.082
2026-09-26 22:52:00,unclear,,10.2,none,1000.082
2026-09-26 22:52:03,time,bit_errors,16.9,failed,1000.082
2026-09-26 22:52:06,other,,17.2,none,1000.082
2026-09-26 22:52:09,unclear,,9.8,none,1000.082
2026-09-26 22:52:12,other,,16.9,failed,1000.082
2026-09-26 22:52:15,time,crc_ok,18.4,failed,1000.082
2026-09-26 22:52:18,other,,17.9,none,1000.082
2026-09-26 22:52:21,unclear,,12.4,none,1000.082
2026-09-26 22:52:24,unclear,,11.5,none,1000.082
2026-09-26 22:52:27,unclear,,10.4,none,1000.082
2026-09-26 22:52:30,time,crc_ok,17.0,failed,1000.082
2026-09-26 22:52:33,other,,17.4,none,1000.082
2026-09-26 22:52:36,time,bit_errors,16.8,failed,1000.082
2026-09-26 22:52:39,unclear,,10.5,none,1000.082
2026-09-26 22:52:42,other,,18.5,none,1000.082
2026-09-26 22:52:45,other,,16.9,none,1000.082
2026-09-26 22:52:48,unclear,,10.4,none,1000.082
2026-09-26 22:52:51,time,crc_ok,17.2,decoded,1000.082
2026-09-26 22:52:54,unclear,,9.9,none,1000.082
2026-09-26 22:52:57,unclear,,10.6,none,1000.082
2026-09-26 22:53:00,unclear,,10.4,none,1000.082
2026-09-26 22:53:03,time,bit_errors,17.4,confirmed,1000.082
2026-09-26 22:53:06,other,,18.4,failed,1000.082
2026-09-26 22:53:09,time,bit_errors,18.1,confirmed,1000.082
2026-09-26 22:53:12,time,bit_errors,17.8,none,1000.082
2026-09-26 22:53:15,unclear,,11.7,none,1000.082
2026-09-26 22:53:18,time,bit_errors,19.0,failed,1000.082
2026-09-26 22:53:21,other,,18.9,none,1000.082
2026-09-26 22:53:24,unclear,,11.8,none,1000.082
2026-09-26 22:53:27,other,,18.2,none,1000.082
2026-09-26 22:53:30,time,bit_errors,18.0,confirmed,1000.082
2026-09-26 22:53:33,other,,17.4,none,1000.082
2026-09-26 22:53:36,unclear,,10.8,none,1000.082
2026-09-26 22:53:39,other,,18.4,none,1000.082
2026-09-26 22:53:42,unclear,,11.4,none,1000.082
2026-09-26 22:53:45,unclear,,10.3,none,1000.082
2026-09-26 22:53:48,unclear,,10.6,none,1000.082
2026-09-26 22:53:51,unclear,,11.2,none,1000.082
2026-09-26 22:53:54,other,,18.5,none,1000.082
2026-09-26 22:53:57,other,,18.3,failed,1000.082
2026-09-26 22:54:00,unclear,,10.5,none,1000.082
2026-09-26 22:54:03,time,crc_ok,16.8,none,1000.082
2026-09-26 22:54:06,unclear,,10.2,none,1000.082
2026-09-26 22:54:09,other,,16.6,none,1000.082
2026-09-26 22:54:12,unclear,,10.1,none,1000.082
2026-09-26 22:54:15,unclear,,10.1,none,1000.082
2026-09-26 22:54:18,unclear,,9.1,none,1000.082
2026-09-26 22:54:21,unclear,,9.9,none,1000.082
2026-09-26 22:54:24,time,crc_ok,16.9,decoded,1000.082
2026-09-26 22:54:27,other,,17.7,none,1000.082
2026-09-26 22:54:30,unclear,,10.1,none,1000.082
2026-09-26 22:54:33,other,,17.1,none,1000.082
2026-09-26 22:54:36,other,,17.2,none,1000.082
2026-09-26 22:54:39,other,,17.2,none,1000.082
2026-09-26 22:54:42,other,,17.1,none,1000.082
2026-09-26 22:54:45,unclear,,10.2,none,1000.082
2026-09-26 22:54:48,time,crc_ok,16.8,confirmed,1000.082
2026-09-26 22:54:51,other,,18.2,none,1000.082
2026-09-26 22:54:54,unclear,,10.6,none,1000.082
2026-09-26 22:54:57,time,bit_errors,16.9,none,1000.082
2026-09-26 22:55:00,other,,16.2,none,1000.082
2026-09-26 22:55:03,time,bit_errors,16.9,none,1000.082
2026-09-26 22:55:06,unclear,,10.2,none,1000.082
2026-09-26 22:55:09,other,,16.8,none,1000.082
2026-09-26 22:55:12,time,bit_errors,16.8,failed,1000.082
2026-09-26 22:55:15,other,,18.3,none,1000.082
2026-09-26 22:55:18,time,bit_errors,18.3,confirmed,1000.082
2026-09-26 22:55:21,unclear,,11.1,none,1000.082
2026-09-26 22:55:24,unclear,,10.8,none,1000.082
2026-09-26 22:55:27,time,crc_ok,17.3,confirmed,1000.082
2026-09-26 22:55:30,unclear,,11.9,none,1000.082
2026-09-26 22:55:33,other,,18.2,none,1000.082
2026-09-26 22:55:36,other,,19.3,none,1000.082
2026-09-26 22:55:39,unclear,,11.0,none,1000.082
2026-09-26 22:55:42,unclear,,11.9,none,1000.082
2026-09-26 22:55:45,unclear,,11.5,none,1000.082
2026-09-26 22:55:48,time,crc_ok,16.4,none,1000.082
2026-09-26 22:55:51,other,,18.2,none,1000.082
2026-09-26 22:55:54,time,crc_ok,16.2,none,1000.082
2026-09-26 22:55:57,unclear,,11.5,none,1000.082
2026-09-26 22:56:00,other,,17.8,none,1000.082
2026-09-26 22:56:03,time,bit_errors,18.0,none,1000.082
2026-09-26 22:56:06,unclear,,12.4,none,1000.082
2026-09-26 22:56:09,other,,18.6,none,1000.082
2026-09-26 22:56:12,unclear,,13.0,none,1000.082
2026-09-26 22:56:15,time,bit_errors,19.2,none,1000.082
2026-09-26 22:56:18,unclear,,13.0,none,1000.082
2026-09-26 22:56:21,unclear,,12.9,none,1000.082
2026-09-26 22:56:24,other,,18.4,none,1000.082
2026-09-26 22:56:27,unclear,,13.9,none,1000.082
2026-09-26 22:56:30,unclear,,12.1,none,1000.082
2026-09-26 22:56:33,other,,18.9,none,1000.082
2026-09-26 22:56:36,unclear,,13.5,none,1000.082
2026-09-26 22:56:39,other,,17.6,none,1000.082
2026-09-26 22:56:42,unclear,,12.5,none,1000.082
2026-09-26 22:56:45,time,bit_errors,18.5,confirmed,1000.082
2026-09-26 22:56:48,time,bit_errors,16.9,confirmed,1000.082
2026-09-26 22:56:51,time,bit_errors,20.9,none,1000.082
2026-09-26 22:56:54,unclear,,13.1,none,1000.082
2026-09-26 22:56:57,unclear,,12.2,none,1000.082
2026-09-26 22:57:00,unclear,,13.0,none,1000.082
2026-09-26 22:57:03,time,bit_errors,19.3,confirmed,1000.082
2026-09-26 22:57:06,unclear,,11.6,none,1000.082
2026-09-26 22:57:09,unclear,,18.0,none,1000.082
2026-09-26 22:57:12,unclear,,11.6,none,1000.082
2026-09-26 22:57:15,time,crc_ok,16.9,confirmed,1000.082
2026-09-26 22:57:18,time,crc_ok,16.7,confirmed,1000.082
2026-09-26 22:57:21,other,,18.0,none,1000.082
2026-09-26 22:57:24,unclear,,10.4,none,1000.082
2026-09-26 22:57:27,unclear,,10.1,none,1000.082
2026-09-26 22:57:30,unclear,,10.9,none,1000.082
2026-09-26 22:57:33,other,,18.7,none,1000.082
2026-09-26 22:57:36,unclear,,12.0,none,1000.082
2026-09-26 22:57:39,time,bit_errors,18.4,failed,1000.082
2026-09-26 22:57:42,unclear,,11.5,none,1000.082
2026-09-26 22:57:45,other,,18.5,none,1000.082
2026-09-26 22:57:48,unclear,,9.8,none,1000.082
2026-09-26 22:57:51,unclear,,9.4,none,1000.082
2026-09-26 22:57:54,other,,17.4,none,1000.082
2026-09-26 22:57:57,unclear,,10.6,none,1000.082
2026-09-26 22:58:00,unclear,,9.2,none,1000.082
2026-09-26 22:58:03,time,bit_errors,16.4,decoded,1000.082
2026-09-26 22:58:06,unclear,,10.5,none,1000.082
2026-09-26 22:58:09,unclear,,9.3,none,1000.082
2026-09-26 22:58:12,unclear,,10.5,none,1000.082
2026-09-26 22:58:15,unclear,,9.4,none,1000.082
2026-09-26 22:58:18,unclear,,9.8,none,1000.082
2026-09-26 22:58:21,other,,17.9,none,1000.082
2026-09-26 22:58:24,time,crc_ok,15.8,failed,1000.082
2026-09-26 22:58:27,unclear,,10.5,none,1000.082
2026-09-26 22:58:30,time,bit_errors,17.7,failed,1000.082
2026-09-26 22:58:33,other,,17.4,none,1000.082
2026-09-26 22:58:36,unclear,,10.5,none,1000.082
2026-09-26 22:58:39,time,crc_ok,19.1,confirmed,1000.082
2026-09-26 22:58:42,time,bit_errors,17.2,failed,1000.082
2026-09-26 22:58:45,unclear,,12.3,none,1000.082
2026-09-26 22:58:48,unclear,,12.4,none,1000.082
2026-09-26 22:58:51,other,,19.2,none,1000.082
2026-09-26 22:58:54,time,crc_ok,17.2,decoded,1000.082
2026-09-26 22:58:57,unclear,,13.1,none,1000.082
2026-09-26 22:59:00,unclear,,11.9,none,1000.082
2026-09-26 22:59:03,time,bit_errors,18.1,failed,1000.082
2026-09-26 22:59:06,unclear,,11.5,none,1000.082
2026-09-26 22:59:09,other,,16.5,none,1000.082
2026-09-26 22:59:12,idle,,6.6,none,1000.082
2026-09-26 22:59:15,time,crc_ok,15.5,decoded,1000.082
2026-09-26 22:59:18,idle,,7.1,none,1000.082
2026-09-26 22:59:21,idle,,7.2,none,1000.082
2026-09-26 22:59:24,idle,,7.0,none,1000.082
2026-09-26 22:59:27,idle,,6.9,none,1000.082
2026-09-26 22:59:30,other,,16.2,none,1000.082
2026-09-26 22:59:33,other,,16.1,none,1000.082
2026-09-26 22:59:36,idle,,6.7,none,1000.082
2026-09-26 22:59:39,other,,15.9,failed,1000.082
2026-09-26 22:59:42,idle,,7.0,none,1000.082
2026-09-26 22:59:45,time,crc_ok,15.1,decoded,1000.082
2026-09-26 22:59:48,other,,16.5,none,1000.082
2026-09-26 22:59:51,other,,16.0,none,1000.082
2026-09-26 22:59:54,time,crc_ok,14.7,none,1000.082
2026-09-26 22:59:57,time,crc_ok,15.0,decoded,1000.082
2026-09-26 23:00:00,time,bit_errors,15.1,confirmed,1000.082
2026-09-26 23:00:03,time,bit_errors,15.4,confirmed,1000.082
2026-09-26 23:00:06,idle,,6.7,none,1000.082
2026-09-26 23:00:09,other,,16.1,none,1000.082
2026-09-26 23:00:12,idle,,6.7,none,1000.082
2026-09-26 23:00:15,other,,16.4,none,1000.082
2026-09-26 23:00:18,other,,15.6,failed,1000.082
2026-09-26 23:00:21,time,bit_errors,15.5,none,1000.082
2026-09-26 23:00:24,other,,15.9,failed,1000.082
2026-09-26 23:00:27,other,,16.1,none,1000.082
2026-09-26 23:00:30,other,,15.9,failed,1000.082
2026-09-26 23:00:33,other,,15.7,none,1000.082
2026-09-26 23:00:36,idle,,6.8,none,1000.082
2026-09-26 23:00:39,other,,16.3,none,1000.082
2026-09-26 23:00:42,idle,,7.0,none,1000.082
2026-09-26 23:00:45,other,,15.7,failed,1000.082
2026-09-26 23:00:48,idle,,7.0,none,1000.082
2026-09-26 23:00:51,idle,,6.3,none,1000.082
2026-09-26 23:00:54,idle,,7.0,none,1000.082
2026-09-26 23:01:00,other,,15.6,none,1000.080
2026-09-26 23:01:03,time,crc_ok,14.6,decoded,1000.080
2026-09-26 23:01:06,other,,15.4,none,1000.080
2026-09-26 23:01:09,other,,15.8,none,1000.080
2026-09-26 23:01:12,other,,15.3,none,1000.080
2026-09-26 23:01:15,idle,,6.1,none,1000.080
2026-09-26 23:01:18,time,bit_errors,14.8,decoded,1000.080
2026-09-26 23:01:21,idle,,6.2,none,1000.080
2026-09-26 23:01:24,other,,15.7,none,1000.080
2026-09-26 23:01:27,idle,,5.8,none,1000.080
2026-09-26 23:01:30,other,,15.5,none,1000.080
2026-09-26 23:01:33,other,,15.1,none,1000.080
2026-09-26 23:01:36,idle,,5.8,none,1000.080
2026-09-26 23:01:39,other,,15.7,none,1000.080
2026-09-26 23:01:42,time,crc_ok,14.5,decoded,1000.080
2026-09-26 23:01:45,idle,,5.7,none,1000.080
2026-09-26 23:01:48,idle,,5.8,none,1000.080
2026-09-26 23:01:51,time,crc_ok,14.2,decoded,1000.080
2026-09-26 23:01:54,time,crc_ok,14.1,decoded,1000.080
2026-09-26 23:01:57,idle,,5.0,none,1000.080
2026-09-26 23:02:00,idle,,5.1,none,1000.080
2026-09-26 23:02:03,time,crc_ok,15.6,decoded,1000.080
2026-09-26 23:02:06,other,,15.2,none,1000.080
2026-09-26 23:02:09,idle,,4.6,none,1000.080
2026-09-26 23:02:12,other,,14.8,none,1000.080
2026-09-26 23:02:15,other,,14.8,failed,1000.080
2026-09-26 23:02:18,other,,15.3,none,1000.080
2026-09-26 23:02:21,idle,,4.6,none,1000.080
2026-09-26 23:02:24,idle,,5.1,none,1000.080
2026-09-26 23:02:27,idle,,4.9,none,1000.080
2026-09-26 23:02:30,idle,,4.8,none,1000.080
2026-09-26 23:02:33,other,,15.7,none,1000.080
2026-09-26 23:02:36,idle,,4.9,none,1000.080
2026-09-26 23:02:39,other,,14.7,none,1000.080
2026-09-26 23:02:42,time,crc_ok,14.3,decoded,1000.080
2026-09-26 23:02:45,other,,14.7,none,1000.080
2026-09-26 23:02:48,idle,,5.0,none,1000.080
2026-09-26 23:02:51,idle,,4.6,none,1000.080
2026-09-26 23:02:54,other,,14.8,none,1000.080
2026-09-26 23:02:57,idle,,4.6,none,1000.080
2026-09-26 23:03:00,idle,,4.7,none,1000.080
2026-09-26 23:03:03,time,crc_ok,14.9,decoded,1000.080
2026-09-26 23:03:06,idle,,4.9,none,1000.080
2026-09-26 23:03:09,other,,15.4,none,1000.080
2026-09-26 23:03:12,time,crc_ok,14.6,decoded,1000.080
2026-09-26 23:03:15,time,bit_errors,13.7,decoded,1000.080
2026-09-26 23:03:18,idle,,4.5,none,1000.080
2026-09-26 23:03:21,idle,,4.3,none,1000.080
2026-09-26 23:03:24,other,,14.9,none,1000.080
2026-09-26 23:03:27,idle,,4.2,none,1000.080
2026-09-26 23:03:30,idle,,3.9,none,1000.080
2026-09-26 23:03:33,other,,14.4,none,1000.080
2026-09-26 23:03:36,time,crc_ok,14.3,decoded,1000.080
2026-09-26 23:03:39,idle,,3.9,none,1000.080
2026-09-26 23:03:42,time,crc_ok,14.5,decoded,1000.080
2026-09-26 23:03:45,time,bit_errors,14.5,decoded,1000.080
2026-09-26 23:03:48,time,crc_ok,14.2,decoded,1000.080
2026-09-26 23:03:51,idle,,3.7,none,1000.080
2026-09-26 23:03:54,idle,,3.9,none,1000.080
2026-09-26 23:03:57,idle,,3.8,none,1000.080
2026-09-26 23:04:00,idle,,3.6,none,1000.080
2026-09-26 23:04:03,time,crc_ok,14.1,decoded,1000.080
2026-09-26 23:04:06,idle,,3.9,none,1000.080
2026-09-26 23:04:09,idle,,3.7,none,1000.080
2026-09-26 23:04:12,idle,,3.9,none,1000.080
2026-09-26 23:04:15,idle,,3.7,none,1000.080
2026-09-26 23:04:18,other,,15.1,none,1000.080
2026-09-26 23:04:21,idle,,3.5,none,1000.080
2026-09-26 23:04:24,idle,,3.9,none,1000.080
2026-09-26 23:04:27,idle,,4.0,none,1000.080
2026-09-26 23:04:30,idle,,3.8,none,1000.080
2026-09-26 23:04:33,other,,14.6,none,1000.080
2026-09-26 23:04:36,time,bit_errors,14.3,decoded,1000.080
2026-09-26 23:04:39,time,crc_ok,14.1,decoded,1000.080
2026-09-26 23:04:42,time,bit_errors,14.2,decoded,1000.080
2026-09-26 23:04:45,other,,14.8,none,1000.080
2026-09-26 23:04:48,time,crc_ok,14.1,decoded,1000.080
2026-09-26 23:04:51,time,crc_ok,14.9,decoded,1000.080
2026-09-26 23:04:54,idle,,3.8,none,1000.080
2026-09-26 23:04:57,idle,,4.3,none,1000.080
2026-09-26 23:05:00,other,,14.8,none,1000.080
2026-09-26 23:05:03,time,crc_ok,14.3,decoded,1000.080
2026-09-26 23:05:06,idle,,4.3,none,1000.080
2026-09-26 23:05:09,idle,,4.1,none,1000.080
2026-09-26 23:05:12,idle,,3.9,none,1000.080
2026-09-26 23:05:15,other,,14.7,none,1000.080
2026-09-26 23:05:18,other,,14.6,none,1000.080
2026-09-26 23:05:21,idle,,4.3,none,1000.080
2026-09-26 23:05:24,time,bit_errors,14.1,decoded,1000.080
2026-09-26 23:05:27,idle,,4.5,none,1000.080
2026-09-26 23:05:30,time,crc_ok,13.6,decoded,1000.080
2026-09-26 23:05:33,other,,14.6,none,1000.080
2026-09-26 23:05:36,idle,,4.2,none,1000.080
2026-09-26 23:05:39,other,,15.0,none,1000.080
2026-09-26 23:05:42,other,,14.8,none,1000.080
2026-09-26 23:05:45,idle,,4.2,none,1000.080
2026-09-26 23:05:48,other,,14.8,none,1000.080
2026-09-26 23:05:51,idle,,4.1,none,1000.080
2026-09-26 23:05:54,time,crc_ok,14.4,decoded,1000.080
2026-09-26 23:05:57,other,,14.9,none,1000.080
2026-09-26 23:06:00,idle,,4.1,none,1000.080
2026-09-26 23:06:03,time,crc_ok,14.9,decoded,1000.080
2026-09-26 23:06:06,idle,,4.6,none,1000.080
2026-09-26 23:06:09,other,,14.8,none,1000.080
2026-09-26 23:06:12,time,crc_ok,13.9,decoded,1000.080
2026-09-26 23:06:15,idle,,4.5,none,1000.080
2026-09-26 23:06:18,time,crc_ok,14.6,decoded,1000.080
2026-09-26 23:06:21,idle,,4.3,none,1000.080
2026-09-26 23:06:24,other,,15.1,none,1000.080
2026-09-26 23:06:27,time,crc_ok,14.3,decoded,1000.080
2026-09-26 23:06:30,idle,,4.2,none,1000.080
2026-09-26 23:06:33,other,,14.4,none,1000.080
2026-09-26 23:06:36,idle,,4.2,none,1000.080
2026-09-26 23:06:39,idle,,4.2,none,1000.080
2026-09-26 23:06:42,idle,,4.2,none,1000.080
2026-09-26 23:06:45,other,,14.8,none,1000.080
2026-09-26 23:06:48,time,crc_ok,14.3,decoded,1000.080
2026-09-26 23:06:51,idle,,4.2,none,1000.080
2026-09-26 23:06:54,other,,14.1,none,1000.080
2026-09-26 23:06:57,idle,,4.0,none,1000.080
2026-09-26 23:07:00,time,bit_errors,14.5,decoded,1000.080
2026-09-26 23:07:03,time,bit_errors,14.6,decoded,1000.080
2026-09-26 23:07:06,idle,,4.3,none,1000.080
2026-09-26 23:07:09,other,,15.0,none,1000.080
2026-09-26 23:07:12,time,crc_ok,14.2,decoded,1000.080
2026-09-26 23:07:15,idle,,4.1,none,1000.080
2026-09-26 23:07:18,time,crc_ok,14.3,decoded,1000.080
2026-09-26 23:07:21,time,crc_ok,14.5,decoded,1000.080
2026-09-26 23:07:24,idle,,4.1,none,1000.080
2026-09-26 23:07:27,idle,,4.4,none,1000.080
2026-09-26 23:07:30,other,,14.7,none,1000.080
2026-09-26 23:07:33,other,,15.1,none,1000.080
2026-09-26 23:07:36,other,,14.9,failed,1000.080
2026-09-26 23:07:39,idle,,4.3,none,1000.080
2026-09-26 23:07:42,other,,14.8,none,1000.080
2026-09-26 23:07:45,other,,15.0,none,1000.080
2026-09-26 23:07:48,idle,,4.0,none,1000.080
2026-09-26 23:07:51,other,,15.0,none,1000.080
2026-09-26 23:07:54,idle,,4.2,none,1000.080
2026-09-26 23:07:57,idle,,4.2,none,1000.080
2026-09-26 23:08:00,idle,,3.8,none,1000.080
2026-09-26 23:08:03,time,crc_ok,14.1,decoded,1000.080
2026-09-26 23:08:06,other,,15.0,failed,1000.080
2026-09-26 23:08:09,time,bit_errors,14.1,decoded,1000.080
2026-09-26 23:08:12,other,,14.9,none,1000.080
2026-09-26 23:08:15,idle,,3.8,none,1000.080
2026-09-26 23:08:18,time,bit_errors,13.9,decoded,1000.080
2026-09-26 23:08:21,time,crc_ok,14.1,decoded,1000.080
2026-09-26 23:08:24,other,,14.8,none,1000.080
2026-09-26 23:08:27,idle,,4.2,none,1000.080
2026-09-26 23:08:30,idle,,3.7,none,1000.080
2026-09-26 23:08:33,other,,14.7,none,1000.080
2026-09-26 23:08:36,idle,,4.3,none,1000.080
2026-09-26 23:08:39,other,,14.9,none,1000.080
2026-09-26 23:08:42,idle,,4.1,none,1000.080
2026-09-26 23:08:45,idle,,4.5,none,1000.080
2026-09-26 23:08:48,idle,,4.5,none,1000.080
2026-09-26 23:08:51,idle,,4.2,none,1000.080
2026-09-26 23:08:54,idle,,4.4,none,1000.080
2026-09-26 23:08:57,other,,15.0,none,1000.080
2026-09-26 23:09:00,idle,,4.5,none,1000.080
2026-09-26 23:09:03,time,crc_ok,14.5,decoded,1000.080
2026-09-26 23:09:06,idle,,4.9,none,1000.080
2026-09-26 23:09:09,other,,14.7,none,1000.080
2026-09-26 23:09:12,idle,,4.6,none,1000.080
2026-09-26 23:09:15,idle,,4.6,none,1000.080
2026-09-26 23:09:18,idle,,4.6,none,1000.080
2026-09-26 23:09:21,idle,,4.1,none,1000.080
2026-09-26 23:09:24,idle,,4.2,none,1000.080
2026-09-26 23:09:27,time,crc_ok,14.5,decoded,1000.080
2026-09-26 23:09:30,idle,,4.2,none,1000.080
2026-09-26 23:09:33,other,,14.2,none,1000.080
2026-09-26 23:09:36,time,crc_ok,14.4,decoded,1000.080
2026-09-26 23:09:39,other,,14.6,none,1000.080
2026-09-26 23:09:42,other,,15.5,none,1000.080
2026-09-26 23:09:45,idle,,4.2,none,1000.080
2026-09-26 23:09:48,other,,15.0,none,1000.080
2026-09-26 23:09:51,other,,14.4,none,1000.080
2026-09-26 23:09:54,time,crc_ok,13.9,decoded,1000.080
2026-09-26 23:09:57,idle,,4.1,none,1000.080
2026-09-26 23:10:00,idle,,3.4,none,1000.080
2026-09-26 23:10:03,time,crc_ok,14.0,decoded,1000.080
2026-09-26 23:10:06,idle,,4.0,none,1000.080
2026-09-26 23:10:09,idle,,3.6,none,1000.080
2026-09-26 23:10:12,other,,14.9,none,1000.080
2026-09-26 23:10:15,idle,,4.0,none,1000.080
2026-09-26 23:10:18,idle,,3.6,none,1000.080
2026-09-26 23:10:21,other,,14.4,none,1000.080
2026-09-26 23:10:24,idle,,3.6,none,1000.080
2026-09-26 23:10:27,time,crc_ok,13.9,decoded,1000.080
2026-09-26 23:10:30,idle,,3.6,none,1000.080
2026-09-26 23:10:33,other,,14.3,none,1000.080
2026-09-26 23:10:36,other,,14.8,none,1000.080
2026-09-26 23:10:39,idle,,3.6,none,1000.080
2026-09-26 23:10:42,idle,,4.0,none,1000.080
2026-09-26 23:10:45,idle,,4.4,none,1000.080
2026-09-26 23:10:48,other,,15.1,none,1000.080
2026-09-26 23:10:51,time,crc_ok,14.8,decoded,1000.080
2026-09-26 23:10:54,other,,14.8,none,1000.080
2026-09-26 23:11:00,other,,14.5,none,1000.079
2026-09-26 23:11:03,time,crc_ok,14.7,none,1000.079
2026-09-26 23:11:06,other,,14.0,none,1000.079
2026-09-26 23:11:09,other,,14.6,none,1000.079
2026-09-26 23:11:12,other,,14.7,none,1000.079
2026-09-26 23:11:15,idle,,4.2,none,1000.079
2026-09-26 23:11:18,time,crc_ok,14.4,decoded,1000.079
2026-09-26 23:11:21,other,,15.2,none,1000.079
2026-09-26 23:11:24,idle,,4.1,none,1000.079
2026-09-26 23:11:27,idle,,4.6,none,1000.079
2026-09-26 23:11:30,idle,,3.9,none,1000.079
2026-09-26 23:11:33,other,,14.7,none,1000.079
2026-09-26 23:11:36,idle,,4.1,none,1000.079
2026-09-26 23:11:39,time,crc_ok,13.9,decoded,1000.079
2026-09-26 23:11:42,idle,,4.3,none,1000.079
2026-09-26 23:11:45,idle,,4.0,none,1000.079
2026-09-26 23:11:48,idle,,3.9,none,1000.079
2026-09-26 23:11:51,idle,,3.8,none,1000.079
2026-09-26 23:11:54,time,bit_errors,14.5,decoded,1000.079
2026-09-26 23:11:57,other,,14.7,none,1000.079
2026-09-26 23:12:00,time,crc_ok,14.8,decoded,1000.079
2026-09-26 23:12:03,time,crc_ok,13.7,decoded,1000.079
2026-09-26 23:12:06,idle,,4.4,none,1000.079
2026-09-26 23:12:09,other,,15.1,none,1000.079
2026-09-26 23:12:12,idle,,4.9,none,1000.079
2026-09-26 23:12:15,idle,,5.1,none,1000.079
2026-09-26 23:12:18,idle,,4.8,none,1000.079
2026-09-26 23:12:21,idle,,4.7,none,1000.079
2026-09-26 23:12:24,other,,15.3,none,1000.079
2026-09-26 23:12:27,time,crc_ok,14.5,decoded,1000.079
2026-09-26 23:12:30,time,crc_ok,14.8,decoded,1000.079
2026-09-26 23:12:33,other,,14.1,none,1000.079
2026-09-26 23:12:36,other,,15.2,none,1000.079
2026-09-26 23:12:39,other,,15.0,none,1000.079
2026-09-26 23:12:42,other,,14.8,none,1000.079
2026-09-26 23:12:45,idle,,4.1,none,1000.079
2026-09-26 23:12:48,other,,14.6,none,1000.079
2026-09-26 23:12:51,time,crc_ok,13.9,decoded,1000.079
2026-09-26 23:12:54,idle,,4.0,none,1000.079
2026-09-26 23:12:57,idle,,4.6,none,1000.079
2026-09-26 23:13:00,idle,,4.5,none,1000.079
2026-09-26 23:13:03,time,crc_ok,14.2,decoded,1000.079
2026-09-26 23:13:06,other,,14.7,none,1000.079
2026-09-26 23:13:09,idle,,4.1,none,1000.079
2026-09-26 23:13:12,time,crc_ok,14.5,decoded,1000.079
2026-09-26 23:13:15,idle,,4.8,none,1000.079
2026-09-26 23:13:18,time,crc_ok,15.0,decoded,1000.079
2026-09-26 23:13:21,idle,,5.3,none,1000.079
2026-09-26 23:13:24,idle,,5.4,none,1000.079
2026-09-26 23:13:27,other,,14.7,none,1000.079
2026-09-26 23:13:30,idle,,4.6,none,1000.079
2026-09-26 23:13:33,other,,14.9,none,1000.079
2026-09-26 23:13:36,other,,15.0,none,1000.079
2026-09-26 23:13:39,idle,,4.9,none,1000.079
2026-09-26 23:13:42,idle,,5.1,none,1000.079
2026-09-26 23:13:45,idle,,4.8,none,1000.079
2026-09-26 23:13:48,other,,14.8,none,1000.079
2026-09-26 23:13:51,time,crc_ok,15.5,decoded,1000.079
2026-09-26 23:13:54,time,bit_errors,14.7,decoded,1000.079
2026-09-26 23:13:57,idle,,4.9,none,1000.079
2026-09-26 23:14:00,other,,15.0,none,1000.079
2026-09-26 23:14:03,time,crc_ok,15.1,decoded,1000.079
2026-09-26 23:14:06,other,,15.4,none,1000.079
2026-09-26 23:14:09,idle,,5.1,none,1000.079
2026-09-26 23:14:12,time,crc_ok,14.6,decoded,1000.079
2026-09-26 23:14:15,time,crc_ok,14.3,decoded,1000.079
2026-09-26 23:14:18,other,,15.3,failed,1000.079
2026-09-26 23:14:21,idle,,4.8,none,1000.079
2026-09-26 23:14:24,time,crc_ok,14.3,none,1000.079
2026-09-26 23:14:27,idle,,4.5,none,1000.079
2026-09-26 23:14:30,time,crc_ok,14.1,decoded,1000.079
2026-09-26 23:14:33,other,,14.9,none,1000.079
2026-09-26 23:14:36,idle,,4.0,none,1000.079
2026-09-26 23:14:39,other,,14.5,none,1000.079
2026-09-26 23:14:42,other,,14.5,none,1000.079
2026-09-26 23:14:45,time,crc_ok,14.3,decoded,1000.079
2026-09-26 23:14:48,idle,,3.2,none,1000.079
2026-09-26 23:14:51,idle,,3.2,none,1000.079
2026-09-26 23:14:54,idle,,3.4,none,1000.079
2026-09-26 23:14:57,time,bit_errors,14.3,decoded,1000.079
2026-09-26 23:15:00,idle,,3.2,none,1000.079
2026-09-26 23:15:03,time,crc_ok,14.6,decoded,1000.079
2026-09-26 23:15:06,idle,,3.9,none,1000.079
2026-09-26 23:15:09,other,,14.8,none,1000.079
2026-09-26 23:15:12,time,crc_ok,14.3,decoded,1000.079
2026-09-26 23:15:15,other,,14.7,none,1000.079
2026-09-26 23:15:18,idle,,3.8,none,1000.079
2026-09-26 23:15:21,idle,,3.5,none,1000.079
2026-09-26 23:15:24,idle,,3.7,none,1000.079
2026-09-26 23:15:27,other,,14.5,none,1000.079
2026-09-26 23:15:30,idle,,3.2,none,1000.079
2026-09-26 23:15:33,other,,14.9,none,1000.079
2026-09-26 23:15:36,time,crc_ok,13.7,decoded,1000.079
2026-09-26 23:15:39,idle,,3.3,none,1000.079
2026-09-26 23:15:42,other,,15.0,none,1000.079
2026-09-26 23:15:45,other,,14.1,none,1000.079
2026-09-26 23:15:48,time,crc_ok,14.3,decoded,1000.079
2026-09-26 23:15:51,idle,,3.3,none,1000.079
2026-09-26 23:15:54,time,crc_ok,13.9,decoded,1000.079
2026-09-26 23:15:57,idle,,3.1,none,1000.079
2026-09-26 23:16:00,other,,14.5,none,1000.079
2026-09-26 23:16:03,time,crc_ok,14.3,decoded,1000.079
2026-09-26 23:16:06,idle,,3.2,none,1000.079
2026-09-26 23:16:09,other,,14.4,none,1000.079
2026-09-26 23:16:12,time,crc_ok,14.9,decoded,1000.079
2026-09-26 23:16:15,idle,,3.3,none,1000.079
2026-09-26 23:16:18,idle,,3.6,none,1000.079
2026-09-26 23:16:21,other,,14.7,none,1000.079
2026-09-26 23:16:24,idle,,3.5,none,1000.079
2026-09-26 23:16:27,idle,,3.5,none,1000.079
2026-09-26 23:16:30,idle,,3.7,none,1000.079
2026-09-26 23:16:33,other,,14.6,none,1000.079
2026-09-26 23:16:36,other,,15.0,none,1000.079
2026-09-26 23:16:39,other,,14.8,none,1000.079
2026-09-26 23:16:42,other,,14.6,none,1000.079
2026-09-26 23:16:45,time,crc_ok,13.7,decoded,1000.079
2026-09-26 23:16:48,other,,14.7,none,1000.079
2026-09-26 23:16:51,time,bit_errors,14.1,decoded,1000.079
2026-09-26 23:16:54,idle,,3.4,none,1000.079
2026-09-26 23:16:57,idle,,3.5,none,1000.079
2026-09-26 23:17:00,time,crc_ok,14.4,decoded,1000.079
2026-09-26 23:17:03,time,bit_errors,14.2,decoded,1000.079
2026-09-26 23:17:06,other,,14.5,none,1000.079
2026-09-26 23:17:09,idle,,3.3,none,1000.079
2026-09-26 23:17:12,other,,14.7,none,1000.079
2026-09-26 23:17:15,other,,14.5,none,1000.079
2026-09-26 23:17:18,time,crc_ok,13.6,decoded,1000.079
2026-09-26 23:17:21,idle,,3.4,none,1000.079
2026-09-26 23:17:24,other,,14.8,none,1000.079
2026-09-26 23:17:27,idle,,3.3,none,1000.079
2026-09-26 23:17:30,idle,,3.2,none,1000.079
2026-09-26 23:17:33,other,,14.3,none,1000.079
2026-09-26 23:17:36,idle,,3.4,none,1000.079
2026-09-26 23:17:39,time,crc_ok,13.8,decoded,1000.079
2026-09-26 23:17:42,time,crc_ok,13.1,decoded,1000.079
2026-09-26 23:17:45,other,,14.7,none,1000.079
2026-09-26 23:17:48,idle,,3.2,none,1000.079
2026-09-26 23:17:51,idle,,3.1,none,1000.079
2026-09-26 23:17:54,idle,,3.3,none,1000.079
2026-09-26 23:17:57,other,,14.9,none,1000.079
2026-09-26 23:18:00,other,,14.7,none,1000.079
2026-09-26 23:18:03,time,crc_ok,14.1,decoded,1000.079
2026-09-26 23:18:06,idle,,3.7,none,1000.079
2026-09-26 23:18:09,other,,14.5,none,1000.079
2026-09-26 23:18:12,other,,14.8,none,1000.079
2026-09-26 23:18:15,time,bit_errors,14.4,decoded,1000.079
2026-09-26 23:18:18,idle,,3.4,none,1000.079
2026-09-26 23:18:21,idle,,3.8,none,1000.079
2026-09-26 23:18:24,idle,,3.6,none,1000.079
2026-09-26 23:18:27,other,,14.5,none,1000.079
2026-09-26 23:18:30,other,,14.4,none,1000.079
2026-09-26 23:18:33,other,,14.8,none,1000.079
2026-09-26 23:18:36,time,crc_ok,13.7,decoded,1000.079
2026-09-26 23:18:39,idle,,3.5,none,1000.079
2026-09-26 23:18:42,other,,14.5,none,1000.079
2026-09-26 23:18:45,other,,14.6,none,1000.079
2026-09-26 23:18:48,other,,14.6,none,1000.079
2026-09-26 23:18:51,idle,,3.2,none,1000.079
2026-09-26 23:18:54,time,crc_ok,14.1,decoded,1000.079
2026-09-26 23:18:57,idle,,3.3,none,1000.079
2026-09-26 23:19:00,idle,,3.4,none,1000.079
2026-09-26 23:19:03,time,crc_ok,13.9,decoded,1000.079
2026-09-26 23:19:06,other,,14.8,none,1000.079
2026-09-26 23:19:09,idle,,3.4,none,1000.079
2026-09-26 23:19:12,other,,14.5,none,1000.079
2026-09-26 23:19:15,idle,,3.2,none,1000.079
2026-09-26 23:19:18,idle,,3.3,none,1000.079
2026-09-26 23:19:21,other,,14.8,none,1000.079
2026-09-26 23:19:24,idle,,3.3,none,1000.079
2026-09-26 23:19:27,idle,,3.5,none,1000.079
2026-09-26 23:19:30,idle,,4.1,none,1000.079
2026-09-26 23:19:33,other,,15.0,failed,1000.079
2026-09-26 23:19:36,other,,14.7,none,1000.079
2026-09-26 23:19:39,time,bit_errors,14.8,decoded,1000.079
2026-09-26 23:19:42,time,bit_errors,14.0,decoded,1000.079
2026-09-26 23:19:45,time,crc_ok,14.7,decoded,1000.079
2026-09-26 23:19:48,time,crc_ok,13.7,decoded,1000.079
2026-09-26 23:19:51,other,,14.9,none,1000.079
2026-09-26 23:19:54,idle,,3.7,none,1000.079
2026-09-26 23:19:57,idle,,4.0,none,1000.079
2026-09-26 23:20:00,time,crc_ok,13.9,decoded,1000.079
2026-09-26 23:20:03,time,crc_ok,14.8,decoded,1000.079
2026-09-26 23:20:06,idle,,3.8,none,1000.079
2026-09-26 23:20:09,other,,14.8,none,1000.079
2026-09-26 23:20:12,idle,,3.6,none,1000.079
2026-09-26 23:20:15,time,crc_ok,14.3,decoded,1000.079
2026-09-26 23:20:18,idle,,3.5,none,1000.079
2026-09-26 23:20:21,idle,,3.5,none,1000.079
2026-09-26 23:20:24,idle,,3.3,none,1000.079
2026-09-26 23:20:27,other,,14.3,none,1000.079
2026-09-26 23:20:30,other,,14.8,none,1000.079
2026-09-26 23:20:33,other,,14.8,none,1000.079
2026-09-26 23:20:36,idle,,3.8,none,1000.079
2026-09-26 23:20:39,other,,14.9,none,1000.079
2026-09-26 23:20:42,idle,,3.7,none,1000.079
2026-09-26 23:20:45,time,crc_ok,14.0,decoded,1000.079
2026-09-26 23:20:48,other,,14.5,none,1000.079
2026-09-26 23:20:51,time,crc_ok,14.1,decoded,1000.079
2026-09-26 23:20:54,time,crc_ok,14.0,decoded,1000.079
2026-09-26 23:21:00,other,,14.6,none,1000.079
2026-09-26 23:21:03,time,crc_ok,14.3,decoded,1000.079
2026-09-26 23:21:06,idle,,3.6,none,1000.079
2026-09-26 23:21:09,other,,14.5,none,1000.079
2026-09-26 23:21:12,idle,,3.4,none,1000.079
2026-09-26 23:21:15,other,,14.5,none,1000.079
2026-09-26 23:21:18,time,crc_ok,14.3,decoded,1000.079
2026-09-26 23:21:21,time,crc_ok,13.9,decoded,1000.079
2026-09-26 23:21:24,other,,14.6,none,1000.079
2026-09-26 23:21:27,time,crc_ok,14.4,decoded,1000.079
2026-09-26 23:21:30,time,bit_errors,13.9,decoded,1000.079
2026-09-26 23:21:33,other,,14.5,none,1000.079
2026-09-26 23:21:36,idle,,3.3,none,1000.079
2026-09-26 23:21:39,time,crc_ok,13.8,decoded,1000.079
2026-09-26 23:21:42,idle,,3.4,none,1000.079
2026-09-26 23:21:45,time,crc_ok,14.0,decoded,1000.079
2026-09-26 23:21:48,idle,,3.7,none,1000.079
2026-09-26 23:21:51,idle,,3.6,none,1000.079
2026-09-26 23:21:54,idle,,3.6,none,1000.079
2026-09-26 23:21:57,time,bit_errors,13.8,decoded,1000.079
2026-09-26 23:22:00,time,crc_ok,14.3,decoded,1000.079
2026-09-26 23:22:03,time,bit_errors,13.8,decoded,1000.079
2026-09-26 23:22:06,other,,14.5,none,1000.079
2026-09-26 23:22:09,other,,14.9,none,1000.079
2026-09-26 23:22:12,other,,15.1,none,1000.079
2026-09-26 23:22:15,time,crc_ok,14.3,decoded,1000.079
2026-09-26 23:22:18,other,,14.4,none,1000.079
2026-09-26 23:22:21,idle,,4.4,none,1000.079
2026-09-26 23:22:24,time,crc_ok,14.1,decoded,1000.079
2026-09-26 23:22:27,idle,,4.5,none,1000.079
2026-09-26 23:22:30,other,,14.7,none,1000.079
2026-09-26 23:22:33,other,,14.3,none,1000.079
2026-09-26 23:22:36,idle,,4.3,none,1000.079
2026-09-26 23:22:39,other,,14.7,none,1000.079
2026-09-26 23:22:42,other,,14.7,none,1000.079
2026-09-26 23:22:45,idle,,4.2,none,1000.079
2026-09-26 23:22:48,idle,,4.1,none,1000.079
2026-09-26 23:22:51,other,,14.6,none,1000.079
2026-09-26 23:22:54,other,,15.1,none,1000.079
2026-09-26 23:22:57,idle,,4.1,none,1000.079
2026-09-26 23:23:00,idle,,4.1,none,1000.079
2026-09-26 23:23:03,time,bit_errors,14.2,decoded,1000.079
2026-09-26 23:23:06,other,,14.8,failed,1000.079
2026-09-26 23:23:09,other,,14.7,none,1000.079
2026-09-26 23:23:12,time,crc_ok,14.2,decoded,1000.079
2026-09-26 23:23:15,idle,,4.8,none,1000.079
2026-09-26 23:23:18,other,,14.9,none,1000.079
2026-09-26 23:23:21,other,,15.1,none,1000.079
2026-09-26 23:23:24,time,crc_ok,14.7,decoded,1000.079
2026-09-26 23:23:27,time,crc_ok,14.1,decoded,1000.079
2026-09-26 23:23:30,time,crc_ok,14.7,decoded,1000.079
2026-09-26 23:23:33,other,,14.6,none,1000.079
2026-09-26 23:23:36,idle,,3.9,none,1000.079
2026-09-26 23:23:39,other,,14.5,none,1000.079
2026-09-26 23:23:42,idle,,3.8,none,1000.079
2026-09-26 23:23:45,idle,,3.9,none,1000.079
2026-09-26 23:23:48,idle,,4.1,none,1000.079
2026-09-26 23:23:51,idle,,4.2,none,1000.079
2026-09-26 23:23:54,other,,14.8,none,1000.079
2026-09-26 23:23:57,other,,14.9,none,1000.079
2026-09-26 23:24:00,idle,,3.8,none,1000.079
2026-09-26 23:24:03,time,crc_ok,13.7,decoded,1000.079
2026-09-26 23:24:06,idle,,3.6,none,1000.079
2026-09-26 23:24:09,other,,14.7,none,1000.079
2026-09-26 23:24:12,idle,,4.0,none,1000.079
2026-09-26 23:24:15,idle,,4.1,none,1000.079
2026-09-26 23:24:18,idle,,3.4,none,1000.079
2026-09-26 23:24:21,idle,,4.2,none,1000.079
2026-09-26 23:24:24,time,crc_ok,14.2,decoded,1000.079
2026-09-26 23:24:27,time,crc_ok,14.4,decoded,1000.079
2026-09-26 23:24:30,idle,,3.5,none,1000.079
2026-09-26 23:24:33,other,,14.7,none,1000.079
2026-09-26 23:24:36,time,crc_ok,13.7,decoded,1000.079
2026-09-26 23:24:39,time,crc_ok,14.0,decoded,1000.079
2026-09-26 23:24:42,other,,14.7,none,1000.079
2026-09-26 23:24:45,idle,,3.4,none,1000.079
2026-09-26 23:24:48,other,,14.4,none,1000.079
2026-09-26 23:24:51,other,,14.5,none,1000.079
2026-09-26 23:24:54,other,,14.2,none,1000.079
2026-09-26 23:24:57,time,crc_ok,14.3,decoded,1000.079
2026-09-26 23:25:00,time,crc_ok,14.3,decoded,1000.079
2026-09-26 23:25:03,time,crc_ok,14.3,decoded,1000.079
2026-09-26 23:25:06,idle,,3.9,none,1000.079
2026-09-26 23:25:09,other,,14.5,none,1000.079
2026-09-26 23:25:12,time,crc_ok,14.1,decoded,1000.079
2026-09-26 23:25:15,time,crc_ok,14.3,decoded,1000.079
2026-09-26 23:25:18,other,,14.8,none,1000.079
2026-09-26 23:25:21,time,crc_ok,13.9,decoded,1000.079
2026-09-26 23:25:24,idle,,4.2,none,1000.079
2026-09-26 23:25:27,time,bit_errors,14.0,decoded,1000.079
2026-09-26 23:25:30,idle,,3.9,none,1000.079
2026-09-26 23:25:33,other,,14.2,none,1000.079
2026-09-26 23:25:36,time,crc_ok,13.6,decoded,1000.079
2026-09-26 23:25:39,idle,,3.2,none,1000.079
2026-09-26 23:25:42,idle,,3.8,none,1000.079
2026-09-26 23:25:45,idle,,3.4,none,1000.079
2026-09-26 23:25:48,other,,14.7,none,1000.079
2026-09-26 23:25:51,time,crc_ok,14.2,decoded,1000.079
2026-09-26 23:25:54,other,,15.0,none,1000.079
2026-09-26 23:25:57,idle,,3.6,none,1000.079
2026-09-26 23:26:00,other,,14.4,none,1000.079
2026-09-26 23:26:03,time,crc_ok,14.2,decoded,1000.079
2026-09-26 23:26:06,other,,14.2,none,1000.079
2026-09-26 23:26:09,idle,,3.7,none,1000.079
2026-09-26 23:26:12,other,,14.8,none,1000.079
2026-09-26 23:26:15,other,,15.0,none,1000.079
2026-09-26 23:26:18,other,,15.0,none,1000.079
2026-09-26 23:26:21,idle,,4.0,none,1000.079
2026-09-26 23:26:24,other,,14.5,none,1000.079
2026-09-26 23:26:27,idle,,3.4,none,1000.079
2026-09-26 23:26:30,idle,,3.8,none,1000.079
2026-09-26 23:26:33,other,,14.8,none,1000.079
2026-09-26 23:26:36,idle,,3.9,none,1000.079
2026-09-26 23:26:39,other,,14.7,none,1000.079
2026-09-26 23:26:42,time,crc_ok,14.2,decoded,1000.079
2026-09-26 23:26:45,time,crc_ok,14.6,decoded,1000.079
2026-09-26 23:26:48,idle,,3.7,none,1000.079
2026-09-26 23:26:51,idle,,3.9,none,1000.079
2026-09-26 23:26:54,idle,,3.6,none,1000.079
2026-09-26 23:26:57,idle,,3.4,none,1000.079
2026-09-26 23:27:00,idle,,3.8,none,1000.079
2026-09-26 23:27:03,time,crc_ok,14.0,decoded,1000.079
2026-09-26 23:27:06,idle,,3.6,none,1000.079
2026-09-26 23:27:09,other,,14.8,none,1000.079
2026-09-26 23:27:12,time,bit_errors,14.0,decoded,1000.079
2026-09-26 23:27:15,other,,14.6,none,1000.079
2026-09-26 23:27:18,idle,,3.4,none,1000.079
2026-09-26 23:27:21,idle,,3.7,none,1000.079
2026-09-26 23:27:24,idle,,3.8,none,1000.079
2026-09-26 23:27:27,idle,,3.4,none,1000.079
2026-09-26 23:27:30,idle,,3.5,none,1000.079
2026-09-26 23:27:33,other,,14.4,none,1000.079
2026-09-26 23:27:36,other,,14.7,none,1000.079
2026-09-26 23:27:39,idle,,3.8,none,1000.079
2026-09-26 23:27:42,time,crc_ok,14.5,decoded,1000.079
2026-09-26 23:27:45,time,crc_ok,14.0,decoded,1000.079
2026-09-26 23:27:48,other,,14.6,none,1000.079
2026-09-26 23:27:51,idle,,3.5,none,1000.079
2026-09-26 23:27:54,other,,15.0,none,1000.079
2026-09-26 23:27:57,idle,,3.6,none,1000.079
2026-09-26 23:28:00,idle,,3.5,none,1000.079
2026-09-26 23:28:03,time,crc_ok,13.9,decoded,1000.079
2026-09-26 23:28:06,idle,,3.6,none,1000.079
2026-09-26 23:28:09,idle,,3.5,none,1000.079
2026-09-26 23:28:12,idle,,3.6,none,1000.079
2026-09-26 23:28:15,idle,,3.6,none,1000.079
2026-09-26 23:28:18,idle,,3.6,none,1000.079
2026-09-26 23:28:21,other,,14.5,none,1000.079
2026-09-26 23:28:24,idle,,3.8,none,1000.079
2026-09-26 23:28:27,idle,,4.3,none,1000.079
2026-09-26 23:28:30,idle,,4.3,none,1000.079
2026-09-26 23:28:33,other,,15.1,none,1000.079
2026-09-26 23:28:36,time,crc_ok,14.4,decoded,1000.079
2026-09-26 23:28:39,time,crc_ok,14.3,decoded,1000.079
2026-09-26 23:28:42,other,,14.8,none,1000.079
2026-09-26 23:28:45,other,,14.6,none,1000.079
2026-09-26 23:28:48,time,crc_ok,14.2,decoded,1000.079
2026-09-26 23:28:51,other,,14.8,none,1000.079
2026-09-26 23:28:54,idle,,4.1,none,1000.079
2026-09-26 23:28:57,idle,,4.6,none,1000.079
2026-09-26 23:29:00,time,crc_ok,14.7,decoded,1000.079
2026-09-26 23:29:03,time,bit_errors,14.5,decoded,1000.079
2026-09-26 23:29:06,idle,,4.4,none,1000.079
2026-09-26 23:29:09,idle,,4.5,none,1000.079
2026-09-26 23:29:12,idle,,4.3,none,1000.079
2026-09-26 23:29:15,other,,15.1,none,1000.079
2026-09-26 23:29:18,other,,15.2,none,1000.079
2026-09-26 23:29:21,idle,,4.7,none,1000.079
2026-09-26 23:29:24,time,bit_errors,14.1,decoded,1000.079
2026-09-26 23:29:27,time,crc_ok,14.9,decoded,1000.079
2026-09-26 23:29:30,idle,,4.7,none,1000.079
2026-09-26 23:29:33,other,,14.5,none,1000.079
2026-09-26 23:29:36,idle,,5.2,none,1000.079
2026-09-26 23:29:39,time,crc_ok,14.1,decoded,1000.079
2026-09-26 23:29:42,time,crc_ok,14.5,decoded,1000.079
2026-09-26 23:29:45,idle,,5.3,none,1000.079
2026-09-26 23:29:48,other,,15.0,none,1000.079
2026-09-26 23:29:51,idle,,5.5,none,1000.079
2026-09-26 23:29:54,other,,15.1,none,1000.079
2026-09-26 23:29:57,idle,,5.1,none,1000.079
2026-09-26 23:30:00,other,,14.9,none,1000.079
2026-09-26 23:30:03,time,bit_errors,14.4,decoded,1000.079
2026-09-26 23:30:06,idle,,5.2,none,1000.079
2026-09-26 23:30:09,other,,15.0,none,1000.079
2026-09-26 23:30:12,other,,15.5,none,1000.079
2026-09-26 23:30:15,idle,,4.9,none,1000.079
2026-09-26 23:30:18,other,,14.9,none,1000.079
2026-09-26 23:30:21,idle,,4.8,none,1000.079
2026-09-26 23:30:24,other,,14.7,none,1000.079
2026-09-26 23:30:27,idle,,4.9,none,1000.079
2026-09-26 23:30:30,other,,14.9,failed,1000.079
2026-09-26 23:30:33,other,,14.6,none,1000.079
2026-09-26 23:30:36,idle,,5.0,none,1000.079
2026-09-26 23:30:39,idle,,5.0,none,1000.079
2026-09-26 23:30:42,idle,,4.5,none,1000.079
2026-09-26 23:30:45,other,,14.8,none,1000.079
2026-09-26 23:30:48,time,crc_ok,14.4,decoded,1000.079
2026-09-26 23:30:51,idle,,4.7,none,1000.079
2026-09-26 23:30:54,time,crc_ok,13.5,decoded,1000.079
2026-09-26 23:31:00,idle,,4.3,none,1000.080
2026-09-26 23:31:03,time,bit_errors,14.5,decoded,1000.080
2026-09-26 23:31:06,other,,14.9,none,1000.080
2026-09-26 23:31:09,idle,,4.6,none,1000.080
2026-09-26 23:31:12,idle,,4.4,none,1000.080
2026-09-26 23:31:15,other,,14.7,none,1000.080
2026-09-26 23:31:18,time,crc_ok,14.4,decoded,1000.080
2026-09-26 23:31:21,time,bit_errors,14.0,decoded,1000.080
2026-09-26 23:31:24,idle,,4.3,none,1000.080
2026-09-26 23:31:27,idle,,4.4,none,1000.080
2026-09-26 23:31:30,time,crc_ok,14.8,decoded,1000.080
2026-09-26 23:31:33,other,,14.4,none,1000.080
2026-09-26 23:31:36,other,,15.0,none,1000.080
2026-09-26 23:31:39,idle,,4.6,none,1000.080
2026-09-26 23:31:42,time,crc_ok,14.1,decoded,1000.080
2026-09-26 23:31:45,time,crc_ok,13.8,decoded,1000.080
2026-09-26 23:31:48,idle,,5.1,none,1000.080
2026-09-26 23:31:51,other,,15.1,none,1000.080
2026-09-26 23:31:54,idle,,4.5,none,1000.080
2026-09-26 23:31:57,idle,,4.8,none,1000.080
2026-09-26 23:32:00,idle,,5.0,none,1000.080
2026-09-26 23:32:03,time,crc_ok,13.7,decoded,1000.080
2026-09-26 23:32:06,other,,14.8,failed,1000.080
2026-09-26 23:32:09,other,,15.0,none,1000.080
2026-09-26 23:32:12,other,,15.5,none,1000.080
2026-09-26 23:32:15,idle,,4.4,none,1000.080
2026-09-26 23:32:18,time,crc_ok,14.4,decoded,1000.080
2026-09-26 23:32:21,unclear,,15.3,none,1000.080
2026-09-26 23:32:24,time,crc_ok,14.4,decoded,1000.080
2026-09-26 23:32:27,time,crc_ok,14.8,decoded,1000.080
2026-09-26 23:32:30,idle,,4.8,none,1000.080
2026-09-26 23:32:33,other,,14.7,none,1000.080
2026-09-26 23:32:36,idle,,4.8,none,1000.080
2026-09-26 23:32:39,time,bit_errors,13.8,decoded,1000.080
2026-09-26 23:32:42,idle,,4.6,none,1000.080
2026-09-26 23:32:45,idle,,5.1,none,1000.080
2026-09-26 23:32:48,idle,,4.6,none,1000.080
2026-09-26 23:32:51,idle,,4.6,none,1000.080
2026-09-26 23:32:54,other,,15.0,none,1000.080
2026-09-26 23:32:57,idle,,4.7,none,1000.080
2026-09-26 23:33:00,other,,15.1,none,1000.080
2026-09-26 23:33:03,time,bit_errors,13.8,decoded,1000.080
2026-09-26 23:33:06,idle,,4.4,none,1000.080
2026-09-26 23:33:09,other,,14.9,failed,1000.080
2026-09-26 23:33:12,idle,,4.6,none,1000.080
2026-09-26 23:33:15,idle,,4.7,none,1000.080
2026-09-26 23:33:18,idle,,4.5,none,1000.080
2026-09-26 23:33:21,idle,,4.5,none,1000.080
2026-09-26 23:33:24,other,,15.1,none,1000.080
2026-09-26 23:33:27,idle,,4.6,none,1000.080
2026-09-26 23:33:30,time,crc_ok,14.1,decoded,1000.080
2026-09-26 23:33:33,other,,14.5,none,1000.080
2026-09-26 23:33:36,time,crc_ok,14.3,decoded,1000.080
2026-09-26 23:33:39,other,,15.0,none,1000.080
2026-09-26 23:33:42,other,,14.5,none,1000.080
2026-09-26 23:33:45,idle,,4.8,none,1000.080
2026-09-26 23:33:48,other,,15.3,failed,1000.080
2026-09-26 23:33:51,other,,15.1,none,1000.080
2026-09-26 23:33:54,time,crc_ok,14.1,decoded,1000.080
2026-09-26 23:33:57,other,,15.0,none,1000.080
2026-09-26 23:34:00,idle,,4.3,none,1000.080
2026-09-26 23:34:03,time,crc_ok,14.2,confirmed,1000.080
2026-09-26 23:34:06,other,,15.1,none,1000.080
2026-09-26 23:34:09,idle,,5.3,none,1000.080
2026-09-26 23:34:12,idle,,4.9,none,1000.080
2026-09-26 23:34:15,other,,15.1,none,1000.080
2026-09-26 23:34:18,other,,15.0,none,1000.080
2026-09-26 23:34:21,time,bit_errors,14.4,decoded,1000.080
2026-09-26 23:34:24,idle,,4.5,none,1000.080
2026-09-26 23:34:27,other,,15.3,none,1000.080
2026-09-26 23:34:30,idle,,4.6,none,1000.080
2026-09-26 23:34:33,other,,14.9,none,1000.080
2026-09-26 23:34:36,other,,15.1,none,1000.080
2026-09-26 23:34:39,idle,,4.0,none,1000.080
2026-09-26 23:34:42,idle,,4.3,none,1000.080
2026-09-26 23:34:45,idle,,3.9,none,1000.080
2026-09-26 23:34:48,time,crc_ok,13.9,decoded,1000.080
2026-09-26 23:34:51,other,,14.9,none,1000.080
2026-09-26 23:34:54,time,crc_ok,14.7,decoded,1000.080
2026-09-26 23:34:57,idle,,4.2,none,1000.080
2026-09-26 23:35:00,time,crc_ok,14.1,decoded,1000.080
2026-09-26 23:35:03,time,bit_errors,14.5,decoded,1000.080
2026-09-26 23:35:06,other,,15.0,none,1000.080
2026-09-26 23:35:09,idle,,4.0,none,1000.080
2026-09-26 23:35:12,time,crc_ok,14.0,decoded,1000.080
2026-09-26 23:35:15,other,,15.0,none,1000.080
2026-09-26 23:35:18,other,,14.9,none,1000.080
2026-09-26 23:35:21,idle,,3.4,none,1000.080
2026-09-26 23:35:24,idle,,3.9,none,1000.080
2026-09-26 23:35:27,idle,,3.8,none,1000.080
2026-09-26 23:35:30,other,,14.8,none,1000.080
2026-09-26 23:35:33,other,,15.0,none,1000.080
2026-09-26 23:35:36,idle,,3.6,none,1000.080
2026-09-26 23:35:39,time,bit_errors,14.3,decoded,1000.080
2026-09-26 23:35:42,other,,14.6,none,1000.080
2026-09-26 23:35:45,time,crc_ok,14.5,decoded,1000.080
2026-09-26 23:35:48,idle,,3.9,none,1000.080
2026-09-26 23:35:51,idle,,3.8,none,1000.080
2026-09-26 23:35:54,time,crc_ok,14.5,decoded,1000.080
2026-09-26 23:35:57,idle,,3.6,none,1000.080
2026-09-26 23:36:00,time,crc_ok,13.9,decoded,1000.080
2026-09-26 23:36:03,time,crc_ok,14.4,decoded,1000.080
2026-09-26 23:36:06,idle,,3.3,none,1000.080
2026-09-26 23:36:09,other,,14.2,none,1000.080
2026-09-26 23:36:12,time,crc_ok,14.5,decoded,1000.080
2026-09-26 23:36:15,time,bit_errors,14.2,decoded,1000.080
2026-09-26 23:36:18,idle,,3.3,none,1000.080
2026-09-26 23:36:21,idle,,3.3,none,1000.080
2026-09-26 23:36:24,other,,14.6,none,1000.080
2026-09-26 23:36:27,idle,,3.3,none,1000.080
2026-09-26 23:36:30,other,,14.8,none,1000.080
2026-09-26 23:36:33,other,,14.4,none,1000.080
2026-09-26 23:36:36,other,,14.4,none,1000.080
2026-09-26 23:36:39,idle,,3.4,none,1000.080
2026-09-26 23:36:42,time,bit_errors,14.6,decoded,1000.080
2026-09-26 23:36:45,other,,14.5,none,1000.080
2026-09-26 23:36:48,time,crc_ok,14.2,decoded,1000.080
2026-09-26 23:36:51,idle,,3.5,none,1000.080
2026-09-26 23:36:54,idle,,3.2,none,1000.080
2026-09-26 23:36:57,idle,,3.2,none,1000.080
2026-09-26 23:37:00,time,crc_ok,14.4,decoded,1000.080
2026-09-26 23:37:03,time,crc_ok,14.8,decoded,1000.080
2026-09-26 23:37:06,other,,14.5,none,1000.080
2026-09-26 23:37:09,time,crc_ok,13.8,decoded,1000.080
2026-09-26 23:37:12,idle,,3.3,none,1000.080
2026-09-26 23:37:15,idle,,3.2,none,1000.080
2026-09-26 23:37:18,time,crc_ok,14.5,decoded,1000.080
2026-09-26 23:37:21,idle,,3.1,none,1000.080
2026-09-26 23:37:24,idle,,3.2,none,1000.080
2026-09-26 23:37:27,idle,,3.1,none,1000.080
2026-09-26 23:37:30,idle,,3.4,none,1000.080
2026-09-26 23:37:33,other,,14.6,none,1000.080
2026-09-26 23:37:36,other,,14.5,none,1000.080
2026-09-26 23:37:39,other,,14.3,none,1000.080
2026-09-26 23:37:42,time,bit_errors,14.5,decoded,1000.080
2026-09-26 23:37:45,other,,14.8,none,1000.080
2026-09-26 23:37:48,other,,14.8,none,1000.080
2026-09-26 23:37:51,time,crc_ok,14.9,decoded,1000.080
2026-09-26 23:37:54,idle,,4.0,none,1000.080
2026-09-26 23:37:57,idle,,3.3,none,1000.080
2026-09-26 23:38:00,time,bit_errors,13.8,decoded,1000.080
2026-09-26 23:38:03,time,crc_ok,13.9,decoded,1000.080
2026-09-26 23:38:06,idle,,4.0,none,1000.080
2026-09-26 23:38:09,idle,,3.7,none,1000.080
2026-09-26 23:38:12,idle,,3.8,none,1000.080
2026-09-26 23:38:15,other,,15.0,none,1000.080
2026-09-26 23:38:18,other,,14.7,none,1000.080
2026-09-26 23:38:21,idle,,3.5,none,1000.080
2026-09-26 23:38:24,idle,,3.6,none,1000.080
2026-09-26 23:38:27,time,crc_ok,13.9,decoded,1000.080
2026-09-26 23:38:30,time,crc_ok,14.2,decoded,1000.080
2026-09-26 23:38:33,other,,14.9,none,1000.080
2026-09-26 23:38:36,idle,,3.5,none,1000.080
2026-09-26 23:38:39,time,crc_ok,14.3,decoded,1000.080
2026-09-26 23:38:42,time,crc_ok,13.9,decoded,1000.080
2026-09-26 23:38:45,idle,,3.3,none,1000.080
2026-09-26 23:38:48,other,,14.6,none,1000.080
2026-09-26 23:38:51,idle,,3.4,none,1000.080
2026-09-26 23:38:54,other,,14.7,none,1000.080
2026-09-26 23:38:57,idle,,3.4,none,1000.080
2026-09-26 23:39:00,time,crc_ok,14.6,decoded,1000.080
2026-09-26 23:39:03,time,crc_ok,14.4,decoded,1000.080
2026-09-26 23:39:06,idle,,3.5,none,1000.080
2026-09-26 23:39:09,other,,14.4,none,1000.080
2026-09-26 23:39:12,other,,14.7,none,1000.080
2026-09-26 23:39:15,idle,,3.8,none,1000.080
2026-09-26 23:39:18,time,crc_ok,14.6,decoded,1000.080
2026-09-26 23:39:21,idle,,3.7,none,1000.080
2026-09-26 23:39:24,time,crc_ok,15.0,decoded,1000.080
2026-09-26 23:39:27,idle,,4.2,none,1000.080
2026-09-26 23:39:30,time,crc_ok,14.2,decoded,1000.080
2026-09-26 23:39:33,other,,14.4,none,1000.080
2026-09-26 23:39:36,idle,,3.4,none,1000.080
2026-09-26 23:39:39,idle,,3.3,none,1000.080
2026-09-26 23:39:42,idle,,3.3,none,1000.080
2026-09-26 23:39:45,time,crc_ok,14.5,decoded,1000.080
2026-09-26 23:39:48,other,,14.6,none,1000.080
2026-09-26 23:39:51,idle,,3.4,none,1000.080
2026-09-26 23:39:54,idle,,3.3,none,1000.080
2026-09-26 23:39:57,other,,14.9,none,1000.080
2026-09-26 23:40:00,other,,14.5,none,1000.080
2026-09-26 23:40:03,time,crc_ok,14.4,decoded,1000.080
2026-09-26 23:40:06,other,,14.6,none,1000.080
2026-09-26 23:40:09,time,bit_errors,14.4,decoded,1000.080
2026-09-26 23:40:12,idle,,3.1,none,1000.080
2026-09-26 23:40:15,time,crc_ok,14.7,decoded,1000.080
2026-09-26 23:40:18,time,crc_ok,14.7,decoded,1000.080
2026-09-26 23:40:21,idle,,2.9,none,1000.080
2026-09-26 23:40:24,idle,,3.1,none,1000.080
2026-09-26 23:40:27,idle,,3.2,none,1000.080
2026-09-26 23:40:30,time,crc_ok,13.8,decoded,1000.080
2026-09-26 23:40:33,other,,14.4,none,1000.080
2026-09-26 23:40:36,time,crc_ok,14.7,decoded,1000.080
2026-09-26 23:40:39,idle,,3.5,none,1000.080
2026-09-26 23:40:42,other,,14.6,none,1000.080
2026-09-26 23:40:45,time,bit_errors,14.4,decoded,1000.080
2026-09-26 23:40:48,idle,,3.7,none,1000.080
2026-09-26 23:40:51,time,crc_ok,14.1,decoded,1000.080
2026-09-26 23:40:54,idle,,3.3,none,1000.080
2026-09-26 23:41:00,idle,,3.1,none,1000.080
2026-09-26 23:41:03,time,crc_ok,13.8,decoded,1000.080
2026-09-26 23:41:06,idle,,3.5,none,1000.080
2026-09-26 23:41:09,idle,,3.2,none,1000.080
2026-09-26 23:41:12,idle,,3.3,none,1000.080
2026-09-26 23:41:15,other,,14.7,none,1000.080
2026-09-26 23:41:18,other,,14.5,none,1000.080
2026-09-26 23:41:21,idle,,4.0,none,1000.080
2026-09-26 23:41:24,idle,,3.9,none,1000.080
2026-09-26 23:41:27,other,,14.6,none,1000.080
2026-09-26 23:41:30,idle,,3.6,none,1000.080
2026-09-26 23:41:33,other,,13.9,none,1000.080
2026-09-26 23:41:36,idle,,3.3,none,1000.080
2026-09-26 23:41:39,time,bit_errors,14.4,decoded,1000.080
2026-09-26 23:41:42,other,,14.8,none,1000.080
2026-09-26 23:41:45,idle,,3.5,none,1000.080
2026-09-26 23:41:48,time,crc_ok,14.5,decoded,1000.080
2026-09-26 23:41:51,idle,,3.3,none,1000.080
2026-09-26 23:41:54,idle,,3.2,none,1000.080
2026-09-26 23:41:57,idle,,3.3,none,1000.080
2026-09-26 23:42:00,other,,14.6,none,1000.080
2026-09-26 23:42:03,time,crc_ok,14.0,decoded,1000.080
2026-09-26 23:42:06,idle,,3.2,none,1000.080
2026-09-26 23:42:09,other,,14.6,none,1000.080
2026-09-26 23:42:12,other,,14.6,none,1000.080
2026-09-26 23:42:15,idle,,3.1,none,1000.080
2026-09-26 23:42:18,other,,14.5,none,1000.080
2026-09-26 23:42:21,idle,,2.9,none,1000.080
2026-09-26 23:42:24,idle,,3.0,none,1000.080
2026-09-26 23:42:27,idle,,2.8,none,1000.080
2026-09-26 23:42:30,time,crc_ok,14.7,decoded,1000.080
2026-09-26 23:42:33,other,,14.8,none,1000.080
2026-09-26 23:42:36,idle,,3.2,none,1000.080
2026-09-26 23:42:39,idle,,3.1,none,1000.080
2026-09-26 23:42:42,idle,,3.4,none,1000.080
2026-09-26 23:42:45,time,crc_ok,13.9,decoded,1000.080
2026-09-26 23:42:48,time,crc_ok,14.4,decoded,1000.080
2026-09-26 23:42:51,idle,,4.1,none,1000.080
2026-09-26 23:42:54,idle,,4.0,none,1000.080
2026-09-26 23:42:57,time,crc_ok,14.4,decoded,1000.080
2026-09-26 23:43:00,idle,,4.0,none,1000.080
2026-09-26 23:43:03,time,crc_ok,14.1,decoded,1000.080
2026-09-26 23:43:06,other,,14.6,none,1000.080
2026-09-26 23:43:09,idle,,3.7,none,1000.080
2026-09-26 23:43:12,idle,,4.0,none,1000.080
2026-09-26 23:43:15,other,,14.8,none,1000.080
2026-09-26 23:43:18,idle,,4.0,none,1000.080
2026-09-26 23:43:21,idle,,4.2,none,1000.080
2026-09-26 23:43:24,idle,,3.9,none,1000.080
2026-09-26 23:43:27,idle,,3.8,none,1000.080
2026-09-26 23:43:30,time,crc_ok,14.0,decoded,1000.080
2026-09-26 23:43:33,other,,14.3,none,1000.080
2026-09-26 23:43:36,time,bit_errors,14.4,decoded,1000.080
2026-09-26 23:43:39,idle,,4.0,none,1000.080
2026-09-26 23:43:42,other,,14.6,none,1000.080
2026-09-26 23:43:45,time,bit_errors,14.4,decoded,1000.080
2026-09-26 23:43:48,idle,,4.2,none,1000.080
2026-09-26 23:43:51,time,bit_errors,13.9,decoded,1000.080
2026-09-26 23:43:54,idle,,3.7,none,1000.080
2026-09-26 23:43:57,idle,,4.0,none,1000.080
2026-09-26 23:44:00,idle,,3.9,none,1000.080
2026-09-26 23:44:03,time,bit_errors,13.9,decoded,1000.080
2026-09-26 23:44:06,idle,,4.0,none,1000.080
2026-09-26 23:44:09,idle,,3.8,none,1000.080
2026-09-26 23:44:12,idle,,4.2,none,1000.080
2026-09-26 23:44:15,other,,14.4,none,1000.080
2026-09-26 23:44:18,time,bit_errors,14.5,decoded,1000.080
2026-09-26 23:44:21,idle,,4.0,none,1000.080
2026-09-26 23:44:24,idle,,4.3,none,1000.080
2026-09-26 23:44:27,time,bit_errors,14.1,decoded,1000.080
2026-09-26 23:44:30,other,,15.0,failed,1000.080
2026-09-26 23:44:33,other,,14.4,none,1000.080
2026-09-26 23:44:36,idle,,4.1,none,1000.080
2026-09-26 23:44:39,other,,14.8,none,1000.080
2026-09-26 23:44:42,other,,14.9,none,1000.080
2026-09-26 23:44:45,idle,,4.9,none,1000.080
2026-09-26 23:44:48,other,,14.8,none,1000.080
2026-09-26 23:44:51,idle,,4.8,none,1000.080
2026-09-26 23:44:54,idle,,4.5,none,1000.080
2026-09-26 23:44:57,idle,,4.7,none,1000.080
2026-09-26 23:45:00,time,crc_ok,13.8,decoded,1000.080
2026-09-26 23:45:03,time,bit_errors,14.3,decoded,1000.080
2026-09-26 23:45:06,idle,,4.1,none,1000.080
2026-09-26 23:45:09,other,,14.7,none,1000.080
2026-09-26 23:45:12,time,crc_ok,14.1,decoded,1000.080
2026-09-26 23:45:15,idle,,3.8,none,1000.080
2026-09-26 23:45:18,time,crc_ok,15.1,decoded,1000.080
2026-09-26 23:45:21,idle,,4.2,none,1000.080
2026-09-26 23:45:24,idle,,4.4,none,1000.080
2026-09-26 23:45:27,idle,,3.9,none,1000.080
2026-09-26 23:45:30,other,,14.6,none,1000.080
2026-09-26 23:45:33,other,,14.1,none,1000.080
2026-09-26 23:45:36,idle,,4.1,none,1000.080
2026-09-26 23:45:39,idle,,3.8,none,1000.080
2026-09-26 23:45:42,idle,,3.8,none,1000.080
2026-09-26 23:45:45,time,crc_ok,14.4,decoded,1000.080
2026-09-26 23:45:48,other,,14.7,none,1000.080
2026-09-26 23:45:51,idle,,3.7,none,1000.080
2026-09-26 23:45:54,idle,,3.8,none,1000.080
2026-09-26 23:45:57,other,,14.9,none,1000.080
2026-09-26 23:46:00,other,,14.7,none,1000.080
2026-09-26 23:46:03,time,crc_ok,13.6,decoded,1000.080
2026-09-26 23:46:06,other,,14.8,none,1000.080
2026-09-26 23:46:09,other,,15.1,none,1000.080
2026-09-26 23:46:12,idle,,4.0,none,1000.080
2026-09-26 23:46:15,time,crc_ok,14.3,decoded,1000.080
2026-09-26 23:46:18,idle,,3.7,none,1000.080
2026-09-26 23:46:21,idle,,3.8,none,1000.080
2026-09-26 23:46:24,idle,,4.0,none,1000.080
2026-09-26 23:46:27,idle,,4.5,none,1000.080
2026-09-26 23:46:30,other,,14.4,none,1000.080
2026-09-26 23:46:33,other,,14.4,none,1000.080
2026-09-26 23:46:36,other,,15.0,none,1000.080
2026-09-26 23:46:39,idle,,3.6,none,1000.080
2026-09-26 23:46:42,time,crc_ok,14.6,decoded,1000.080
2026-09-26 23:46:45,time,crc_ok,14.2,decoded,1000.080
2026-09-26 23:46:48,idle,,3.7,none,1000.080
2026-09-26 23:46:51,time,crc_ok,14.3,decoded,1000.080
2026-09-26 23:46:54,idle,,3.8,none,1000.080
2026-09-26 23:46:57,idle,,3.6,none,1000.080
2026-09-26 23:47:00,idle,,4.1,none,1000.080
2026-09-26 23:47:03,time,crc_ok,14.5,decoded,1000.080
2026-09-26 23:47:06,other,,14.8,none,1000.080
2026-09-26 23:47:09,other,,14.7,none,1000.080
2026-09-26 23:47:12,time,crc_ok,14.9,decoded,1000.080
2026-09-26 23:47:15,idle,,3.5,none,1000.080
2026-09-26 23:47:18,time,crc_ok,14.4,decoded,1000.080
2026-09-26 23:47:21,other,,15.1,none,1000.080
2026-09-26 23:47:24,idle,,3.8,none,1000.080
2026-09-26 23:47:27,idle,,3.8,none,1000.080
2026-09-26 23:47:30,other,,14.7,none,1000.080
2026-09-26 23:47:33,other,,14.3,none,1000.080
2026-09-26 23:47:36,idle,,3.6,none,1000.080
2026-09-26 23:47:39,other,,14.9,none,1000.080
2026-09-26 23:47:42,idle,,3.7,none,1000.080
2026-09-26 23:47:45,idle,,3.8,none,1000.080
2026-09-26 23:47:48,idle,,4.0,none,1000.080
2026-09-26 23:47:51,idle,,4.1,none,1000.080
2026-09-26 23:47:54,idle,,4.4,none,1000.080
2026-09-26 23:47:57,idle,,3.9,none,1000.080
2026-09-26 23:48:00,idle,,5.0,none,1000.080
2026-09-26 23:48:03,time,crc_ok,14.4,decoded,1000.080
2026-09-26 23:48:06,idle,,4.8,none,1000.080
2026-09-26 23:48:09,other,,14.6,none,1000.080
2026-09-26 23:48:12,idle,,4.7,none,1000.080
2026-09-26 23:48:15,idle,,4.6,none,1000.080
2026-09-26 23:48:18,idle,,4.8,none,1000.080
2026-09-26 23:48:21,idle,,5.2,none,1000.080
2026-09-26 23:48:24,idle,,4.4,none,1000.080
2026-09-26 23:48:27,idle,,4.5,none,1000.080
2026-09-26 23:48:30,idle,,4.8,none,1000.080
2026-09-26 23:48:33,other,,15.2,none,1000.080
2026-09-26 23:48:36,other,,14.7,none,1000.080
2026-09-26 23:48:39,time,crc_ok,14.1,decoded,1000.080
2026-09-26 23:48:42,time,crc_ok,14.9,decoded,1000.080
2026-09-26 23:48:45,idle,,4.4,none,1000.080
2026-09-26 23:48:48,other,,14.9,none,1000.080
2026-09-26 23:48:51,other,,15.0,none,1000.080
2026-09-26 23:48:54,idle,,4.7,none,1000.080
2026-09-26 23:48:57,idle,,4.7,none,1000.080
2026-09-26 23:49:00,other,,15.0,none,1000.080
2026-09-26 23:49:03,time,crc_ok,14.5,decoded,1000.080
2026-09-26 23:49:06,idle,,5.1,none,1000.080
2026-09-26 23:49:09,other,,15.3,none,1000.080
2026-09-26 23:49:12,idle,,5.1,none,1000.080
2026-09-26 23:49:15,idle,,4.7,none,1000.080
2026-09-26 23:49:18,idle,,4.9,none,1000.080
2026-09-26 23:49:21,idle,,5.1,none,1000.080
2026-09-26 23:49:24,idle,,5.1,none,1000.080
2026-09-26 23:49:27,other,,15.3,none,1000.080
2026-09-26 23:49:30,idle,,5.3,none,1000.080
2026-09-26 23:49:33,other,,14.9,none,1000.080
2026-09-26 23:49:36,time,crc_ok,14.1,decoded,1000.080
2026-09-26 23:49:39,idle,,5.5,none,1000.080
2026-09-26 23:49:42,idle,,5.5,none,1000.080
2026-09-26 23:49:45,idle,,5.4,none,1000.080
2026-09-26 23:49:48,time,crc_ok,14.9,decoded,1000.080
2026-09-26 23:49:51,other,,15.1,none,1000.080
2026-09-26 23:49:54,time,crc_ok,15.1,decoded,1000.080
2026-09-26 23:49:57,idle,,5.1,none,1000.080
2026-09-26 23:50:00,time,crc_ok,14.0,decoded,1000.080
2026-09-26 23:50:03,time,crc_ok,14.6,decoded,1000.080
2026-09-26 23:50:06,other,,15.0,none,1000.080
2026-09-26 23:50:09,time,crc_ok,14.6,decoded,1000.080
2026-09-26 23:50:12,time,crc_ok,15.5,decoded,1000.080
2026-09-26 23:50:15,idle,,6.0,none,1000.080
2026-09-26 23:50:18,time,crc_ok,14.3,confirmed,1000.080
2026-09-26 23:50:21,other,,15.6,none,1000.080
2026-09-26 23:50:24,time,crc_ok,15.2,decoded,1000.080
2026-09-26 23:50:27,idle,,6.5,none,1000.080
2026-09-26 23:50:30,time,bit_errors,15.1,decoded,1000.080
2026-09-26 23:50:33,other,,15.8,none,1000.080
2026-09-26 23:50:36,idle,,6.0,none,1000.080
2026-09-26 23:50:39,time,crc_ok,15.5,decoded,1000.080
2026-09-26 23:50:42,idle,,6.4,none,1000.080
2026-09-26 23:50:45,idle,,6.4,none,1000.080
2026-09-26 23:50:48,idle,,6.5,none,1000.080
2026-09-26 23:50:51,idle,,5.9,none,1000.080
2026-09-26 23:50:54,other,,15.5,none,1000.080
2026-09-26 23:51:00,idle,,6.3,none,1000.080
2026-09-26 23:51:03,time,bit_errors,15.2,decoded,1000.080
2026-09-26 23:51:06,idle,,6.2,none,1000.080
2026-09-26 23:51:09,other,,15.5,none,1000.080
2026-09-26 23:51:12,idle,,5.8,none,1000.080
2026-09-26 23:51:15,idle,,5.9,none,1000.080
2026-09-26 23:51:18,idle,,6.1,none,1000.080
2026-09-26 23:51:21,idle,,6.3,none,1000.080
2026-09-26 23:51:24,other,,16.0,none,1000.080
2026-09-26 23:51:27,time,crc_ok,14.5,decoded,1000.080
2026-09-26 23:51:30,idle,,6.4,none,1000.080
2026-09-26 23:51:33,other,,15.1,none,1000.080
2026-09-26 23:51:36,other,,15.7,none,1000.080
2026-09-26 23:51:39,time,crc_ok,14.3,confirmed,1000.080
2026-09-26 23:51:42,other,,15.4,none,1000.080
2026-09-26 23:51:45,idle,,5.5,none,1000.080
2026-09-26 23:51:48,other,,15.2,none,1000.080
2026-09-26 23:51:51,time,crc_ok,15.3,decoded,1000.080
2026-09-26 23:51:54,time,crc_ok,15.1,decoded,1000.080
2026-09-26 23:51:57,idle,,6.6,none,1000.080
2026-09-26 23:52:00,time,crc_ok,14.9,decoded,1000.080
2026-09-26 23:52:03,time,bit_errors,15.8,decoded,1000.080
2026-09-26 23:52:06,idle,,6.6,none,1000.080
2026-09-26 23:52:09,other,,16.0,none,1000.080
2026-09-26 23:52:12,time,crc_ok,15.4,confirmed,1000.080
2026-09-26 23:52:15,idle,,6.4,none,1000.080
2026-09-26 23:52:18,time,crc_ok,15.7,decoded,1000.080
2026-09-26 23:52:21,other,,15.7,none,1000.080
2026-09-26 23:52:24,idle,,5.8,none,1000.080
2026-09-26 23:52:27,other,,15.8,none,1000.080
2026-09-26 23:52:30,idle,,5.9,none,1000.080
2026-09-26 23:52:33,other,,14.6,none,1000.080
2026-09-26 23:52:36,time,bit_errors,15.6,decoded,1000.080
2026-09-26 23:52:39,idle,,6.1,none,1000.080
2026-09-26 23:52:42,idle,,5.9,none,1000.080
2026-09-26 23:52:45,idle,,6.0,none,1000.080
2026-09-26 23:52:48,other,,15.6,none,1000.080
2026-09-26 23:52:51,other,,15.1,none,1000.080
2026-09-26 23:52:54,other,,14.8,failed,1000.080
2026-09-26 23:52:57,idle,,5.9,none,1000.080
2026-09-26 23:53:00,other,,15.2,none,1000.080
2026-09-26 23:53:03,time,crc_ok,15.4,decoded,1000.080
2026-09-26 23:53:06,idle,,6.3,none,1000.080
2026-09-26 23:53:09,other,,15.2,none,1000.080
2026-09-26 23:53:12,idle,,5.8,none,1000.080
2026-09-26 23:53:15,time,crc_ok,15.1,decoded,1000.080
2026-09-26 23:53:18,idle,,5.6,none,1000.080
2026-09-26 23:53:21,idle,,6.0,none,1000.080
2026-09-26 23:53:24,time,crc_ok,15.9,decoded,1000.080
2026-09-26 23:53:27,idle,,6.0,none,1000.080
2026-09-26 23:53:30,idle,,5.8,none,1000.080
2026-09-26 23:53:33,other,,15.7,none,1000.080
2026-09-26 23:53:36,idle,,6.3,none,1000.080
2026-09-26 23:53:39,time,crc_ok,14.8,decoded,1000.080
2026-09-26 23:53:42,idle,,6.3,none,1000.080
2026-09-26 23:53:45,other,,15.1,failed,1000.080
2026-09-26 23:53:48,other,,15.5,none,1000.080
2026-09-26 23:53:51,time,crc_ok,15.1,decoded,1000.080
2026-09-26 23:53:54,idle,,5.7,none,1000.080
2026-09-26 23:53:57,idle,,6.1,none,1000.080
2026-09-26 23:54:00,idle,,7.0,none,1000.080
2026-09-26 23:54:03,time,crc_ok,15.2,decoded,1000.080
2026-09-26 23:54:06,idle,,6.6,none,1000.080
2026-09-26 23:54:09,other,,15.1,failed,1000.080
2026-09-26 23:54:12,idle,,6.5,none,1000.080
2026-09-26 23:54:15,time,crc_ok,15.3,decoded,1000.080
2026-09-26 23:54:18,other,,15.8,none,1000.080
2026-09-26 23:54:21,time,bit_errors,14.8,decoded,1000.080
2026-09-26 23:54:24,idle,,6.8,none,1000.080
2026-09-26 23:54:27,idle,,6.7,none,1000.080
2026-09-26 23:54:30,idle,,6.7,none,1000.080
2026-09-26 23:54:33,other,,15.2,none,1000.080
2026-09-26 23:54:36,idle,,6.5,none,1000.080
2026-09-26 23:54:39,time,crc_ok,15.0,decoded,1000.080
2026-09-26 23:54:42,idle,,6.1,none,1000.080
2026-09-26 23:54:45,time,bit_errors,15.0,decoded,1000.080
2026-09-26 23:54:48,idle,,6.0,none,1000.080
2026-09-26 23:54:51,idle,,6.3,none,1000.080
2026-09-26 23:54:54,time,crc_ok,14.1,decoded,1000.080
2026-09-26 23:54:57,idle,,5.5,none,1000.080
2026-09-26 23:55:00,idle,,6.0,none,1000.080
2026-09-26 23:55:03,time,bit_errors,15.1,decoded,1000.080
2026-09-26 23:55:06,idle,,5.7,none,1000.080
2026-09-26 23:55:09,idle,,5.7,none,1000.080
2026-09-26 23:55:12,idle,,5.2,none,1000.080
2026-09-26 23:55:15,idle,,6.1,none,1000.080
2026-09-26 23:55:18,idle,,5.7,none,1000.080
2026-09-26 23:55:21,other,,15.0,none,1000.080
2026-09-26 23:55:24,other,,15.2,none,1000.080
2026-09-26 23:55:27,idle,,6.0,none,1000.080
2026-09-26 23:55:30,time,bit_errors,15.0,decoded,1000.080
2026-09-26 23:55:33,other,,14.9,none,1000.080
2026-09-26 23:55:36,idle,,5.4,none,1000.080
2026-09-26 23:55:39,other,,15.3,none,1000.080
2026-09-26 23:55:42,other,,14.7,none,1000.080
2026-09-26 23:55:45,idle,,5.2,none,1000.080
2026-09-26 23:55:48,idle,,5.7,none,1000.080
2026-09-26 23:55:51,time,bit_errors,14.7,decoded,1000.080
2026-09-26 23:55:54,other,,14.6,none,1000.080
2026-09-26 23:55:57,idle,,4.6,none,1000.080
2026-09-26 23:56:00,idle,,4.9,none,1000.080
2026-09-26 23:56:03,time,crc_ok,14.1,decoded,1000.080
2026-09-26 23:56:06,other,,14.9,none,1000.080
2026-09-26 23:56:09,time,crc_ok,14.5,decoded,1000.080
2026-09-26 23:56:12,other,,15.1,none,1000.080
2026-09-26 23:56:15,idle,,4.4,none,1000.080
2026-09-26 23:56:18,time,bit_errors,14.8,decoded,1000.080
2026-09-26 23:56:21,time,crc_ok,14.5,decoded,1000.080
2026-09-26 23:56:24,other,,14.9,none,1000.080
2026-09-26 23:56:27,idle,,4.0,none,1000.080
2026-09-26 23:56:30,time,crc_ok,14.4,decoded,1000.080
2026-09-26 23:56:33,other,,14.8,none,1000.080
2026-09-26 23:56:36,idle,,4.0,none,1000.080
2026-09-26 23:56:39,time,bit_errors,14.2,decoded,1000.080
2026-09-26 23:56:42,idle,,4.0,none,1000.080
2026-09-26 23:56:45,idle,,4.2,none,1000.080
2026-09-26 23:56:48,idle,,3.9,none,1000.080
2026-09-26 23:56:51,idle,,4.2,none,1000.080
2026-09-26 23:56:54,idle,,4.0,none,1000.080
2026-09-26 23:56:57,idle,,4.2,none,1000.080
2026-09-26 23:57:00,other,,14.6,none,1000.080
2026-09-26 23:57:03,time,crc_ok,13.7,decoded,1000.080
2026-09-26 23:57:06,idle,,3.8,none,1000.080
2026-09-26 23:57:09,other,,14.8,none,1000.080
2026-09-26 23:57:12,idle,,4.0,failed,1000.080
2026-09-26 23:57:15,idle,,3.6,none,1000.080
2026-09-26 23:57:18,idle,,4.1,none,1000.080
2026-09-26 23:57:21,idle,,3.9,none,1000.080
2026-09-26 23:57:24,idle,,3.9,none,1000.080
2026-09-26 23:57:27,idle,,3.6,none,1000.080
2026-09-26 23:57:30,other,,14.1,none,1000.080
2026-09-26 23:57:33,other,,14.4,none,1000.080
2026-09-26 23:57:36,other,,14.0,none,1000.080
2026-09-26 23:57:39,other,,15.4,failed,1000.080
2026-09-26 23:57:42,time,bit_errors,15.3,decoded,1000.080
2026-09-26 23:57:45,idle,,3.7,none,1000.080
2026-09-26 23:57:48,other,,14.2,none,1000.080
2026-09-26 23:57:51,other,,14.6,none,1000.080
2026-09-26 23:57:54,time,crc_ok,14.0,decoded,1000.080
2026-09-26 23:57:57,idle,,4.1,failed,1000.080
2026-09-26 23:58:00,other,,14.8,none,1000.080
2026-09-26 23:58:03,time,crc_ok,14.1,decoded,1000.080
2026-09-26 23:58:06,other,,14.8,none,1000.080
2026-09-26 23:58:09,time,crc_ok,13.9,decoded,1000.080
2026-09-26 23:58:12,idle,,4.2,none,1000.080
2026-09-26 23:58:15,idle,,4.0,none,1000.080
2026-09-26 23:58:18,idle,,3.9,none,1000.080
2026-09-26 23:58:21,other,,14.4,none,1000.080
2026-09-26 23:58:24,idle,,4.2,none,1000.080
2026-09-26 23:58:27,time,crc_ok,14.2,decoded,1000.080
2026-09-26 23:58:30,idle,,4.0,none,1000.080
2026-09-26 23:58:33,other,,15.1,none,1000.080
2026-09-26 23:58:36,time,crc_ok,15.1,decoded,1000.080
2026-09-26 23:58:39,idle,,4.3,none,1000.080
2026-09-26 23:58:42,idle,,4.3,none,1000.080
2026-09-26 23:58:45,idle,,4.2,none,1000.080
2026-09-26 23:58:48,time,crc_ok,14.3,decoded,1000.080
2026-09-26 23:58:51,other,,14.5,none,1000.080
2026-09-26 23:58:54,time,crc_ok,14.7,decoded,1000.080
2026-09-26 23:58:57,idle,,4.4,none,1000.080
2026-09-26 23:59:00,other,,14.6,none,1000.080
2026-09-26 23:59:03,time,bit_errors,14.6,decoded,1000.080
2026-09-26 23:59:06,idle,,5.2,none,1000.080
2026-09-26 23:59:09,idle,,5.1,none,1000.080
2026-09-26 23:59:12,unclear,,14.6,none,1000.080
2026-09-26 23:59:15,idle,,5.4,none,1000.080
2026-09-26 23:59:18,other,,15.0,none,1000.080
2026-09-26 23:59:21,idle,,5.5,none,1000.080
2026-09-26 23:59:24,idle,,5.1,none,1000.080
2026-09-26 23:59:27,time,crc_ok,14.4,decoded,1000.080
2026-09-26 23:59:30,time,bit_errors,14.5,none,1000.080
2026-09-26 23:59:33,other,,14.9,none,1000.080
2026-09-26 23:59:36,idle,,6.2,none,1000.080
2026-09-26 23:59:39,other,,15.0,none,1000.080
2026-09-26 23:59:42,other,,15.8,none,1000.080
2026-09-26 23:59:45,idle,,6.3,none,1000.080
2026-09-26 23:59:48,time,bit_errors,15.4,decoded,1000.080
2026-09-26 23:59:51,idle,,5.9,none,1000.080
2026-09-26 23:59:54,idle,,5.4,none,1000.080
2026-09-26 23:59:57,idle,,6.0,none,1000.080
2026-09-27 00:00:00,other,,16.5,none,1000.080
2026-09-27 00:00:03,time,crc_ok,15.5,decoded,1000.080
2026-09-27 00:00:06,idle,,5.7,none,1000.080
2026-09-27 00:00:09,other,,15.4,none,1000.080
2026-09-27 00:00:12,time,crc_ok,15.4,decoded,1000.080
2026-09-27 00:00:15,idle,,6.5,none,1000.080
2026-09-27 00:00:18,time,crc_ok,14.8,decoded,1000.080
2026-09-27 00:00:21,idle,,6.5,none,1000.080
2026-09-27 00:00:24,idle,,6.0,none,1000.080
2026-09-27 00:00:27,idle,,6.3,none,1000.080
2026-09-27 00:00:30,other,,15.5,none,1000.080
2026-09-27 00:00:33,other,,15.7,none,1000.080
2026-09-27 00:00:36,idle,,5.7,none,1000.080
2026-09-27 00:00:39,idle,,5.5,none,1000.080
2026-09-27 00:00:42,idle,,5.4,none,1000.080
2026-09-27 00:00:45,other,,15.2,none,1000.080
2026-09-27 00:00:48,time,crc_ok,14.7,decoded,1000.080
2026-09-27 00:00:51,idle,,5.3,none,1000.080
2026-09-27 00:00:54,idle,,5.4,none,1000.080
2026-09-27 00:01:00,other,,15.4,none,1000.080
2026-09-27 00:01:03,time,crc_ok,14.8,decoded,1000.080
2026-09-27 00:01:06,other,,15.3,none,1000.080
2026-09-27 00:01:09,other,,15.1,none,1000.080
2026-09-27 00:01:12,idle,,5.0,none,1000.080
2026-09-27 00:01:15,time,crc_ok,14.5,decoded,1000.080
2026-09-27 00:01:18,idle,,4.5,none,1000.080
2026-09-27 00:01:21,idle,,4.9,none,1000.080
2026-09-27 00:01:24,idle,,4.7,none,1000.080
2026-09-27 00:01:27,idle,,4.3,none,1000.080
2026-09-27 00:01:30,time,bit_errors,13.9,decoded,1000.080
2026-09-27 00:01:33,other,,14.9,failed,1000.080
2026-09-27 00:01:36,time,crc_ok,15.3,decoded,1000.080
2026-09-27 00:01:39,idle,,4.6,none,1000.080
2026-09-27 00:01:42,other,,14.7,none,1000.080
2026-09-27 00:01:45,other,,14.9,none,1000.080
2026-09-27 00:01:48,idle,,4.6,none,1000.080
2026-09-27 00:01:51,time,bit_errors,14.3,decoded,1000.080
2026-09-27 00:01:54,idle,,4.3,none,1000.080
2026-09-27 00:01:57,idle,,4.6,none,1000.080
2026-09-27 00:02:00,idle,,4.8,none,1000.080
2026-09-27 00:02:03,time,crc_ok,15.0,decoded,1000.080
2026-09-27 00:02:06,idle,,4.8,none,1000.080
2026-09-27 00:02:09,other,,14.9,none,1000.080
2026-09-27 00:02:12,idle,,4.5,none,1000.080
2026-09-27 00:02:15,other,,15.0,none,1000.080
2026-09-27 00:02:18,idle,,5.0,none,1000.080
2026-09-27 00:02:21,idle,,4.9,none,1000.080
2026-09-27 00:02:24,other,,14.7,none,1000.080
2026-09-27 00:02:27,idle,,4.5,none,1000.080
2026-09-27 00:02:30,time,crc_ok,14.9,decoded,1000.080
2026-09-27 00:02:33,other,,14.7,none,1000.080
2026-09-27 00:02:36,idle,,4.5,none,1000.080
2026-09-27 00:02:39,other,,14.8,none,1000.080
2026-09-27 00:02:42,idle,,4.4,none,1000.080
2026-09-27 00:02:45,other,,14.5,none,1000.080
2026-09-27 00:02:48,other,,15.3,none,1000.080
2026-09-27 00:02:51,other,,15.4,none,1000.080
2026-09-27 00:02:54,idle,,4.6,none,1000.080
2026-09-27 00:02:57,unclear,,14.5,none,1000.080
2026-09-27 00:03:00,idle,,4.7,none,1000.080
2026-09-27 00:03:03,time,crc_ok,14.2,decoded,1000.080
2026-09-27 00:03:06,idle,,4.7,none,1000.080
2026-09-27 00:03:09,other,,14.6,failed,1000.080
2026-09-27 00:03:12,idle,,4.4,none,1000.080
2026-09-27 00:03:15,time,crc_ok,15.0,decoded,1000.080
2026-09-27 00:03:18,other,,15.1,none,1000.080
2026-09-27 00:03:21,other,,15.3,none,1000.080
2026-09-27 00:03:24,idle,,4.8,none,1000.080
2026-09-27 00:03:27,idle,,4.4,none,1000.080
2026-09-27 00:03:30,time,crc_ok,14.3,decoded,1000.080
2026-09-27 00:03:33,other,,14.1,none,1000.080
2026-09-27 00:03:36,idle,,4.9,none,1000.080
2026-09-27 00:03:39,time,crc_ok,14.7,decoded,1000.080
2026-09-27 00:03:42,idle,,4.9,none,1000.080
2026-09-27 00:03:45,other,,14.8,none,1000.080
2026-09-27 00:03:48,idle,,4.7,none,1000.080
2026-09-27 00:03:51,idle,,4.9,none,1000.080
2026-09-27 00:03:54,time,crc_ok,15.0,decoded,1000.080
2026-09-27 00:03:57,idle,,4.8,none,1000.080
2026-09-27 00:04:00,time,crc_ok,14.9,decoded,1000.080
2026-09-27 00:04:03,time,crc_ok,14.4,decoded,1000.080
2026-09-27 00:04:06,other,,14.8,none,1000.080
2026-09-27 00:04:09,time,bit_errors,13.4,decoded,1000.080
2026-09-27 00:04:12,idle,,4.7,none,1000.080
2026-09-27 00:04:15,idle,,4.7,none,1000.080
2026-09-27 00:04:18,idle,,4.8,none,1000.080
2026-09-27 00:04:21,other,,15.2,none,1000.080
2026-09-27 00:04:24,time,crc_ok,14.9,decoded,1000.080
2026-09-27 00:04:27,idle,,4.6,none,1000.080
2026-09-27 00:04:30,other,,14.6,none,1000.080
2026-09-27 00:04:33,other,,14.8,none,1000.080
2026-09-27 00:04:36,idle,,4.6,none,1000.080
2026-09-27 00:04:39,time,crc_ok,14.5,decoded,1000.080
2026-09-27 00:04:42,other,,14.8,none,1000.080
2026-09-27 00:04:45,idle,,4.8,none,1000.080
2026-09-27 00:04:48,idle,,5.1,none,1000.080
2026-09-27 00:04:51,time,crc_ok,14.7,decoded,1000.080
2026-09-27 00:04:54,other,,15.3,none,1000.080
2026-09-27 00:04:57,idle,,4.7,none,1000.080
2026-09-27 00:05:00,idle,,4.9,none,1000.080
2026-09-27 00:05:03,time,crc_ok,15.3,decoded,1000.080
2026-09-27 00:05:06,idle,,4.6,none,1000.080
2026-09-27 00:05:09,other,,15.0,none,1000.080
2026-09-27 00:05:12,idle,,4.5,none,1000.080
2026-09-27 00:05:15,other,,15.3,none,1000.080
2026-09-27 00:05:18,idle,,4.6,none,1000.080
2026-09-27 00:05:21,idle,,4.6,none,1000.080
2026-09-27 00:05:24,time,crc_ok,14.2,decoded,1000.080
2026-09-27 00:05:27,idle,,4.7,none,1000.080
2026-09-27 00:05:30,idle,,4.6,none,1000.080
2026-09-27 00:05:33,other,,14.8,none,1000.080
2026-09-27 00:05:36,idle,,4.8,none,1000.080
2026-09-27 00:05:39,other,,15.4,none,1000.080
2026-09-27 00:05:42,idle,,4.7,none,1000.080
2026-09-27 00:05:45,time,crc_ok,14.4,decoded,1000.080
2026-09-27 00:05:48,other,,15.4,none,1000.080
2026-09-27 00:05:51,other,,14.8,none,1000.080
2026-09-27 00:05:54,other,,15.2,none,1000.080
2026-09-27 00:05:57,time,crc_ok,14.2,decoded,1000.080
2026-09-27 00:06:00,idle,,4.3,none,1000.080
2026-09-27 00:06:03,time,bit_errors,14.6,decoded,1000.080
2026-09-27 00:06:06,idle,,4.6,none,1000.080
2026-09-27 00:06:09,other,,15.1,failed,1000.080
2026-09-27 00:06:12,idle,,4.3,none,1000.080
2026-09-27 00:06:15,time,crc_ok,14.7,decoded,1000.080
2026-09-27 00:06:18,other,,14.7,none,1000.080
2026-09-27 00:06:21,time,bit_errors,14.2,decoded,1000.080
2026-09-27 00:06:24,other,,14.6,none,1000.080
2026-09-27 00:06:27,other,,14.3,none,1000.080
2026-09-27 00:06:30,idle,,4.4,none,1000.080
2026-09-27 00:06:33,other,,14.5,none,1000.080
2026-09-27 00:06:36,idle,,4.2,none,1000.080
2026-09-27 00:06:39,other,,15.0,failed,1000.080
2026-09-27 00:06:42,idle,,4.2,none,1000.080
2026-09-27 00:06:45,other,,14.9,none,1000.080
2026-09-27 00:06:48,idle,,3.8,none,1000.080
2026-09-27 00:06:51,idle,,3.9,none,1000.080
2026-09-27 00:06:54,other,,14.9,none,1000.080
2026-09-27 00:06:57,idle,,4.3,none,1000.080
2026-09-27 00:07:00,idle,,3.8,none,1000.080
2026-09-27 00:07:03,time,crc_ok,14.2,decoded,1000.080
2026-09-27 00:07:06,idle,,4.0,none,1000.080
2026-09-27 00:07:09,idle,,4.2,none,1000.080
2026-09-27 00:07:12,other,,14.9,none,1000.080
2026-09-27 00:07:15,idle,,4.0,none,1000.080
2026-09-27 00:07:18,other,,14.9,none,1000.080
2026-09-27 00:07:21,time,crc_ok,14.4,decoded,1000.080
2026-09-27 00:07:24,time,crc_ok,14.3,decoded,1000.080
2026-09-27 00:07:27,idle,,3.5,none,1000.080
2026-09-27 00:07:30,time,crc_ok,13.4,decoded,1000.080
2026-09-27 00:07:33,other,,14.4,none,1000.080
2026-09-27 00:07:36,idle,,3.6,none,1000.080
2026-09-27 00:07:39,other,,14.5,none,1000.080
2026-09-27 00:07:42,time,crc_ok,14.6,decoded,1000.080
2026-09-27 00:07:45,idle,,3.5,none,1000.080
2026-09-27 00:07:48,idle,,3.4,none,1000.080
2026-09-27 00:07:51,other,,14.7,none,1000.080
2026-09-27 00:07:54,time,crc_ok,13.6,decoded,1000.080
2026-09-27 00:07:57,idle,,3.7,none,1000.080
2026-09-27 00:08:00,idle,,3.8,none,1000.080
2026-09-27 00:08:03,time,crc_ok,14.4,decoded,1000.080
2026-09-27 00:08:06,other,,14.5,none,1000.080
2026-09-27 00:08:09,other,,14.8,none,1000.080
2026-09-27 00:08:12,time,bit_errors,14.3,decoded,1000.080
2026-09-27 00:08:15,idle,,4.0,none,1000.080
2026-09-27 00:08:18,time,crc_ok,14.6,decoded,1000.080
2026-09-27 00:08:21,time,crc_ok,14.4,decoded,1000.080
2026-09-27 00:08:24,idle,,4.2,none,1000.080
2026-09-27 00:08:27,time,crc_ok,14.2,decoded,1000.080
2026-09-27 00:08:30,idle,,4.3,none,1000.080
2026-09-27 00:08:33,other,,14.7,none,1000.080
2026-09-27 00:08:36,idle,,3.9,none,1000.080
2026-09-27 00:08:39,other,,15.1,none,1000.080
2026-09-27 00:08:42,idle,,3.7,none,1000.080
2026-09-27 00:08:45,idle,,3.8,none,1000.080
2026-09-27 00:08:48,idle,,4.0,none,1000.080
2026-09-27 00:08:51,idle,,3.8,none,1000.080
2026-09-27 00:08:54,idle,,3.9,none,1000.080
2026-09-27 00:08:57,idle,,4.1,none,1000.080
2026-09-27 00:09:00,time,crc_ok,14.0,decoded,1000.080
2026-09-27 00:09:03,time,crc_ok,14.5,decoded,1000.080
2026-09-27 00:09:06,idle,,4.4,none,1000.080
2026-09-27 00:09:09,other,,14.7,none,1000.080
2026-09-27 00:09:12,idle,,4.4,none,1000.080
2026-09-27 00:09:15,idle,,3.8,none,1000.080
2026-09-27 00:09:18,idle,,4.1,none,1000.080
2026-09-27 00:09:21,idle,,4.3,none,1000.080
2026-09-27 00:09:24,idle,,4.4,none,1000.080
2026-09-27 00:09:27,idle,,4.1,none,1000.080
2026-09-27 00:09:30,time,crc_ok,14.5,confirmed,1000.080
2026-09-27 00:09:33,other,,14.2,none,1000.080
2026-09-27 00:09:36,other,,14.6,none,1000.080
2026-09-27 00:09:39,other,,14.8,none,1000.080
2026-09-27 00:09:42,other,,15.2,none,1000.080
2026-09-27 00:09:45,idle,,4.0,none,1000.080
2026-09-27 00:09:48,time,crc_ok,14.3,decoded,1000.080
2026-09-27 00:09:51,other,,14.5,none,1000.080
2026-09-27 00:09:54,idle,,4.2,none,1000.080
2026-09-27 00:09:57,other,,14.7,none,1000.080
2026-09-27 00:10:00,idle,,4.0,none,1000.080
2026-09-27 00:10:03,time,crc_ok,14.0,decoded,1000.080
2026-09-27 00:10:06,other,,14.3,none,1000.080
2026-09-27 00:10:09,idle,,3.9,none,1000.080
2026-09-27 00:10:12,idle,,4.0,none,1000.080
2026-09-27 00:10:15,time,crc_ok,14.0,decoded,1000.080
2026-09-27 00:10:18,idle,,3.8,none,1000.080
2026-09-27 00:10:21,idle,,4.3,none,1000.080
2026-09-27 00:10:24,idle,,3.9,none,1000.080
2026-09-27 00:10:27,time,crc_ok,13.7,decoded,1000.080
2026-09-27 00:10:30,idle,,4.2,none,1000.080
2026-09-27 00:10:33,other,,15.1,none,1000.080
2026-09-27 00:10:36,other,,15.0,none,1000.080
2026-09-27 00:10:39,idle,,4.5,none,1000.080
2026-09-27 00:10:42,idle,,4.6,none,1000.080
2026-09-27 00:10:45,idle,,4.6,none,1000.080
2026-09-27 00:10:48,other,,14.6,none,1000.080
2026-09-27 00:10:51,time,crc_ok,14.2,decoded,1000.080
2026-09-27 00:10:54,other,,15.2,failed,1000.080
2026-09-27 00:11:00,other,,15.0,none,1000.081
2026-09-27 00:11:03,time,crc_ok,14.6,decoded,1000.081
2026-09-27 00:11:06,other,,14.9,none,1000.081
2026-09-27 00:11:09,idle,,4.9,none,1000.081
2026-09-27 00:11:12,time,crc_ok,14.3,decoded,1000.081
2026-09-27 00:11:15,other,,15.5,none,1000.081
2026-09-27 00:11:18,other,,14.5,none,1000.081
2026-09-27 00:11:21,idle,,5.1,none,1000.081
2026-09-27 00:11:24,time,crc_ok,15.2,decoded,1000.081
2026-09-27 00:11:27,time,crc_ok,14.8,decoded,1000.081
2026-09-27 00:11:30,other,,15.6,none,1000.081
2026-09-27 00:11:33,other,,15.2,failed,1000.081
2026-09-27 00:11:36,idle,,5.2,none,1000.081
2026-09-27 00:11:39,other,,14.9,none,1000.081
2026-09-27 00:11:42,other,,15.0,none,1000.081
2026-09-27 00:11:45,other,,14.9,none,1000.081
2026-09-27 00:11:48,idle,,5.3,none,1000.081
2026-09-27 00:11:51,idle,,4.9,none,1000.081
2026-09-27 00:11:54,other,,14.8,none,1000.081
2026-09-27 00:11:57,time,crc_ok,14.4,decoded,1000.081
2026-09-27 00:12:00,idle,,5.4,none,1000.081
2026-09-27 00:12:03,time,crc_ok,14.1,decoded,1000.081
2026-09-27 00:12:06,idle,,5.0,none,1000.081
2026-09-27 00:12:09,other,,15.1,none,1000.081
2026-09-27 00:12:12,time,crc_ok,15.2,confirmed,1000.081
2026-09-27 00:12:15,other,,16.2,none,1000.081
2026-09-27 00:12:18,idle,,5.9,none,1000.081
2026-09-27 00:12:21,idle,,5.8,none,1000.081
2026-09-27 00:12:24,other,,15.3,none,1000.081
2026-09-27 00:12:27,other,,15.2,none,1000.081
2026-09-27 00:12:30,idle,,5.7,none,1000.081
2026-09-27 00:12:33,other,,15.1,none,1000.081
2026-09-27 00:12:36,time,crc_ok,14.2,none,1000.081
2026-09-27 00:12:39,idle,,5.5,none,1000.081
2026-09-27 00:12:42,time,bit_errors,14.7,decoded,1000.081
2026-09-27 00:12:45,other,,15.4,none,1000.081
2026-09-27 00:12:48,time,bit_errors,14.7,decoded,1000.081
2026-09-27 00:12:51,idle,,5.5,none,1000.081
2026-09-27 00:12:54,other,,15.1,none,1000.081
2026-09-27 00:12:57,time,crc_ok,15.2,decoded,1000.081
2026-09-27 00:13:00,time,crc_ok,15.3,decoded,1000.081
2026-09-27 00:13:03,time,crc_ok,14.5,none,1000.081
2026-09-27 00:13:06,idle,,5.9,none,1000.081
2026-09-27 00:13:09,other,,15.6,none,1000.081
2026-09-27 00:13:12,other,,15.1,none,1000.081
2026-09-27 00:13:15,time,crc_ok,14.3,confirmed,1000.081
2026-09-27 00:13:18,other,,15.1,none,1000.081
2026-09-27 00:13:21,time,crc_ok,14.5,decoded,1000.081
2026-09-27 00:13:24,idle,,5.6,none,1000.081
2026-09-27 00:13:27,idle,,5.9,none,1000.081
2026-09-27 00:13:30,idle,,5.2,none,1000.081
2026-09-27 00:13:33,other,,15.1,none,1000.081
2026-09-27 00:13:36,other,,15.0,none,1000.081
2026-09-27 00:13:39,time,bit_errors,14.9,decoded,1000.081
2026-09-27 00:13:42,time,bit_errors,14.6,confirmed,1000.081
2026-09-27 00:13:45,other,,15.4,none,1000.081
2026-09-27 00:13:48,time,crc_ok,15.6,decoded,1000.081
2026-09-27 00:13:51,time,crc_ok,14.5,decoded,1000.081
2026-09-27 00:13:54,idle,,6.3,none,1000.081
2026-09-27 00:13:57,idle,,6.4,none,1000.081
2026-09-27 00:14:00,time,crc_ok,15.3,decoded,1000.081
2026-09-27 00:14:03,time,crc_ok,14.9,decoded,1000.081
2026-09-27 00:14:06,idle,,6.6,none,1000.081
2026-09-27 00:14:09,other,,15.1,none,1000.081
2026-09-27 00:14:12,idle,,6.3,none,1000.081
2026-09-27 00:14:15,other,,15.4,none,1000.081
2026-09-27 00:14:18,idle,,6.2,none,1000.081
2026-09-27 00:14:21,idle,,5.7,none,1000.081
2026-09-27 00:14:24,idle,,5.6,none,1000.081
2026-09-27 00:14:27,idle,,6.5,none,1000.081
2026-09-27 00:14:30,idle,,6.2,none,1000.081
2026-09-27 00:14:33,other,,15.5,none,1000.081
2026-09-27 00:14:36,idle,,6.2,none,1000.081
2026-09-27 00:14:39,time,crc_ok,14.9,decoded,1000.081
2026-09-27 00:14:42,idle,,6.3,none,1000.081
2026-09-27 00:14:45,other,,15.0,none,1000.081
2026-09-27 00:14:48,other,,15.8,none,1000.081
2026-09-27 00:14:51,time,crc_ok,14.8,decoded,1000.081
2026-09-27 00:14:54,idle,,5.8,none,1000.081
2026-09-27 00:14:57,idle,,6.6,none,1000.081
2026-09-27 00:15:00,idle,,6.9,none,1000.081
2026-09-27 00:15:03,time,crc_ok,15.6,decoded,1000.081
2026-09-27 00:15:06,idle,,6.6,none,1000.081
2026-09-27 00:15:09,other,,15.9,none,1000.081
2026-09-27 00:15:12,idle,,7.4,none,1000.081
2026-09-27 00:15:15,time,crc_ok,15.1,decoded,1000.081
2026-09-27 00:15:18,other,,15.9,none,1000.081
2026-09-27 00:15:21,time,crc_ok,13.8,decoded,1000.081
2026-09-27 00:15:24,idle,,6.8,none,1000.081
2026-09-27 00:15:27,idle,,6.5,none,1000.081
2026-09-27 00:15:30,idle,,6.7,none,1000.081
2026-09-27 00:15:33,other,,15.1,failed,1000.081
2026-09-27 00:15:36,idle,,6.5,none,1000.081
2026-09-27 00:15:39,time,bit_errors,15.1,decoded,1000.081
2026-09-27 00:15:42,idle,,5.9,none,1000.081
2026-09-27 00:15:45,other,,16.0,none,1000.081
2026-09-27 00:15:48,idle,,6.3,none,1000.081
2026-09-27 00:15:51,idle,,5.3,none,1000.081
2026-09-27 00:15:54,idle,,6.0,none,1000.081
2026-09-27 00:15:57,idle,,6.6,none,1000.081
2026-09-27 00:16:00,idle,,6.9,none,1000.081
2026-09-27 00:16:03,time,crc_ok,15.2,decoded,1000.081
2026-09-27 00:16:06,idle,,6.5,none,1000.081
2026-09-27 00:16:09,idle,,6.9,none,1000.081
2026-09-27 00:16:12,idle,,6.5,none,1000.081
2026-09-27 00:16:15,idle,,6.8,none,1000.081
2026-09-27 00:16:18,idle,,7.6,none,1000.081
2026-09-27 00:16:21,idle,,6.5,none,1000.081
2026-09-27 00:16:24,other,,15.4,none,1000.081
2026-09-27 00:16:27,idle,,6.4,none,1000.081
2026-09-27 00:16:30,other,,15.5,none,1000.081
2026-09-27 00:16:33,other,,15.4,none,1000.081
2026-09-27 00:16:36,idle,,6.7,none,1000.081
2026-09-27 00:16:39,time,bit_errors,15.2,decoded,1000.081
2026-09-27 00:16:42,other,,16.1,none,1000.081
2026-09-27 00:16:45,idle,,7.3,none,1000.081
2026-09-27 00:16:48,idle,,6.5,none,1000.081
2026-09-27 00:16:51,time,crc_ok,15.6,decoded,1000.081
2026-09-27 00:16:54,other,,15.7,failed,1000.081
2026-09-27 00:16:57,idle,,7.5,none,1000.081
2026-09-27 00:17:00,idle,,6.8,none,1000.081
2026-09-27 00:17:03,time,crc_ok,15.5,decoded,1000.081
2026-09-27 00:17:06,idle,,7.6,none,1000.081
2026-09-27 00:17:09,other,,15.8,none,1000.081
2026-09-27 00:17:12,idle,,7.6,none,1000.081
2026-09-27 00:17:15,other,,15.7,none,1000.081
2026-09-27 00:17:18,idle,,7.2,none,1000.081
2026-09-27 00:17:21,idle,,7.4,none,1000.081
2026-09-27 00:17:24,time,crc_ok,16.6,decoded,1000.081
2026-09-27 00:17:27,other,,15.9,failed,1000.081
2026-09-27 00:17:30,idle,,6.8,none,1000.081
2026-09-27 00:17:33,other,,15.7,none,1000.081
2026-09-27 00:17:36,idle,,7.1,none,1000.081
2026-09-27 00:17:39,other,,16.2,none,1000.081
2026-09-27 00:17:42,idle,,6.9,none,1000.081
2026-09-27 00:17:45,other,,15.8,none,1000.081
2026-09-27 00:17:48,time,crc_ok,15.7,none,1000.081
2026-09-27 00:17:51,time,bit_errors,16.2,confirmed,1000.081
2026-09-27 00:17:54,idle,,7.3,none,1000.081
2026-09-27 00:17:57,idle,,7.0,none,1000.081
2026-09-27 00:18:00,idle,,7.0,none,1000.081
2026-09-27 00:18:03,time,bit_errors,15.6,decoded,1000.081
2026-09-27 00:18:06,idle,,7.0,none,1000.081
2026-09-27 00:18:09,other,,15.5,none,1000.081
2026-09-27 00:18:12,idle,,6.8,none,1000.081
2026-09-27 00:18:15,other,,16.6,none,1000.081
2026-09-27 00:18:18,other,,15.5,failed,1000.081
2026-09-27 00:18:21,other,,16.3,none,1000.081
2026-09-27 00:18:24,idle,,6.1,none,1000.081
2026-09-27 00:18:27,idle,,6.8,none,1000.081
2026-09-27 00:18:30,idle,,7.1,none,1000.081
2026-09-27 00:18:33,other,,16.2,none,1000.081
2026-09-27 00:18:36,idle,,7.2,none,1000.081
2026-09-27 00:18:39,other,,16.0,none,1000.081
2026-09-27 00:18:42,idle,,7.3,none,1000.081
2026-09-27 00:18:45,time,bit_errors,15.2,decoded,1000.081
2026-09-27 00:18:48,idle,,7.2,none,1000.081
2026-09-27 00:18:51,idle,,7.5,none,1000.081
2026-09-27 00:18:54,time,bit_errors,15.2,decoded,1000.081
2026-09-27 00:18:57,other,,16.0,none,1000.081
2026-09-27 00:19:00,idle,,7.2,none,1000.081
2026-09-27 00:19:03,time,crc_ok,15.0,decoded,1000.081
2026-09-27 00:19:06,idle,,6.3,none,1000.081
2026-09-27 00:19:09,idle,,5.6,none,1000.081
2026-09-27 00:19:12,idle,,6.1,none,1000.081
2026-09-27 00:19:15,other,,15.9,none,1000.081
2026-09-27 00:19:18,idle,,5.9,none,1000.081
2026-09-27 00:19:21,time,crc_ok,14.5,decoded,1000.081
2026-09-27 00:19:24,other,,15.6,none,1000.081
2026-09-27 00:19:27,idle,,6.4,none,1000.081
2026-09-27 00:19:30,other,,15.3,none,1000.081
2026-09-27 00:19:33,other,,15.0,none,1000.081
2026-09-27 00:19:36,idle,,5.5,none,1000.081
2026-09-27 00:19:39,time,bit_errors,15.4,decoded,1000.081
2026-09-27 00:19:42,time,crc_ok,15.3,decoded,1000.081
2026-09-27 00:19:45,idle,,5.4,none,1000.081
2026-09-27 00:19:48,idle,,5.4,none,1000.081
2026-09-27 00:19:51,other,,15.4,none,1000.081
2026-09-27 00:19:54,time,crc_ok,15.4,decoded,1000.081
2026-09-27 00:19:57,idle,,6.3,none,1000.081
2026-09-27 00:20:00,idle,,7.1,none,1000.081
2026-09-27 00:20:03,time,bit_errors,15.6,decoded,1000.081
2026-09-27 00:20:06,other,,15.5,none,1000.081
2026-09-27 00:20:09,other,,15.8,none,1000.081
2026-09-27 00:20:12,other,,15.5,none,1000.081
2026-09-27 00:20:15,idle,,7.1,none,1000.081
2026-09-27 00:20:18,time,crc_ok,16.1,decoded,1000.081
2026-09-27 00:20:21,other,,15.7,none,1000.081
2026-09-27 00:20:24,idle,,7.6,none,1000.081
2026-09-27 00:20:27,idle,,6.9,none,1000.081
2026-09-27 00:20:30,other,,16.1,none,1000.081
2026-09-27 00:20:33,other,,15.6,none,1000.081
2026-09-27 00:20:36,idle,,7.1,none,1000.081
2026-09-27 00:20:39,time,crc_ok,15.4,decoded,1000.081
2026-09-27 00:20:42,idle,,7.3,none,1000.081
2026-09-27 00:20:45,idle,,7.8,none,1000.081
2026-09-27 00:20:48,idle,,7.7,none,1000.081
2026-09-27 00:20:51,idle,,7.0,none,1000.081
2026-09-27 00:20:54,idle,,7.9,none,1000.081
2026-09-27 00:21:00,idle,,6.9,none,1000.081
2026-09-27 00:21:03,time,bit_errors,16.3,none,1000.081
2026-09-27 00:21:06,idle,,7.3,none,1000.081
2026-09-27 00:21:09,other,,15.6,failed,1000.081
2026-09-27 00:21:12,idle,,7.2,none,1000.081
2026-09-27 00:21:15,idle,,7.9,none,1000.081
2026-09-27 00:21:18,idle,,7.9,none,1000.081
2026-09-27 00:21:21,idle,,7.6,none,1000.081
2026-09-27 00:21:24,idle,,7.4,none,1000.081
2026-09-27 00:21:27,idle,,7.8,none,1000.081
2026-09-27 00:21:30,idle,,7.3,none,1000.081
2026-09-27 00:21:33,other,,15.6,none,1000.081
2026-09-27 00:21:36,other,,16.4,failed,1000.081
2026-09-27 00:21:39,other,,16.2,none,1000.081
2026-09-27 00:21:42,time,crc_ok,15.8,decoded,1000.081
2026-09-27 00:21:45,idle,,7.7,none,1000.081
2026-09-27 00:21:48,time,crc_ok,16.5,decoded,1000.081
2026-09-27 00:21:51,other,,16.5,failed,1000.081
2026-09-27 00:21:54,idle,,7.7,none,1000.081
2026-09-27 00:21:57,idle,,7.0,none,1000.081
2026-09-27 00:22:00,other,,16.5,none,1000.081
2026-09-27 00:22:03,time,crc_ok,16.2,decoded,1000.081
2026-09-27 00:22:06,unclear,,8.3,none,1000.081
2026-09-27 00:22:09,other,,16.5,none,1000.081
2026-09-27 00:22:12,unclear,,8.3,none,1000.081
2026-09-27 00:22:15,unclear,,8.2,none,1000.081
2026-09-27 00:22:18,idle,,7.4,none,1000.081
2026-09-27 00:22:21,idle,,7.0,none,1000.081
2026-09-27 00:22:24,unclear,,8.4,none,1000.081
2026-09-27 00:22:27,time,crc_ok,15.9,decoded,1000.081
2026-09-27 00:22:30,idle,,7.7,none,1000.081
2026-09-27 00:22:33,other,,16.5,none,1000.081
2026-09-27 00:22:36,time,crc_ok,16.4,decoded,1000.081
2026-09-27 00:22:39,unclear,,8.1,none,1000.081
2026-09-27 00:22:42,unclear,,8.8,none,1000.081
2026-09-27 00:22:45,unclear,,8.4,none,1000.081
2026-09-27 00:22:48,other,,15.7,none,1000.081
2026-09-27 00:22:51,time,bit_errors,15.7,decoded,1000.081
2026-09-27 00:22:54,other,,16.3,none,1000.081
2026-09-27 00:22:57,unclear,,8.2,none,1000.081
2026-09-27 00:23:00,other,,15.2,none,1000.081
2026-09-27 00:23:03,time,crc_ok,15.7,decoded,1000.081
2026-09-27 00:23:06,other,,16.1,none,1000.081
2026-09-27 00:23:09,idle,,7.9,none,1000.081
2026-09-27 00:23:12,other,,15.3,none,1000.081
2026-09-27 00:23:15,time,bit_errors,16.1,confirmed,1000.081
2026-09-27 00:23:18,other,,15.5,none,1000.081
2026-09-27 00:23:21,idle,,6.9,none,1000.081
2026-09-27 00:23:24,time,crc_ok,14.8,decoded,1000.081
2026-09-27 00:23:27,unclear,,8.3,none,1000.081
2026-09-27 00:23:30,time,bit_errors,16.6,decoded,1000.081
2026-09-27 00:23:33,other,,16.5,none,1000.081
2026-09-27 00:23:36,idle,,7.4,none,1000.081
2026-09-27 00:23:39,time,crc_ok,15.3,decoded,1000.081
2026-09-27 00:23:42,time,crc_ok,15.7,confirmed,1000.081
2026-09-27 00:23:45,other,,16.3,none,1000.081
2026-09-27 00:23:48,unclear,,8.2,none,1000.081
2026-09-27 00:23:51,idle,,7.8,none,1000.081
2026-09-27 00:23:54,idle,,7.8,none,1000.081
2026-09-27 00:23:57,unclear,,8.3,none,1000.081
2026-09-27 00:24:00,idle,,7.6,none,1000.081
2026-09-27 00:24:03,time,bit_errors,17.1,confirmed,1000.081
2026-09-27 00:24:06,idle,,7.9,none,1000.081
2026-09-27 00:24:09,other,,16.5,none,1000.081
2026-09-27 00:24:12,time,crc_ok,16.9,decoded,1000.081
2026-09-27 00:24:15,other,,16.8,none,1000.081
2026-09-27 00:24:18,idle,,7.8,none,1000.081
2026-09-27 00:24:21,idle,,7.4,none,1000.081
2026-09-27 00:24:24,idle,,7.5,none,1000.081
2026-09-27 00:24:27,unclear,,8.0,none,1000.081
2026-09-27 00:24:30,idle,,8.0,none,1000.081
2026-09-27 00:24:33,other,,15.9,none,1000.081
2026-09-27 00:24:36,time,crc_ok,15.8,confirmed,1000.081
2026-09-27 00:24:39,idle,,7.4,none,1000.081
2026-09-27 00:24:42,time,crc_ok,15.4,decoded,1000.081
2026-09-27 00:24:45,time,crc_ok,15.1,decoded,1000.081
2026-09-27 00:24:48,other,,15.7,none,1000.081
2026-09-27 00:24:51,idle,,7.4,none,1000.081
2026-09-27 00:24:54,other,,15.9,none,1000.081
2026-09-27 00:24:57,idle,,7.0,none,1000.081
2026-09-27 00:25:00,other,,16.8,none,1000.081
2026-09-27 00:25:03,time,crc_ok,15.6,decoded,1000.081
2026-09-27 00:25:06,idle,,7.5,none,1000.081
2026-09-27 00:25:09,other,,15.5,none,1000.081
2026-09-27 00:25:12,idle,,6.8,none,1000.081
2026-09-27 00:25:15,idle,,7.5,none,1000.081
2026-09-27 00:25:18,idle,,7.5,none,1000.081
2026-09-27 00:25:21,other,,15.9,failed,1000.081
2026-09-27 00:25:24,idle,,7.8,none,1000.081
2026-09-27 00:25:27,idle,,7.1,none,1000.081
2026-09-27 00:25:30,idle,,7.5,none,1000.081
2026-09-27 00:25:33,other,,15.3,none,1000.081
2026-09-27 00:25:36,time,bit_errors,15.5,decoded,1000.081
2026-09-27 00:25:39,time,crc_ok,15.9,decoded,1000.081
2026-09-27 00:25:42,time,crc_ok,16.1,decoded,1000.081
2026-09-27 00:25:45,time,bit_errors,15.6,confirmed,1000.081
2026-09-27 00:25:48,time,crc_ok,15.6,decoded,1000.081
2026-09-27 00:25:51,time,bit_errors,15.0,decoded,1000.081
2026-09-27 00:25:54,idle,,5.9,none,1000.081
2026-09-27 00:25:57,idle,,6.6,none,1000.081
2026-09-27 00:26:00,time,crc_ok,15.4,decoded,1000.081
2026-09-27 00:26:03,time,crc_ok,14.9,decoded,1000.081
2026-09-27 00:26:06,idle,,6.6,none,1000.081
2026-09-27 00:26:09,idle,,6.9,none,1000.081
2026-09-27 00:26:12,idle,,6.4,none,1000.081
2026-09-27 00:26:15,other,,15.5,none,1000.081
2026-09-27 00:26:18,time,crc_ok,15.9,decoded,1000.081
2026-09-27 00:26:21,idle,,6.3,none,1000.081
2026-09-27 00:26:24,time,crc_ok,14.9,decoded,1000.081
2026-09-27 00:26:27,other,,14.9,none,1000.081
2026-09-27 00:26:30,idle,,6.3,none,1000.081
2026-09-27 00:26:33,other,,16.1,none,1000.081
2026-09-27 00:26:36,idle,,6.7,none,1000.081
2026-09-27 00:26:39,time,bit_errors,15.1,decoded,1000.081
2026-09-27 00:26:42,other,,15.5,none,1000.081
2026-09-27 00:26:45,idle,,6.6,none,1000.081
2026-09-27 00:26:48,time,crc_ok,15.4,decoded,1000.081
2026-09-27 00:26:51,idle,,6.2,none,1000.081
2026-09-27 00:26:54,time,crc_ok,15.3,decoded,1000.081
2026-09-27 00:26:57,time,crc_ok,15.4,decoded,1000.081
2026-09-27 00:27:00,idle,,6.6,none,1000.081
2026-09-27 00:27:03,time,crc_ok,15.5,decoded,1000.081
2026-09-27 00:27:06,idle,,5.5,none,1000.081
2026-09-27 00:27:09,other,,15.3,none,1000.081
2026-09-27 00:27:12,time,crc_ok,14.7,decoded,1000.081
2026-09-27 00:27:15,idle,,6.0,none,1000.081
2026-09-27 00:27:18,time,bit_errors,15.1,decoded,1000.081
2026-09-27 00:27:21,idle,,5.9,none,1000.081
2026-09-27 00:27:24,other,,15.1,none,1000.081
2026-09-27 00:27:27,other,,15.1,none,1000.081
2026-09-27 00:27:30,idle,,4.4,none,1000.081
2026-09-27 00:27:33,other,,14.5,none,1000.081
2026-09-27 00:27:36,idle,,5.3,none,1000.081
2026-09-27 00:27:39,idle,,4.8,none,1000.081
2026-09-27 00:27:42,idle,,4.9,none,1000.081
2026-09-27 00:27:45,time,crc_ok,14.9,decoded,1000.081
2026-09-27 00:27:48,other,,15.6,failed,1000.081
2026-09-27 00:27:51,idle,,6.1,none,1000.081
2026-09-27 00:27:54,other,,15.3,none,1000.081
2026-09-27 00:27:57,time,crc_ok,14.2,decoded,1000.081
2026-09-27 00:28:00,idle,,6.1,none,1000.081
2026-09-27 00:28:03,time,bit_errors,15.2,decoded,1000.081
2026-09-27 00:28:06,idle,,5.9,none,1000.081
2026-09-27 00:28:09,idle,,5.7,none,1000.081
2026-09-27 00:28:12,other,,15.4,none,1000.081
2026-09-27 00:28:15,time,bit_errors,14.5,decoded,1000.081
2026-09-27 00:28:18,time,crc_ok,15.2,confirmed,1000.081
2026-09-27 00:28:21,time,crc_ok,15.0,confirmed,1000.081
2026-09-27 00:28:24,idle,,6.1,none,1000.081
2026-09-27 00:28:27,idle,,5.8,none,1000.081
2026-09-27 00:28:30,time,crc_ok,14.8,decoded,1000.081
2026-09-27 00:28:33,other,,15.0,none,1000.081
2026-09-27 00:28:36,other,,14.7,none,1000.081
2026-09-27 00:28:39,idle,,4.8,none,1000.081
2026-09-27 00:28:42,time,crc_ok,14.7,decoded,1000.081
2026-09-27 00:28:45,time,crc_ok,14.8,decoded,1000.081
2026-09-27 00:28:48,idle,,4.9,none,1000.081
2026-09-27 00:28:51,other,,14.8,none,1000.081
2026-09-27 00:28:54,idle,,4.8,none,1000.081
2026-09-27 00:28:57,idle,,4.6,none,1000.081
2026-09-27 00:29:00,idle,,4.5,none,1000.081
2026-09-27 00:29:03,time,crc_ok,14.4,decoded,1000.081
2026-09-27 00:29:06,other,,14.8,none,1000.081
2026-09-27 00:29:09,idle,,4.1,none,1000.081
2026-09-27 00:29:12,time,crc_ok,15.0,decoded,1000.081
2026-09-27 00:29:15,other,,15.2,none,1000.081
2026-09-27 00:29:18,time,crc_ok,14.6,decoded,1000.081
2026-09-27 00:29:21,idle,,3.8,none,1000.081
2026-09-27 00:29:24,idle,,4.9,none,1000.081
2026-09-27 00:29:27,idle,,5.3,none,1000.081
2026-09-27 00:29:30,other,,14.9,none,1000.081
2026-09-27 00:29:33,other,,14.8,none,1000.081
2026-09-27 00:29:36,idle,,5.3,none,1000.081
2026-09-27 00:29:39,time,crc_ok,14.7,decoded,1000.081
2026-09-27 00:29:42,other,,14.7,none,1000.081
2026-09-27 00:29:45,time,crc_ok,14.4,decoded,1000.081
2026-09-27 00:29:48,idle,,4.9,none,1000.081
2026-09-27 00:29:51,idle,,4.9,none,1000.081
2026-09-27 00:29:54,idle,,5.2,none,1000.081
2026-09-27 00:29:57,time,crc_ok,15.0,decoded,1000.081
2026-09-27 00:30:00,time,bit_errors,14.8,decoded,1000.081
2026-09-27 00:30:03,time,crc_ok,14.5,decoded,1000.081
2026-09-27 00:30:06,idle,,4.1,none,1000.081
2026-09-27 00:30:09,other,,15.4,none,1000.081
2026-09-27 00:30:12,time,crc_ok,15.0,decoded,1000.081
2026-09-27 00:30:15,time,crc_ok,14.5,decoded,1000.081
2026-09-27 00:30:18,idle,,4.6,none,1000.081
2026-09-27 00:30:21,idle,,5.0,none,1000.081
2026-09-27 00:30:24,idle,,5.0,none,1000.081
2026-09-27 00:30:27,time,crc_ok,14.1,decoded,1000.081
2026-09-27 00:30:30,time,bit_errors,14.7,decoded,1000.081
2026-09-27 00:30:33,other,,14.4,none,1000.081
2026-09-27 00:30:36,time,crc_ok,15.3,decoded,1000.081
2026-09-27 00:30:39,idle,,4.8,none,1000.081
2026-09-27 00:30:42,time,crc_ok,14.5,decoded,1000.081
2026-09-27 00:30:45,time,crc_ok,14.5,decoded,1000.081
2026-09-27 00:30:48,time,crc_ok,14.7,decoded,1000.081
2026-09-27 00:30:51,idle,,5.0,none,1000.081
2026-09-27 00:30:54,idle,,4.6,none,1000.081
2026-09-27 00:31:00,time,crc_ok,15.3,decoded,1000.082
2026-09-27 00:31:03,time,crc_ok,15.1,decoded,1000.082
2026-09-27 00:31:06,other,,15.3,none,1000.082
2026-09-27 00:31:09,time,crc_ok,14.9,decoded,1000.082
2026-09-27 00:31:12,time,crc_ok,14.8,decoded,1000.082
2026-09-27 00:31:15,idle,,4.9,none,1000.082
2026-09-27 00:31:18,idle,,4.8,none,1000.082
2026-09-27 00:31:21,idle,,4.5,none,1000.082
2026-09-27 00:31:24,idle,,4.5,none,1000.082
2026-09-27 00:31:27,idle,,4.4,none,1000.082
2026-09-27 00:31:30,idle,,4.6,none,1000.082
2026-09-27 00:31:33,other,,14.0,none,1000.082
2026-09-27 00:31:36,other,,14.7,none,1000.082
2026-09-27 00:31:39,time,crc_ok,14.9,decoded,1000.082
2026-09-27 00:31:42,time,crc_ok,14.9,decoded,1000.082
2026-09-27 00:31:45,time,bit_errors,14.6,decoded,1000.082
2026-09-27 00:31:48,time,bit_errors,15.1,decoded,1000.082
2026-09-27 00:31:51,time,crc_ok,14.9,decoded,1000.082
2026-09-27 00:31:54,idle,,4.1,none,1000.082
2026-09-27 00:31:57,idle,,4.0,none,1000.082
2026-09-27 00:32:00,other,,14.6,none,1000.082
2026-09-27 00:32:03,time,bit_errors,14.4,decoded,1000.082
2026-09-27 00:32:06,other,,14.7,none,1000.082
2026-09-27 00:32:09,other,,14.6,none,1000.082
2026-09-27 00:32:12,other,,14.5,none,1000.082
2026-09-27 00:32:15,idle,,4.1,none,1000.082
2026-09-27 00:32:18,time,crc_ok,15.0,decoded,1000.082
2026-09-27 00:32:21,other,,15.1,none,1000.082
2026-09-27 00:32:24,other,,14.5,none,1000.082
2026-09-27 00:32:27,other,,14.6,none,1000.082
2026-09-27 00:32:30,time,crc_ok,14.4,decoded,1000.082
2026-09-27 00:32:33,other,,14.5,none,1000.082
2026-09-27 00:32:36,idle,,4.3,none,1000.082
2026-09-27 00:32:39,time,crc_ok,14.4,decoded,1000.082
2026-09-27 00:32:42,idle,,3.8,none,1000.082
2026-09-27 00:32:45,idle,,3.9,none,1000.082
2026-09-27 00:32:48,idle,,3.7,none,1000.082
2026-09-27 00:32:51,idle,,4.4,none,1000.082
2026-09-27 00:32:54,idle,,4.0,none,1000.082
2026-09-27 00:32:57,other,,15.0,none,1000.082
2026-09-27 00:33:00,idle,,3.9,none,1000.082
2026-09-27 00:33:03,time,bit_errors,14.4,decoded,1000.082
2026-09-27 00:33:06,idle,,4.3,none,1000.082
2026-09-27 00:33:09,other,,15.2,none,1000.082
2026-09-27 00:33:12,idle,,4.2,none,1000.082
2026-09-27 00:33:15,idle,,4.3,none,1000.082
2026-09-27 00:33:18,idle,,4.2,none,1000.082
2026-09-27 00:33:21,idle,,4.3,none,1000.082
2026-09-27 00:33:24,idle,,3.8,none,1000.082
2026-09-27 00:33:27,other,,14.5,failed,1000.082
2026-09-27 00:33:30,idle,,4.0,none,1000.082
2026-09-27 00:33:33,other,,14.5,none,1000.082
2026-09-27 00:33:36,other,,14.8,none,1000.082
2026-09-27 00:33:39,other,,14.6,none,1000.082
2026-09-27 00:33:42,other,,14.5,none,1000.082
2026-09-27 00:33:45,idle,,4.2,none,1000.082
2026-09-27 00:33:48,time,bit_errors,14.6,decoded,1000.082
2026-09-27 00:33:51,time,crc_ok,14.9,decoded,1000.082
2026-09-27 00:33:54,time,bit_errors,15.1,decoded,1000.082
2026-09-27 00:33:57,unclear,,14.5,none,1000.082
2026-09-27 00:34:00,time,crc_ok,14.8,decoded,1000.082
2026-09-27 00:34:03,time,crc_ok,14.5,decoded,1000.082
2026-09-27 00:34:06,idle,,3.8,none,1000.082
2026-09-27 00:34:09,other,,15.0,none,1000.082
2026-09-27 00:34:12,time,crc_ok,14.6,decoded,1000.082
2026-09-27 00:34:15,time,crc_ok,14.1,decoded,1000.082
2026-09-27 00:34:18,idle,,3.8,none,1000.082
2026-09-27 00:34:21,time,crc_ok,14.2,decoded,1000.082
2026-09-27 00:34:24,idle,,4.1,none,1000.082
2026-09-27 00:34:27,other,,14.9,none,1000.082
2026-09-27 00:34:30,idle,,4.2,none,1000.082
2026-09-27 00:34:33,other,,14.2,none,1000.082
2026-09-27 00:34:36,time,bit_errors,13.8,decoded,1000.082
2026-09-27 00:34:39,idle,,4.4,none,1000.082
2026-09-27 00:34:42,idle,,4.2,none,1000.082
2026-09-27 00:34:45,idle,,4.3,none,1000.082
2026-09-27 00:34:48,time,crc_ok,14.2,decoded,1000.082
2026-09-27 00:34:51,other,,14.3,none,1000.082
2026-09-27 00:34:54,time,crc_ok,13.6,decoded,1000.082
2026-09-27 00:34:57,idle,,4.1,none,1000.082
2026-09-27 00:35:00,other,,14.9,none,1000.082
2026-09-27 00:35:03,time,crc_ok,14.7,decoded,1000.082
2026-09-27 00:35:06,idle,,4.5,none,1000.082
2026-09-27 00:35:09,other,,15.4,failed,1000.082
2026-09-27 00:35:12,idle,,4.4,none,1000.082
2026-09-27 00:35:15,other,,14.7,none,1000.082
2026-09-27 00:35:18,idle,,5.1,none,1000.082
2026-09-27 00:35:21,idle,,4.9,none,1000.082
2026-09-27 00:35:24,idle,,4.7,none,1000.082
2026-09-27 00:35:27,time,crc_ok,14.8,decoded,1000.082
2026-09-27 00:35:30,other,,15.2,none,1000.082
2026-09-27 00:35:33,other,,14.3,none,1000.082
2026-09-27 00:35:36,idle,,4.6,none,1000.082
2026-09-27 00:35:39,time,bit_errors,14.3,decoded,1000.082
2026-09-27 00:35:42,idle,,4.5,none,1000.082
2026-09-27 00:35:45,time,crc_ok,14.6,decoded,1000.082
2026-09-27 00:35:48,other,,15.2,none,1000.082
2026-09-27 00:35:51,time,crc_ok,14.1,decoded,1000.082
2026-09-27 00:35:54,time,crc_ok,14.1,decoded,1000.082
2026-09-27 00:35:57,idle,,4.9,none,1000.082
2026-09-27 00:36:00,time,crc_ok,14.3,decoded,1000.082
2026-09-27 00:36:03,time,crc_ok,14.3,decoded,1000.082
2026-09-27 00:36:06,idle,,4.7,none,1000.082
2026-09-27 00:36:09,other,,15.0,failed,1000.082
2026-09-27 00:36:12,idle,,4.9,none,1000.082
2026-09-27 00:36:15,time,crc_ok,14.4,decoded,1000.082
2026-09-27 00:36:18,time,bit_errors,14.8,decoded,1000.082
2026-09-27 00:36:21,time,crc_ok,14.9,decoded,1000.082
2026-09-27 00:36:24,time,crc_ok,15.3,decoded,1000.082
2026-09-27 00:36:27,idle,,4.9,none,1000.082
2026-09-27 00:36:30,time,crc_ok,14.5,decoded,1000.082
2026-09-27 00:36:33,other,,14.7,none,1000.082
2026-09-27 00:36:36,idle,,4.9,none,1000.082
2026-09-27 00:36:39,other,,15.3,none,1000.082
2026-09-27 00:36:42,idle,,4.5,none,1000.082
2026-09-27 00:36:45,time,bit_errors,15.0,decoded,1000.082
2026-09-27 00:36:48,idle,,5.0,none,1000.082
2026-09-27 00:36:51,idle,,4.7,none,1000.082
2026-09-27 00:36:54,idle,,4.5,none,1000.082
2026-09-27 00:36:57,other,,15.1,none,1000.082
2026-09-27 00:37:00,other,,14.8,none,1000.082
2026-09-27 00:37:03,time,crc_ok,14.1,decoded,1000.082
2026-09-27 00:37:06,other,,14.9,none,1000.082
2026-09-27 00:37:09,other,,15.0,none,1000.082
2026-09-27 00:37:12,idle,,4.4,none,1000.082
2026-09-27 00:37:15,time,bit_errors,15.0,decoded,1000.082
2026-09-27 00:37:18,other,,14.7,none,1000.082
2026-09-27 00:37:21,idle,,4.1,none,1000.082
2026-09-27 00:37:24,other,,14.6,none,1000.082
2026-09-27 00:37:27,idle,,4.5,none,1000.082
2026-09-27 00:37:30,other,,15.1,none,1000.082
2026-09-27 00:37:33,other,,14.6,none,1000.082
2026-09-27 00:37:36,idle,,4.2,none,1000.082
2026-09-27 00:37:39,other,,14.5,none,1000.082
2026-09-27 00:37:42,time,bit_errors,14.0,decoded,1000.082
2026-09-27 00:37:45,idle,,3.9,none,1000.082
2026-09-27 00:37:48,idle,,4.1,none,1000.082
2026-09-27 00:37:51,time,crc_ok,14.9,decoded,1000.082
2026-09-27 00:37:54,other,,14.8,none,1000.082
2026-09-27 00:37:57,idle,,4.1,none,1000.082
2026-09-27 00:38:00,idle,,3.8,none,1000.082
2026-09-27 00:38:03,time,bit_errors,14.7,decoded,1000.082
2026-09-27 00:38:06,other,,14.8,none,1000.082
2026-09-27 00:38:09,other,,14.8,none,1000.082
2026-09-27 00:38:12,time,crc_ok,14.3,decoded,1000.082
2026-09-27 00:38:15,idle,,4.0,none,1000.082
2026-09-27 00:38:18,other,,14.4,none,1000.082
2026-09-27 00:38:21,time,crc_ok,14.1,decoded,1000.082
2026-09-27 00:38:24,other,,15.1,none,1000.082
2026-09-27 00:38:27,other,,14.8,none,1000.082
2026-09-27 00:38:30,other,,14.3,none,1000.082
2026-09-27 00:38:33,other,,14.6,none,1000.082
2026-09-27 00:38:36,idle,,3.7,none,1000.082
2026-09-27 00:38:39,other,,15.1,none,1000.082
2026-09-27 00:38:42,idle,,4.3,none,1000.082
2026-09-27 00:38:45,idle,,4.0,none,1000.082
2026-09-27 00:38:48,idle,,4.1,none,1000.082
2026-09-27 00:38:51,idle,,4.3,none,1000.082
2026-09-27 00:38:54,time,crc_ok,13.8,decoded,1000.082
2026-09-27 00:38:57,idle,,3.7,none,1000.082
2026-09-27 00:39:00,idle,,3.5,none,1000.082
2026-09-27 00:39:03,time,crc_ok,14.5,decoded,1000.082
2026-09-27 00:39:06,idle,,3.6,none,1000.082
2026-09-27 00:39:09,other,,14.7,none,1000.082
2026-09-27 00:39:12,idle,,3.5,none,1000.082
2026-09-27 00:39:15,idle,,3.4,none,1000.082
2026-09-27 00:39:18,idle,,3.6,none,1000.082
2026-09-27 00:39:21,idle,,3.7,none,1000.082
2026-09-27 00:39:24,other,,14.7,none,1000.082
2026-09-27 00:39:27,idle,,3.8,none,1000.082
2026-09-27 00:39:30,idle,,3.7,none,1000.082
2026-09-27 00:39:33,other,,14.1,none,1000.082
2026-09-27 00:39:36,time,crc_ok,13.8,decoded,1000.082
2026-09-27 00:39:39,time,crc_ok,14.1,decoded,1000.082
2026-09-27 00:39:42,time,crc_ok,13.9,decoded,1000.082
2026-09-27 00:39:45,idle,,3.9,none,1000.082
2026-09-27 00:39:48,time,crc_ok,14.9,decoded,1000.082
2026-09-27 00:39:51,other,,15.1,none,1000.082
2026-09-27 00:39:54,time,bit_errors,14.1,decoded,1000.082
2026-09-27 00:39:57,time,crc_ok,13.8,decoded,1000.082
2026-09-27 00:40:00,other,,14.8,none,1000.082
2026-09-27 00:40:03,time,crc_ok,14.4,decoded,1000.082
2026-09-27 00:40:06,idle,,3.7,none,1000.082
2026-09-27 00:40:09,other,,14.7,none,1000.082
2026-09-27 00:40:12,idle,,3.8,none,1000.082
2026-09-27 00:40:15,time,crc_ok,14.8,decoded,1000.082
2026-09-27 00:40:18,time,crc_ok,14.6,decoded,1000.082
2026-09-27 00:40:21,time,crc_ok,14.3,decoded,1000.082
2026-09-27 00:40:24,idle,,4.3,none,1000.082
2026-09-27 00:40:27,other,,14.8,none,1000.082
2026-09-27 00:40:30,idle,,4.4,none,1000.082
2026-09-27 00:40:33,other,,14.4,none,1000.082
2026-09-27 00:40:36,time,crc_ok,13.9,decoded,1000.082
2026-09-27 00:40:39,idle,,4.3,none,1000.082
2026-09-27 00:40:42,idle,,4.5,none,1000.082
2026-09-27 00:40:45,idle,,4.6,none,1000.082
2026-09-27 00:40:48,other,,15.0,none,1000.082
2026-09-27 00:40:51,time,crc_ok,14.3,decoded,1000.082
2026-09-27 00:40:54,other,,15.4,none,1000.082
2026-09-27 00:41:00,other,,15.4,none,1000.082
2026-09-27 00:41:03,time,crc_ok,13.8,decoded,1000.082
2026-09-27 00:41:06,other,,15.2,none,1000.082
2026-09-27 00:41:09,time,bit_errors,14.8,decoded,1000.082
2026-09-27 00:41:12,time,crc_ok,13.4,decoded,1000.082
2026-09-27 00:41:15,idle,,4.3,none,1000.082
2026-09-27 00:41:18,time,bit_errors,14.3,decoded,1000.082
2026-09-27 00:41:21,other,,15.1,none,1000.082
2026-09-27 00:41:24,idle,,4.4,none,1000.082
2026-09-27 00:41:27,idle,,4.3,none,1000.082
2026-09-27 00:41:30,idle,,4.3,none,1000.082
2026-09-27 00:41:33,other,,14.5,none,1000.082
2026-09-27 00:41:36,idle,,4.0,none,1000.082
2026-09-27 00:41:39,other,,15.0,none,1000.082
2026-09-27 00:41:42,idle,,4.2,none,1000.082
2026-09-27 00:41:45,idle,,4.2,none,1000.082
2026-09-27 00:41:48,idle,,3.9,none,1000.082
2026-09-27 00:41:51,idle,,4.2,none,1000.082
2026-09-27 00:41:54,other,,15.0,failed,1000.082
2026-09-27 00:41:57,time,bit_errors,14.3,decoded,1000.082
2026-09-27 00:42:00,idle,,4.5,none,1000.082
2026-09-27 00:42:03,time,crc_ok,14.2,decoded,1000.082
2026-09-27 00:42:06,idle,,4.1,none,1000.082
2026-09-27 00:42:09,other,,14.8,none,1000.082
2026-09-27 00:42:12,idle,,4.3,none,1000.082
2026-09-27 00:42:15,idle,,4.0,none,1000.082
2026-09-27 00:42:18,idle,,4.4,none,1000.082
2026-09-27 00:42:21,idle,,4.0,none,1000.082
2026-09-27 00:42:24,time,bit_errors,14.5,decoded,1000.082
2026-09-27 00:42:27,time,crc_ok,14.8,decoded,1000.082
2026-09-27 00:42:30,idle,,4.2,none,1000.082
2026-09-27 00:42:33,other,,14.3,none,1000.082
2026-09-27 00:42:36,time,crc_ok,14.6,decoded,1000.082
2026-09-27 00:42:39,time,crc_ok,14.7,decoded,1000.082
2026-09-27 00:42:42,other,,14.6,none,1000.082
2026-09-27 00:42:45,idle,,4.0,none,1000.082
2026-09-27 00:42:48,other,,15.0,none,1000.082
2026-09-27 00:42:51,time,crc_ok,14.3,decoded,1000.082
2026-09-27 00:42:54,idle,,4.3,none,1000.082
2026-09-27 00:42:57,idle,,4.3,none,1000.082
2026-09-27 00:43:00,idle,,4.6,none,1000.082
2026-09-27 00:43:03,time,crc_ok,14.3,decoded,1000.082
2026-09-27 00:43:06,idle,,4.9,none,1000.082
2026-09-27 00:43:09,idle,,4.6,none,1000.082
2026-09-27 00:43:12,other,,15.0,none,1000.082
2026-09-27 00:43:15,idle,,4.8,none,1000.082
2026-09-27 00:43:18,other,,14.5,none,1000.082
2026-09-27 00:43:21,idle,,4.2,none,1000.082
2026-09-27 00:43:24,idle,,4.4,none,1000.082
2026-09-27 00:43:27,other,,14.6,none,1000.082
2026-09-27 00:43:30,idle,,4.3,none,1000.082
2026-09-27 00:43:33,other,,14.6,none,1000.082
2026-09-27 00:43:36,time,crc_ok,14.3,decoded,1000.082
2026-09-27 00:43:39,idle,,4.4,none,1000.082
2026-09-27 00:43:42,idle,,4.6,none,1000.082
2026-09-27 00:43:45,idle,,5.3,none,1000.082
2026-09-27 00:43:48,time,crc_ok,14.5,decoded,1000.082
2026-09-27 00:43:51,other,,14.9,failed,1000.082
2026-09-27 00:43:54,time,bit_errors,14.4,decoded,1000.082
2026-09-27 00:43:57,idle,,5.2,none,1000.082
2026-09-27 00:44:00,other,,15.1,none,1000.082
2026-09-27 00:44:03,time,crc_ok,14.6,confirmed,1000.082
2026-09-27 00:44:06,other,,15.5,none,1000.082
2026-09-27 00:44:09,time,bit_errors,14.6,decoded,1000.082
2026-09-27 00:44:12,other,,14.7,none,1000.082
2026-09-27 00:44:15,idle,,5.1,none,1000.082
2026-09-27 00:44:18,time,crc_ok,14.5,decoded,1000.082
2026-09-27 00:44:21,other,,15.3,none,1000.082
2026-09-27 00:44:24,idle,,5.1,none,1000.082
2026-09-27 00:44:27,time,crc_ok,14.3,decoded,1000.082
2026-09-27 00:44:30,idle,,5.2,none,1000.082
2026-09-27 00:44:33,other,,14.9,none,1000.082
2026-09-27 00:44:36,idle,,5.5,none,1000.082
2026-09-27 00:44:39,other,,15.4,none,1000.082
2026-09-27 00:44:42,idle,,5.5,none,1000.082
2026-09-27 00:44:45,idle,,5.6,none,1000.082
2026-09-27 00:44:48,idle,,5.6,none,1000.082
2026-09-27 00:44:51,idle,,5.3,none,1000.082
2026-09-27 00:44:54,idle,,5.5,none,1000.082
2026-09-27 00:44:57,other,,14.8,none,1000.082
2026-09-27 00:45:00,other,,14.9,failed,1000.082
2026-09-27 00:45:03,time,bit_errors,15.5,decoded,1000.082
2026-09-27 00:45:06,idle,,5.6,none,1000.082
2026-09-27 00:45:09,other,,15.4,none,1000.082
2026-09-27 00:45:12,idle,,5.5,none,1000.082
2026-09-27 00:45:15,idle,,5.6,none,1000.082
2026-09-27 00:45:18,idle,,5.8,none,1000.082
2026-09-27 00:45:21,idle,,5.5,none,1000.082
2026-09-27 00:45:24,idle,,6.0,none,1000.082
2026-09-27 00:45:27,time,crc_ok,15.1,decoded,1000.082
2026-09-27 00:45:30,other,,15.4,none,1000.082
2026-09-27 00:45:33,other,,15.1,none,1000.082
2026-09-27 00:45:36,other,,15.8,none,1000.082
2026-09-27 00:45:39,other,,15.3,none,1000.082
2026-09-27 00:45:42,other,,15.3,none,1000.082
2026-09-27 00:45:45,idle,,5.7,none,1000.082
2026-09-27 00:45:48,other,,14.8,none,1000.082
2026-09-27 00:45:51,other,,15.2,none,1000.082
2026-09-27 00:45:54,idle,,5.7,none,1000.082
2026-09-27 00:45:57,time,bit_errors,14.6,decoded,1000.082
2026-09-27 00:46:00,idle,,5.8,none,1000.082
2026-09-27 00:46:03,time,crc_ok,14.8,decoded,1000.082
2026-09-27 00:46:06,other,,15.5,none,1000.082
2026-09-27 00:46:09,idle,,6.6,none,1000.082
2026-09-27 00:46:12,other,,15.7,none,1000.082
2026-09-27 00:46:15,time,crc_ok,15.5,decoded,1000.082
2026-09-27 00:46:18,idle,,6.0,none,1000.082
2026-09-27 00:46:21,idle,,6.2,none,1000.082
2026-09-27 00:46:24,idle,,6.4,none,1000.082
2026-09-27 00:46:27,other,,16.2,none,1000.082
2026-09-27 00:46:30,idle,,6.5,none,1000.082
2026-09-27 00:46:33,other,,16.1,none,1000.082
2026-09-27 00:46:36,other,,15.5,failed,1000.082
2026-09-27 00:46:39,idle,,6.7,none,1000.082
2026-09-27 00:46:42,idle,,7.2,none,1000.082
2026-09-27 00:46:45,idle,,6.9,none,1000.082
2026-09-27 00:46:48,time,crc_ok,16.0,decoded,1000.082
2026-09-27 00:46:51,time,crc_ok,15.7,decoded,1000.082
2026-09-27 00:46:54,time,crc_ok,15.8,decoded,1000.082
2026-09-27 00:46:57,idle,,7.2,none,1000.082
2026-09-27 00:47:00,time,crc_ok,15.9,decoded,1000.082
2026-09-27 00:47:03,time,bit_errors,15.3,decoded,1000.082
2026-09-27 00:47:06,other,,15.4,none,1000.082
2026-09-27 00:47:09,idle,,7.5,none,1000.082
2026-09-27 00:47:12,time,bit_errors,15.6,decoded,1000.082
2026-09-27 00:47:15,other,,16.0,none,1000.082
2026-09-27 00:47:18,time,bit_errors,15.9,decoded,1000.082
2026-09-27 00:47:21,unclear,,8.6,none,1000.082
2026-09-27 00:47:24,time,crc_ok,16.4,decoded,1000.082
2026-09-27 00:47:27,unclear,,8.8,none,1000.082
2026-09-27 00:47:30,unclear,,9.5,none,1000.082
2026-09-27 00:47:33,other,,15.8,none,1000.082
2026-09-27 00:47:36,unclear,,8.8,none,1000.082
2026-09-27 00:47:39,other,,17.2,none,1000.082
2026-09-27 00:47:42,other,,17.7,none,1000.082
2026-09-27 00:47:45,time,crc_ok,15.5,confirmed,1000.082
2026-09-27 00:47:48,unclear,,9.7,none,1000.082
2026-09-27 00:47:51,unclear,,9.6,none,1000.082
2026-09-27 00:47:54,time,bit_errors,16.5,confirmed,1000.082
2026-09-27 00:47:57,other,,17.0,none,1000.082
2026-09-27 00:48:00,unclear,,8.6,none,1000.082
2026-09-27 00:48:03,time,bit_errors,16.9,decoded,1000.082
2026-09-27 00:48:06,unclear,,9.7,none,1000.082
2026-09-27 00:48:09,other,,17.5,none,1000.082
2026-09-27 00:48:12,time,bit_errors,16.9,decoded,1000.082
2026-09-27 00:48:15,time,bit_errors,17.1,confirmed,1000.082
2026-09-27 00:48:18,unclear,,9.8,none,1000.082
2026-09-27 00:48:21,unclear,,10.2,none,1000.082
2026-09-27 00:48:24,other,,17.0,failed,1000.082
2026-09-27 00:48:27,other,,17.0,none,1000.082
2026-09-27 00:48:30,unclear,,10.3,none,1000.082
2026-09-27 00:48:33,other,,16.2,none,1000.082
2026-09-27 00:48:36,other,,17.3,failed,1000.082
2026-09-27 00:48:39,unclear,,8.9,none,1000.082
2026-09-27 00:48:42,time,bit_errors,17.6,none,1000.082
2026-09-27 00:48:45,time,bit_errors,16.3,confirmed,1000.082
2026-09-27 00:48:48,time,crc_ok,16.2,confirmed,1000.082
2026-09-27 00:48:51,unclear,,9.6,none,1000.082
2026-09-27 00:48:54,time,bit_errors,16.6,decoded,1000.082
2026-09-27 00:48:57,unclear,,9.6,none,1000.082
2026-09-27 00:49:00,unclear,,9.9,none,1000.082
2026-09-27 00:49:03,time,bit_errors,17.9,confirmed,1000.082
2026-09-27 00:49:06,unclear,,11.3,none,1000.082
2026-09-27 00:49:09,unclear,,9.7,none,1000.082
2026-09-27 00:49:12,other,,18.3,none,1000.082
2026-09-27 00:49:15,unclear,,10.5,none,1000.082
2026-09-27 00:49:18,other,,16.4,none,1000.082
2026-09-27 00:49:21,time,bit_errors,17.3,confirmed,1000.082
2026-09-27 00:49:24,unclear,,10.6,none,1000.082
2026-09-27 00:49:27,unclear,,9.9,none,1000.082
2026-09-27 00:49:30,unclear,,9.7,none,1000.082
2026-09-27 00:49:33,other,,15.8,none,1000.082
2026-09-27 00:49:36,time,bit_errors,16.5,none,1000.082
2026-09-27 00:49:39,other,,16.5,none,1000.082
2026-09-27 00:49:42,time,bit_errors,16.6,none,1000.082
2026-09-27 00:49:45,other,,16.9,none,1000.082
2026-09-27 00:49:48,other,,15.8,none,1000.082
2026-09-27 00:49:51,other,,17.0,failed,1000.082
2026-09-27 00:49:54,unclear,,9.4,none,1000.082
2026-09-27 00:49:57,unclear,,9.1,none,1000.082
2026-09-27 00:50:00,other,,16.4,none,1000.082
2026-09-27 00:50:03,time,bit_errors,15.5,confirmed,1000.082
2026-09-27 00:50:06,idle,,7.9,none,1000.082
2026-09-27 00:50:09,idle,,8.0,none,1000.082
2026-09-27 00:50:12,idle,,7.8,none,1000.082
2026-09-27 00:50:15,other,,16.2,none,1000.082
2026-09-27 00:50:18,other,,16.2,none,1000.082
2026-09-27 00:50:21,idle,,7.8,none,1000.082
2026-09-27 00:50:24,other,,16.5,none,1000.082
2026-09-27 00:50:27,time,bit_errors,15.7,none,1000.082
2026-09-27 00:50:30,time,crc_ok,17.1,failed,1000.082
2026-09-27 00:50:33,other,,16.8,none,1000.082
2026-09-27 00:50:36,unclear,,9.5,none,1000.082
2026-09-27 00:50:39,time,bit_errors,17.2,confirmed,1000.082
2026-09-27 00:50:42,other,,16.6,none,1000.082
2026-09-27 00:50:45,unclear,,9.2,none,1000.082
2026-09-27 00:50:48,time,bit_errors,16.0,decoded,1000.082
2026-09-27 00:50:51,unclear,,9.5,none,1000.082
2026-09-27 00:50:54,unclear,,8.8,none,1000.082
2026-09-27 00:51:00,time,bit_errors,16.2,none,1000.082
2026-09-27 00:51:03,time,crc_ok,16.6,none,1000.082
2026-09-27 00:51:06,unclear,,10.5,none,1000.082
2026-09-27 00:51:09,other,,16.9,none,1000.082
2026-09-27 00:51:12,other,,16.9,none,1000.082
2026-09-27 00:51:15,unclear,,8.7,none,1000.082
2026-09-27 00:51:18,other,,17.5,failed,1000.082
2026-09-27 00:51:21,unclear,,9.3,none,1000.082
2026-09-27 00:51:24,idle,,7.6,none,1000.082
2026-09-27 00:51:27,time,crc_ok,16.5,decoded,1000.082
2026-09-27 00:51:30,time,bit_errors,15.3,confirmed,1000.082
2026-09-27 00:51:33,other,,16.1,none,1000.082
2026-09-27 00:51:36,unclear,,8.6,none,1000.082
2026-09-27 00:51:39,unclear,,8.6,none,1000.082
2026-09-27 00:51:42,unclear,,9.3,none,1000.082
2026-09-27 00:51:45,time,bit_errors,15.9,decoded,1000.082
2026-09-27 00:51:48,time,crc_ok,16.5,confirmed,1000.082
2026-09-27 00:51:51,idle,,7.8,none,1000.082
2026-09-27 00:51:54,time,bit_errors,15.9,decoded,1000.082
2026-09-27 00:51:57,time,crc_ok,15.6,decoded,1000.082
2026-09-27 00:52:00,time,crc_ok,15.4,decoded,1000.082
2026-09-27 00:52:03,time,bit_errors,15.2,decoded,1000.082
2026-09-27 00:52:06,other,,16.3,failed,1000.082
2026-09-27 00:52:09,other,,16.6,failed,1000.082
2026-09-27 00:52:12,time,crc_ok,15.2,confirmed,1000.082
2026-09-27 00:52:15,time,crc_ok,15.5,decoded,1000.082
2026-09-27 00:52:18,idle,,7.3,none,1000.082
2026-09-27 00:52:21,other,,16.1,none,1000.082
2026-09-27 00:52:24,idle,,7.0,none,1000.082
2026-09-27 00:52:27,idle,,7.1,none,1000.082
2026-09-27 00:52:30,time,crc_ok,15.7,decoded,1000.082
2026-09-27 00:52:33,other,,15.6,none,1000.082
2026-09-27 00:52:36,time,crc_ok,15.9,decoded,1000.082
2026-09-27 00:52:39,idle,,7.0,none,1000.082
2026-09-27 00:52:42,time,crc_ok,15.3,decoded,1000.082
2026-09-27 00:52:45,other,,15.1,none,1000.082
2026-09-27 00:52:48,idle,,6.6,none,1000.082
2026-09-27 00:52:51,other,,15.1,none,1000.082
2026-09-27 00:52:54,idle,,6.9,none,1000.082
2026-09-27 00:52:57,idle,,5.9,none,1000.082
2026-09-27 00:53:00,idle,,6.2,none,1000.082
2026-09-27 00:53:03,time,crc_ok,14.7,decoded,1000.082
2026-09-27 00:53:06,idle,,6.2,none,1000.082
2026-09-27 00:53:09,other,,15.2,none,1000.082
2026-09-27 00:53:12,idle,,6.1,none,1000.082
2026-09-27 00:53:15,other,,15.4,none,1000.082
2026-09-27 00:53:18,idle,,5.3,none,1000.082
2026-09-27 00:53:21,idle,,5.2,none,1000.082
2026-09-27 00:53:24,other,,15.3,none,1000.082
2026-09-27 00:53:27,other,,14.9,none,1000.082
2026-09-27 00:53:30,idle,,5.5,none,1000.082
2026-09-27 00:53:33,other,,15.5,none,1000.082
2026-09-27 00:53:36,idle,,5.4,none,1000.082
2026-09-27 00:53:39,other,,15.1,none,1000.082
2026-09-27 00:53:42,idle,,5.4,none,1000.082
2026-09-27 00:53:45,other,,14.9,failed,1000.082
2026-09-27 00:53:48,other,,15.6,none,1000.082
2026-09-27 00:53:51,other,,15.0,failed,1000.082
2026-09-27 00:53:54,time,crc_ok,15.2,decoded,1000.082
2026-09-27 00:53:57,idle,,5.0,none,1000.082
2026-09-27 00:54:00,idle,,4.4,none,1000.082
2026-09-27 00:54:03,time,crc_ok,14.6,decoded,1000.082
2026-09-27 00:54:06,idle,,5.0,none,1000.082
2026-09-27 00:54:09,other,,15.1,none,1000.082
2026-09-27 00:54:12,idle,,5.0,none,1000.082
2026-09-27 00:54:15,other,,14.6,none,1000.082
2026-09-27 00:54:18,other,,14.8,none,1000.082
2026-09-27 00:54:21,time,bit_errors,14.3,decoded,1000.082
2026-09-27 00:54:24,time,crc_ok,14.4,decoded,1000.082
2026-09-27 00:54:27,idle,,4.5,none,1000.082
2026-09-27 00:54:30,idle,,4.8,none,1000.082
2026-09-27 00:54:33,other,,14.4,none,1000.082
2026-09-27 00:54:36,idle,,4.4,none,1000.082
2026-09-27 00:54:39,other,,14.9,none,1000.082
2026-09-27 00:54:42,idle,,4.4,none,1000.082
2026-09-27 00:54:45,other,,14.2,none,1000.082
2026-09-27 00:54:48,idle,,4.3,none,1000.082
2026-09-27 00:54:51,idle,,4.3,none,1000.082
2026-09-27 00:54:54,other,,14.7,none,1000.082
2026-09-27 00:54:57,time,crc_ok,14.3,decoded,1000.082
2026-09-27 00:55:00,idle,,4.0,none,1000.082
2026-09-27 00:55:03,time,crc_ok,14.3,decoded,1000.082
2026-09-27 00:55:06,idle,,4.7,none,1000.082
2026-09-27 00:55:09,idle,,4.4,none,1000.082
2026-09-27 00:55:12,idle,,4.2,none,1000.082
2026-09-27 00:55:15,other,,15.0,none,1000.082
2026-09-27 00:55:18,other,,14.7,none,1000.082
2026-09-27 00:55:21,time,crc_ok,14.4,decoded,1000.082
2026-09-27 00:55:24,time,crc_ok,14.1,decoded,1000.082
2026-09-27 00:55:27,idle,,4.2,none,1000.082
2026-09-27 00:55:30,other,,14.5,none,1000.082
2026-09-27 00:55:33,other,,14.3,none,1000.082
2026-09-27 00:55:36,idle,,4.1,none,1000.082
2026-09-27 00:55:39,other,,14.7,none,1000.082
2026-09-27 00:55:42,time,crc_ok,14.3,decoded,1000.082
2026-09-27 00:55:45,idle,,4.1,none,1000.082
2026-09-27 00:55:48,idle,,3.8,none,1000.082
2026-09-27 00:55:51,other,,14.9,none,1000.082
2026-09-27 00:55:54,time,bit_errors,13.7,decoded,1000.082
2026-09-27 00:55:57,idle,,4.1,none,1000.082
2026-09-27 00:56:00,idle,,4.1,none,1000.082
2026-09-27 00:56:03,time,crc_ok,14.8,decoded,1000.082
2026-09-27 00:56:06,other,,14.7,none,1000.082
2026-09-27 00:56:09,idle,,4.1,none,1000.082
2026-09-27 00:56:12,other,,14.7,none,1000.082
2026-09-27 00:56:15,time,crc_ok,14.2,decoded,1000.082
2026-09-27 00:56:18,other,,14.6,none,1000.082
2026-09-27 00:56:21,idle,,3.5,none,1000.082
2026-09-27 00:56:24,other,,14.1,none,1000.082
2026-09-27 00:56:27,idle,,4.0,none,1000.082
2026-09-27 00:56:30,idle,,3.5,none,1000.082
2026-09-27 00:56:33,other,,15.3,none,1000.082
2026-09-27 00:56:36,idle,,3.7,none,1000.082
2026-09-27 00:56:39,other,,14.3,none,1000.082
2026-09-27 00:56:42,other,,15.1,none,1000.082
2026-09-27 00:56:45,time,crc_ok,14.2,decoded,1000.082
2026-09-27 00:56:48,idle,,3.7,none,1000.082
2026-09-27 00:56:51,idle,,3.6,none,1000.082
2026-09-27 00:56:54,other,,14.6,none,1000.082
2026-09-27 00:56:57,time,crc_ok,14.2,decoded,1000.082
2026-09-27 00:57:00,time,crc_ok,14.4,decoded,1000.082
2026-09-27 00:57:03,time,crc_ok,14.2,decoded,1000.082
2026-09-27 00:57:06,idle,,4.4,none,1000.082
2026-09-27 00:57:09,other,,14.4,none,1000.082
2026-09-27 00:57:12,other,,15.0,none,1000.082
2026-09-27 00:57:15,other,,14.4,none,1000.082
2026-09-27 00:57:18,idle,,3.7,none,1000.082
2026-09-27 00:57:21,idle,,3.5,none,1000.082
2026-09-27 00:57:24,other,,14.5,none,1000.082
2026-09-27 00:57:27,other,,14.6,none,1000.082
2026-09-27 00:57:30,other,,15.0,none,1000.082
2026-09-27 00:57:33,other,,13.8,none,1000.082
2026-09-27 00:57:36,other,,14.4,none,1000.082
2026-09-27 00:57:39,idle,,3.1,none,1000.082
2026-09-27 00:57:42,other,,15.1,none,1000.082
2026-09-27 00:57:45,time,crc_ok,13.7,decoded,1000.082
2026-09-27 00:57:48,time,crc_ok,14.3,decoded,1000.082
2026-09-27 00:57:51,idle,,3.3,none,1000.082
2026-09-27 00:57:54,other,,14.4,none,1000.082
2026-09-27 00:57:57,idle,,3.2,none,1000.082
2026-09-27 00:58:00,idle,,2.8,none,1000.082
2026-09-27 00:58:03,time,crc_ok,13.9,decoded,1000.082
2026-09-27 00:58:06,other,,14.7,none,1000.082
2026-09-27 00:58:09,idle,,3.3,none,1000.082
2026-09-27 00:58:12,time,crc_ok,13.7,decoded,1000.082
2026-09-27 00:58:15,idle,,3.3,none,1000.082
2026-09-27 00:58:18,other,,14.7,none,1000.082
2026-09-27 00:58:21,time,bit_errors,13.9,decoded,1000.082
2026-09-27 00:58:24,idle,,3.4,none,1000.082
2026-09-27 00:58:27,idle,,3.5,none,1000.082
2026-09-27 00:58:30,idle,,3.6,none,1000.082
2026-09-27 00:58:33,other,,14.2,none,1000.082
2026-09-27 00:58:36,time,bit_errors,14.4,decoded,1000.082
2026-09-27 00:58:39,time,crc_ok,14.3,decoded,1000.082
2026-09-27 00:58:42,time,crc_ok,14.4,decoded,1000.082
2026-09-27 00:58:45,other,,14.6,none,1000.082
2026-09-27 00:58:48,other,,14.8,none,1000.082
2026-09-27 00:58:51,other,,14.7,none,1000.082
2026-09-27 00:58:54,idle,,4.5,none,1000.082
2026-09-27 00:58:57,idle,,4.5,none,1000.082
2026-09-27 00:59:00,other,,14.7,none,1000.082
2026-09-27 00:59:03,time,crc_ok,14.9,decoded,1000.082
2026-09-27 00:59:06,other,,14.9,none,1000.082
2026-09-27 00:59:09,time,crc_ok,14.4,decoded,1000.082
2026-09-27 00:59:12,time,crc_ok,14.5,decoded,1000.082
2026-09-27 00:59:15,idle,,4.2,none,1000.082
2026-09-27 00:59:18,other,,15.1,none,1000.082
2026-09-27 00:59:21,time,bit_errors,14.6,decoded,1000.082
2026-09-27 00:59:24,other,,15.3,none,1000.082
2026-09-27 00:59:27,time,crc_ok,14.4,decoded,1000.082
2026-09-27 00:59:30,idle,,5.1,none,1000.082
2026-09-27 00:59:33,other,,14.7,none,1000.082
2026-09-27 00:59:36,idle,,4.6,none,1000.082
2026-09-27 00:59:39,time,crc_ok,14.2,decoded,1000.082
2026-09-27 00:59:42,idle,,4.6,none,1000.082
2026-09-27 00:59:45,idle,,5.4,none,1000.082
2026-09-27 00:59:48,idle,,5.2,none,1000.082
2026-09-27 00:59:51,idle,,5.0,none,1000.082
2026-09-27 00:59:54,idle,,4.5,none,1000.082
2026-09-27 00:59:57,other,,14.9,failed,1000.082
2026-09-27 01:00:00,other,,15.7,none,1000.082
2026-09-27 01:00:03,time,bit_errors,14.4,decoded,1000.082
2026-09-27 01:00:06,idle,,5.3,none,1000.082
2026-09-27 01:00:09,other,,15.2,failed,1000.082
2026-09-27 01:00:12,idle,,5.3,none,1000.082
2026-09-27 01:00:15,idle,,5.7,none,1000.082
2026-09-27 01:00:18,idle,,5.8,none,1000.082
2026-09-27 01:00:21,idle,,5.6,none,1000.082
2026-09-27 01:00:24,idle,,5.5,none,1000.082
2026-09-27 01:00:27,other,,15.6,none,1000.082
2026-09-27 01:00:30,time,crc_ok,15.8,decoded,1000.082
2026-09-27 01:00:33,other,,14.8,none,1000.082
2026-09-27 01:00:36,other,,15.3,failed,1000.082
2026-09-27 01:00:39,time,crc_ok,15.1,decoded,1000.082
2026-09-27 01:00:42,time,crc_ok,15.1,decoded,1000.082
2026-09-27 01:00:45,idle,,5.1,none,1000.082
2026-09-27 01:00:48,time,crc_ok,14.3,decoded,1000.082
2026-09-27 01:00:51,time,bit_errors,14.8,decoded,1000.082
2026-09-27 01:00:54,time,crc_ok,15.1,decoded,1000.082
2026-09-27 01:01:00,idle,,5.9,none,1000.082
2026-09-27 01:01:03,time,crc_ok,14.6,decoded,1000.082
2026-09-27 01:01:06,other,,14.8,none,1000.082
2026-09-27 01:01:09,idle,,6.6,none,1000.082
2026-09-27 01:01:12,time,crc_ok,14.8,decoded,1000.082
2026-09-27 01:01:15,time,crc_ok,14.4,decoded,1000.082
2026-09-27 01:01:18,idle,,5.8,none,1000.082
2026-09-27 01:01:21,other,,15.6,none,1000.082
2026-09-27 01:01:24,idle,,6.3,none,1000.082
2026-09-27 01:01:27,time,crc_ok,14.4,decoded,1000.082
2026-09-27 01:01:30,idle,,5.8,none,1000.082
2026-09-27 01:01:33,other,,14.3,none,1000.082
2026-09-27 01:01:36,other,,15.0,failed,1000.082
2026-09-27 01:01:39,idle,,5.4,none,1000.082
2026-09-27 01:01:42,idle,,5.6,none,1000.082
2026-09-27 01:01:45,idle,,5.8,none,1000.082
2026-09-27 01:01:48,other,,15.1,none,1000.082
2026-09-27 01:01:51,other,,14.6,none,1000.082
2026-09-27 01:01:54,unclear,,15.8,none,1000.082
2026-09-27 01:01:57,idle,,6.2,none,1000.082
2026-09-27 01:02:00,other,,15.5,none,1000.082
2026-09-27 01:02:03,time,bit_errors,15.1,confirmed,1000.082
2026-09-27 01:02:06,other,,15.3,failed,1000.082
2026-09-27 01:02:09,idle,,6.2,none,1000.082
2026-09-27 01:02:12,time,crc_ok,15.4,decoded,1000.082
2026-09-27 01:02:15,other,,15.1,none,1000.082
2026-09-27 01:02:18,other,,15.5,none,1000.082
2026-09-27 01:02:21,idle,,6.2,none,1000.082
2026-09-27 01:02:24,time,crc_ok,15.2,decoded,1000.082
2026-09-27 01:02:27,other,,15.7,failed,1000.082
2026-09-27 01:02:30,time,crc_ok,14.9,decoded,1000.082
2026-09-27 01:02:33,other,,15.1,none,1000.082
2026-09-27 01:02:36,idle,,6.3,none,1000.082
2026-09-27 01:02:39,other,,15.7,none,1000.082
2026-09-27 01:02:42,time,crc_ok,15.8,decoded,1000.082
2026-09-27 01:02:45,other,,14.8,failed,1000.082
2026-09-27 01:02:48,idle,,6.6,none,1000.082
2026-09-27 01:02:51,idle,,6.7,none,1000.082
2026-09-27 01:02:54,idle,,6.5,none,1000.082
2026-09-27 01:02:57,idle,,6.7,none,1000.082
2026-09-27 01:03:00,other,,16.0,none,1000.082
2026-09-27 01:03:03,time,crc_ok,15.4,confirmed,1000.082
2026-09-27 01:03:06,idle,,6.6,none,1000.082
2026-09-27 01:03:09,other,,15.9,none,1000.082
2026-09-27 01:03:12,time,bit_errors,14.5,decoded,1000.082
2026-09-27 01:03:15,other,,15.1,none,1000.082
2026-09-27 01:03:18,idle,,6.5,none,1000.082
2026-09-27 01:03:21,idle,,6.8,none,1000.082
2026-09-27 01:03:24,idle,,5.6,none,1000.082
2026-09-27 01:03:27,idle,,6.9,none,1000.082
2026-09-27 01:03:30,time,bit_errors,14.8,decoded,1000.082
2026-09-27 01:03:33,other,,15.9,none,1000.082
2026-09-27 01:03:36,time,bit_errors,15.8,confirmed,1000.082
2026-09-27 01:03:39,idle,,6.5,none,1000.082
2026-09-27 01:03:42,time,bit_errors,15.2,decoded,1000.082
2026-09-27 01:03:45,other,,15.2,none,1000.082
2026-09-27 01:03:48,other,,15.8,none,1000.082
2026-09-27 01:03:51,idle,,6.4,none,1000.082
2026-09-27 01:03:54,other,,15.4,none,1000.082
2026-09-27 01:03:57,time,crc_ok,15.2,decoded,1000.082
2026-09-27 01:04:00,time,bit_errors,14.7,confirmed,1000.082
2026-09-27 01:04:03,time,crc_ok,14.8,decoded,1000.082
2026-09-27 01:04:06,other,,15.9,none,1000.082
2026-09-27 01:04:09,other,,15.3,failed,1000.082
2026-09-27 01:04:12,idle,,6.4,none,1000.082
2026-09-27 01:04:15,time,crc_ok,15.0,decoded,1000.082
2026-09-27 01:04:18,idle,,6.3,none,1000.082
2026-09-27 01:04:21,time,crc_ok,15.1,decoded,1000.082
2026-09-27 01:04:24,idle,,6.0,none,1000.082
2026-09-27 01:04:27,idle,,6.1,none,1000.082
2026-09-27 01:04:30,idle,,6.1,none,1000.082
2026-09-27 01:04:33,other,,15.5,none,1000.082
2026-09-27 01:04:36,other,,15.7,failed,1000.082
2026-09-27 01:04:39,other,,15.6,none,1000.082
2026-09-27 01:04:42,other,,14.6,none,1000.082
2026-09-27 01:04:45,other,,16.0,none,1000.082
2026-09-27 01:04:48,time,crc_ok,14.8,decoded,1000.082
2026-09-27 01:04:51,other,,15.5,none,1000.082
2026-09-27 01:04:54,idle,,6.5,none,1000.082
2026-09-27 01:04:57,idle,,6.0,none,1000.082
2026-09-27 01:05:00,time,crc_ok,15.0,decoded,1000.082
2026-09-27 01:05:03,time,crc_ok,14.6,confirmed,1000.082
2026-09-27 01:05:06,idle,,5.7,none,1000.082
2026-09-27 01:05:09,idle,,6.0,none,1000.082
2026-09-27 01:05:12,idle,,5.8,none,1000.082
2026-09-27 01:05:15,other,,14.8,none,1000.082
2026-09-27 01:05:18,time,bit_errors,14.8,decoded,1000.082
2026-09-27 01:05:21,idle,,5.9,none,1000.082
2026-09-27 01:05:24,idle,,6.1,none,1000.082
2026-09-27 01:05:27,time,crc_ok,15.2,decoded,1000.082
2026-09-27 01:05:30,other,,15.2,failed,1000.082
2026-09-27 01:05:33,other,,14.7,none,1000.082
2026-09-27 01:05:36,idle,,5.8,none,1000.082
2026-09-27 01:05:39,time,crc_ok,15.3,decoded,1000.082
2026-09-27 01:05:42,other,,15.2,failed,1000.082
2026-09-27 01:05:45,idle,,5.9,none,1000.082
2026-09-27 01:05:48,other,,15.0,none,1000.082
2026-09-27 01:05:51,idle,,5.7,none,1000.082
2026-09-27 01:05:54,time,crc_ok,14.9,decoded,1000.082
2026-09-27 01:05:57,idle,,5.3,none,1000.082
2026-09-27 01:06:00,idle,,5.4,none,1000.082
2026-09-27 01:06:03,time,crc_ok,14.6,decoded,1000.082
2026-09-27 01:06:06,idle,,4.9,none,1000.082
2026-09-27 01:06:09,other,,15.1,none,1000.082
2026-09-27 01:06:12,time,crc_ok,14.4,decoded,1000.082
2026-09-27 01:06:15,idle,,5.5,none,1000.082
2026-09-27 01:06:18,time,crc_ok,14.1,decoded,1000.082
2026-09-27 01:06:21,idle,,6.0,none,1000.082
2026-09-27 01:06:24,time,crc_ok,14.2,decoded,1000.082
2026-09-27 01:06:27,idle,,5.7,none,1000.082
2026-09-27 01:06:30,idle,,5.1,none,1000.082
2026-09-27 01:06:33,other,,15.6,none,1000.082
2026-09-27 01:06:36,idle,,5.6,none,1000.082
2026-09-27 01:06:39,idle,,5.1,none,1000.082
2026-09-27 01:06:42,idle,,5.6,none,1000.082
2026-09-27 01:06:45,other,,14.8,none,1000.082
2026-09-27 01:06:48,other,,15.2,none,1000.082
2026-09-27 01:06:51,idle,,5.1,none,1000.082
2026-09-27 01:06:54,idle,,5.3,none,1000.082
2026-09-27 01:06:57,other,,15.2,failed,1000.082
2026-09-27 01:07:00,other,,15.1,none,1000.082
2026-09-27 01:07:03,time,crc_ok,14.4,decoded,1000.082
2026-09-27 01:07:06,idle,,4.8,none,1000.082
2026-09-27 01:07:09,other,,15.4,none,1000.082
2026-09-27 01:07:12,idle,,5.4,none,1000.082
2026-09-27 01:07:15,time,crc_ok,13.6,decoded,1000.082
2026-09-27 01:07:18,time,crc_ok,14.6,decoded,1000.082
2026-09-27 01:07:21,idle,,5.2,none,1000.082
2026-09-27 01:07:24,idle,,5.5,none,1000.082
2026-09-27 01:07:27,idle,,5.5,none,1000.082
2026-09-27 01:07:30,time,crc_ok,15.1,decoded,1000.082
2026-09-27 01:07:33,other,,14.6,failed,1000.082
2026-09-27 01:07:36,time,crc_ok,13.9,decoded,1000.082
2026-09-27 01:07:39,idle,,5.1,none,1000.082
2026-09-27 01:07:42,time,crc_ok,14.5,decoded,1000.082
2026-09-27 01:07:45,other,,14.9,none,1000.082
2026-09-27 01:07:48,idle,,5.3,none,1000.082
2026-09-27 01:07:51,time,crc_ok,14.9,decoded,1000.082
2026-09-27 01:07:54,idle,,5.0,none,1000.082
2026-09-27 01:07:57,idle,,5.4,none,1000.082
2026-09-27 01:08:00,idle,,4.4,none,1000.082
2026-09-27 01:08:03,time,crc_ok,14.8,decoded,1000.082
2026-09-27 01:08:06,idle,,5.7,none,1000.082
2026-09-27 01:08:09,other,,15.6,none,1000.082
2026-09-27 01:08:12,idle,,5.0,none,1000.082
2026-09-27 01:08:15,time,crc_ok,15.0,decoded,1000.082
2026-09-27 01:08:18,idle,,5.1,none,1000.082
2026-09-27 01:08:21,idle,,5.3,none,1000.082
2026-09-27 01:08:24,idle,,5.3,none,1000.082
2026-09-27 01:08:27,time,crc_ok,15.1,decoded,1000.082
2026-09-27 01:08:30,idle,,4.7,none,1000.082
2026-09-27 01:08:33,other,,15.3,none,1000.082
2026-09-27 01:08:36,idle,,5.6,none,1000.082
2026-09-27 01:08:39,other,,15.0,none,1000.082
2026-09-27 01:08:42,idle,,5.4,none,1000.082
2026-09-27 01:08:45,other,,15.4,none,1000.082
2026-09-27 01:08:48,other,,15.2,none,1000.082
2026-09-27 01:08:51,time,crc_ok,15.0,decoded,1000.082
2026-09-27 01:08:54,idle,,5.0,none,1000.082
2026-09-27 01:08:57,idle,,5.4,none,1000.082
2026-09-27 01:09:00,other,,14.8,none,1000.082
2026-09-27 01:09:03,time,bit_errors,14.9,decoded,1000.082
2026-09-27 01:09:06,idle,,5.0,none,1000.082
2026-09-27 01:09:09,other,,15.0,failed,1000.082
2026-09-27 01:09:12,idle,,5.1,none,1000.082
2026-09-27 01:09:15,other,,15.5,none,1000.082
2026-09-27 01:09:18,other,,14.7,none,1000.082
2026-09-27 01:09:21,time,crc_ok,14.8,decoded,1000.082
2026-09-27 01:09:24,idle,,4.7,none,1000.082
2026-09-27 01:09:27,idle,,5.2,none,1000.082
2026-09-27 01:09:30,other,,15.7,none,1000.082
2026-09-27 01:09:33,other,,14.8,none,1000.082
2026-09-27 01:09:36,idle,,5.4,none,1000.082
2026-09-27 01:09:39,time,crc_ok,14.5,decoded,1000.082
2026-09-27 01:09:42,idle,,5.9,none,1000.082
2026-09-27 01:09:45,time,crc_ok,14.5,decoded,1000.082
2026-09-27 01:09:48,idle,,5.4,none,1000.082
2026-09-27 01:09:51,idle,,5.4,none,1000.082
2026-09-27 01:09:54,idle,,5.1,none,1000.082
2026-09-27 01:09:57,other,,15.6,none,1000.082
2026-09-27 01:10:00,idle,,5.4,none,1000.082
2026-09-27 01:10:03,time,crc_ok,15.3,decoded,1000.082
2026-09-27 01:10:06,other,,14.8,failed,1000.082
2026-09-27 01:10:09,idle,,5.8,none,1000.082
2026-09-27 01:10:12,idle,,5.2,none,1000.082
2026-09-27 01:10:15,time,crc_ok,14.8,decoded,1000.082
2026-09-27 01:10:18,idle,,5.2,none,1000.082
2026-09-27 01:10:21,idle,,5.2,none,1000.082
2026-09-27 01:10:24,time,bit_errors,14.1,decoded,1000.082
2026-09-27 01:10:27,idle,,4.9,none,1000.082
2026-09-27 01:10:30,other,,15.4,failed,1000.082
2026-09-27 01:10:33,other,,15.6,none,1000.082
2026-09-27 01:10:36,idle,,5.1,none,1000.082
2026-09-27 01:10:39,time,crc_ok,15.4,decoded,1000.082
2026-09-27 01:10:42,time,crc_ok,14.3,decoded,1000.082
2026-09-27 01:10:45,idle,,5.4,none,1000.082
2026-09-27 01:10:48,idle,,5.4,none,1000.082
2026-09-27 01:10:51,time,crc_ok,14.2,decoded,1000.082
2026-09-27 01:10:54,time,bit_errors,14.2,decoded,1000.082
2026-09-27 01:11:00,idle,,5.2,none,1000.082
2026-09-27 01:11:03,time,crc_ok,14.5,none,1000.082
2026-09-27 01:11:06,unclear,,14.5,none,1000.082
2026-09-27 01:11:09,idle,,5.2,none,1000.082
2026-09-27 01:11:12,other,,14.9,none,1000.082
2026-09-27 01:11:15,other,,14.8,none,1000.082
2026-09-27 01:11:18,time,crc_ok,14.9,decoded,1000.082
2026-09-27 01:11:21,idle,,4.9,none,1000.082
2026-09-27 01:11:24,other,,15.2,failed,1000.082
2026-09-27 01:11:27,time,crc_ok,14.9,decoded,1000.082
2026-09-27 01:11:30,other,,14.6,none,1000.082
2026-09-27 01:11:33,other,,14.5,none,1000.082
2026-09-27 01:11:36,idle,,5.6,none,1000.082
2026-09-27 01:11:39,time,crc_ok,14.9,decoded,1000.082
2026-09-27 01:11:42,time,bit_errors,14.9,decoded,1000.082
2026-09-27 01:11:45,time,crc_ok,14.5,decoded,1000.082
2026-09-27 01:11:48,idle,,5.0,none,1000.082
2026-09-27 01:11:51,idle,,5.2,none,1000.082
2026-09-27 01:11:54,idle,,4.7,none,1000.082
2026-09-27 01:11:57,time,bit_errors,14.3,decoded,1000.082
2026-09-27 01:12:00,idle,,5.3,none,1000.082
2026-09-27 01:12:03,time,bit_errors,14.2,decoded,1000.082
2026-09-27 01:12:06,idle,,5.1,none,1000.082
2026-09-27 01:12:09,other,,15.0,none,1000.082
2026-09-27 01:12:12,other,,15.0,none,1000.082
2026-09-27 01:12:15,other,,15.5,none,1000.082
2026-09-27 01:12:18,idle,,5.2,none,1000.082
2026-09-27 01:12:21,idle,,5.0,none,1000.082
2026-09-27 01:12:24,idle,,4.9,none,1000.082
2026-09-27 01:12:27,time,crc_ok,15.3,decoded,1000.082
2026-09-27 01:12:30,idle,,5.3,none,1000.082
2026-09-27 01:12:33,other,,15.0,none,1000.082
2026-09-27 01:12:36,other,,15.5,failed,1000.082
2026-09-27 01:12:39,idle,,5.4,none,1000.082
2026-09-27 01:12:42,other,,15.2,none,1000.082
2026-09-27 01:12:45,other,,15.4,none,1000.082
2026-09-27 01:12:48,time,crc_ok,14.7,decoded,1000.082
2026-09-27 01:12:51,unclear,,14.3,none,1000.082
2026-09-27 01:12:54,idle,,5.4,none,1000.082
2026-09-27 01:12:57,time,crc_ok,14.2,confirmed,1000.082
2026-09-27 01:13:00,time,crc_ok,15.0,decoded,1000.082
2026-09-27 01:13:03,time,crc_ok,15.0,decoded,1000.082
2026-09-27 01:13:06,idle,,5.5,none,1000.082
2026-09-27 01:13:09,other,,14.9,none,1000.082
2026-09-27 01:13:12,time,crc_ok,14.7,decoded,1000.082
2026-09-27 01:13:15,other,,15.5,none,1000.082
2026-09-27 01:13:18,idle,,5.4,none,1000.082
2026-09-27 01:13:21,time,bit_errors,13.7,decoded,1000.082
2026-09-27 01:13:24,idle,,5.0,none,1000.082
2026-09-27 01:13:27,idle,,5.5,none,1000.082
2026-09-27 01:13:30,idle,,5.0,none,1000.082
2026-09-27 01:13:33,other,,14.4,none,1000.082
2026-09-27 01:13:36,time,bit_errors,13.9,decoded,1000.082
2026-09-27 01:13:39,other,,14.7,none,1000.082
2026-09-27 01:13:42,time,crc_ok,15.2,decoded,1000.082
2026-09-27 01:13:45,other,,15.0,none,1000.082
2026-09-27 01:13:48,other,,15.0,none,1000.082
2026-09-27 01:13:51,time,crc_ok,14.8,decoded,1000.082
2026-09-27 01:13:54,idle,,5.2,none,1000.082
2026-09-27 01:13:57,idle,,5.2,none,1000.082
2026-09-27 01:14:00,other,,14.7,none,1000.082
2026-09-27 01:14:03,time,crc_ok,14.0,decoded,1000.082
2026-09-27 01:14:06,idle,,5.2,failed,1000.082
2026-09-27 01:14:09,other,,15.1,none,1000.082
2026-09-27 01:14:12,idle,,5.2,none,1000.082
2026-09-27 01:14:15,time,crc_ok,14.2,decoded,1000.082
2026-09-27 01:14:18,idle,,5.3,none,1000.082
2026-09-27 01:14:21,idle,,5.1,none,1000.082
2026-09-27 01:14:24,other,,14.5,none,1000.082
2026-09-27 01:14:27,idle,,4.9,none,1000.082
2026-09-27 01:14:30,idle,,5.2,none,1000.082
2026-09-27 01:14:33,other,,15.1,none,1000.082
2026-09-27 01:14:36,idle,,5.3,none,1000.082
2026-09-27 01:14:39,other,,15.5,none,1000.082
2026-09-27 01:14:42,idle,,4.8,none,1000.082
2026-09-27 01:14:45,time,crc_ok,14.4,decoded,1000.082
2026-09-27 01:14:48,other,,14.9,none,1000.082
2026-09-27 01:14:51,other,,15.3,none,1000.082
2026-09-27 01:14:54,other,,15.2,none,1000.082
2026-09-27 01:14:57,idle,,5.1,none,1000.082
2026-09-27 01:15:00,other,,15.7,none,1000.082
2026-09-27 01:15:03,time,crc_ok,13.9,decoded,1000.082
2026-09-27 01:15:06,idle,,5.4,none,1000.082
2026-09-27 01:15:09,other,,14.4,none,1000.082
2026-09-27 01:15:12,idle,,5.0,none,1000.082
2026-09-27 01:15:15,time,crc_ok,13.7,decoded,1000.082
2026-09-27 01:15:18,time,crc_ok,13.9,decoded,1000.082
2026-09-27 01:15:21,other,,14.7,none,1000.082
2026-09-27 01:15:24,other,,14.9,none,1000.082
2026-09-27 01:15:27,idle,,5.2,none,1000.082
2026-09-27 01:15:30,time,crc_ok,15.0,decoded,1000.082
2026-09-27 01:15:33,other,,15.4,none,1000.082
2026-09-27 01:15:36,idle,,5.1,none,1000.082
2026-09-27 01:15:39,other,,15.4,none,1000.082
2026-09-27 01:15:42,idle,,6.1,none,1000.082
2026-09-27 01:15:45,other,,15.2,none,1000.082
2026-09-27 01:15:48,idle,,6.4,none,1000.082
2026-09-27 01:15:51,idle,,6.0,none,1000.082
2026-09-27 01:15:54,time,crc_ok,14.8,decoded,1000.082
2026-09-27 01:15:57,idle,,6.2,none,1000.082
2026-09-27 01:16:00,idle,,6.2,none,1000.082
2026-09-27 01:16:03,time,bit_errors,15.5,decoded,1000.082
2026-09-27 01:16:06,other,,15.6,failed,1000.082
2026-09-27 01:16:09,idle,,6.6,none,1000.082
2026-09-27 01:16:12,idle,,6.3,none,1000.082
2026-09-27 01:16:15,idle,,6.3,none,1000.082
2026-09-27 01:16:18,other,,15.9,none,1000.082
2026-09-27 01:16:21,time,bit_errors,14.5,decoded,1000.082
2026-09-27 01:16:24,other,,15.7,none,1000.082
2026-09-27 01:16:27,idle,,5.9,none,1000.082
2026-09-27 01:16:30,time,crc_ok,14.7,decoded,1000.082
2026-09-27 01:16:33,other,,15.2,none,1000.082
2026-09-27 01:16:36,idle,,5.4,none,1000.082
2026-09-27 01:16:39,other,,15.6,none,1000.082
2026-09-27 01:16:42,other,,14.9,none,1000.082
2026-09-27 01:16:45,idle,,5.5,none,1000.082
2026-09-27 01:16:48,idle,,5.4,none,1000.082
2026-09-27 01:16:51,other,,15.3,none,1000.082
2026-09-27 01:16:54,other,,15.4,none,1000.082
2026-09-27 01:16:57,idle,,5.6,none,1000.082
2026-09-27 01:17:00,idle,,5.6,none,1000.082
2026-09-27 01:17:03,time,crc_ok,14.5,decoded,1000.082
2026-09-27 01:17:06,idle,,4.9,none,1000.082
2026-09-27 01:17:09,idle,,5.1,none,1000.082
2026-09-27 01:17:12,idle,,5.5,none,1000.082
2026-09-27 01:17:15,other,,15.0,none,1000.082
2026-09-27 01:17:18,other,,15.4,failed,1000.082
2026-09-27 01:17:21,idle,,4.8,none,1000.082
2026-09-27 01:17:24,idle,,4.9,none,1000.082
2026-09-27 01:17:27,idle,,4.9,none,1000.082
2026-09-27 01:17:30,other,,14.9,none,1000.082
2026-09-27 01:17:33,other,,14.8,none,1000.082
2026-09-27 01:17:36,idle,,5.0,none,1000.082
2026-09-27 01:17:39,time,crc_ok,14.2,decoded,1000.082
2026-09-27 01:17:42,other,,15.6,none,1000.082
2026-09-27 01:17:45,idle,,5.7,none,1000.082
2026-09-27 01:17:48,time,bit_errors,14.7,decoded,1000.082
2026-09-27 01:17:51,idle,,5.8,none,1000.082
2026-09-27 01:17:54,idle,,5.5,none,1000.082
2026-09-27 01:17:57,idle,,4.7,none,1000.082
2026-09-27 01:18:00,idle,,5.2,none,1000.082
2026-09-27 01:18:03,time,crc_ok,14.9,decoded,1000.082
2026-09-27 01:18:06,idle,,5.8,none,1000.082
2026-09-27 01:18:09,other,,15.6,none,1000.082
2026-09-27 01:18:12,time,crc_ok,14.5,decoded,1000.082
2026-09-27 01:18:15,idle,,5.7,none,1000.082
2026-09-27 01:18:18,time,crc_ok,15.3,decoded,1000.082
2026-09-27 01:18:21,idle,,5.8,none,1000.082
2026-09-27 01:18:24,idle,,5.8,none,1000.082
2026-09-27 01:18:27,idle,,5.7,none,1000.082
2026-09-27 01:18:30,idle,,6.0,none,1000.082
2026-09-27 01:18:33,other,,15.6,none,1000.082
2026-09-27 01:18:36,idle,,6.4,none,1000.082
2026-09-27 01:18:39,idle,,5.9,none,1000.082
2026-09-27 01:18:42,idle,,6.7,none,1000.082
2026-09-27 01:18:45,other,,16.3,none,1000.082
2026-09-27 01:18:48,other,,14.9,none,1000.082
2026-09-27 01:18:51,idle,,6.1,none,1000.082
2026-09-27 01:18:54,idle,,6.4,none,1000.082
2026-09-27 01:18:57,idle,,5.3,none,1000.082
2026-09-27 01:19:00,other,,15.9,none,1000.082
2026-09-27 01:19:03,time,crc_ok,15.1,decoded,1000.082
2026-09-27 01:19:06,idle,,5.5,none,1000.082
2026-09-27 01:19:09,other,,15.2,none,1000.082
2026-09-27 01:19:12,idle,,6.1,none,1000.082
2026-09-27 01:19:15,idle,,5.6,none,1000.082
2026-09-27 01:19:18,idle,,6.1,none,1000.082
2026-09-27 01:19:21,idle,,6.3,none,1000.082
2026-09-27 01:19:24,idle,,5.6,none,1000.082
2026-09-27 01:19:27,idle,,6.1,none,1000.082
2026-09-27 01:19:30,other,,15.5,none,1000.082
2026-09-27 01:19:33,other,,15.7,none,1000.082
2026-09-27 01:19:36,time,crc_ok,14.1,confirmed,1000.082
2026-09-27 01:19:39,idle,,6.7,none,1000.082
2026-09-27 01:19:42,other,,16.4,none,1000.082
2026-09-27 01:19:45,other,,15.2,failed,1000.082
2026-09-27 01:19:48,idle,,6.4,none,1000.082
2026-09-27 01:19:51,other,,15.3,none,1000.082
2026-09-27 01:19:54,idle,,5.9,none,1000.082
2026-09-27 01:19:57,idle,,6.2,none,1000.082
2026-09-27 01:20:00,idle,,6.7,none,1000.082
2026-09-27 01:20:03,time,crc_ok,14.9,decoded,1000.082
2026-09-27 01:20:06,idle,,6.9,none,1000.082
2026-09-27 01:20:09,other,,16.1,none,1000.082
2026-09-27 01:20:12,idle,,7.0,none,1000.082
2026-09-27 01:20:15,other,,16.4,none,1000.082
2026-09-27 01:20:18,idle,,6.4,none,1000.082
2026-09-27 01:20:21,idle,,7.4,none,1000.082
2026-09-27 01:20:24,idle,,7.4,none,1000.082
2026-09-27 01:20:27,other,,15.8,failed,1000.082
2026-09-27 01:20:30,idle,,6.7,none,1000.082
2026-09-27 01:20:33,other,,15.8,none,1000.082
2026-09-27 01:20:36,idle,,6.8,none,1000.082
2026-09-27 01:20:39,time,bit_errors,14.7,none,1000.082
2026-09-27 01:20:42,idle,,7.1,none,1000.082
2026-09-27 01:20:45,time,bit_errors,15.4,decoded,1000.082
2026-09-27 01:20:48,other,,15.7,none,1000.082
2026-09-27 01:20:51,other,,15.7,none,1000.082
2026-09-27 01:20:54,idle,,7.4,none,1000.082
2026-09-27 01:21:00,idle,,7.0,none,1000.083
2026-09-27 01:21:03,time,bit_errors,14.5,failed,1000.083
2026-09-27 01:21:06,idle,,7.1,none,1000.083
2026-09-27 01:21:09,other,,15.3,failed,1000.083
2026-09-27 01:21:12,idle,,6.6,none,1000.083
2026-09-27 01:21:15,time,crc_ok,16.1,decoded,1000.083
2026-09-27 01:21:18,time,bit_errors,15.4,decoded,1000.083
2026-09-27 01:21:21,time,crc_ok,15.8,decoded,1000.083
2026-09-27 01:21:24,idle,,7.9,none,1000.083
2026-09-27 01:21:27,other,,15.9,none,1000.083
2026-09-27 01:21:30,idle,,7.4,none,1000.083
2026-09-27 01:21:33,other,,15.1,none,1000.083
2026-09-27 01:21:36,unclear,,8.1,none,1000.083
2026-09-27 01:21:39,time,crc_ok,16.3,confirmed,1000.083
2026-09-27 01:21:42,idle,,7.7,none,1000.083
2026-09-27 01:21:45,time,bit_errors,15.3,decoded,1000.083
2026-09-27 01:21:48,idle,,6.7,none,1000.083
2026-09-27 01:21:51,idle,,7.4,none,1000.083
2026-09-27 01:21:54,idle,,7.1,none,1000.083
2026-09-27 01:21:57,other,,16.3,failed,1000.083
2026-09-27 01:22:00,idle,,7.4,none,1000.083
2026-09-27 01:22:03,time,bit_errors,14.9,decoded,1000.083
2026-09-27 01:22:06,idle,,7.4,none,1000.083
2026-09-27 01:22:09,idle,,7.3,none,1000.083
2026-09-27 01:22:12,other,,15.4,none,1000.083
2026-09-27 01:22:15,unclear,,16.0,failed,1000.083
2026-09-27 01:22:18,idle,,7.7,none,1000.083
2026-09-27 01:22:21,idle,,7.7,none,1000.083
2026-09-27 01:22:24,time,bit_errors,15.9,decoded,1000.083
2026-09-27 01:22:27,idle,,7.6,none,1000.083
2026-09-27 01:22:30,other,,15.5,none,1000.083
2026-09-27 01:22:33,other,,15.6,none,1000.083
2026-09-27 01:22:36,idle,,7.9,none,1000.083
2026-09-27 01:22:39,other,,16.3,none,1000.083
2026-09-27 01:22:42,other,,15.9,failed,1000.083
2026-09-27 01:22:45,unclear,,8.2,none,1000.083
2026-09-27 01:22:48,idle,,7.7,none,1000.083
2026-09-27 01:22:51,other,,16.5,none,1000.083
2026-09-27 01:22:54,time,crc_ok,15.7,decoded,1000.083
2026-09-27 01:22:57,idle,,7.0,none,1000.083
2026-09-27 01:23:00,idle,,7.4,none,1000.083
2026-09-27 01:23:03,time,crc_ok,15.9,decoded,1000.083
2026-09-27 01:23:06,other,,16.4,failed,1000.083
2026-09-27 01:23:09,idle,,7.1,none,1000.083
2026-09-27 01:23:12,other,,15.9,none,1000.083
2026-09-27 01:23:15,time,crc_ok,15.4,decoded,1000.083
2026-09-27 01:23:18,other,,15.6,none,1000.083
2026-09-27 01:23:21,idle,,7.6,none,1000.083
2026-09-27 01:23:24,idle,,7.8,none,1000.083
2026-09-27 01:23:27,idle,,7.2,none,1000.083
2026-09-27 01:23:30,time,crc_ok,15.9,decoded,1000.083
2026-09-27 01:23:33,other,,15.8,failed,1000.083
2026-09-27 01:23:36,idle,,7.5,none,1000.083
2026-09-27 01:23:39,other,,16.9,none,1000.083
2026-09-27 01:23:42,time,bit_errors,15.1,confirmed,1000.083
2026-09-27 01:23:45,other,,16.5,failed,1000.083
2026-09-27 01:23:48,unclear,,8.2,none,1000.083
2026-09-27 01:23:51,unclear,,8.2,none,1000.083
2026-09-27 01:23:54,other,,15.4,none,1000.083
2026-09-27 01:23:57,other,,15.8,none,1000.083
2026-09-27 01:24:00,time,crc_ok,15.5,decoded,1000.083
2026-09-27 01:24:03,time,crc_ok,15.8,confirmed,1000.083
2026-09-27 01:24:06,unclear,,8.1,none,1000.083
2026-09-27 01:24:09,other,,16.3,none,1000.083
2026-09-27 01:24:12,other,,16.6,none,1000.083
2026-09-27 01:24:15,time,crc_ok,15.7,decoded,1000.083
2026-09-27 01:24:18,unclear,,8.9,none,1000.083
2026-09-27 01:24:21,unclear,,8.7,none,1000.083
2026-09-27 01:24:24,other,,16.7,none,1000.083
2026-09-27 01:24:27,time,bit_errors,15.6,failed,1000.083
2026-09-27 01:24:30,time,crc_ok,16.0,none,1000.083
2026-09-27 01:24:33,other,,16.3,none,1000.083
2026-09-27 01:24:36,time,bit_errors,15.7,decoded,1000.083
2026-09-27 01:24:39,unclear,,8.8,none,1000.083
2026-09-27 01:24:42,time,bit_errors,15.6,decoded,1000.083
2026-09-27 01:24:45,time,bit_errors,17.2,decoded,1000.083
2026-09-27 01:24:48,other,,17.0,none,1000.083
2026-09-27 01:24:51,unclear,,8.6,none,1000.083
2026-09-27 01:24:54,unclear,,8.7,none,1000.083
2026-09-27 01:24:57,unclear,,8.3,none,1000.083
2026-09-27 01:25:00,time,crc_ok,15.7,decoded,1000.083
2026-09-27 01:25:03,time,bit_errors,16.3,none,1000.083
2026-09-27 01:25:06,other,,16.9,none,1000.083
2026-09-27 01:25:09,other,,16.6,none,1000.083
2026-09-27 01:25:12,time,crc_ok,15.9,confirmed,1000.083
2026-09-27 01:25:15,unclear,,8.0,none,1000.083
2026-09-27 01:25:18,time,bit_errors,15.9,decoded,1000.083
2026-09-27 01:25:21,idle,,7.2,none,1000.083
2026-09-27 01:25:24,idle,,7.2,none,1000.083
2026-09-27 01:25:27,idle,,7.7,none,1000.083
2026-09-27 01:25:30,idle,,7.5,none,1000.083
2026-09-27 01:25:33,other,,15.5,failed,1000.083
2026-09-27 01:25:36,other,,15.6,failed,1000.083
2026-09-27 01:25:39,time,crc_ok,15.3,confirmed,1000.083
2026-09-27 01:25:42,time,crc_ok,15.4,confirmed,1000.083
2026-09-27 01:25:45,time,crc_ok,14.9,confirmed,1000.083
2026-09-27 01:25:48,time,crc_ok,15.1,decoded,1000.083
2026-09-27 01:25:51,other,,14.7,none,1000.083
2026-09-27 01:25:54,idle,,6.2,none,1000.083
2026-09-27 01:25:57,idle,,6.7,none,1000.083
2026-09-27 01:26:00,other,,15.6,none,1000.083
2026-09-27 01:26:03,time,bit_errors,14.8,decoded,1000.083
2026-09-27 01:26:06,idle,,6.0,none,1000.083
2026-09-27 01:26:09,other,,15.4,none,1000.083
2026-09-27 01:26:12,idle,,5.4,none,1000.083
2026-09-27 01:26:15,time,crc_ok,14.6,decoded,1000.083
2026-09-27 01:26:18,idle,,5.1,none,1000.083
2026-09-27 01:26:21,idle,,5.6,none,1000.083
2026-09-27 01:26:24,idle,,5.2,none,1000.083
2026-09-27 01:26:27,idle,,5.5,none,1000.083
2026-09-27 01:26:30,other,,15.0,none,1000.083
2026-09-27 01:26:33,other,,15.2,none,1000.083
2026-09-27 01:26:36,idle,,5.9,none,1000.083
2026-09-27 01:26:39,time,crc_ok,15.0,decoded,1000.083
2026-09-27 01:26:42,idle,,5.8,none,1000.083
2026-09-27 01:26:45,time,crc_ok,14.5,decoded,1000.083
2026-09-27 01:26:48,other,,16.0,none,1000.083
2026-09-27 01:26:51,time,bit_errors,14.4,decoded,1000.083
2026-09-27 01:26:54,idle,,5.5,none,1000.083
2026-09-27 01:26:57,idle,,5.4,none,1000.083
2026-09-27 01:27:00,idle,,5.2,none,1000.083
2026-09-27 01:27:03,time,crc_ok,14.2,decoded,1000.083
2026-09-27 01:27:06,idle,,4.9,none,1000.083
2026-09-27 01:27:09,other,,14.9,none,1000.083
2026-09-27 01:27:12,idle,,4.9,none,1000.083
2026-09-27 01:27:15,time,crc_ok,14.2,decoded,1000.083
2026-09-27 01:27:18,time,crc_ok,14.5,decoded,1000.083
2026-09-27 01:27:21,time,bit_errors,14.2,decoded,1000.083
2026-09-27 01:27:24,idle,,5.1,none,1000.083
2026-09-27 01:27:27,idle,,5.2,none,1000.083
2026-09-27 01:27:30,idle,,4.9,none,1000.083
2026-09-27 01:27:33,other,,15.1,none,1000.083
2026-09-27 01:27:36,idle,,4.5,none,1000.083
2026-09-27 01:27:39,other,,15.4,none,1000.083
2026-09-27 01:27:42,idle,,4.8,none,1000.083
2026-09-27 01:27:45,time,bit_errors,14.3,decoded,1000.083
2026-09-27 01:27:48,idle,,4.8,none,1000.083
2026-09-27 01:27:51,idle,,4.9,none,1000.083
2026-09-27 01:27:54,idle,,4.5,none,1000.083
2026-09-27 01:27:57,idle,,4.7,none,1000.083
2026-09-27 01:28:00,other,,14.6,none,1000.083
2026-09-27 01:28:03,time,crc_ok,14.5,decoded,1000.083
2026-09-27 01:28:06,idle,,4.5,none,1000.083
2026-09-27 01:28:09,other,,15.0,none,1000.083
2026-09-27 01:28:12,idle,,4.6,none,1000.083
2026-09-27 01:28:15,idle,,4.3,none,1000.083
2026-09-27 01:28:18,idle,,4.5,none,1000.083
2026-09-27 01:28:21,idle,,4.1,none,1000.083
2026-09-27 01:28:24,time,crc_ok,14.3,decoded,1000.083
2026-09-27 01:28:27,idle,,4.6,none,1000.083
2026-09-27 01:28:30,time,bit_errors,14.1,decoded,1000.083
2026-09-27 01:28:33,other,,14.2,none,1000.083
2026-09-27 01:28:36,idle,,4.1,none,1000.083
2026-09-27 01:28:39,other,,15.0,none,1000.083
2026-09-27 01:28:42,time,crc_ok,14.2,decoded,1000.083
2026-09-27 01:28:45,idle,,4.3,none,1000.083
2026-09-27 01:28:48,idle,,4.0,none,1000.083
2026-09-27 01:28:51,other,,14.6,none,1000.083
2026-09-27 01:28:54,other,,15.2,none,1000.083
2026-09-27 01:28:57,idle,,4.4,none,1000.083
2026-09-27 01:29:00,idle,,4.0,none,1000.083
2026-09-27 01:29:03,time,crc_ok,13.9,decoded,1000.083
2026-09-27 01:29:06,idle,,4.1,none,1000.083
2026-09-27 01:29:09,other,,15.3,none,1000.083
2026-09-27 01:29:12,idle,,4.2,none,1000.083
2026-09-27 01:29:15,time,crc_ok,14.4,decoded,1000.083
2026-09-27 01:29:18,idle,,4.4,none,1000.083
2026-09-27 01:29:21,idle,,4.0,none,1000.083
2026-09-27 01:29:24,idle,,4.3,none,1000.083
2026-09-27 01:29:27,other,,14.7,none,1000.083
2026-09-27 01:29:30,idle,,4.1,none,1000.083
2026-09-27 01:29:33,other,,14.6,none,1000.083
2026-09-27 01:29:36,idle,,4.5,none,1000.083
2026-09-27 01:29:39,other,,15.1,none,1000.083
2026-09-27 01:29:42,idle,,4.4,none,1000.083
2026-09-27 01:29:45,time,crc_ok,14.3,decoded,1000.083
2026-09-27 01:29:48,other,,15.1,none,1000.083
2026-09-27 01:29:51,time,crc_ok,14.7,decoded,1000.083
2026-09-27 01:29:54,idle,,4.4,none,1000.083
2026-09-27 01:29:57,time,bit_errors,14.4,decoded,1000.083
2026-09-27 01:30:00,idle,,4.2,none,1000.083
2026-09-27 01:30:03,time,crc_ok,14.3,decoded,1000.083
2026-09-27 01:30:06,idle,,4.1,none,1000.083
2026-09-27 01:30:09,other,,14.4,none,1000.083
2026-09-27 01:30:12,idle,,4.3,none,1000.083
2026-09-27 01:30:15,time,bit_errors,14.2,decoded,1000.083
2026-09-27 01:30:18,other,,14.9,none,1000.083
2026-09-27 01:30:21,other,,14.7,failed,1000.083
2026-09-27 01:30:24,idle,,3.9,none,1000.083
2026-09-27 01:30:27,other,,14.7,none,1000.083
2026-09-27 01:30:30,idle,,4.4,none,1000.083
2026-09-27 01:30:33,other,,14.4,none,1000.083
2026-09-27 01:30:36,idle,,4.1,none,1000.083
2026-09-27 01:30:39,time,crc_ok,14.6,decoded,1000.083
2026-09-27 01:30:42,idle,,4.4,none,1000.083
2026-09-27 01:30:45,time,crc_ok,13.7,decoded,1000.083
2026-09-27 01:30:48,idle,,4.4,none,1000.083
2026-09-27 01:30:51,idle,,4.2,none,1000.083
2026-09-27 01:30:54,idle,,4.8,none,1000.083
2026-09-27 01:31:00,idle,,4.4,none,1000.083
2026-09-27 01:31:03,time,crc_ok,14.1,decoded,1000.083
2026-09-27 01:31:06,idle,,4.1,none,1000.083
2026-09-27 01:31:09,idle,,4.5,none,1000.083
2026-09-27 01:31:12,other,,15.1,none,1000.083
2026-09-27 01:31:15,other,,14.8,none,1000.083
2026-09-27 01:31:18,idle,,4.3,none,1000.083
2026-09-27 01:31:21,idle,,4.5,none,1000.083
2026-09-27 01:31:24,other,,14.8,none,1000.083
2026-09-27 01:31:27,idle,,4.4,none,1000.083
2026-09-27 01:31:30,other,,15.1,none,1000.083
2026-09-27 01:31:33,other,,14.2,none,1000.083
2026-09-27 01:31:36,idle,,4.4,none,1000.083
2026-09-27 01:31:39,other,,15.2,none,1000.083
2026-09-27 01:31:42,other,,14.8,none,1000.083
2026-09-27 01:31:45,idle,,4.3,none,1000.083
2026-09-27 01:31:48,idle,,4.5,none,1000.083
2026-09-27 01:31:51,other,,15.0,none,1000.083
2026-09-27 01:31:54,other,,14.7,none,1000.083
2026-09-27 01:31:57,idle,,4.5,none,1000.083
2026-09-27 01:32:00,idle,,4.4,none,1000.083
2026-09-27 01:32:03,time,crc_ok,14.4,decoded,1000.083
2026-09-27 01:32:06,other,,15.0,none,1000.083
2026-09-27 01:32:09,idle,,5.2,none,1000.083
2026-09-27 01:32:12,other,,14.8,none,1000.083
2026-09-27 01:32:15,other,,15.3,none,1000.083
2026-09-27 01:32:18,other,,14.9,none,1000.083
2026-09-27 01:32:21,idle,,5.0,none,1000.083
2026-09-27 01:32:24,other,,15.3,none,1000.083
2026-09-27 01:32:27,idle,,5.1,none,1000.083
2026-09-27 01:32:30,idle,,5.2,none,1000.083
2026-09-27 01:32:33,other,,15.0,none,1000.083
2026-09-27 01:32:36,idle,,5.2,none,1000.083
2026-09-27 01:32:39,other,,15.0,failed,1000.083
2026-09-27 01:32:42,time,crc_ok,14.6,decoded,1000.083
2026-09-27 01:32:45,time,bit_errors,14.4,decoded,1000.083
2026-09-27 01:32:48,idle,,5.5,none,1000.083
2026-09-27 01:32:51,idle,,5.7,none,1000.083
2026-09-27 01:32:54,time,bit_errors,15.3,decoded,1000.083
2026-09-27 01:32:57,time,crc_ok,14.9,decoded,1000.083
2026-09-27 01:33:00,idle,,5.2,none,1000.083
2026-09-27 01:33:03,time,bit_errors,14.5,decoded,1000.083
2026-09-27 01:33:06,idle,,5.3,none,1000.083
2026-09-27 01:33:09,other,,15.0,none,1000.083
2026-09-27 01:33:12,time,crc_ok,15.0,decoded,1000.083
2026-09-27 01:33:15,time,crc_ok,14.2,decoded,1000.083
2026-09-27 01:33:18,idle,,5.1,none,1000.083
2026-09-27 01:33:21,idle,,5.1,none,1000.083
2026-09-27 01:33:24,other,,14.7,none,1000.083
2026-09-27 01:33:27,time,bit_errors,14.5,decoded,1000.083
2026-09-27 01:33:30,idle,,5.2,none,1000.083
2026-09-27 01:33:33,other,,14.0,none,1000.083
2026-09-27 01:33:36,other,,15.1,none,1000.083
2026-09-27 01:33:39,idle,,5.6,none,1000.083
2026-09-27 01:33:42,time,crc_ok,14.2,decoded,1000.083
2026-09-27 01:33:45,other,,14.9,none,1000.083
2026-09-27 01:33:48,time,bit_errors,14.8,decoded,1000.083
2026-09-27 01:33:51,idle,,5.0,none,1000.083
2026-09-27 01:33:54,time,crc_ok,14.8,decoded,1000.083
2026-09-27 01:33:57,idle,,5.2,none,1000.083
2026-09-27 01:34:00,idle,,5.4,none,1000.083
2026-09-27 01:34:03,time,crc_ok,15.0,decoded,1000.083
2026-09-27 01:34:06,idle,,5.4,none,1000.083
2026-09-27 01:34:09,idle,,5.4,none,1000.083
2026-09-27 01:34:12,other,,15.3,none,1000.083
2026-09-27 01:34:15,idle,,5.9,none,1000.083
2026-09-27 01:34:18,time,crc_ok,14.7,decoded,1000.083
2026-09-27 01:34:21,other,,14.8,failed,1000.083
2026-09-27 01:34:24,idle,,5.7,none,1000.083
2026-09-27 01:34:27,idle,,5.4,none,1000.083
2026-09-27 01:34:30,idle,,5.6,none,1000.083
2026-09-27 01:34:33,other,,15.8,none,1000.083
2026-09-27 01:34:36,time,crc_ok,15.3,decoded,1000.083
2026-09-27 01:34:39,time,bit_errors,15.1,decoded,1000.083
2026-09-27 01:34:42,time,bit_errors,15.0,decoded,1000.083
2026-09-27 01:34:45,other,,15.7,none,1000.083
2026-09-27 01:34:48,other,,15.4,none,1000.083
2026-09-27 01:34:51,other,,15.4,none,1000.083
2026-09-27 01:34:54,idle,,5.6,none,1000.083
2026-09-27 01:34:57,idle,,5.7,none,1000.083
2026-09-27 01:35:00,time,bit_errors,14.8,decoded,1000.083
2026-09-27 01:35:03,time,crc_ok,14.7,decoded,1000.083
2026-09-27 01:35:06,idle,,5.2,none,1000.083
2026-09-27 01:35:09,other,,15.4,none,1000.083
2026-09-27 01:35:12,idle,,5.4,none,1000.083
2026-09-27 01:35:15,time,crc_ok,14.9,decoded,1000.083
2026-09-27 01:35:18,idle,,5.9,none,1000.083
2026-09-27 01:35:21,idle,,5.7,none,1000.083
2026-09-27 01:35:24,idle,,5.6,none,1000.083
2026-09-27 01:35:27,other,,15.1,none,1000.083
2026-09-27 01:35:30,other,,15.1,none,1000.083
2026-09-27 01:35:33,other,,15.4,none,1000.083
2026-09-27 01:35:36,idle,,5.7,none,1000.083
2026-09-27 01:35:39,time,crc_ok,15.2,decoded,1000.083
2026-09-27 01:35:42,idle,,5.7,none,1000.083
2026-09-27 01:35:45,other,,15.1,failed,1000.083
2026-09-27 01:35:48,time,crc_ok,14.9,decoded,1000.083
2026-09-27 01:35:51,other,,15.0,none,1000.083
2026-09-27 01:35:54,idle,,6.2,none,1000.083
2026-09-27 01:35:57,idle,,5.4,none,1000.083
2026-09-27 01:36:00,time,crc_ok,14.9,decoded,1000.083
2026-09-27 01:36:03,time,crc_ok,14.4,decoded,1000.083
2026-09-27 01:36:06,idle,,5.0,none,1000.083
2026-09-27 01:36:09,other,,15.1,failed,1000.083
2026-09-27 01:36:12,idle,,5.8,none,1000.083
2026-09-27 01:36:15,other,,15.5,none,1000.083
2026-09-27 01:36:18,time,crc_ok,14.9,decoded,1000.083
2026-09-27 01:36:21,time,bit_errors,14.2,decoded,1000.083
2026-09-27 01:36:24,idle,,5.1,none,1000.083
2026-09-27 01:36:27,idle,,5.7,none,1000.083
2026-09-27 01:36:30,other,,15.0,none,1000.083
2026-09-27 01:36:33,other,,15.0,none,1000.083
2026-09-27 01:36:36,idle,,5.5,none,1000.083
2026-09-27 01:36:39,time,crc_ok,15.1,decoded,1000.083
2026-09-27 01:36:42,idle,,5.6,none,1000.083
2026-09-27 01:36:45,other,,14.7,failed,1000.083
2026-09-27 01:36:48,idle,,5.5,none,1000.083
2026-09-27 01:36:51,idle,,5.6,none,1000.083
2026-09-27 01:36:54,idle,,5.1,none,1000.083
2026-09-27 01:36:57,other,,15.8,none,1000.083
2026-09-27 01:37:00,other,,14.8,none,1000.083
2026-09-27 01:37:03,time,crc_ok,14.1,confirmed,1000.083
2026-09-27 01:37:06,other,,14.7,none,1000.083
2026-09-27 01:37:09,time,crc_ok,15.0,decoded,1000.083
2026-09-27 01:37:12,idle,,5.0,none,1000.083
2026-09-27 01:37:15,other,,15.4,none,1000.083
2026-09-27 01:37:18,idle,,5.4,none,1000.083
2026-09-27 01:37:21,idle,,5.0,none,1000.083
2026-09-27 01:37:24,other,,14.9,none,1000.083
2026-09-27 01:37:27,idle,,5.0,none,1000.083
2026-09-27 01:37:30,other,,15.1,none,1000.083
2026-09-27 01:37:33,other,,15.1,none,1000.083
2026-09-27 01:37:36,idle,,5.0,none,1000.083
2026-09-27 01:37:39,other,,15.3,none,1000.083
2026-09-27 01:37:42,other,,14.9,none,1000.083
2026-09-27 01:37:45,idle,,4.7,none,1000.083
2026-09-27 01:37:48,idle,,4.8,none,1000.083
2026-09-27 01:37:51,time,crc_ok,14.7,decoded,1000.083
2026-09-27 01:37:54,other,,15.1,none,1000.083
2026-09-27 01:37:57,idle,,4.8,none,1000.083
2026-09-27 01:38:00,idle,,5.1,none,1000.083
2026-09-27 01:38:03,time,bit_errors,13.8,decoded,1000.083
2026-09-27 01:38:06,other,,15.1,none,1000.083
2026-09-27 01:38:09,other,,15.2,none,1000.083
2026-09-27 01:38:12,time,crc_ok,14.5,decoded,1000.083
2026-09-27 01:38:15,idle,,4.8,none,1000.083
2026-09-27 01:38:18,time,bit_errors,13.9,decoded,1000.083
2026-09-27 01:38:21,time,bit_errors,14.8,decoded,1000.083
2026-09-27 01:38:24,other,,14.4,none,1000.083
2026-09-27 01:38:27,idle,,4.5,none,1000.083
2026-09-27 01:38:30,idle,,4.4,none,1000.083
2026-09-27 01:38:33,other,,14.3,none,1000.083
2026-09-27 01:38:36,idle,,4.3,none,1000.083
2026-09-27 01:38:39,other,,15.1,none,1000.083
2026-09-27 01:38:42,idle,,3.8,none,1000.083
2026-09-27 01:38:45,idle,,4.0,none,1000.083
2026-09-27 01:38:48,idle,,4.2,none,1000.083
2026-09-27 01:38:51,idle,,4.2,none,1000.083
2026-09-27 01:38:54,idle,,4.4,none,1000.083
2026-09-27 01:38:57,idle,,4.2,none,1000.083
2026-09-27 01:39:00,time,crc_ok,14.3,decoded,1000.083
2026-09-27 01:39:03,time,bit_errors,14.2,decoded,1000.083
2026-09-27 01:39:06,idle,,3.7,none,1000.083
2026-09-27 01:39:09,other,,14.8,none,1000.083
2026-09-27 01:39:12,idle,,3.9,none,1000.083
2026-09-27 01:39:15,idle,,4.2,none,1000.083
2026-09-27 01:39:18,idle,,4.1,none,1000.083
2026-09-27 01:39:21,idle,,4.3,none,1000.083
2026-09-27 01:39:24,idle,,4.0,none,1000.083
2026-09-27 01:39:27,idle,,4.1,none,1000.083
2026-09-27 01:39:30,other,,14.7,none,1000.083
2026-09-27 01:39:33,other,,14.7,none,1000.083
2026-09-27 01:39:36,time,crc_ok,14.1,decoded,1000.083
2026-09-27 01:39:39,time,crc_ok,14.3,decoded,1000.083
2026-09-27 01:39:42,time,crc_ok,14.2,decoded,1000.083
2026-09-27 01:39:45,idle,,3.9,none,1000.083
2026-09-27 01:39:48,other,,15.0,none,1000.083
2026-09-27 01:39:51,other,,15.2,none,1000.083
2026-09-27 01:39:54,time,crc_ok,14.2,decoded,1000.083
2026-09-27 01:39:57,idle,,3.7,none,1000.083
2026-09-27 01:40:00,idle,,3.5,none,1000.083
2026-09-27 01:40:03,time,bit_errors,14.4,decoded,1000.083
2026-09-27 01:40:06,other,,15.1,none,1000.083
2026-09-27 01:40:09,idle,,3.7,none,1000.083
2026-09-27 01:40:12,idle,,3.9,none,1000.083
2026-09-27 01:40:15,idle,,3.8,none,1000.083
2026-09-27 01:40:18,idle,,3.7,none,1000.083
2026-09-27 01:40:21,other,,14.9,none,1000.083
2026-09-27 01:40:24,idle,,3.5,none,1000.083
2026-09-27 01:40:27,time,bit_errors,14.2,decoded,1000.083
2026-09-27 01:40:30,idle,,3.5,none,1000.083
2026-09-27 01:40:33,other,,14.7,none,1000.083
2026-09-27 01:40:36,other,,14.7,none,1000.083
2026-09-27 01:40:39,idle,,3.7,none,1000.083
2026-09-27 01:40:42,idle,,4.3,none,1000.083
2026-09-27 01:40:45,idle,,3.9,none,1000.083
2026-09-27 01:40:48,time,crc_ok,14.2,decoded,1000.083
2026-09-27 01:40:51,time,crc_ok,14.7,decoded,1000.083
2026-09-27 01:40:54,time,crc_ok,14.5,decoded,1000.083
2026-09-27 01:41:00,other,,14.9,none,1000.083
2026-09-27 01:41:03,time,crc_ok,14.0,decoded,1000.083
2026-09-27 01:41:06,other,,14.8,none,1000.083
2026-09-27 01:41:09,time,crc_ok,14.4,decoded,1000.083
2026-09-27 01:41:12,time,crc_ok,14.1,decoded,1000.083
2026-09-27 01:41:15,idle,,4.4,none,1000.083
2026-09-27 01:41:18,time,bit_errors,14.7,decoded,1000.083
2026-09-27 01:41:21,time,bit_errors,14.7,decoded,1000.083
2026-09-27 01:41:24,time,bit_errors,14.0,decoded,1000.083
2026-09-27 01:41:27,idle,,4.3,none,1000.083
2026-09-27 01:41:30,idle,,3.9,none,1000.083
2026-09-27 01:41:33,other,,14.6,none,1000.083
2026-09-27 01:41:36,idle,,4.5,none,1000.083
2026-09-27 01:41:39,other,,14.8,none,1000.083
2026-09-27 01:41:42,idle,,4.5,none,1000.083
2026-09-27 01:41:45,idle,,4.4,none,1000.083
2026-09-27 01:41:48,idle,,4.8,none,1000.083
2026-09-27 01:41:51,idle,,4.9,none,1000.083
2026-09-27 01:41:54,time,bit_errors,14.8,decoded,1000.083
2026-09-27 01:41:57,time,bit_errors,14.3,decoded,1000.083
2026-09-27 01:42:00,idle,,4.7,none,1000.083
2026-09-27 01:42:03,time,crc_ok,14.8,decoded,1000.083
2026-09-27 01:42:06,idle,,4.6,none,1000.083
2026-09-27 01:42:09,other,,15.1,failed,1000.083
2026-09-27 01:42:12,idle,,4.7,none,1000.083
2026-09-27 01:42:15,idle,,4.7,none,1000.083
2026-09-27 01:42:18,idle,,4.6,none,1000.083
2026-09-27 01:42:21,idle,,4.4,none,1000.083
2026-09-27 01:42:24,other,,15.0,none,1000.083
2026-09-27 01:42:27,time,crc_ok,14.0,decoded,1000.083
2026-09-27 01:42:30,idle,,4.9,none,1000.083
2026-09-27 01:42:33,other,,14.6,none,1000.083
2026-09-27 01:42:36,other,,15.5,none,1000.083
2026-09-27 01:42:39,time,crc_ok,14.9,decoded,1000.083
2026-09-27 01:42:42,other,,15.5,none,1000.083
2026-09-27 01:42:45,idle,,4.9,none,1000.083
2026-09-27 01:42:48,time,crc_ok,14.7,decoded,1000.083
2026-09-27 01:42:51,other,,15.1,none,1000.083
2026-09-27 01:42:54,other,,15.3,none,1000.083
2026-09-27 01:42:57,idle,,4.5,none,1000.083
2026-09-27 01:43:00,idle,,4.6,none,1000.083
2026-09-27 01:43:03,time,crc_ok,14.0,decoded,1000.083
2026-09-27 01:43:06,idle,,4.7,none,1000.083
2026-09-27 01:43:09,idle,,4.4,none,1000.083
2026-09-27 01:43:12,other,,15.0,none,1000.083
2026-09-27 01:43:15,idle,,4.6,none,1000.083
2026-09-27 01:43:18,time,crc_ok,14.5,decoded,1000.083
2026-09-27 01:43:21,other,,15.1,none,1000.083
2026-09-27 01:43:24,idle,,4.2,none,1000.083
2026-09-27 01:43:27,time,bit_errors,14.6,decoded,1000.083
2026-09-27 01:43:30,idle,,4.6,none,1000.083
2026-09-27 01:43:33,other,,15.2,none,1000.083
2026-09-27 01:43:36,other,,14.9,none,1000.083
2026-09-27 01:43:39,idle,,4.7,none,1000.083
2026-09-27 01:43:42,idle,,4.9,none,1000.083
2026-09-27 01:43:45,idle,,4.9,none,1000.083
2026-09-27 01:43:48,time,crc_ok,14.0,decoded,1000.083
2026-09-27 01:43:51,other,,15.2,none,1000.083
2026-09-27 01:43:54,other,,14.8,none,1000.083
2026-09-27 01:43:57,idle,,4.4,none,1000.083
2026-09-27 01:44:00,other,,15.1,none,1000.083
2026-09-27 01:44:03,time,crc_ok,14.6,decoded,1000.083
2026-09-27 01:44:06,idle,,4.7,none,1000.083
2026-09-27 01:44:09,idle,,4.7,none,1000.083
2026-09-27 01:44:12,idle,,4.5,none,1000.083
2026-09-27 01:44:15,other,,15.1,failed,1000.083
2026-09-27 01:44:18,other,,14.8,none,1000.083
2026-09-27 01:44:21,idle,,4.6,none,1000.083
2026-09-27 01:44:24,other,,14.7,none,1000.083
2026-09-27 01:44:27,other,,15.0,none,1000.083
2026-09-27 01:44:30,other,,14.4,none,1000.083
2026-09-27 01:44:33,other,,14.4,none,1000.083
2026-09-27 01:44:36,idle,,4.6,none,1000.083
2026-09-27 01:44:39,other,,15.0,none,1000.083
2026-09-27 01:44:42,time,bit_errors,14.8,decoded,1000.083
2026-09-27 01:44:45,idle,,4.8,none,1000.083
2026-09-27 01:44:48,time,crc_ok,14.3,decoded,1000.083
2026-09-27 01:44:51,idle,,4.8,none,1000.083
2026-09-27 01:44:54,time,crc_ok,13.7,decoded,1000.083
2026-09-27 01:44:57,time,crc_ok,14.1,decoded,1000.083
2026-09-27 01:45:00,idle,,4.8,none,1000.083
2026-09-27 01:45:03,time,crc_ok,13.9,decoded,1000.083
2026-09-27 01:45:06,idle,,4.5,none,1000.083
2026-09-27 01:45:09,other,,15.0,none,1000.083
2026-09-27 01:45:12,other,,14.9,none,1000.083
2026-09-27 01:45:15,idle,,4.7,none,1000.083
2026-09-27 01:45:18,other,,14.6,none,1000.083
2026-09-27 01:45:21,idle,,4.8,none,1000.083
2026-09-27 01:45:24,time,crc_ok,14.0,decoded,1000.083
2026-09-27 01:45:27,other,,14.9,none,1000.083
2026-09-27 01:45:30,idle,,5.0,none,1000.083
2026-09-27 01:45:33,other,,14.4,none,1000.083
2026-09-27 01:45:36,idle,,5.2,none,1000.083
2026-09-27 01:45:39,idle,,5.1,none,1000.083
2026-09-27 01:45:42,idle,,4.8,none,1000.083
2026-09-27 01:45:45,time,bit_errors,14.7,decoded,1000.083
2026-09-27 01:45:48,time,crc_ok,14.3,decoded,1000.083
2026-09-27 01:45:51,idle,,5.0,none,1000.083
2026-09-27 01:45:54,other,,15.2,none,1000.083
2026-09-27 01:45:57,time,bit_errors,13.7,decoded,1000.083
2026-09-27 01:46:00,other,,15.1,none,1000.083
2026-09-27 01:46:03,time,crc_ok,14.6,decoded,1000.083
2026-09-27 01:46:06,idle,,4.5,none,1000.083
2026-09-27 01:46:09,other,,15.0,none,1000.083
2026-09-27 01:46:12,time,crc_ok,14.5,decoded,1000.083
2026-09-27 01:46:15,time,bit_errors,14.8,decoded,1000.083
2026-09-27 01:46:18,time,crc_ok,14.4,decoded,1000.083
2026-09-27 01:46:21,other,,14.9,none,1000.083
2026-09-27 01:46:24,idle,,4.1,none,1000.083
2026-09-27 01:46:27,idle,,4.6,none,1000.083
2026-09-27 01:46:30,other,,14.7,none,1000.083
2026-09-27 01:46:33,other,,14.4,none,1000.083
2026-09-27 01:46:36,time,crc_ok,14.4,decoded,1000.083
2026-09-27 01:46:39,idle,,4.3,none,1000.083
2026-09-27 01:46:42,time,crc_ok,14.4,decoded,1000.083
2026-09-27 01:46:45,time,bit_errors,14.4,decoded,1000.083
2026-09-27 01:46:48,idle,,4.2,none,1000.083
2026-09-27 01:46:51,other,,14.9,none,1000.083
2026-09-27 01:46:54,idle,,4.3,none,1000.083
2026-09-27 01:46:57,idle,,4.4,none,1000.083
2026-09-27 01:47:00,idle,,4.2,none,1000.083
2026-09-27 01:47:03,time,crc_ok,14.1,decoded,1000.083
2026-09-27 01:47:06,idle,,4.4,none,1000.083
2026-09-27 01:47:09,other,,14.9,none,1000.083
2026-09-27 01:47:12,idle,,4.2,none,1000.083
2026-09-27 01:47:15,other,,14.7,none,1000.083
2026-09-27 01:47:18,idle,,4.1,none,1000.083
2026-09-27 01:47:21,idle,,4.0,none,1000.083
2026-09-27 01:47:24,idle,,4.0,none,1000.083
2026-09-27 01:47:27,idle,,4.0,none,1000.083
2026-09-27 01:47:30,idle,,3.9,none,1000.083
2026-09-27 01:47:33,other,,14.3,none,1000.083
2026-09-27 01:47:36,idle,,4.0,none,1000.083
2026-09-27 01:47:39,other,,14.7,none,1000.083
2026-09-27 01:47:42,idle,,3.7,none,1000.083
2026-09-27 01:47:45,time,crc_ok,14.2,decoded,1000.083
2026-09-27 01:47:48,other,,14.7,none,1000.083
2026-09-27 01:47:51,other,,14.9,none,1000.083
2026-09-27 01:47:54,other,,14.5,none,1000.083
2026-09-27 01:47:57,idle,,3.7,none,1000.083
2026-09-27 01:48:00,idle,,3.9,none,1000.083
2026-09-27 01:48:03,time,crc_ok,14.2,decoded,1000.083
2026-09-27 01:48:06,idle,,3.7,none,1000.083
2026-09-27 01:48:09,other,,14.7,none,1000.083
2026-09-27 01:48:12,idle,,3.8,none,1000.083
2026-09-27 01:48:15,time,bit_errors,14.2,decoded,1000.083
2026-09-27 01:48:18,other,,14.9,none,1000.083
2026-09-27 01:48:21,time,crc_ok,14.1,decoded,1000.083
2026-09-27 01:48:24,time,crc_ok,14.5,decoded,1000.083
2026-09-27 01:48:27,idle,,3.8,none,1000.083
2026-09-27 01:48:30,idle,,3.8,none,1000.083
2026-09-27 01:48:33,other,,14.3,none,1000.083
2026-09-27 01:48:36,idle,,3.8,none,1000.083
2026-09-27 01:48:39,other,,14.7,none,1000.083
2026-09-27 01:48:42,idle,,3.6,none,1000.083
2026-09-27 01:48:45,time,crc_ok,14.7,decoded,1000.083
2026-09-27 01:48:48,idle,,3.5,none,1000.083
2026-09-27 01:48:51,idle,,3.5,none,1000.083
2026-09-27 01:48:54,idle,,3.9,none,1000.083
2026-09-27 01:48:57,idle,,3.6,none,1000.083
2026-09-27 01:49:00,idle,,3.5,none,1000.083
2026-09-27 01:49:03,time,crc_ok,14.4,decoded,1000.083
2026-09-27 01:49:06,idle,,3.6,none,1000.083
2026-09-27 01:49:09,idle,,3.6,none,1000.083
2026-09-27 01:49:12,idle,,3.7,none,1000.083
2026-09-27 01:49:15,idle,,3.7,none,1000.083
2026-09-27 01:49:18,other,,14.8,none,1000.083
2026-09-27 01:49:21,idle,,3.9,none,1000.083
2026-09-27 01:49:24,other,,14.7,none,1000.083
2026-09-27 01:49:27,idle,,4.1,none,1000.083
2026-09-27 01:49:30,other,,14.8,none,1000.083
2026-09-27 01:49:33,other,,14.6,none,1000.083
2026-09-27 01:49:36,idle,,3.9,none,1000.083
2026-09-27 01:49:39,time,crc_ok,13.8,decoded,1000.083
2026-09-27 01:49:42,other,,15.0,none,1000.083
2026-09-27 01:49:45,idle,,3.8,none,1000.083
2026-09-27 01:49:48,idle,,4.1,none,1000.083
2026-09-27 01:49:51,time,crc_ok,14.7,decoded,1000.083
2026-09-27 01:49:54,other,,14.5,none,1000.083
2026-09-27 01:49:57,idle,,4.1,none,1000.083
2026-09-27 01:50:00,idle,,4.2,none,1000.083
2026-09-27 01:50:03,time,crc_ok,14.5,decoded,1000.083
2026-09-27 01:50:06,idle,,4.0,none,1000.083
2026-09-27 01:50:09,other,,14.4,none,1000.083
2026-09-27 01:50:12,idle,,4.2,none,1000.083
2026-09-27 01:50:15,time,crc_ok,14.3,decoded,1000.083
2026-09-27 01:50:18,idle,,4.5,none,1000.083
2026-09-27 01:50:21,idle,,4.3,none,1000.083
2026-09-27 01:50:24,idle,,4.6,none,1000.083
2026-09-27 01:50:27,time,crc_ok,14.5,decoded,1000.083
2026-09-27 01:50:30,idle,,4.6,none,1000.083
2026-09-27 01:50:33,other,,14.6,none,1000.083
2026-09-27 01:50:36,idle,,4.7,none,1000.083
2026-09-27 01:50:39,time,crc_ok,14.7,decoded,1000.083
2026-09-27 01:50:42,idle,,5.0,none,1000.083
2026-09-27 01:50:45,time,crc_ok,14.3,decoded,1000.083
2026-09-27 01:50:48,other,,15.5,none,1000.083
2026-09-27 01:50:51,other,,14.7,none,1000.083
2026-09-27 01:50:54,idle,,4.7,none,1000.083
2026-09-27 01:51:00,time,crc_ok,14.1,failed,1000.084
2026-09-27 01:51:03,time,crc_ok,14.5,decoded,1000.084
2026-09-27 01:51:06,idle,,5.3,none,1000.084
2026-09-27 01:51:09,other,,14.7,none,1000.084
2026-09-27 01:51:12,idle,,4.7,none,1000.084
2026-09-27 01:51:15,time,crc_ok,14.8,decoded,1000.084
2026-09-27 01:51:18,other,,14.7,none,1000.084
2026-09-27 01:51:21,time,bit_errors,14.1,decoded,1000.084
2026-09-27 01:51:24,idle,,5.0,none,1000.084
2026-09-27 01:51:27,idle,,5.0,none,1000.084
2026-09-27 01:51:30,time,crc_ok,14.6,decoded,1000.084
2026-09-27 01:51:33,other,,14.8,none,1000.084
2026-09-27 01:51:36,idle,,5.2,none,1000.084
2026-09-27 01:51:39,time,bit_errors,14.2,decoded,1000.084
2026-09-27 01:51:42,idle,,5.3,none,1000.084
2026-09-27 01:51:45,time,bit_errors,14.8,decoded,1000.084
2026-09-27 01:51:48,idle,,5.3,none,1000.084
2026-09-27 01:51:51,idle,,5.9,none,1000.084
2026-09-27 01:51:54,idle,,5.5,none,1000.084
2026-09-27 01:51:57,time,crc_ok,13.9,decoded,1000.084
2026-09-27 01:52:00,idle,,5.7,none,1000.084
2026-09-27 01:52:03,time,bit_errors,14.6,decoded,1000.084
2026-09-27 01:52:06,other,,15.8,none,1000.084
2026-09-27 01:52:09,idle,,5.5,none,1000.084
2026-09-27 01:52:12,idle,,5.8,none,1000.084
2026-09-27 01:52:15,other,,15.5,none,1000.084
2026-09-27 01:52:18,idle,,6.1,none,1000.084
2026-09-27 01:52:21,idle,,6.2,none,1000.084
2026-09-27 01:52:24,other,,15.4,failed,1000.084
2026-09-27 01:52:27,idle,,6.2,none,1000.084
2026-09-27 01:52:30,time,crc_ok,14.4,decoded,1000.084
2026-09-27 01:52:33,other,,14.9,failed,1000.084
2026-09-27 01:52:36,idle,,5.7,none,1000.084
2026-09-27 01:52:39,other,,15.6,none,1000.084
2026-09-27 01:52:42,other,,15.8,none,1000.084
2026-09-27 01:52:45,idle,,6.2,none,1000.084
2026-09-27 01:52:48,idle,,6.3,none,1000.084
2026-09-27 01:52:51,other,,16.2,none,1000.084
2026-09-27 01:52:54,other,,15.8,none,1000.084
2026-09-27 01:52:57,idle,,6.2,none,1000.084
2026-09-27 01:53:00,idle,,5.8,failed,1000.084
2026-09-27 01:53:03,time,bit_errors,14.7,decoded,1000.084
2026-09-27 01:53:06,idle,,5.1,none,1000.084
2026-09-27 01:53:09,other,,15.4,none,1000.084
2026-09-27 01:53:12,idle,,5.9,none,1000.084
2026-09-27 01:53:15,other,,15.2,none,1000.084
2026-09-27 01:53:18,idle,,6.0,none,1000.084
2026-09-27 01:53:21,idle,,6.2,none,1000.084
2026-09-27 01:53:24,other,,15.8,none,1000.084
2026-09-27 01:53:27,time,bit_errors,14.3,decoded,1000.084
2026-09-27 01:53:30,time,crc_ok,14.3,decoded,1000.084
2026-09-27 01:53:33,other,,14.4,none,1000.084
2026-09-27 01:53:36,idle,,4.7,none,1000.084
2026-09-27 01:53:39,time,crc_ok,14.7,decoded,1000.084
2026-09-27 01:53:42,idle,,5.8,none,1000.084
2026-09-27 01:53:45,time,crc_ok,15.0,decoded,1000.084
2026-09-27 01:53:48,time,crc_ok,14.3,decoded,1000.084
2026-09-27 01:53:51,other,,15.0,none,1000.084
2026-09-27 01:53:54,other,,15.2,none,1000.084
2026-09-27 01:53:57,idle,,5.5,none,1000.084
2026-09-27 01:54:00,idle,,5.4,none,1000.084
2026-09-27 01:54:03,time,crc_ok,14.7,decoded,1000.084
2026-09-27 01:54:06,idle,,5.0,none,1000.084
2026-09-27 01:54:09,other,,15.1,none,1000.084
2026-09-27 01:54:12,idle,,5.5,none,1000.084
2026-09-27 01:54:15,other,,15.2,none,1000.084
2026-09-27 01:54:18,time,crc_ok,14.5,decoded,1000.084
2026-09-27 01:54:21,other,,15.0,none,1000.084
2026-09-27 01:54:24,other,,14.7,none,1000.084
2026-09-27 01:54:27,idle,,5.3,none,1000.084
2026-09-27 01:54:30,idle,,5.2,none,1000.084
2026-09-27 01:54:33,other,,14.7,none,1000.084
2026-09-27 01:54:36,idle,,5.0,none,1000.084
2026-09-27 01:54:39,other,,15.1,none,1000.084
2026-09-27 01:54:42,idle,,4.2,none,1000.084
2026-09-27 01:54:45,time,crc_ok,14.0,decoded,1000.084
2026-09-27 01:54:48,idle,,4.5,none,1000.084
2026-09-27 01:54:51,idle,,5.1,none,1000.084
2026-09-27 01:54:54,other,,15.3,none,1000.084
2026-09-27 01:54:57,other,,15.2,none,1000.084
2026-09-27 01:55:00,other,,15.1,none,1000.084
2026-09-27 01:55:03,time,crc_ok,14.9,decoded,1000.084
2026-09-27 01:55:06,idle,,4.6,none,1000.084
2026-09-27 01:55:09,other,,15.1,none,1000.084
2026-09-27 01:55:12,idle,,5.1,none,1000.084
2026-09-27 01:55:15,other,,15.5,failed,1000.084
2026-09-27 01:55:18,time,crc_ok,14.7,decoded,1000.084
2026-09-27 01:55:21,time,bit_errors,14.5,decoded,1000.084
2026-09-27 01:55:24,other,,15.1,none,1000.084
2026-09-27 01:55:27,idle,,4.9,none,1000.084
2026-09-27 01:55:30,other,,16.0,none,1000.084
2026-09-27 01:55:33,other,,14.6,none,1000.084
2026-09-27 01:55:36,idle,,4.6,none,1000.084
2026-09-27 01:55:39,other,,15.4,none,1000.084
2026-09-27 01:55:42,time,crc_ok,13.8,decoded,1000.084
2026-09-27 01:55:45,idle,,4.6,none,1000.084
2026-09-27 01:55:48,idle,,4.6,none,1000.084
2026-09-27 01:55:51,time,bit_errors,13.6,decoded,1000.084
2026-09-27 01:55:54,time,crc_ok,13.8,decoded,1000.084
2026-09-27 01:55:57,idle,,4.7,none,1000.084
2026-09-27 01:56:00,idle,,4.7,none,1000.084
2026-09-27 01:56:03,time,crc_ok,14.3,decoded,1000.084
2026-09-27 01:56:06,idle,,4.9,none,1000.084
2026-09-27 01:56:09,other,,14.8,failed,1000.084
2026-09-27 01:56:12,idle,,4.7,none,1000.084
2026-09-27 01:56:15,time,bit_errors,14.2,decoded,1000.084
2026-09-27 01:56:18,idle,,5.1,none,1000.084
2026-09-27 01:56:21,idle,,4.9,none,1000.084
2026-09-27 01:56:24,idle,,4.7,none,1000.084
2026-09-27 01:56:27,other,,14.7,none,1000.084
2026-09-27 01:56:30,idle,,5.1,none,1000.084
2026-09-27 01:56:33,other,,14.4,none,1000.084
2026-09-27 01:56:36,idle,,4.9,none,1000.084
2026-09-27 01:56:39,time,crc_ok,14.6,decoded,1000.084
2026-09-27 01:56:42,idle,,5.0,none,1000.084
2026-09-27 01:56:45,time,crc_ok,15.2,decoded,1000.084
2026-09-27 01:56:48,other,,15.1,none,1000.084
2026-09-27 01:56:51,time,crc_ok,14.3,decoded,1000.084
2026-09-27 01:56:54,other,,15.8,none,1000.084
2026-09-27 01:56:57,idle,,5.2,none,1000.084
2026-09-27 01:57:00,idle,,4.8,none,1000.084
2026-09-27 01:57:03,time,crc_ok,14.6,decoded,1000.084
2026-09-27 01:57:06,idle,,4.6,none,1000.084
2026-09-27 01:57:09,other,,15.0,none,1000.084
2026-09-27 01:57:12,idle,,4.8,none,1000.084
2026-09-27 01:57:15,other,,15.6,failed,1000.084
2026-09-27 01:57:18,other,,15.0,none,1000.084
2026-09-27 01:57:21,other,,14.6,none,1000.084
2026-09-27 01:57:24,other,,15.2,failed,1000.084
2026-09-27 01:57:27,idle,,4.8,none,1000.084
2026-09-27 01:57:30,idle,,4.4,none,1000.084
2026-09-27 01:57:33,other,,14.1,none,1000.084
2026-09-27 01:57:36,idle,,4.5,none,1000.084
2026-09-27 01:57:39,other,,14.8,none,1000.084
2026-09-27 01:57:42,idle,,4.6,none,1000.084
2026-09-27 01:57:45,other,,14.9,none,1000.084
2026-09-27 01:57:48,idle,,4.6,none,1000.084
2026-09-27 01:57:51,idle,,4.9,none,1000.084
2026-09-27 01:57:54,idle,,4.9,none,1000.084
2026-09-27 01:57:57,time,bit_errors,14.0,decoded,1000.084
2026-09-27 01:58:00,idle,,4.7,none,1000.084
2026-09-27 01:58:03,time,crc_ok,14.0,decoded,1000.084
2026-09-27 01:58:06,idle,,4.5,none,1000.084
2026-09-27 01:58:09,idle,,4.6,none,1000.084
2026-09-27 01:58:12,idle,,4.8,none,1000.084
2026-09-27 01:58:15,other,,15.2,none,1000.084
2026-09-27 01:58:18,time,crc_ok,14.3,decoded,1000.084
2026-09-27 01:58:21,idle,,4.9,none,1000.084
2026-09-27 01:58:24,time,bit_errors,14.8,decoded,1000.084
2026-09-27 01:58:27,idle,,4.7,none,1000.084
2026-09-27 01:58:30,other,,14.9,none,1000.084
2026-09-27 01:58:33,other,,14.4,none,1000.084
2026-09-27 01:58:36,idle,,4.6,none,1000.084
2026-09-27 01:58:39,time,crc_ok,14.9,decoded,1000.084
2026-09-27 01:58:42,time,crc_ok,14.7,confirmed,1000.084
2026-09-27 01:58:45,idle,,5.1,none,1000.084
2026-09-27 01:58:48,idle,,5.0,none,1000.084
2026-09-27 01:58:51,time,crc_ok,14.3,decoded,1000.084
2026-09-27 01:58:54,other,,15.5,none,1000.084
2026-09-27 01:58:57,idle,,5.0,none,1000.084
2026-09-27 01:59:00,idle,,5.3,none,1000.084
2026-09-27 01:59:03,time,crc_ok,14.6,decoded,1000.084
2026-09-27 01:59:06,idle,,5.2,none,1000.084
2026-09-27 01:59:09,idle,,4.8,none,1000.084
2026-09-27 01:59:12,idle,,4.7,none,1000.084
2026-09-27 01:59:15,other,,14.9,none,1000.084
2026-09-27 01:59:18,time,crc_ok,15.1,decoded,1000.084
2026-09-27 01:59:21,idle,,4.9,none,1000.084
2026-09-27 01:59:24,idle,,4.6,none,1000.084
2026-09-27 01:59:27,idle,,4.5,none,1000.084
2026-09-27 01:59:30,idle,,4.5,none,1000.084
2026-09-27 01:59:33,other,,14.3,none,1000.084
2026-09-27 01:59:36,idle,,4.8,none,1000.084
2026-09-27 01:59:39,other,,15.2,failed,1000.084
2026-09-27 01:59:42,time,crc_ok,14.2,decoded,1000.084
2026-09-27 01:59:45,idle,,4.7,none,1000.084
2026-09-27 01:59:48,other,,14.7,none,1000.084
2026-09-27 01:59:51,idle,,4.4,none,1000.084
2026-09-27 01:59:54,idle,,4.1,none,1000.084
2026-09-27 01:59:57,idle,,4.2,none,1000.084
2026-09-27 02:00:00,time,crc_ok,14.7,confirmed,1000.084
2026-09-27 02:00:03,time,crc_ok,15.2,decoded,1000.084
2026-09-27 02:00:06,idle,,4.3,none,1000.084
2026-09-27 02:00:09,other,,15.1,none,1000.084
2026-09-27 02:00:12,other,,14.7,none,1000.084
2026-09-27 02:00:15,idle,,4.9,none,1000.084
2026-09-27 02:00:18,time,crc_ok,14.9,decoded,1000.084
2026-09-27 02:00:21,idle,,4.6,none,1000.084
2026-09-27 02:00:24,idle,,4.7,none,1000.084
2026-09-27 02:00:27,idle,,4.1,none,1000.084
2026-09-27 02:00:30,time,bit_errors,14.4,decoded,1000.084
2026-09-27 02:00:33,other,,15.3,none,1000.084
2026-09-27 02:00:36,idle,,4.1,none,1000.084
2026-09-27 02:00:39,idle,,4.1,none,1000.084
2026-09-27 02:00:42,idle,,4.3,none,1000.084
2026-09-27 02:00:45,other,,14.7,none,1000.084
2026-09-27 02:00:48,time,crc_ok,14.5,decoded,1000.084
2026-09-27 02:00:51,idle,,3.7,none,1000.084
2026-09-27 02:00:54,idle,,3.9,none,1000.084
2026-09-27 02:01:00,idle,,4.4,none,1000.084
2026-09-27 02:01:03,time,crc_ok,14.1,failed,1000.084
2026-09-27 02:01:06,other,,15.0,none,1000.084
2026-09-27 02:01:09,idle,,4.1,none,1000.084
2026-09-27 02:01:12,idle,,4.3,none,1000.084
2026-09-27 02:01:15,idle,,4.3,none,1000.084
2026-09-27 02:01:18,idle,,4.0,none,1000.084
2026-09-27 02:01:21,idle,,3.8,none,1000.084
2026-09-27 02:01:24,idle,,4.6,none,1000.084
2026-09-27 02:01:27,idle,,4.2,none,1000.084
2026-09-27 02:01:30,other,,14.8,none,1000.084
2026-09-27 02:01:33,other,,14.4,none,1000.084
2026-09-27 02:01:36,time,crc_ok,14.0,decoded,1000.084
2026-09-27 02:01:39,idle,,4.1,none,1000.084
2026-09-27 02:01:42,other,,15.3,none,1000.084
2026-09-27 02:01:45,time,crc_ok,14.2,decoded,1000.084
2026-09-27 02:01:48,idle,,4.2,none,1000.084
2026-09-27 02:01:51,other,,14.9,none,1000.084
2026-09-27 02:01:54,idle,,4.3,none,1000.084
2026-09-27 02:01:57,idle,,4.1,none,1000.084
2026-09-27 02:02:00,idle,,4.1,none,1000.084
2026-09-27 02:02:03,time,bit_errors,14.5,decoded,1000.084
2026-09-27 02:02:06,other,,14.9,none,1000.084
2026-09-27 02:02:09,idle,,4.3,none,1000.084
2026-09-27 02:02:12,other,,15.4,none,1000.084
2026-09-27 02:02:15,time,crc_ok,14.0,decoded,1000.084
2026-09-27 02:02:18,other,,15.3,none,1000.084
2026-09-27 02:02:21,idle,,4.1,none,1000.084
2026-09-27 02:02:24,idle,,4.2,none,1000.084
2026-09-27 02:02:27,idle,,4.4,none,1000.084
2026-09-27 02:02:30,idle,,4.2,none,1000.084
2026-09-27 02:02:33,other,,15.0,none,1000.084
2026-09-27 02:02:36,idle,,4.1,none,1000.084
2026-09-27 02:02:39,time,crc_ok,14.5,decoded,1000.084
2026-09-27 02:02:42,other,,14.8,none,1000.084
2026-09-27 02:02:45,time,crc_ok,14.1,decoded,1000.084
2026-09-27 02:02:48,idle,,4.4,none,1000.084
2026-09-27 02:02:51,idle,,4.5,none,1000.084
2026-09-27 02:02:54,idle,,4.6,none,1000.084
2026-09-27 02:02:57,time,crc_ok,14.4,confirmed,1000.084
2026-09-27 02:03:00,time,crc_ok,14.6,decoded,1000.084
2026-09-27 02:03:03,time,crc_ok,14.2,decoded,1000.084
2026-09-27 02:03:06,idle,,4.6,none,1000.084
2026-09-27 02:03:09,other,,14.7,none,1000.084
2026-09-27 02:03:12,other,,14.6,none,1000.084
2026-09-27 02:03:15,other,,15.2,none,1000.084
2026-09-27 02:03:18,idle,,4.7,none,1000.084
2026-09-27 02:03:21,idle,,4.5,none,1000.084
2026-09-27 02:03:24,idle,,4.6,none,1000.084
2026-09-27 02:03:27,time,crc_ok,14.8,decoded,1000.084
2026-09-27 02:03:30,time,bit_errors,14.5,decoded,1000.084
2026-09-27 02:03:33,other,,15.0,none,1000.084
2026-09-27 02:03:36,other,,15.4,none,1000.084
2026-09-27 02:03:39,idle,,4.9,none,1000.084
2026-09-27 02:03:42,other,,14.8,none,1000.084
2026-09-27 02:03:45,other,,14.6,none,1000.084
2026-09-27 02:03:48,time,crc_ok,14.5,decoded,1000.084
2026-09-27 02:03:51,idle,,5.0,none,1000.084
2026-09-27 02:03:54,idle,,4.9,none,1000.084
2026-09-27 02:03:57,idle,,5.2,none,1000.084
2026-09-27 02:04:00,idle,,5.0,none,1000.084
2026-09-27 02:04:03,time,crc_ok,14.6,decoded,1000.084
2026-09-27 02:04:06,other,,14.5,none,1000.084
2026-09-27 02:04:09,idle,,5.1,none,1000.084
2026-09-27 02:04:12,other,,15.1,failed,1000.084
2026-09-27 02:04:15,idle,,5.0,none,1000.084
2026-09-27 02:04:18,idle,,5.4,none,1000.084
2026-09-27 02:04:21,idle,,5.5,none,1000.084
2026-09-27 02:04:24,idle,,5.3,none,1000.084
2026-09-27 02:04:27,idle,,5.3,none,1000.084
2026-09-27 02:04:30,idle,,5.6,none,1000.084
2026-09-27 02:04:33,other,,15.0,none,1000.084
2026-09-27 02:04:36,other,,15.1,none,1000.084
2026-09-27 02:04:39,other,,15.0,failed,1000.084
2026-09-27 02:04:42,other,,14.8,none,1000.084
2026-09-27 02:04:45,other,,15.2,none,1000.084
2026-09-27 02:04:48,time,bit_errors,14.3,confirmed,1000.084
2026-09-27 02:04:51,other,,15.4,none,1000.084
2026-09-27 02:04:54,idle,,5.4,none,1000.084
2026-09-27 02:04:57,idle,,5.2,none,1000.084
2026-09-27 02:05:00,other,,15.1,failed,1000.084
2026-09-27 02:05:03,time,crc_ok,14.5,decoded,1000.084
2026-09-27 02:05:06,other,,15.2,none,1000.084
2026-09-27 02:05:09,idle,,5.0,none,1000.084
2026-09-27 02:05:12,other,,15.1,none,1000.084
2026-09-27 02:05:15,other,,15.6,none,1000.084
2026-09-27 02:05:18,other,,15.0,none,1000.084
2026-09-27 02:05:21,idle,,5.1,none,1000.084
2026-09-27 02:05:24,other,,15.1,none,1000.084
2026-09-27 02:05:27,idle,,5.0,none,1000.084
2026-09-27 02:05:30,other,,14.8,none,1000.084
2026-09-27 02:05:33,other,,14.5,none,1000.084
2026-09-27 02:05:36,idle,,5.1,none,1000.084
2026-09-27 02:05:39,other,,15.0,none,1000.084
2026-09-27 02:05:42,time,crc_ok,14.8,decoded,1000.084
2026-09-27 02:05:45,time,crc_ok,14.6,decoded,1000.084
2026-09-27 02:05:48,idle,,5.0,none,1000.084
2026-09-27 02:05:51,idle,,5.0,none,1000.084
2026-09-27 02:05:54,other,,15.5,none,1000.084
2026-09-27 02:05:57,time,bit_errors,14.0,decoded,1000.084
2026-09-27 02:06:00,idle,,4.9,none,1000.084
2026-09-27 02:06:03,time,bit_errors,13.8,decoded,1000.084
2026-09-27 02:06:06,idle,,5.3,none,1000.084
2026-09-27 02:06:09,other,,15.2,none,1000.084
2026-09-27 02:06:12,other,,15.1,none,1000.084
2026-09-27 02:06:15,time,crc_ok,14.9,decoded,1000.084
2026-09-27 02:06:18,idle,,4.9,none,1000.084
2026-09-27 02:06:21,idle,,5.1,none,1000.084
2026-09-27 02:06:24,time,bit_errors,14.8,decoded,1000.084
2026-09-27 02:06:27,time,crc_ok,13.8,decoded,1000.084
2026-09-27 02:06:30,idle,,4.5,none,1000.084
2026-09-27 02:06:33,other,,13.9,none,1000.084
2026-09-27 02:06:36,other,,15.1,none,1000.084
2026-09-27 02:06:39,idle,,5.2,none,1000.084
2026-09-27 02:06:42,time,crc_ok,14.0,decoded,1000.084
2026-09-27 02:06:45,other,,15.5,failed,1000.084
2026-09-27 02:06:48,other,,15.1,none,1000.084
2026-09-27 02:06:51,idle,,5.3,none,1000.084
2026-09-27 02:06:54,other,,14.5,failed,1000.084
2026-09-27 02:06:57,idle,,4.9,none,1000.084
2026-09-27 02:07:00,time,bit_errors,14.0,decoded,1000.084
2026-09-27 02:07:03,time,crc_ok,14.1,decoded,1000.084
2026-09-27 02:07:06,idle,,4.5,none,1000.084
2026-09-27 02:07:09,other,,15.1,none,1000.084
2026-09-27 02:07:12,time,crc_ok,14.1,decoded,1000.084
2026-09-27 02:07:15,idle,,4.7,none,1000.084
2026-09-27 02:07:18,other,,15.1,none,1000.084
2026-09-27 02:07:21,time,bit_errors,14.6,decoded,1000.084
2026-09-27 02:07:24,idle,,5.0,none,1000.084
2026-09-27 02:07:27,idle,,5.1,none,1000.084
2026-09-27 02:07:30,idle,,4.6,none,1000.084
2026-09-27 02:07:33,other,,14.4,none,1000.084
2026-09-27 02:07:36,other,,15.0,none,1000.084
2026-09-27 02:07:39,time,crc_ok,14.4,decoded,1000.084
2026-09-27 02:07:42,time,bit_errors,14.9,decoded,1000.084
2026-09-27 02:07:45,other,,14.8,none,1000.084
2026-09-27 02:07:48,other,,15.1,none,1000.084
2026-09-27 02:07:51,other,,14.8,none,1000.084
2026-09-27 02:07:54,idle,,4.4,none,1000.084
2026-09-27 02:07:57,idle,,4.5,none,1000.084
2026-09-27 02:08:00,other,,14.6,none,1000.084
2026-09-27 02:08:03,time,crc_ok,14.7,decoded,1000.084
2026-09-27 02:08:06,other,,14.6,none,1000.084
2026-09-27 02:08:09,idle,,4.7,none,1000.084
2026-09-27 02:08:12,time,crc_ok,14.6,decoded,1000.084
2026-09-27 02:08:15,other,,14.7,none,1000.084
2026-09-27 02:08:18,other,,14.9,none,1000.084
2026-09-27 02:08:21,idle,,4.1,none,1000.084
2026-09-27 02:08:24,time,crc_ok,14.0,decoded,1000.084
2026-09-27 02:08:27,other,,14.5,none,1000.084
2026-09-27 02:08:30,other,,14.9,none,1000.084
2026-09-27 02:08:33,other,,14.3,none,1000.084
2026-09-27 02:08:36,idle,,4.8,none,1000.084
2026-09-27 02:08:39,time,crc_ok,15.1,decoded,1000.084
2026-09-27 02:08:42,other,,15.5,none,1000.084
2026-09-27 02:08:45,time,bit_errors,14.9,decoded,1000.084
2026-09-27 02:08:48,idle,,5.0,none,1000.084
2026-09-27 02:08:51,idle,,5.3,none,1000.084
2026-09-27 02:08:54,idle,,4.8,none,1000.084
2026-09-27 02:08:57,time,crc_ok,14.7,decoded,1000.084
2026-09-27 02:09:00,other,,14.6,none,1000.084
2026-09-27 02:09:03,time,bit_errors,14.5,decoded,1000.084
2026-09-27 02:09:06,idle,,5.1,none,1000.084
2026-09-27 02:09:09,other,,14.7,none,1000.084
2026-09-27 02:09:12,time,bit_errors,14.0,decoded,1000.084
2026-09-27 02:09:15,time,crc_ok,14.2,decoded,1000.084
2026-09-27 02:09:18,idle,,5.2,none,1000.084
2026-09-27 02:09:21,idle,,5.2,none,1000.084
2026-09-27 02:09:24,idle,,5.0,none,1000.084
2026-09-27 02:09:27,other,,14.7,none,1000.084
2026-09-27 02:09:30,other,,15.6,none,1000.084
2026-09-27 02:09:33,other,,14.2,none,1000.084
2026-09-27 02:09:36,other,,15.5,none,1000.084
2026-09-27 02:09:39,idle,,5.3,none,1000.084
2026-09-27 02:09:42,time,crc_ok,14.7,decoded,1000.084
2026-09-27 02:09:45,time,crc_ok,14.1,decoded,1000.084
2026-09-27 02:09:48,other,,15.3,none,1000.084
2026-09-27 02:09:51,idle,,4.9,none,1000.084
2026-09-27 02:09:54,time,crc_ok,15.3,decoded,1000.084
2026-09-27 02:09:57,time,crc_ok,14.4,decoded,1000.084
2026-09-27 02:10:00,time,crc_ok,14.4,decoded,1000.084
2026-09-27 02:10:03,time,bit_errors,14.4,decoded,1000.084
2026-09-27 02:10:06,other,,15.0,none,1000.084
2026-09-27 02:10:09,time,crc_ok,14.2,decoded,1000.084
2026-09-27 02:10:12,time,crc_ok,14.6,decoded,1000.084
2026-09-27 02:10:15,other,,15.3,none,1000.084
2026-09-27 02:10:18,idle,,5.0,none,1000.084
2026-09-27 02:10:21,time,bit_errors,14.1,decoded,1000.084
2026-09-27 02:10:24,idle,,5.4,none,1000.084
2026-09-27 02:10:27,idle,,4.7,none,1000.084
2026-09-27 02:10:30,idle,,5.2,none,1000.084
2026-09-27 02:10:33,other,,14.6,none,1000.084
2026-09-27 02:10:36,time,bit_errors,14.4,decoded,1000.084
2026-09-27 02:10:39,other,,14.7,none,1000.084
2026-09-27 02:10:42,time,crc_ok,14.6,decoded,1000.084
2026-09-27 02:10:45,time,bit_errors,14.4,decoded,1000.084
2026-09-27 02:10:48,time,bit_errors,13.9,decoded,1000.084
2026-09-27 02:10:51,other,,15.1,none,1000.084
2026-09-27 02:10:54,idle,,4.7,none,1000.084
2026-09-27 02:11:00,time,bit_errors,14.2,failed,1000.084
2026-09-27 02:11:03,time,crc_ok,15.6,decoded,1000.084
2026-09-27 02:11:06,idle,,4.7,none,1000.084
2026-09-27 02:11:09,idle,,4.8,none,1000.084
2026-09-27 02:11:12,idle,,4.7,none,1000.084
2026-09-27 02:11:15,other,,15.2,none,1000.084
2026-09-27 02:11:18,time,crc_ok,15.6,decoded,1000.084
2026-09-27 02:11:21,idle,,4.4,none,1000.084
2026-09-27 02:11:24,time,crc_ok,14.6,decoded,1000.084
2026-09-27 02:11:27,other,,14.8,failed,1000.084
2026-09-27 02:11:30,other,,14.7,none,1000.084
2026-09-27 02:11:33,other,,14.1,none,1000.084
2026-09-27 02:11:36,idle,,4.6,none,1000.084
2026-09-27 02:11:39,unclear,,14.8,failed,1000.084
2026-09-27 02:11:42,other,,15.0,none,1000.084
2026-09-27 02:11:45,idle,,4.9,none,1000.084
2026-09-27 02:11:48,other,,14.7,none,1000.084
2026-09-27 02:11:51,idle,,4.7,none,1000.084
2026-09-27 02:11:54,other,,15.0,none,1000.084
2026-09-27 02:11:57,other,,14.7,none,1000.084
2026-09-27 02:12:00,time,crc_ok,14.3,decoded,1000.084
2026-09-27 02:12:03,time,crc_ok,14.4,decoded,1000.084
2026-09-27 02:12:06,idle,,4.7,none,1000.084
2026-09-27 02:12:09,other,,15.5,none,1000.084
2026-09-27 02:12:12,other,,15.0,none,1000.084
2026-09-27 02:12:15,idle,,4.8,none,1000.084
2026-09-27 02:12:18,other,,14.6,none,1000.084
2026-09-27 02:12:21,idle,,4.4,none,1000.084
2026-09-27 02:12:24,time,crc_ok,14.3,decoded,1000.084
2026-09-27 02:12:27,time,crc_ok,14.5,decoded,1000.084
2026-09-27 02:12:30,other,,14.9,none,1000.084
2026-09-27 02:12:33,other,,15.2,none,1000.084
2026-09-27 02:12:36,idle,,4.7,none,1000.084
2026-09-27 02:12:39,idle,,4.3,none,1000.084
2026-09-27 02:12:42,idle,,4.8,none,1000.084
2026-09-27 02:12:45,time,crc_ok,14.5,decoded,1000.084
2026-09-27 02:12:48,time,crc_ok,14.4,decoded,1000.084
2026-09-27 02:12:51,idle,,4.7,none,1000.084
2026-09-27 02:12:54,time,bit_errors,14.8,decoded,1000.084
2026-09-27 02:12:57,other,,14.7,none,1000.084
2026-09-27 02:13:00,other,,14.9,none,1000.084
2026-09-27 02:13:03,time,crc_ok,14.4,decoded,1000.084
2026-09-27 02:13:06,other,,15.3,none,1000.084
2026-09-27 02:13:09,time,crc_ok,15.1,decoded,1000.084
2026-09-27 02:13:12,time,crc_ok,15.2,decoded,1000.084
2026-09-27 02:13:15,other,,14.8,none,1000.084
2026-09-27 02:13:18,other,,14.8,none,1000.084
2026-09-27 02:13:21,time,bit_errors,14.4,decoded,1000.084
2026-09-27 02:13:24,idle,,5.3,none,1000.084
2026-09-27 02:13:27,idle,,4.7,none,1000.084
2026-09-27 02:13:30,time,bit_errors,14.3,decoded,1000.084
2026-09-27 02:13:33,other,,14.6,none,1000.084
2026-09-27 02:13:36,time,crc_ok,14.9,decoded,1000.084
2026-09-27 02:13:39,idle,,5.6,none,1000.084
2026-09-27 02:13:42,other,,15.2,none,1000.084
2026-09-27 02:13:45,time,bit_errors,14.7,decoded,1000.084
2026-09-27 02:13:48,idle,,4.9,none,1000.084
2026-09-27 02:13:51,other,,14.9,none,1000.084
2026-09-27 02:13:54,idle,,5.6,none,1000.084
2026-09-27 02:13:57,idle,,4.7,none,1000.084
2026-09-27 02:14:00,idle,,4.8,none,1000.084
2026-09-27 02:14:03,time,crc_ok,15.0,decoded,1000.084
2026-09-27 02:14:06,idle,,5.2,none,1000.084
2026-09-27 02:14:09,idle,,5.4,none,1000.084
2026-09-27 02:14:12,idle,,5.4,none,1000.084
2026-09-27 02:14:15,other,,15.4,none,1000.084
2026-09-27 02:14:18,time,crc_ok,15.2,decoded,1000.084
2026-09-27 02:14:21,idle,,5.1,none,1000.084
2026-09-27 02:14:24,time,crc_ok,14.4,decoded,1000.084
2026-09-27 02:14:27,time,crc_ok,14.5,decoded,1000.084
2026-09-27 02:14:30,idle,,4.8,none,1000.084
2026-09-27 02:14:33,other,,15.0,none,1000.084
2026-09-27 02:14:36,idle,,5.5,none,1000.084
2026-09-27 02:14:39,time,crc_ok,14.7,none,1000.084
2026-09-27 02:14:42,time,crc_ok,15.1,decoded,1000.084
2026-09-27 02:14:45,idle,,5.8,none,1000.084
2026-09-27 02:14:48,other,,15.3,none,1000.084
2026-09-27 02:14:51,idle,,5.4,none,1000.084
2026-09-27 02:14:54,other,,15.8,none,1000.084
2026-09-27 02:14:57,idle,,5.8,none,1000.084
2026-09-27 02:15:00,time,bit_errors,14.6,decoded,1000.084
2026-09-27 02:15:03,time,crc_ok,15.3,none,1000.084
2026-09-27 02:15:06,idle,,6.0,none,1000.084
2026-09-27 02:15:09,other,,16.0,none,1000.084
2026-09-27 02:15:12,other,,15.6,failed,1000.084
2026-09-27 02:15:15,idle,,6.4,none,1000.084
2026-09-27 02:15:18,time,crc_ok,15.3,decoded,1000.084
2026-09-27 02:15:21,idle,,6.0,none,1000.084
2026-09-27 02:15:24,other,,15.9,none,1000.084
2026-09-27 02:15:27,idle,,6.6,none,1000.084
2026-09-27 02:15:30,other,,15.6,failed,1000.084
2026-09-27 02:15:33,other,,15.6,none,1000.084
2026-09-27 02:15:36,idle,,6.8,none,1000.084
2026-09-27 02:15:39,idle,,6.4,none,1000.084
2026-09-27 02:15:42,idle,,5.7,none,1000.084
2026-09-27 02:15:45,other,,15.7,none,1000.084
2026-09-27 02:15:48,other,,15.5,none,1000.084
2026-09-27 02:15:51,idle,,6.5,none,1000.084
2026-09-27 02:15:54,time,crc_ok,15.7,decoded,1000.084
2026-09-27 02:15:57,other,,15.0,none,1000.084
2026-09-27 02:16:00,idle,,6.2,none,1000.084
2026-09-27 02:16:03,time,bit_errors,14.9,decoded,1000.084
2026-09-27 02:16:06,other,,15.4,none,1000.084
2026-09-27 02:16:09,idle,,6.7,none,1000.084
2026-09-27 02:16:12,idle,,5.9,none,1000.084
2026-09-27 02:16:15,time,bit_errors,15.6,decoded,1000.084
2026-09-27 02:16:18,other,,15.5,failed,1000.084
2026-09-27 02:16:21,other,,15.2,none,1000.084
2026-09-27 02:16:24,idle,,6.5,none,1000.084
2026-09-27 02:16:27,idle,,6.3,none,1000.084
2026-09-27 02:16:30,other,,15.5,none,1000.084
2026-09-27 02:16:33,other,,14.8,none,1000.084
2026-09-27 02:16:36,time,crc_ok,14.8,decoded,1000.084
2026-09-27 02:16:39,idle,,5.5,none,1000.084
2026-09-27 02:16:42,other,,15.0,none,1000.084
2026-09-27 02:16:45,time,crc_ok,14.9,confirmed,1000.084
2026-09-27 02:16:48,idle,,6.1,none,1000.084
2026-09-27 02:16:51,other,,15.5,none,1000.084
2026-09-27 02:16:54,idle,,5.7,none,1000.084
2026-09-27 02:16:57,idle,,6.1,none,1000.084
2026-09-27 02:17:00,idle,,6.1,none,1000.084
2026-09-27 02:17:03,time,bit_errors,15.3,decoded,1000.084
2026-09-27 02:17:06,idle,,6.3,none,1000.084
2026-09-27 02:17:09,idle,,6.3,none,1000.084
2026-09-27 02:17:12,idle,,6.5,none,1000.084
2026-09-27 02:17:15,other,,15.2,none,1000.084
2026-09-27 02:17:18,time,crc_ok,14.6,decoded,1000.084
2026-09-27 02:17:21,idle,,6.0,none,1000.084
2026-09-27 02:17:24,idle,,6.1,none,1000.084
2026-09-27 02:17:27,idle,,6.4,none,1000.084
2026-09-27 02:17:30,idle,,6.2,none,1000.084
2026-09-27 02:17:33,other,,15.0,none,1000.084
2026-09-27 02:17:36,idle,,5.8,none,1000.084
2026-09-27 02:17:39,other,,15.6,none,1000.084
2026-09-27 02:17:42,time,bit_errors,15.3,decoded,1000.084
2026-09-27 02:17:45,idle,,6.4,none,1000.084
2026-09-27 02:17:48,time,crc_ok,14.4,decoded,1000.084
2026-09-27 02:17:51,idle,,5.9,none,1000.084
2026-09-27 02:17:54,idle,,6.4,none,1000.084
2026-09-27 02:17:57,other,,15.9,none,1000.084
2026-09-27 02:18:00,idle,,6.4,none,1000.084
2026-09-27 02:18:03,time,crc_ok,15.4,decoded,1000.084
2026-09-27 02:18:06,idle,,6.4,none,1000.084
2026-09-27 02:18:09,other,,15.3,none,1000.084
2026-09-27 02:18:12,other,,15.4,none,1000.084
2026-09-27 02:18:15,idle,,6.2,none,1000.084
2026-09-27 02:18:18,time,crc_ok,15.1,none,1000.084
2026-09-27 02:18:21,idle,,6.5,none,1000.084
2026-09-27 02:18:24,idle,,6.5,none,1000.084
2026-09-27 02:18:27,other,,15.9,none,1000.084
2026-09-27 02:18:30,idle,,6.5,none,1000.084
2026-09-27 02:18:33,other,,16.5,failed,1000.084
2026-09-27 02:18:36,idle,,6.6,none,1000.084
2026-09-27 02:18:39,idle,,5.9,none,1000.084
2026-09-27 02:18:42,idle,,7.1,none,1000.084
2026-09-27 02:18:45,other,,15.8,failed,1000.084
2026-09-27 02:18:48,other,,15.6,none,1000.084
2026-09-27 02:18:51,idle,,6.5,none,1000.084
2026-09-27 02:18:54,idle,,6.2,none,1000.084
2026-09-27 02:18:57,idle,,6.4,none,1000.084
2026-09-27 02:19:00,idle,,5.8,none,1000.084
2026-09-27 02:19:03,time,crc_ok,14.9,decoded,1000.084
2026-09-27 02:19:06,idle,,5.9,none,1000.084
2026-09-27 02:19:09,idle,,6.1,none,1000.084
2026-09-27 02:19:12,other,,15.2,none,1000.084
2026-09-27 02:19:15,idle,,5.8,none,1000.084
2026-09-27 02:19:18,idle,,6.6,none,1000.084
2026-09-27 02:19:21,idle,,6.1,none,1000.084
2026-09-27 02:19:24,idle,,6.2,none,1000.084
2026-09-27 02:19:27,idle,,5.9,none,1000.084
2026-09-27 02:19:30,time,bit_errors,15.6,decoded,1000.084
2026-09-27 02:19:33,other,,15.1,none,1000.084
2026-09-27 02:19:36,time,crc_ok,14.8,decoded,1000.084
2026-09-27 02:19:39,idle,,5.2,none,1000.084
2026-09-27 02:19:42,other,,15.8,none,1000.084
2026-09-27 02:19:45,time,crc_ok,15.6,confirmed,1000.084
2026-09-27 02:19:48,idle,,5.9,none,1000.084
2026-09-27 02:19:51,other,,15.1,none,1000.084
2026-09-27 02:19:54,idle,,5.6,none,1000.084
2026-09-27 02:19:57,idle,,5.8,none,1000.084
2026-09-27 02:20:00,idle,,5.5,none,1000.084
2026-09-27 02:20:03,time,crc_ok,15.1,decoded,1000.084
2026-09-27 02:20:06,idle,,6.6,none,1000.084
2026-09-27 02:20:09,other,,14.8,none,1000.084
2026-09-27 02:20:12,idle,,5.5,none,1000.084
2026-09-27 02:20:15,other,,14.4,none,1000.084
2026-09-27 02:20:18,idle,,6.2,none,1000.084
2026-09-27 02:20:21,idle,,6.4,none,1000.084
2026-09-27 02:20:24,idle,,6.2,none,1000.084
2026-09-27 02:20:27,other,,16.0,failed,1000.084
2026-09-27 02:20:30,idle,,6.8,none,1000.084
2026-09-27 02:20:33,other,,15.1,none,1000.084
2026-09-27 02:20:36,idle,,6.4,none,1000.084
2026-09-27 02:20:39,time,crc_ok,15.7,decoded,1000.084
2026-09-27 02:20:42,idle,,6.5,none,1000.084
2026-09-27 02:20:45,time,crc_ok,15.5,decoded,1000.084
2026-09-27 02:20:48,other,,15.4,none,1000.084
2026-09-27 02:20:51,time,crc_ok,14.9,confirmed,1000.084
2026-09-27 02:20:54,idle,,6.4,none,1000.084
2026-09-27 02:21:00,idle,,5.7,none,1000.084
2026-09-27 02:21:03,time,crc_ok,15.4,decoded,1000.084
2026-09-27 02:21:06,idle,,5.8,none,1000.084
2026-09-27 02:21:09,other,,15.7,none,1000.084
2026-09-27 02:21:12,idle,,6.5,none,1000.084
2026-09-27 02:21:15,time,crc_ok,14.8,decoded,1000.084
2026-09-27 02:21:18,other,,15.6,failed,1000.084
2026-09-27 02:21:21,time,crc_ok,15.0,confirmed,1000.084
2026-09-27 02:21:24,idle,,6.1,none,1000.084
2026-09-27 02:21:27,time,crc_ok,15.3,none,1000.084
2026-09-27 02:21:30,idle,,5.9,none,1000.084
2026-09-27 02:21:33,other,,15.0,none,1000.084
2026-09-27 02:21:36,idle,,5.6,none,1000.084
2026-09-27 02:21:39,time,crc_ok,14.0,decoded,1000.084
2026-09-27 02:21:42,idle,,6.1,none,1000.084
2026-09-27 02:21:45,other,,16.1,none,1000.084
2026-09-27 02:21:48,idle,,6.4,none,1000.084
2026-09-27 02:21:51,idle,,6.2,none,1000.084
2026-09-27 02:21:54,idle,,5.7,none,1000.084
2026-09-27 02:21:57,time,bit_errors,14.6,decoded,1000.084
2026-09-27 02:22:00,idle,,5.6,none,1000.084
2026-09-27 02:22:03,time,crc_ok,15.6,decoded,1000.084
2026-09-27 02:22:06,idle,,5.5,none,1000.084
2026-09-27 02:22:09,idle,,5.9,none,1000.084
2026-09-27 02:22:12,other,,15.1,none,1000.084
2026-09-27 02:22:15,other,,15.3,none,1000.084
2026-09-27 02:22:18,idle,,5.9,none,1000.084
2026-09-27 02:22:21,idle,,5.9,none,1000.084
2026-09-27 02:22:24,time,crc_ok,15.0,confirmed,1000.084
2026-09-27 02:22:27,idle,,5.9,none,1000.084
2026-09-27 02:22:30,time,crc_ok,14.9,decoded,1000.084
2026-09-27 02:22:33,other,,15.5,none,1000.084
2026-09-27 02:22:36,idle,,6.1,none,1000.084
2026-09-27 02:22:39,other,,15.3,failed,1000.084
2026-09-27 02:22:42,time,bit_errors,14.7,decoded,1000.084
2026-09-27 02:22:45,idle,,5.9,none,1000.084
2026-09-27 02:22:48,idle,,6.1,none,1000.084
2026-09-27 02:22:51,other,,15.8,none,1000.084
2026-09-27 02:22:54,other,,15.2,none,1000.084
2026-09-27 02:22:57,idle,,5.7,none,1000.084
2026-09-27 02:23:00,idle,,5.5,none,1000.084
2026-09-27 02:23:03,time,bit_errors,14.0,decoded,1000.084
2026-09-27 02:23:06,other,,15.4,none,1000.084
2026-09-27 02:23:09,other,,15.8,none,1000.084
2026-09-27 02:23:12,other,,15.7,none,1000.084
2026-09-27 02:23:15,idle,,6.0,none,1000.084
2026-09-27 02:23:18,other,,15.5,none,1000.084
2026-09-27 02:23:21,other,,15.6,none,1000.084
2026-09-27 02:23:24,other,,15.1,none,1000.084
2026-09-27 02:23:27,time,crc_ok,15.2,decoded,1000.084
2026-09-27 02:23:30,time,crc_ok,14.3,decoded,1000.084
2026-09-27 02:23:33,other,,15.6,none,1000.084
2026-09-27 02:23:36,idle,,5.8,none,1000.084
2026-09-27 02:23:39,other,,14.7,failed,1000.084
2026-09-27 02:23:42,idle,,6.2,none,1000.084
2026-09-27 02:23:45,idle,,5.7,none,1000.084
2026-09-27 02:23:48,idle,,5.4,none,1000.084
2026-09-27 02:23:51,idle,,5.6,none,1000.084
2026-09-27 02:23:54,other,,15.6,none,1000.084
2026-09-27 02:23:57,time,bit_errors,15.4,decoded,1000.084
2026-09-27 02:24:00,idle,,7.3,none,1000.084
2026-09-27 02:24:03,time,bit_errors,14.2,decoded,1000.084
2026-09-27 02:24:06,idle,,7.0,none,1000.084
2026-09-27 02:24:09,other,,15.6,failed,1000.084
2026-09-27 02:24:12,idle,,6.9,none,1000.084
2026-09-27 02:24:15,idle,,7.3,none,1000.084
2026-09-27 02:24:18,idle,,7.0,none,1000.084
2026-09-27 02:24:21,idle,,6.8,none,1000.084
2026-09-27 02:24:24,other,,15.8,none,1000.084
2026-09-27 02:24:27,other,,15.7,none,1000.084
2026-09-27 02:24:30,idle,,7.6,none,1000.084
2026-09-27 02:24:33,other,,15.9,none,1000.084
2026-09-27 02:24:36,other,,15.2,failed,1000.084
2026-09-27 02:24:39,other,,16.3,none,1000.084
2026-09-27 02:24:42,time,crc_ok,15.5,decoded,1000.084
2026-09-27 02:24:45,unclear,,8.0,none,1000.084
2026-09-27 02:24:48,time,crc_ok,15.9,decoded,1000.084
2026-09-27 02:24:51,other,,16.2,none,1000.084
2026-09-27 02:24:54,time,bit_errors,14.9,decoded,1000.084
2026-09-27 02:24:57,time,crc_ok,14.5,decoded,1000.084
2026-09-27 02:25:00,other,,15.6,none,1000.084
2026-09-27 02:25:03,time,crc_ok,15.9,failed,1000.084
2026-09-27 02:25:06,idle,,6.6,none,1000.084
2026-09-27 02:25:09,other,,16.4,none,1000.084
2026-09-27 02:25:12,other,,16.3,failed,1000.084
2026-09-27 02:25:15,other,,16.3,none,1000.084
2026-09-27 02:25:18,time,bit_errors,15.0,confirmed,1000.084
2026-09-27 02:25:21,other,,15.6,none,1000.084
2026-09-27 02:25:24,idle,,6.7,none,1000.084
2026-09-27 02:25:27,time,crc_ok,15.1,decoded,1000.084
2026-09-27 02:25:30,idle,,7.0,none,1000.084
2026-09-27 02:25:33,other,,14.5,none,1000.084
2026-09-27 02:25:36,other,,15.4,none,1000.084
2026-09-27 02:25:39,idle,,6.8,none,1000.084
2026-09-27 02:25:42,idle,,7.3,none,1000.084
2026-09-27 02:25:45,idle,,7.3,none,1000.084
2026-09-27 02:25:48,time,crc_ok,15.1,decoded,1000.084
2026-09-27 02:25:51,other,,15.3,failed,1000.084
2026-09-27 02:25:54,time,crc_ok,15.1,decoded,1000.084
2026-09-27 02:25:57,idle,,7.3,none,1000.084
2026-09-27 02:26:00,other,,15.5,none,1000.084
2026-09-27 02:26:03,time,bit_errors,15.6,confirmed,1000.084
2026-09-27 02:26:06,other,,16.0,none,1000.084
2026-09-27 02:26:09,other,,16.5,none,1000.084
2026-09-27 02:26:12,other,,16.7,failed,1000.084
2026-09-27 02:26:15,idle,,7.3,none,1000.084
2026-09-27 02:26:18,other,,15.4,failed,1000.084
2026-09-27 02:26:21,time,crc_ok,15.9,decoded,1000.084
2026-09-27 02:26:24,other,,15.7,none,1000.084
2026-09-27 02:26:27,other,,16.6,failed,1000.084
2026-09-27 02:26:30,other,,16.0,none,1000.084
2026-09-27 02:26:33,other,,15.5,none,1000.084
2026-09-27 02:26:36,unclear,,8.1,none,1000.084
2026-09-27 02:26:39,other,,15.4,none,1000.084
2026-09-27 02:26:42,idle,,6.7,none,1000.084
2026-09-27 02:26:45,idle,,6.3,none,1000.084
2026-09-27 02:26:48,idle,,7.8,none,1000.084
2026-09-27 02:26:51,idle,,6.6,none,1000.084
2026-09-27 02:26:54,other,,16.2,failed,1000.084
2026-09-27 02:26:57,idle,,7.2,none,1000.084
2026-09-27 02:27:00,idle,,6.7,none,1000.084
2026-09-27 02:27:03,time,bit_errors,15.7,decoded,1000.084
2026-09-27 02:27:06,idle,,7.4,none,1000.084
2026-09-27 02:27:09,other,,15.5,none,1000.084
2026-09-27 02:27:12,idle,,7.2,none,1000.084
2026-09-27 02:27:15,idle,,6.7,none,1000.084
2026-09-27 02:27:18,idle,,7.3,none,1000.084
2026-09-27 02:27:21,idle,,7.7,none,1000.084
2026-09-27 02:27:24,time,crc_ok,15.9,confirmed,1000.084
2026-09-27 02:27:27,idle,,7.3,none,1000.084
2026-09-27 02:27:30,idle,,6.3,none,1000.084
2026-09-27 02:27:33,other,,15.3,none,1000.084
2026-09-27 02:27:36,time,crc_ok,15.3,decoded,1000.084
2026-09-27 02:27:39,other,,16.4,none,1000.084
2026-09-27 02:27:42,time,bit_errors,14.8,decoded,1000.084
2026-09-27 02:27:45,idle,,7.3,none,1000.084
2026-09-27 02:27:48,other,,15.5,none,1000.084
2026-09-27 02:27:51,time,crc_ok,15.3,decoded,1000.084
2026-09-27 02:27:54,other,,15.8,none,1000.084
2026-09-27 02:27:57,time,crc_ok,15.2,decoded,1000.084
2026-09-27 02:28:00,time,bit_errors,14.6,decoded,1000.084
2026-09-27 02:28:03,time,crc_ok,15.6,confirmed,1000.084
2026-09-27 02:28:06,idle,,7.2,none,1000.084
2026-09-27 02:28:09,other,,15.6,none,1000.084
2026-09-27 02:28:12,idle,,6.5,none,1000.084
2026-09-27 02:28:15,time,crc_ok,15.6,decoded,1000.084
2026-09-27 02:28:18,other,,16.3,none,1000.084
2026-09-27 02:28:21,other,,15.9,failed,1000.084
2026-09-27 02:28:24,idle,,5.9,none,1000.084
2026-09-27 02:28:27,other,,16.0,none,1000.084
2026-09-27 02:28:30,idle,,7.6,none,1000.084
2026-09-27 02:28:33,other,,15.2,none,1000.084
2026-09-27 02:28:36,other,,16.2,none,1000.084
2026-09-27 02:28:39,idle,,7.2,none,1000.084
2026-09-27 02:28:42,idle,,6.9,none,1000.084
2026-09-27 02:28:45,idle,,7.0,none,1000.084
2026-09-27 02:28:48,other,,16.1,none,1000.084
2026-09-27 02:28:51,time,bit_errors,15.8,decoded,1000.084
2026-09-27 02:28:54,time,crc_ok,15.3,decoded,1000.084
2026-09-27 02:28:57,idle,,7.3,none,1000.084
2026-09-27 02:29:00,time,bit_errors,15.5,decoded,1000.084
2026-09-27 02:29:03,time,bit_errors,15.6,decoded,1000.084
2026-09-27 02:29:06,idle,,7.6,none,1000.084
2026-09-27 02:29:09,idle,,7.5,none,1000.084
2026-09-27 02:29:12,idle,,7.5,none,1000.084
2026-09-27 02:29:15,other,,16.3,none,1000.084
2026-09-27 02:29:18,time,crc_ok,16.3,confirmed,1000.084
2026-09-27 02:29:21,idle,,7.2,none,1000.084
2026-09-27 02:29:24,time,crc_ok,16.0,decoded,1000.084
2026-09-27 02:29:27,time,crc_ok,15.4,decoded,1000.084
2026-09-27 02:29:30,time,bit_errors,14.8,confirmed,1000.084
2026-09-27 02:29:33,other,,15.9,none,1000.084
2026-09-27 02:29:36,idle,,6.8,none,1000.084
2026-09-27 02:29:39,time,crc_ok,15.4,decoded,1000.084
2026-09-27 02:29:42,time,crc_ok,15.2,decoded,1000.084
2026-09-27 02:29:45,idle,,7.4,none,1000.084
2026-09-27 02:29:48,other,,15.3,none,1000.084
2026-09-27 02:29:51,idle,,7.3,none,1000.084
2026-09-27 02:29:54,time,crc_ok,14.9,decoded,1000.084
2026-09-27 02:29:57,other,,15.8,none,1000.084
2026-09-27 02:30:00,idle,,6.9,none,1000.084
2026-09-27 02:30:03,time,bit_errors,15.2,decoded,1000.084
2026-09-27 02:30:06,idle,,7.0,none,1000.084
2026-09-27 02:30:09,other,,15.9,none,1000.084
2026-09-27 02:30:12,time,crc_ok,15.3,confirmed,1000.084
2026-09-27 02:30:15,idle,,6.4,none,1000.084
2026-09-27 02:30:18,time,bit_errors,14.7,decoded,1000.084
2026-09-27 02:30:21,idle,,6.7,none,1000.084
2026-09-27 02:30:24,other,,15.0,none,1000.084
2026-09-27 02:30:27,other,,15.6,failed,1000.084
2026-09-27 02:30:30,idle,,6.4,none,1000.084
2026-09-27 02:30:33,other,,16.1,none,1000.084
2026-09-27 02:30:36,idle,,6.4,none,1000.084
2026-09-27 02:30:39,idle,,6.2,none,1000.084
2026-09-27 02:30:42,idle,,6.0,none,1000.084
2026-09-27 02:30:45,time,crc_ok,15.1,decoded,1000.084
2026-09-27 02:30:48,time,crc_ok,14.5,decoded,1000.084
2026-09-27 02:30:51,idle,,5.6,none,1000.084
2026-09-27 02:30:54,other,,15.6,none,1000.084
2026-09-27 02:31:00,other,,15.4,none,1000.085
2026-09-27 02:31:03,time,crc_ok,15.1,decoded,1000.085
2026-09-27 02:31:06,idle,,6.7,none,1000.085
2026-09-27 02:31:09,other,,15.4,none,1000.085
2026-09-27 02:31:12,time,crc_ok,14.6,confirmed,1000.085
2026-09-27 02:31:15,other,,15.9,none,1000.085
2026-09-27 02:31:18,time,crc_ok,14.4,decoded,1000.085
2026-09-27 02:31:21,other,,15.6,none,1000.085
2026-09-27 02:31:24,idle,,6.2,none,1000.085
2026-09-27 02:31:27,idle,,6.3,none,1000.085
2026-09-27 02:31:30,other,,15.8,none,1000.085
2026-09-27 02:31:33,other,,15.0,none,1000.085
2026-09-27 02:31:36,time,bit_errors,15.2,decoded,1000.085
2026-09-27 02:31:39,idle,,6.1,none,1000.085
2026-09-27 02:31:42,time,bit_errors,14.6,decoded,1000.085
2026-09-27 02:31:45,other,,15.1,failed,1000.085
2026-09-27 02:31:48,idle,,5.6,none,1000.085
2026-09-27 02:31:51,other,,15.3,none,1000.085
2026-09-27 02:31:54,idle,,6.2,none,1000.085
2026-09-27 02:31:57,idle,,6.1,none,1000.085
2026-09-27 02:32:00,idle,,5.7,none,1000.085
2026-09-27 02:32:03,time,crc_ok,14.7,decoded,1000.085
2026-09-27 02:32:06,idle,,6.0,none,1000.085
2026-09-27 02:32:09,other,,15.5,none,1000.085
2026-09-27 02:32:12,idle,,6.4,none,1000.085
2026-09-27 02:32:15,other,,15.5,none,1000.085
2026-09-27 02:32:18,idle,,6.3,none,1000.085
2026-09-27 02:32:21,idle,,5.9,none,1000.085
2026-09-27 02:32:24,time,crc_ok,14.7,decoded,1000.085
2026-09-27 02:32:27,time,crc_ok,15.0,decoded,1000.085
2026-09-27 02:32:30,other,,15.7,none,1000.085
2026-09-27 02:32:33,other,,15.4,none,1000.085
2026-09-27 02:32:36,idle,,5.8,none,1000.085
2026-09-27 02:32:39,other,,15.4,none,1000.085
2026-09-27 02:32:42,idle,,5.5,none,1000.085
2026-09-27 02:32:45,time,crc_ok,15.0,decoded,1000.085
2026-09-27 02:32:48,time,bit_errors,14.7,decoded,1000.085
2026-09-27 02:32:51,other,,15.3,none,1000.085
2026-09-27 02:32:54,idle,,5.2,none,1000.085
2026-09-27 02:32:57,other,,15.4,none,1000.085
2026-09-27 02:33:00,time,crc_ok,14.7,decoded,1000.085
2026-09-27 02:33:03,time,crc_ok,15.3,decoded,1000.085
2026-09-27 02:33:06,idle,,5.9,none,1000.085
2026-09-27 02:33:09,other,,15.3,none,1000.085
2026-09-27 02:33:12,idle,,5.4,none,1000.085
2026-09-27 02:33:15,other,,15.7,none,1000.085
2026-09-27 02:33:18,time,bit_errors,14.6,decoded,1000.085
2026-09-27 02:33:21,time,bit_errors,14.8,decoded,1000.085
2026-09-27 02:33:24,idle,,5.8,none,1000.085
2026-09-27 02:33:27,other,,14.8,none,1000.085
2026-09-27 02:33:30,time,crc_ok,15.2,decoded,1000.085
2026-09-27 02:33:33,other,,15.2,none,1000.085
2026-09-27 02:33:36,idle,,7.2,none,1000.085
2026-09-27 02:33:39,time,bit_errors,15.7,decoded,1000.085
2026-09-27 02:33:42,idle,,7.5,none,1000.085
2026-09-27 02:33:45,other,,15.9,none,1000.085
2026-09-27 02:33:48,idle,,7.2,none,1000.085
2026-09-27 02:33:51,unclear,,8.0,none,1000.085
2026-09-27 02:33:54,other,,15.1,none,1000.085
2026-09-27 02:33:57,time,bit_errors,15.9,decoded,1000.085
2026-09-27 02:34:00,other,,16.1,none,1000.085
2026-09-27 02:34:03,time,bit_errors,15.6,decoded,1000.085
2026-09-27 02:34:06,other,,16.1,none,1000.085
2026-09-27 02:34:09,other,,16.4,failed,1000.085
2026-09-27 02:34:12,time,bit_errors,14.2,decoded,1000.085
2026-09-27 02:34:15,time,crc_ok,15.8,confirmed,1000.085
2026-09-27 02:34:18,idle,,6.7,none,1000.085
2026-09-27 02:34:21,time,crc_ok,15.5,decoded,1000.085
2026-09-27 02:34:24,other,,15.3,none,1000.085
2026-09-27 02:34:27,idle,,6.7,none,1000.085
2026-09-27 02:34:30,time,crc_ok,14.5,decoded,1000.085
2026-09-27 02:34:33,other,,16.4,none,1000.085
2026-09-27 02:34:36,unclear,,8.6,none,1000.085
2026-09-27 02:34:39,other,,17.0,none,1000.085
2026-09-27 02:34:42,other,,16.4,none,1000.085
2026-09-27 02:34:45,unclear,,9.1,none,1000.085
2026-09-27 02:34:48,idle,,7.9,none,1000.085
2026-09-27 02:34:51,other,,16.8,none,1000.085
2026-09-27 02:34:54,other,,15.9,failed,1000.085
2026-09-27 02:34:57,idle,,7.5,none,1000.085
2026-09-27 02:35:00,idle,,6.9,none,1000.085
2026-09-27 02:35:03,time,bit_errors,15.2,decoded,1000.085
2026-09-27 02:35:06,other,,15.5,none,1000.085
2026-09-27 02:35:09,idle,,7.7,none,1000.085
2026-09-27 02:35:12,other,,16.1,none,1000.085
2026-09-27 02:35:15,other,,15.8,none,1000.085
2026-09-27 02:35:18,time,crc_ok,15.6,confirmed,1000.085
2026-09-27 02:35:21,unclear,,8.2,none,1000.085
2026-09-27 02:35:24,other,,16.4,none,1000.085
2026-09-27 02:35:27,idle,,7.9,none,1000.085
2026-09-27 02:35:30,idle,,7.7,none,1000.085
2026-09-27 02:35:33,other,,16.4,failed,1000.085
2026-09-27 02:35:36,idle,,6.7,none,1000.085
2026-09-27 02:35:39,other,,17.2,none,1000.085
2026-09-27 02:35:42,time,crc_ok,15.2,decoded,1000.085
2026-09-27 02:35:45,time,crc_ok,15.3,decoded,1000.085
2026-09-27 02:35:48,idle,,6.6,none,1000.085
2026-09-27 02:35:51,idle,,6.8,none,1000.085
2026-09-27 02:35:54,other,,16.7,failed,1000.085
2026-09-27 02:35:57,other,,15.1,failed,1000.085
2026-09-27 02:36:00,idle,,6.5,none,1000.085
2026-09-27 02:36:03,time,bit_errors,14.8,decoded,1000.085
2026-09-27 02:36:06,idle,,6.6,none,1000.085
2026-09-27 02:36:09,other,,16.1,none,1000.085
2026-09-27 02:36:12,other,,16.5,none,1000.085
2026-09-27 02:36:15,other,,16.5,failed,1000.085
2026-09-27 02:36:18,unclear,,8.4,none,1000.085
2026-09-27 02:36:21,unclear,,8.8,none,1000.085
2026-09-27 02:36:24,other,,15.8,none,1000.085
2026-09-27 02:36:27,time,crc_ok,16.3,decoded,1000.085
2026-09-27 02:36:30,unclear,,8.1,none,1000.085
2026-09-27 02:36:33,other,,16.6,none,1000.085
2026-09-27 02:36:36,time,bit_errors,15.6,decoded,1000.085
2026-09-27 02:36:39,unclear,,8.6,none,1000.085
2026-09-27 02:36:42,time,crc_ok,16.3,decoded,1000.085
2026-09-27 02:36:45,other,,16.5,none,1000.085
2026-09-27 02:36:48,time,crc_ok,15.4,decoded,1000.085
2026-09-27 02:36:51,unclear,,8.6,none,1000.085
2026-09-27 02:36:54,time,bit_errors,15.6,decoded,1000.085
2026-09-27 02:36:57,unclear,,8.9,none,1000.085
2026-09-27 02:37:00,unclear,,8.6,none,1000.085
2026-09-27 02:37:03,time,bit_errors,16.4,decoded,1000.085
2026-09-27 02:37:06,unclear,,8.5,none,1000.085
2026-09-27 02:37:09,unclear,,8.6,none,1000.085
2026-09-27 02:37:12,other,,16.1,failed,1000.085
2026-09-27 02:37:15,unclear,,8.4,none,1000.085
2026-09-27 02:37:18,time,crc_ok,16.2,decoded,1000.085
2026-09-27 02:37:21,time,crc_ok,15.5,decoded,1000.085
2026-09-27 02:37:24,idle,,7.5,none,1000.085
2026-09-27 02:37:27,unclear,,8.5,none,1000.085
2026-09-27 02:37:30,unclear,,8.1,none,1000.085
2026-09-27 02:37:33,other,,15.5,none,1000.085
2026-09-27 02:37:36,time,crc_ok,16.2,decoded,1000.085
2026-09-27 02:37:39,other,,16.7,none,1000.085
2026-09-27 02:37:42,other,,15.9,none,1000.085
2026-09-27 02:37:45,time,bit_errors,15.6,decoded,1000.085
2026-09-27 02:37:48,time,crc_ok,16.2,none,1000.085
2026-09-27 02:37:51,time,crc_ok,16.5,decoded,1000.085
2026-09-27 02:37:54,unclear,,8.3,none,1000.085
2026-09-27 02:37:57,unclear,,8.0,none,1000.085
2026-09-27 02:38:00,other,,16.1,none,1000.085
2026-09-27 02:38:03,time,crc_ok,16.4,confirmed,1000.085
2026-09-27 02:38:06,other,,17.2,none,1000.085
2026-09-27 02:38:09,unclear,,8.7,none,1000.085
2026-09-27 02:38:12,other,,16.8,none,1000.085
2026-09-27 02:38:15,time,crc_ok,15.8,decoded,1000.085
2026-09-27 02:38:18,time,crc_ok,16.0,decoded,1000.085
2026-09-27 02:38:21,unclear,,8.6,none,1000.085
2026-09-27 02:38:24,unclear,,8.3,none,1000.085
2026-09-27 02:38:27,unclear,,8.4,none,1000.085
2026-09-27 02:38:30,time,bit_errors,17.2,decoded,1000.085
2026-09-27 02:38:33,other,,15.9,none,1000.085
2026-09-27 02:38:36,unclear,,8.1,none,1000.085
2026-09-27 02:38:39,other,,16.7,none,1000.085
2026-09-27 02:38:42,other,,16.0,none,1000.085
2026-09-27 02:38:45,other,,17.3,none,1000.085
2026-09-27 02:38:48,unclear,,10.1,none,1000.085
2026-09-27 02:38:51,unclear,,9.1,none,1000.085
2026-09-27 02:38:54,other,,16.8,none,1000.085
2026-09-27 02:38:57,unclear,,9.2,none,1000.085
2026-09-27 02:39:00,unclear,,10.1,none,1000.085
2026-09-27 02:39:03,time,crc_ok,16.9,decoded,1000.085
2026-09-27 02:39:06,unclear,,9.8,none,1000.085
2026-09-27 02:39:09,other,,16.5,failed,1000.085
2026-09-27 02:39:12,time,bit_errors,16.4,confirmed,1000.085
2026-09-27 02:39:15,time,crc_ok,17.1,decoded,1000.085
2026-09-27 02:39:18,unclear,,9.1,none,1000.085
2026-09-27 02:39:21,unclear,,9.3,none,1000.085
2026-09-27 02:39:24,time,crc_ok,17.0,decoded,1000.085
2026-09-27 02:39:27,unclear,,8.8,none,1000.085
2026-09-27 02:39:30,unclear,,9.9,none,1000.085
2026-09-27 02:39:33,other,,16.3,none,1000.085
2026-09-27 02:39:36,other,,17.8,none,1000.085
2026-09-27 02:39:39,unclear,,9.5,none,1000.085
2026-09-27 02:39:42,other,,18.4,none,1000.085
2026-09-27 02:39:45,other,,17.2,none,1000.085
2026-09-27 02:39:48,other,,17.9,failed,1000.085
2026-09-27 02:39:51,unclear,,9.1,none,1000.085
2026-09-27 02:39:54,unclear,,9.3,none,1000.085
2026-09-27 02:39:57,unclear,,8.8,none,1000.085
2026-09-27 02:40:00,other,,16.4,none,1000.085
2026-09-27 02:40:03,time,bit_errors,16.4,confirmed,1000.085
2026-09-27 02:40:06,unclear,,9.3,none,1000.085
2026-09-27 02:40:09,other,,17.0,none,1000.085
2026-09-27 02:40:12,unclear,,9.7,none,1000.085
2026-09-27 02:40:15,unclear,,9.6,none,1000.085
2026-09-27 02:40:18,other,,16.9,failed,1000.085
2026-09-27 02:40:21,unclear,,9.0,none,1000.085
2026-09-27 02:40:24,unclear,,9.0,none,1000.085
2026-09-27 02:40:27,unclear,,8.9,none,1000.085
2026-09-27 02:40:30,unclear,,9.0,none,1000.085
2026-09-27 02:40:33,other,,16.3,none,1000.085
2026-09-27 02:40:36,time,bit_errors,17.0,confirmed,1000.085
2026-09-27 02:40:39,other,,16.6,none,1000.085
2026-09-27 02:40:42,time,bit_errors,16.1,none,1000.085
2026-09-27 02:40:45,time,crc_ok,16.2,decoded,1000.085
2026-09-27 02:40:48,time,bit_errors,15.2,confirmed,1000.085
2026-09-27 02:40:51,time,bit_errors,16.7,confirmed,1000.085
2026-09-27 02:40:54,unclear,,8.3,none,1000.085
2026-09-27 02:41:00,other,,16.2,none,1000.085
2026-09-27 02:41:03,time,crc_ok,15.5,decoded,1000.085
2026-09-27 02:41:06,unclear,,8.7,none,1000.085
2026-09-27 02:41:09,other,,16.0,failed,1000.085
2026-09-27 02:41:12,unclear,,8.3,none,1000.085
2026-09-27 02:41:15,other,,16.2,none,1000.085
2026-09-27 02:41:18,unclear,,8.2,none,1000.085
2026-09-27 02:41:21,unclear,,8.2,none,1000.085
2026-09-27 02:41:24,unclear,,8.5,none,1000.085
2026-09-27 02:41:27,unclear,,8.2,none,1000.085
2026-09-27 02:41:30,time,bit_errors,15.1,decoded,1000.085
2026-09-27 02:41:33,other,,16.5,none,1000.085
2026-09-27 02:41:36,unclear,,8.7,none,1000.085
2026-09-27 02:41:39,other,,16.4,none,1000.085
2026-09-27 02:41:42,idle,,7.9,none,1000.085
2026-09-27 02:41:45,other,,15.9,failed,1000.085
2026-09-27 02:41:48,other,,16.1,none,1000.085
2026-09-27 02:41:51,other,,16.3,none,1000.085
2026-09-27 02:41:54,other,,16.3,none,1000.085
2026-09-27 02:41:57,time,crc_ok,15.6,confirmed,1000.085
2026-09-27 02:42:00,idle,,7.9,none,1000.085
2026-09-27 02:42:03,time,crc_ok,14.9,none,1000.085
2026-09-27 02:42:06,unclear,,8.8,none,1000.085
2026-09-27 02:42:09,other,,16.2,none,1000.085
2026-09-27 02:42:12,unclear,,8.1,none,1000.085
2026-09-27 02:42:15,time,bit_errors,15.9,decoded,1000.085
2026-09-27 02:42:18,other,,16.5,failed,1000.085
2026-09-27 02:42:21,other,,16.6,none,1000.085
2026-09-27 02:42:24,other,,16.3,none,1000.085
2026-09-27 02:42:27,time,crc_ok,16.1,confirmed,1000.085
2026-09-27 02:42:30,idle,,7.9,none,1000.085
2026-09-27 02:42:33,other,,16.7,none,1000.085
2026-09-27 02:42:36,unclear,,9.0,none,1000.085
2026-09-27 02:42:39,time,bit_errors,16.4,decoded,1000.085
2026-09-27 02:42:42,unclear,,9.4,none,1000.085
2026-09-27 02:42:45,time,crc_ok,16.2,decoded,1000.085
2026-09-27 02:42:48,unclear,,9.0,none,1000.085
2026-09-27 02:42:51,unclear,,8.5,none,1000.085
2026-09-27 02:42:54,unclear,,8.5,none,1000.085
2026-09-27 02:42:57,unclear,,8.0,none,1000.085
2026-09-27 02:43:00,time,crc_ok,15.7,decoded,1000.085
2026-09-27 02:43:03,time,bit_errors,15.0,none,1000.085
2026-09-27 02:43:06,unclear,,8.6,none,1000.085
2026-09-27 02:43:09,other,,16.2,none,1000.085
2026-09-27 02:43:12,unclear,,16.4,failed,1000.085
2026-09-27 02:43:15,unclear,,8.5,none,1000.085
2026-09-27 02:43:18,other,,16.3,none,1000.085
2026-09-27 02:43:21,unclear,,8.1,none,1000.085
2026-09-27 02:43:24,other,,16.0,failed,1000.085
2026-09-27 02:43:27,idle,,7.2,none,1000.085
2026-09-27 02:43:30,time,bit_errors,14.7,decoded,1000.085
2026-09-27 02:43:33,other,,15.7,none,1000.085
2026-09-27 02:43:36,idle,,7.8,none,1000.085
2026-09-27 02:43:39,time,bit_errors,16.2,confirmed,1000.085
2026-09-27 02:43:42,other,,16.3,none,1000.085
2026-09-27 02:43:45,unclear,,8.1,none,1000.085
2026-09-27 02:43:48,idle,,7.1,none,1000.085
2026-09-27 02:43:51,time,bit_errors,14.7,decoded,1000.085
2026-09-27 02:43:54,other,,15.3,none,1000.085
2026-09-27 02:43:57,idle,,7.2,none,1000.085
2026-09-27 02:44:00,idle,,7.3,none,1000.085
2026-09-27 02:44:03,time,crc_ok,15.0,decoded,1000.085
2026-09-27 02:44:06,idle,,7.3,none,1000.085
2026-09-27 02:44:09,other,,15.9,none,1000.085
2026-09-27 02:44:12,idle,,7.1,none,1000.085
2026-09-27 02:44:15,time,crc_ok,14.9,decoded,1000.085
2026-09-27 02:44:18,idle,,6.7,none,1000.085
2026-09-27 02:44:21,idle,,6.4,none,1000.085
2026-09-27 02:44:24,other,,16.0,none,1000.085
2026-09-27 02:44:27,idle,,6.9,none,1000.085
2026-09-27 02:44:30,idle,,7.6,none,1000.085
2026-09-27 02:44:33,other,,16.3,none,1000.085
2026-09-27 02:44:36,idle,,7.0,none,1000.085
2026-09-27 02:44:39,other,,16.0,failed,1000.085
2026-09-27 02:44:42,idle,,7.6,none,1000.085
2026-09-27 02:44:45,time,bit_errors,15.0,decoded,1000.085
2026-09-27 02:44:48,time,crc_ok,15.2,decoded,1000.085
2026-09-27 02:44:51,time,crc_ok,15.7,decoded,1000.085
2026-09-27 02:44:54,idle,,7.6,none,1000.085
2026-09-27 02:44:57,time,crc_ok,15.6,decoded,1000.085
2026-09-27 02:45:00,idle,,7.3,none,1000.085
2026-09-27 02:45:03,time,bit_errors,15.0,decoded,1000.085
2026-09-27 02:45:06,idle,,7.1,none,1000.085
2026-09-27 02:45:09,other,,15.8,none,1000.085
2026-09-27 02:45:12,idle,,6.7,none,1000.085
2026-09-27 02:45:15,time,crc_ok,15.1,decoded,1000.085
2026-09-27 02:45:18,other,,16.0,none,1000.085
2026-09-27 02:45:21,other,,16.3,none,1000.085
2026-09-27 02:45:24,idle,,7.3,none,1000.085
2026-09-27 02:45:27,other,,15.9,none,1000.085
2026-09-27 02:45:30,idle,,7.9,none,1000.085
2026-09-27 02:45:33,other,,16.1,none,1000.085
2026-09-27 02:45:36,idle,,7.1,none,1000.085
2026-09-27 02:45:39,other,,15.9,none,1000.085
2026-09-27 02:45:42,idle,,7.6,none,1000.085
2026-09-27 02:45:45,other,,16.2,none,1000.085
2026-09-27 02:45:48,idle,,6.6,none,1000.085
2026-09-27 02:45:51,idle,,6.4,none,1000.085
2026-09-27 02:45:54,other,,15.7,none,1000.085
2026-09-27 02:45:57,idle,,6.9,none,1000.085
2026-09-27 02:46:00,idle,,7.5,none,1000.085
2026-09-27 02:46:03,time,crc_ok,15.7,decoded,1000.085
2026-09-27 02:46:06,idle,,6.4,none,1000.085
2026-09-27 02:46:09,idle,,7.1,none,1000.085
2026-09-27 02:46:12,other,,15.2,failed,1000.085
2026-09-27 02:46:15,idle,,7.0,none,1000.085
2026-09-27 02:46:18,idle,,7.4,none,1000.085
2026-09-27 02:46:21,other,,16.0,none,1000.085
2026-09-27 02:46:24,time,crc_ok,15.5,decoded,1000.085
2026-09-27 02:46:27,idle,,7.2,none,1000.085
2026-09-27 02:46:30,other,,15.8,failed,1000.085
2026-09-27 02:46:33,other,,15.6,none,1000.085
2026-09-27 02:46:36,idle,,7.6,none,1000.085
2026-09-27 02:46:39,other,,16.3,none,1000.085
2026-09-27 02:46:42,time,bit_errors,16.0,decoded,1000.085
2026-09-27 02:46:45,unclear,,8.5,none,1000.085
2026-09-27 02:46:48,unclear,,9.3,none,1000.085
2026-09-27 02:46:51,other,,16.1,none,1000.085
2026-09-27 02:46:54,time,crc_ok,14.9,decoded,1000.085
2026-09-27 02:46:57,unclear,,9.0,none,1000.085
2026-09-27 02:47:00,unclear,,8.3,none,1000.085
2026-09-27 02:47:03,time,crc_ok,15.4,decoded,1000.085
2026-09-27 02:47:06,other,,15.8,none,1000.085
2026-09-27 02:47:09,idle,,8.0,none,1000.085
2026-09-27 02:47:12,time,bit_errors,15.6,decoded,1000.085
2026-09-27 02:47:15,other,,16.2,none,1000.085
2026-09-27 02:47:18,time,crc_ok,16.6,decoded,1000.085
2026-09-27 02:47:21,unclear,,8.3,none,1000.085
2026-09-27 02:47:24,other,,17.6,none,1000.085
2026-09-27 02:47:27,time,crc_ok,15.8,decoded,1000.085
2026-09-27 02:47:30,other,,17.8,none,1000.085
2026-09-27 02:47:33,other,,16.8,none,1000.085
2026-09-27 02:47:36,unclear,,10.4,none,1000.085
2026-09-27 02:47:39,time,bit_errors,17.5,decoded,1000.085
2026-09-27 02:47:42,other,,16.8,none,1000.085
2026-09-27 02:47:45,time,crc_ok,15.8,confirmed,1000.085
2026-09-27 02:47:48,unclear,,10.2,none,1000.085
2026-09-27 02:47:51,unclear,,9.7,none,1000.085
2026-09-27 02:47:54,unclear,,9.1,none,1000.085
2026-09-27 02:47:57,time,crc_ok,15.9,decoded,1000.085
2026-09-27 02:48:00,unclear,,9.5,none,1000.085
2026-09-27 02:48:03,time,bit_errors,16.4,decoded,1000.085
2026-09-27 02:48:06,unclear,,9.3,none,1000.085
2026-09-27 02:48:09,other,,16.6,failed,1000.085
2026-09-27 02:48:12,other,,16.1,none,1000.085
2026-09-27 02:48:15,other,,17.3,none,1000.085
2026-09-27 02:48:18,unclear,,8.7,none,1000.085
2026-09-27 02:48:21,unclear,,8.9,none,1000.085
2026-09-27 02:48:24,unclear,,8.8,none,1000.085
2026-09-27 02:48:27,time,bit_errors,15.2,confirmed,1000.085
2026-09-27 02:48:30,idle,,7.8,none,1000.085
2026-09-27 02:48:33,other,,17.1,none,1000.085
2026-09-27 02:48:36,other,,15.8,none,1000.085
2026-09-27 02:48:39,unclear,,8.3,none,1000.085
2026-09-27 02:48:42,time,crc_ok,16.1,decoded,1000.085
2026-09-27 02:48:45,other,,16.7,failed,1000.085
2026-09-27 02:48:48,other,,15.4,none,1000.085
2026-09-27 02:48:51,unclear,,8.1,none,1000.085
2026-09-27 02:48:54,time,bit_errors,15.4,decoded,1000.085
2026-09-27 02:48:57,time,crc_ok,15.4,confirmed,1000.085
2026-09-27 02:49:00,time,crc_ok,14.9,none,1000.085
2026-09-27 02:49:03,time,bit_errors,15.6,decoded,1000.085
2026-09-27 02:49:06,unclear,,8.1,none,1000.085
2026-09-27 02:49:09,other,,16.5,none,1000.085
2026-09-27 02:49:12,time,crc_ok,14.8,decoded,1000.085
2026-09-27 02:49:15,other,,14.8,none,1000.085
2026-09-27 02:49:18,idle,,7.8,none,1000.085
2026-09-27 02:49:21,other,,16.1,none,1000.085
2026-09-27 02:49:24,idle,,7.0,none,1000.085
2026-09-27 02:49:27,idle,,7.3,none,1000.085
2026-09-27 02:49:30,idle,,7.0,none,1000.085
2026-09-27 02:49:33,other,,15.7,none,1000.085
2026-09-27 02:49:36,time,crc_ok,14.6,decoded,1000.085
2026-09-27 02:49:39,other,,16.1,none,1000.085
2026-09-27 02:49:42,time,crc_ok,15.5,decoded,1000.085
2026-09-27 02:49:45,time,crc_ok,15.1,confirmed,1000.085
2026-09-27 02:49:48,time,bit_errors,16.3,decoded,1000.085
2026-09-27 02:49:51,time,crc_ok,14.8,confirmed,1000.085
2026-09-27 02:49:54,idle,,6.8,none,1000.085
2026-09-27 02:49:57,idle,,7.0,none,1000.085
2026-09-27 02:50:00,time,bit_errors,14.7,decoded,1000.085
2026-09-27 02:50:03,time,crc_ok,15.2,decoded,1000.085
2026-09-27 02:50:06,idle,,7.1,none,1000.085
2026-09-27 02:50:09,other,,16.0,none,1000.085
2026-09-27 02:50:12,idle,,7.5,none,1000.085
2026-09-27 02:50:15,other,,15.3,none,1000.085
2026-09-27 02:50:18,idle,,7.6,none,1000.085
2026-09-27 02:50:21,idle,,7.1,none,1000.085
2026-09-27 02:50:24,other,,15.3,none,1000.085
2026-09-27 02:50:27,idle,,6.5,none,1000.085
2026-09-27 02:50:30,idle,,7.2,none,1000.085
2026-09-27 02:50:33,other,,15.0,none,1000.085
2026-09-27 02:50:36,idle,,7.0,none,1000.085
2026-09-27 02:50:39,time,crc_ok,14.8,decoded,1000.085
2026-09-27 02:50:42,idle,,7.0,none,1000.085
2026-09-27 02:50:45,time,crc_ok,15.2,decoded,1000.085
2026-09-27 02:50:48,time,bit_errors,15.5,decoded,1000.085
2026-09-27 02:50:51,time,bit_errors,15.6,decoded,1000.085
2026-09-27 02:50:54,idle,,7.0,none,1000.085
2026-09-27 02:51:00,idle,,6.8,none,1000.086
2026-09-27 02:51:03,time,crc_ok,14.8,decoded,1000.086
2026-09-27 02:51:06,idle,,6.5,none,1000.086
2026-09-27 02:51:09,other,,16.2,failed,1000.086
2026-09-27 02:51:12,idle,,6.6,failed,1000.086
2026-09-27 02:51:15,time,bit_errors,14.3,decoded,1000.086
2026-09-27 02:51:18,time,crc_ok,15.8,decoded,1000.086
2026-09-27 02:51:21,other,,15.6,none,1000.086
2026-09-27 02:51:24,idle,,6.3,none,1000.086
2026-09-27 02:51:27,idle,,6.1,none,1000.086
2026-09-27 02:51:30,idle,,6.1,none,1000.086
2026-09-27 02:51:33,other,,15.6,none,1000.086
2026-09-27 02:51:36,idle,,6.0,none,1000.086
2026-09-27 02:51:39,time,bit_errors,15.0,decoded,1000.086
2026-09-27 02:51:42,idle,,6.6,none,1000.086
2026-09-27 02:51:45,other,,15.5,none,1000.086
2026-09-27 02:51:48,idle,,6.2,none,1000.086
2026-09-27 02:51:51,idle,,5.7,none,1000.086
2026-09-27 02:51:54,other,,15.2,none,1000.086
2026-09-27 02:51:57,idle,,6.6,none,1000.086
2026-09-27 02:52:00,idle,,6.3,none,1000.086
2026-09-27 02:52:03,time,crc_ok,15.4,decoded,1000.086
2026-09-27 02:52:06,idle,,6.1,none,1000.086
2026-09-27 02:52:09,idle,,6.8,none,1000.086
2026-09-27 02:52:12,idle,,6.3,none,1000.086
2026-09-27 02:52:15,idle,,5.9,none,1000.086
2026-09-27 02:52:18,idle,,6.6,none,1000.086
2026-09-27 02:52:21,other,,15.3,none,1000.086
2026-09-27 02:52:24,time,crc_ok,14.9,decoded,1000.086
2026-09-27 02:52:27,idle,,6.6,none,1000.086
2026-09-27 02:52:30,other,,15.4,none,1000.086
2026-09-27 02:52:33,other,,15.4,none,1000.086
2026-09-27 02:52:36,idle,,5.7,none,1000.086
2026-09-27 02:52:39,time,crc_ok,15.3,decoded,1000.086
2026-09-27 02:52:42,time,crc_ok,14.2,decoded,1000.086
2026-09-27 02:52:45,idle,,6.4,none,1000.086
2026-09-27 02:52:48,idle,,5.5,none,1000.086
2026-09-27 02:52:51,time,bit_errors,15.1,decoded,1000.086
2026-09-27 02:52:54,time,crc_ok,14.6,decoded,1000.086
2026-09-27 02:52:57,idle,,6.2,none,1000.086
2026-09-27 02:53:00,idle,,5.4,none,1000.086
2026-09-27 02:53:03,time,bit_errors,15.2,decoded,1000.086
2026-09-27 02:53:06,idle,,6.7,none,1000.086
2026-09-27 02:53:09,idle,,5.9,none,1000.086
2026-09-27 02:53:12,idle,,5.3,none,1000.086
2026-09-27 02:53:15,other,,15.2,none,1000.086
2026-09-27 02:53:18,time,bit_errors,14.7,decoded,1000.086
2026-09-27 02:53:21,idle,,5.5,none,1000.086
2026-09-27 02:53:24,idle,,5.5,none,1000.086
2026-09-27 02:53:27,time,crc_ok,14.6,decoded,1000.086
2026-09-27 02:53:30,idle,,5.4,none,1000.086
2026-09-27 02:53:33,other,,15.0,none,1000.086
2026-09-27 02:53:36,idle,,5.6,none,1000.086
2026-09-27 02:53:39,time,bit_errors,14.5,decoded,1000.086
2026-09-27 02:53:42,time,crc_ok,14.8,decoded,1000.086
2026-09-27 02:53:45,idle,,5.8,none,1000.086
2026-09-27 02:53:48,other,,15.7,none,1000.086
2026-09-27 02:53:51,idle,,6.2,none,1000.086
2026-09-27 02:53:54,idle,,6.5,none,1000.086
2026-09-27 02:53:57,idle,,6.6,none,1000.086
2026-09-27 02:54:00,idle,,6.4,none,1000.086
2026-09-27 02:54:03,time,crc_ok,15.3,decoded,1000.086
2026-09-27 02:54:06,idle,,6.6,none,1000.086
2026-09-27 02:54:09,other,,15.5,none,1000.086
2026-09-27 02:54:12,other,,15.4,none,1000.086
2026-09-27 02:54:15,idle,,6.2,none,1000.086
2026-09-27 02:54:18,other,,15.5,none,1000.086
2026-09-27 02:54:21,idle,,6.7,none,1000.086
2026-09-27 02:54:24,idle,,6.3,none,1000.086
2026-09-27 02:54:27,idle,,6.2,none,1000.086
2026-09-27 02:54:30,idle,,6.0,none,1000.086
2026-09-27 02:54:33,other,,15.0,none,1000.086
2026-09-27 02:54:36,idle,,6.4,none,1000.086
2026-09-27 02:54:39,idle,,6.2,none,1000.086
2026-09-27 02:54:42,idle,,5.7,none,1000.086
2026-09-27 02:54:45,other,,15.6,none,1000.086
2026-09-27 02:54:48,time,crc_ok,15.4,decoded,1000.086
2026-09-27 02:54:51,idle,,6.0,none,1000.086
2026-09-27 02:54:54,idle,,5.7,none,1000.086
2026-09-27 02:54:57,time,crc_ok,14.4,decoded,1000.086
2026-09-27 02:55:00,idle,,5.9,none,1000.086
2026-09-27 02:55:03,time,crc_ok,15.0,decoded,1000.086
2026-09-27 02:55:06,idle,,5.9,none,1000.086
2026-09-27 02:55:09,idle,,5.4,none,1000.086
2026-09-27 02:55:12,idle,,5.3,none,1000.086
2026-09-27 02:55:15,other,,15.0,none,1000.086
2026-09-27 02:55:18,idle,,5.5,none,1000.086
2026-09-27 02:55:21,idle,,5.1,none,1000.086
2026-09-27 02:55:24,idle,,5.5,none,1000.086
2026-09-27 02:55:27,idle,,5.5,none,1000.086
2026-09-27 02:55:30,other,,15.5,none,1000.086
2026-09-27 02:55:33,other,,14.6,none,1000.086
2026-09-27 02:55:36,time,bit_errors,14.9,decoded,1000.086
2026-09-27 02:55:39,idle,,4.8,none,1000.086
2026-09-27 02:55:42,other,,15.2,failed,1000.086
2026-09-27 02:55:45,time,bit_errors,13.9,decoded,1000.086
2026-09-27 02:55:48,idle,,5.6,none,1000.086
2026-09-27 02:55:51,other,,15.7,none,1000.086
2026-09-27 02:55:54,idle,,5.5,none,1000.086
2026-09-27 02:55:57,idle,,5.3,none,1000.086
2026-09-27 02:56:00,idle,,5.0,none,1000.086
2026-09-27 02:56:03,time,crc_ok,13.8,decoded,1000.086
2026-09-27 02:56:06,idle,,5.2,none,1000.086
2026-09-27 02:56:09,idle,,5.1,none,1000.086
2026-09-27 02:56:12,idle,,5.4,none,1000.086
2026-09-27 02:56:15,other,,15.1,none,1000.086
2026-09-27 02:56:18,time,crc_ok,14.5,decoded,1000.086
2026-09-27 02:56:21,idle,,5.2,none,1000.086
2026-09-27 02:56:24,idle,,4.8,none,1000.086
2026-09-27 02:56:27,idle,,5.6,none,1000.086
2026-09-27 02:56:30,idle,,5.4,none,1000.086
2026-09-27 02:56:33,other,,15.1,none,1000.086
2026-09-27 02:56:36,idle,,5.4,none,1000.086
2026-09-27 02:56:39,other,,15.3,none,1000.086
2026-09-27 02:56:42,time,crc_ok,14.7,decoded,1000.086
2026-09-27 02:56:45,idle,,5.6,none,1000.086
2026-09-27 02:56:48,other,,15.3,none,1000.086
2026-09-27 02:56:51,idle,,5.1,none,1000.086
2026-09-27 02:56:54,idle,,5.5,none,1000.086
2026-09-27 02:56:57,other,,15.4,none,1000.086
2026-09-27 02:57:00,other,,15.1,none,1000.086
2026-09-27 02:57:03,time,crc_ok,14.8,decoded,1000.086
2026-09-27 02:57:06,idle,,5.6,none,1000.086
2026-09-27 02:57:09,other,,15.3,none,1000.086
2026-09-27 02:57:12,other,,15.5,none,1000.086
2026-09-27 02:57:15,idle,,5.1,none,1000.086
2026-09-27 02:57:18,time,bit_errors,14.3,decoded,1000.086
2026-09-27 02:57:21,idle,,5.4,none,1000.086
2026-09-27 02:57:24,idle,,5.0,none,1000.086
2026-09-27 02:57:27,other,,15.4,none,1000.086
2026-09-27 02:57:30,time,crc_ok,13.8,decoded,1000.086
2026-09-27 02:57:33,other,,14.9,none,1000.086
2026-09-27 02:57:36,idle,,5.9,none,1000.086
2026-09-27 02:57:39,idle,,5.8,none,1000.086
2026-09-27 02:57:42,idle,,5.2,none,1000.086
2026-09-27 02:57:45,time,crc_ok,14.9,decoded,1000.086
2026-09-27 02:57:48,other,,15.7,failed,1000.086
2026-09-27 02:57:51,idle,,5.7,none,1000.086
2026-09-27 02:57:54,idle,,5.2,none,1000.086
2026-09-27 02:57:57,idle,,5.2,none,1000.086
2026-09-27 02:58:00,idle,,5.6,none,1000.086
2026-09-27 02:58:03,time,crc_ok,14.9,decoded,1000.086
2026-09-27 02:58:06,other,,15.1,none,1000.086
2026-09-27 02:58:09,idle,,5.5,none,1000.086
2026-09-27 02:58:12,time,bit_errors,14.3,decoded,1000.086
2026-09-27 02:58:15,idle,,5.8,none,1000.086
2026-09-27 02:58:18,idle,,5.8,none,1000.086
2026-09-27 02:58:21,idle,,5.3,none,1000.086
2026-09-27 02:58:24,idle,,5.5,none,1000.086
2026-09-27 02:58:27,idle,,5.7,none,1000.086
2026-09-27 02:58:30,other,,15.5,none,1000.086
2026-09-27 02:58:33,other,,15.1,none,1000.086
2026-09-27 02:58:36,other,,15.8,none,1000.086
2026-09-27 02:58:39,idle,,5.0,none,1000.086
2026-09-27 02:58:42,other,,15.2,none,1000.086
2026-09-27 02:58:45,time,crc_ok,14.4,decoded,1000.086
2026-09-27 02:58:48,idle,,5.1,none,1000.086
2026-09-27 02:58:51,other,,14.8,none,1000.086
2026-09-27 02:58:54,idle,,4.9,none,1000.086
2026-09-27 02:58:57,idle,,4.9,none,1000.086
2026-09-27 02:59:00,idle,,5.2,none,1000.086
2026-09-27 02:59:03,time,crc_ok,14.6,decoded,1000.086
2026-09-27 02:59:06,idle,,5.5,none,1000.086
2026-09-27 02:59:09,idle,,4.9,none,1000.086
2026-09-27 02:59:12,idle,,5.0,none,1000.086
2026-09-27 02:59:15,other,,15.2,none,1000.086
2026-09-27 02:59:18,other,,15.1,none,1000.086
2026-09-27 02:59:21,idle,,4.8,none,1000.086
2026-09-27 02:59:24,other,,15.0,none,1000.086
2026-09-27 02:59:27,idle,,5.1,none,1000.086
2026-09-27 02:59:30,other,,15.3,none,1000.086
2026-09-27 02:59:33,other,,14.5,none,1000.086
2026-09-27 02:59:36,idle,,4.9,none,1000.086
2026-09-27 02:59:39,other,,15.0,none,1000.086
2026-09-27 02:59:42,time,crc_ok,15.0,decoded,1000.086
2026-09-27 02:59:45,idle,,4.9,none,1000.086
2026-09-27 02:59:48,time,crc_ok,14.7,decoded,1000.086
2026-09-27 02:59:51,idle,,4.9,none,1000.086
2026-09-27 02:59:54,time,crc_ok,14.4,decoded,1000.086
2026-09-27 02:59:57,idle,,4.8,none,1000.086
2026-09-27 03:00:00,time,crc_ok,15.1,decoded,1000.086
2026-09-27 03:00:03,time,crc_ok,14.7,decoded,1000.086
2026-09-27 03:00:06,idle,,4.7,none,1000.086
2026-09-27 03:00:09,other,,15.0,none,1000.086
2026-09-27 03:00:12,time,bit_errors,14.1,decoded,1000.086
2026-09-27 03:00:15,idle,,4.9,none,1000.086
2026-09-27 03:00:18,time,crc_ok,14.5,decoded,1000.086
2026-09-27 03:00:21,idle,,4.7,none,1000.086
2026-09-27 03:00:24,other,,15.3,none,1000.086
2026-09-27 03:00:27,idle,,4.7,none,1000.086
2026-09-27 03:00:30,other,,15.4,none,1000.086
2026-09-27 03:00:33,other,,14.8,none,1000.086
2026-09-27 03:00:36,idle,,4.4,none,1000.086
2026-09-27 03:00:39,idle,,4.6,none,1000.086
2026-09-27 03:00:42,idle,,4.6,none,1000.086
2026-09-27 03:00:45,other,,14.6,none,1000.086
2026-09-27 03:00:48,other,,14.5,none,1000.086
2026-09-27 03:00:51,idle,,4.6,none,1000.086
2026-09-27 03:00:54,time,crc_ok,14.9,decoded,1000.086
2026-09-27 03:01:00,time,bit_errors,14.7,none,1000.086
2026-09-27 03:01:03,time,bit_errors,14.5,decoded,1000.086
2026-09-27 03:01:06,other,,14.7,none,1000.086
2026-09-27 03:01:09,time,crc_ok,14.7,decoded,1000.086
2026-09-27 03:01:12,idle,,4.8,none,1000.086
2026-09-27 03:01:15,idle,,5.1,none,1000.086
2026-09-27 03:01:18,other,,14.8,none,1000.086
2026-09-27 03:01:21,other,,15.2,none,1000.086
2026-09-27 03:01:24,idle,,5.0,none,1000.086
2026-09-27 03:01:27,idle,,5.0,none,1000.086
2026-09-27 03:01:30,time,crc_ok,14.2,decoded,1000.086
2026-09-27 03:01:33,other,,14.6,none,1000.086
2026-09-27 03:01:36,other,,15.0,failed,1000.086
2026-09-27 03:01:39,idle,,4.8,none,1000.086
2026-09-27 03:01:42,time,bit_errors,14.2,decoded,1000.086
2026-09-27 03:01:45,other,,14.8,none,1000.086
2026-09-27 03:01:48,idle,,4.8,none,1000.086
2026-09-27 03:01:51,time,crc_ok,14.4,decoded,1000.086
2026-09-27 03:01:54,idle,,4.9,none,1000.086
2026-09-27 03:01:57,idle,,4.8,none,1000.086
2026-09-27 03:02:00,idle,,4.8,none,1000.086
2026-09-27 03:02:03,time,bit_errors,14.3,decoded,1000.086
2026-09-27 03:02:06,other,,14.9,none,1000.086
2026-09-27 03:02:09,time,crc_ok,14.4,decoded,1000.086
2026-09-27 03:02:12,other,,15.1,none,1000.086
2026-09-27 03:02:15,idle,,4.7,none,1000.086
2026-09-27 03:02:18,other,,15.5,none,1000.086
2026-09-27 03:02:21,time,crc_ok,14.6,decoded,1000.086
2026-09-27 03:02:24,other,,15.7,none,1000.086
2026-09-27 03:02:27,idle,,5.0,none,1000.086
2026-09-27 03:02:30,idle,,4.7,none,1000.086
2026-09-27 03:02:33,other,,15.3,none,1000.086
2026-09-27 03:02:36,idle,,4.7,none,1000.086
2026-09-27 03:02:39,other,,15.3,none,1000.086
2026-09-27 03:02:42,idle,,4.6,none,1000.086
2026-09-27 03:02:45,idle,,4.6,none,1000.086
2026-09-27 03:02:48,idle,,4.5,none,1000.086
2026-09-27 03:02:51,idle,,5.0,none,1000.086
2026-09-27 03:02:54,time,crc_ok,15.0,decoded,1000.086
2026-09-27 03:02:57,time,crc_ok,14.3,decoded,1000.086
2026-09-27 03:03:00,idle,,5.0,none,1000.086
2026-09-27 03:03:03,time,crc_ok,14.1,decoded,1000.086
2026-09-27 03:03:06,idle,,5.3,none,1000.086
2026-09-27 03:03:09,other,,15.1,none,1000.086
2026-09-27 03:03:12,idle,,5.5,none,1000.086
2026-09-27 03:03:15,idle,,5.0,none,1000.086
2026-09-27 03:03:18,idle,,5.1,none,1000.086
2026-09-27 03:03:21,idle,,4.9,none,1000.086
2026-09-27 03:03:24,other,,14.9,none,1000.086
2026-09-27 03:03:27,time,crc_ok,14.0,decoded,1000.086
2026-09-27 03:03:30,idle,,5.2,none,1000.086
2026-09-27 03:03:33,other,,14.9,none,1000.086
2026-09-27 03:03:36,time,crc_ok,14.5,decoded,1000.086
2026-09-27 03:03:39,time,crc_ok,14.6,decoded,1000.086
2026-09-27 03:03:42,other,,14.7,none,1000.086
2026-09-27 03:03:45,idle,,5.2,none,1000.086
2026-09-27 03:03:48,other,,14.7,none,1000.086
2026-09-27 03:03:51,time,crc_ok,14.7,decoded,1000.086
2026-09-27 03:03:54,time,crc_ok,15.0,decoded,1000.086
2026-09-27 03:03:57,idle,,4.9,none,1000.086
2026-09-27 03:04:00,idle,,5.0,none,1000.086
2026-09-27 03:04:03,time,crc_ok,14.9,decoded,1000.086
2026-09-27 03:04:06,idle,,5.0,none,1000.086
2026-09-27 03:04:09,idle,,5.1,none,1000.086
2026-09-27 03:04:12,other,,15.2,none,1000.086
2026-09-27 03:04:15,idle,,4.9,none,1000.086
2026-09-27 03:04:18,other,,15.5,none,1000.086
2026-09-27 03:04:21,time,crc_ok,14.6,decoded,1000.086
2026-09-27 03:04:24,idle,,5.1,none,1000.086
2026-09-27 03:04:27,other,,15.0,none,1000.086
2026-09-27 03:04:30,idle,,5.0,none,1000.086
2026-09-27 03:04:33,other,,15.2,none,1000.086
2026-09-27 03:04:36,other,,14.9,none,1000.086
2026-09-27 03:04:39,idle,,5.4,none,1000.086
2026-09-27 03:04:42,idle,,5.2,none,1000.086
2026-09-27 03:04:45,idle,,5.1,none,1000.086
2026-09-27 03:04:48,other,,15.5,none,1000.086
2026-09-27 03:04:51,other,,14.9,none,1000.086
2026-09-27 03:04:54,other,,15.5,none,1000.086
2026-09-27 03:04:57,idle,,4.8,none,1000.086
2026-09-27 03:05:00,time,bit_errors,15.0,decoded,1000.086
2026-09-27 03:05:03,time,crc_ok,14.9,decoded,1000.086
2026-09-27 03:05:06,other,,15.0,failed,1000.086
2026-09-27 03:05:09,other,,14.9,none,1000.086
2026-09-27 03:05:12,other,,14.6,none,1000.086
2026-09-27 03:05:15,idle,,5.0,none,1000.086
2026-09-27 03:05:18,time,crc_ok,14.6,decoded,1000.086
2026-09-27 03:05:21,time,crc_ok,14.8,decoded,1000.086
2026-09-27 03:05:24,idle,,5.1,none,1000.086
2026-09-27 03:05:27,other,,15.5,none,1000.086
2026-09-27 03:05:30,time,bit_errors,14.9,decoded,1000.086
2026-09-27 03:05:33,other,,14.8,none,1000.086
2026-09-27 03:05:36,idle,,5.1,none,1000.086
2026-09-27 03:05:39,time,crc_ok,15.1,decoded,1000.086
2026-09-27 03:05:42,idle,,5.2,none,1000.086
2026-09-27 03:05:45,idle,,5.6,none,1000.086
2026-09-27 03:05:48,idle,,5.6,none,1000.086
2026-09-27 03:05:51,idle,,5.2,none,1000.086
2026-09-27 03:05:54,idle,,5.0,none,1000.086
2026-09-27 03:05:57,idle,,5.4,none,1000.086
2026-09-27 03:06:00,other,,15.4,none,1000.086
2026-09-27 03:06:03,time,bit_errors,14.1,decoded,1000.086
2026-09-27 03:06:06,idle,,5.1,none,1000.086
2026-09-27 03:06:09,other,,15.4,none,1000.086
2026-09-27 03:06:12,idle,,5.3,none,1000.086
2026-09-27 03:06:15,idle,,4.8,none,1000.086
2026-09-27 03:06:18,idle,,4.6,none,1000.086
2026-09-27 03:06:21,idle,,4.7,none,1000.086
2026-09-27 03:06:24,idle,,4.9,none,1000.086
2026-09-27 03:06:27,idle,,5.0,none,1000.086
2026-09-27 03:06:30,other,,15.2,none,1000.086
2026-09-27 03:06:33,other,,14.2,none,1000.086
2026-09-27 03:06:36,time,crc_ok,14.7,decoded,1000.086
2026-09-27 03:06:39,other,,15.3,none,1000.086
2026-09-27 03:06:42,other,,15.2,none,1000.086
2026-09-27 03:06:45,idle,,5.2,none,1000.086
2026-09-27 03:06:48,other,,15.4,none,1000.086
2026-09-27 03:06:51,time,crc_ok,14.9,decoded,1000.086
2026-09-27 03:06:54,idle,,5.0,none,1000.086
2026-09-27 03:06:57,other,,15.0,none,1000.086
2026-09-27 03:07:00,time,crc_ok,14.8,decoded,1000.086
2026-09-27 03:07:03,time,bit_errors,14.6,decoded,1000.086
2026-09-27 03:07:06,other,,15.1,none,1000.086
2026-09-27 03:07:09,time,crc_ok,15.5,decoded,1000.086
2026-09-27 03:07:12,idle,,5.2,none,1000.086
2026-09-27 03:07:15,other,,15.2,none,1000.086
2026-09-27 03:07:18,idle,,4.9,none,1000.086
2026-09-27 03:07:21,idle,,5.3,none,1000.086
2026-09-27 03:07:24,idle,,5.3,none,1000.086
2026-09-27 03:07:27,other,,15.5,none,1000.086
2026-09-27 03:07:30,idle,,5.0,none,1000.086
2026-09-27 03:07:33,other,,14.6,none,1000.086
2026-09-27 03:07:36,time,crc_ok,14.5,decoded,1000.086
2026-09-27 03:07:39,idle,,5.7,none,1000.086
2026-09-27 03:07:42,idle,,4.9,none,1000.086
2026-09-27 03:07:45,idle,,5.3,none,1000.086
2026-09-27 03:07:48,time,crc_ok,14.2,decoded,1000.086
2026-09-27 03:07:51,time,bit_errors,14.1,decoded,1000.086
2026-09-27 03:07:54,other,,15.1,failed,1000.086
2026-09-27 03:07:57,idle,,4.7,none,1000.086
2026-09-27 03:08:00,other,,14.6,none,1000.086
2026-09-27 03:08:03,time,bit_errors,14.7,decoded,1000.086
2026-09-27 03:08:06,idle,,5.2,none,1000.086
2026-09-27 03:08:09,idle,,5.1,none,1000.086
2026-09-27 03:08:12,idle,,5.0,none,1000.086
2026-09-27 03:08:15,other,,15.1,none,1000.086
2026-09-27 03:08:18,time,crc_ok,14.3,decoded,1000.086
2026-09-27 03:08:21,idle,,5.5,none,1000.086
2026-09-27 03:08:24,idle,,5.3,none,1000.086
2026-09-27 03:08:27,other,,15.0,none,1000.086
2026-09-27 03:08:30,time,crc_ok,14.7,decoded,1000.086
2026-09-27 03:08:33,other,,15.2,none,1000.086
2026-09-27 03:08:36,idle,,4.9,none,1000.086
2026-09-27 03:08:39,other,,15.4,none,1000.086
2026-09-27 03:08:42,other,,15.2,none,1000.086
2026-09-27 03:08:45,idle,,5.4,none,1000.086
2026-09-27 03:08:48,time,crc_ok,14.5,decoded,1000.086
2026-09-27 03:08:51,idle,,5.2,none,1000.086
2026-09-27 03:08:54,idle,,5.4,none,1000.086
2026-09-27 03:08:57,other,,14.9,none,1000.086
2026-09-27 03:09:00,idle,,5.9,none,1000.086
2026-09-27 03:09:03,time,crc_ok,15.2,decoded,1000.086
2026-09-27 03:09:06,idle,,5.3,none,1000.086
2026-09-27 03:09:09,other,,15.2,none,1000.086
2026-09-27 03:09:12,other,,15.1,none,1000.086
2026-09-27 03:09:15,idle,,5.3,none,1000.086
2026-09-27 03:09:18,other,,15.3,none,1000.086
2026-09-27 03:09:21,idle,,5.3,none,1000.086
2026-09-27 03:09:24,idle,,5.4,none,1000.086
2026-09-27 03:09:27,other,,15.0,none,1000.086
2026-09-27 03:09:30,idle,,5.5,none,1000.086
2026-09-27 03:09:33,other,,15.1,none,1000.086
2026-09-27 03:09:36,idle,,5.3,none,1000.086
2026-09-27 03:09:39,idle,,5.3,none,1000.086
2026-09-27 03:09:42,idle,,5.1,none,1000.086
2026-09-27 03:09:45,other,,15.3,none,1000.086
2026-09-27 03:09:48,other,,15.3,none,1000.086
2026-09-27 03:09:51,idle,,5.2,none,1000.086
2026-09-27 03:09:54,idle,,5.3,none,1000.086
2026-09-27 03:09:57,other,,15.8,none,1000.086
2026-09-27 03:10:00,other,,15.3,none,1000.086
2026-09-27 03:10:03,time,crc_ok,14.8,decoded,1000.086
2026-09-27 03:10:06,idle,,5.3,none,1000.086
2026-09-27 03:10:09,other,,14.6,none,1000.086
2026-09-27 03:10:12,other,,15.1,none,1000.086
2026-09-27 03:10:15,other,,15.6,none,1000.086
2026-09-27 03:10:18,idle,,5.3,none,1000.086
2026-09-27 03:10:21,idle,,4.9,none,1000.086
2026-09-27 03:10:24,idle,,5.1,none,1000.086
2026-09-27 03:10:27,idle,,5.1,none,1000.086
2026-09-27 03:10:30,time,crc_ok,13.8,decoded,1000.086
2026-09-27 03:10:33,other,,15.7,none,1000.086
2026-09-27 03:10:36,other,,15.1,none,1000.086
2026-09-27 03:10:39,idle,,5.3,none,1000.086
2026-09-27 03:10:42,time,crc_ok,15.1,decoded,1000.086
2026-09-27 03:10:45,other,,14.9,none,1000.086
2026-09-27 03:10:48,idle,,5.2,none,1000.086
2026-09-27 03:10:51,time,bit_errors,15.1,decoded,1000.086
2026-09-27 03:10:54,idle,,5.2,none,1000.086
2026-09-27 03:11:00,idle,,5.1,none,1000.086
2026-09-27 03:11:03,time,crc_ok,14.5,decoded,1000.086
2026-09-27 03:11:06,idle,,4.6,none,1000.086
2026-09-27 03:11:09,idle,,4.8,none,1000.086
2026-09-27 03:11:12,idle,,5.0,none,1000.086
2026-09-27 03:11:15,other,,15.3,none,1000.086
2026-09-27 03:11:18,time,crc_ok,14.2,decoded,1000.086
2026-09-27 03:11:21,idle,,5.1,none,1000.086
2026-09-27 03:11:24,other,,15.1,none,1000.086
2026-09-27 03:11:27,other,,14.9,none,1000.086
2026-09-27 03:11:30,time,crc_ok,15.0,decoded,1000.086
2026-09-27 03:11:33,other,,14.9,none,1000.086
2026-09-27 03:11:36,idle,,4.7,none,1000.086
2026-09-27 03:11:39,other,,15.3,none,1000.086
2026-09-27 03:11:42,time,bit_errors,14.3,decoded,1000.086
2026-09-27 03:11:45,idle,,4.7,none,1000.086
2026-09-27 03:11:48,other,,15.2,none,1000.086
2026-09-27 03:11:51,idle,,4.8,none,1000.086
2026-09-27 03:11:54,time,crc_ok,14.6,decoded,1000.086
2026-09-27 03:11:57,time,crc_ok,14.4,decoded,1000.086
2026-09-27 03:12:00,idle,,4.6,none,1000.086
2026-09-27 03:12:03,time,crc_ok,14.4,decoded,1000.086
2026-09-27 03:12:06,idle,,4.7,none,1000.086
2026-09-27 03:12:09,other,,14.7,none,1000.086
2026-09-27 03:12:12,other,,14.6,none,1000.086
2026-09-27 03:12:15,idle,,4.6,none,1000.086
2026-09-27 03:12:18,time,crc_ok,15.1,decoded,1000.086
2026-09-27 03:12:21,idle,,5.3,none,1000.086
2026-09-27 03:12:24,other,,14.5,failed,1000.086
2026-09-27 03:12:27,time,crc_ok,14.4,decoded,1000.086
2026-09-27 03:12:30,idle,,5.0,none,1000.086
2026-09-27 03:12:33,other,,14.8,none,1000.086
2026-09-27 03:12:36,idle,,5.0,none,1000.086
2026-09-27 03:12:39,idle,,5.4,none,1000.086
2026-09-27 03:12:42,idle,,4.7,none,1000.086
2026-09-27 03:12:45,time,crc_ok,14.4,decoded,1000.086
2026-09-27 03:12:48,other,,15.2,none,1000.086
2026-09-27 03:12:51,idle,,4.8,none,1000.086
2026-09-27 03:12:54,time,crc_ok,14.5,decoded,1000.086
2026-09-27 03:12:57,time,crc_ok,14.9,decoded,1000.086
2026-09-27 03:13:00,time,crc_ok,14.5,decoded,1000.086
2026-09-27 03:13:03,time,crc_ok,14.4,decoded,1000.086
2026-09-27 03:13:06,idle,,4.7,none,1000.086
2026-09-27 03:13:09,other,,15.0,none,1000.086
2026-09-27 03:13:12,time,crc_ok,14.0,decoded,1000.086
2026-09-27 03:13:15,time,bit_errors,14.2,decoded,1000.086
2026-09-27 03:13:18,other,,14.6,none,1000.086
2026-09-27 03:13:21,time,crc_ok,14.1,decoded,1000.086
2026-09-27 03:13:24,idle,,5.2,none,1000.086
2026-09-27 03:13:27,idle,,4.6,none,1000.086
2026-09-27 03:13:30,time,crc_ok,14.2,decoded,1000.086
2026-09-27 03:13:33,other,,15.3,none,1000.086
2026-09-27 03:13:36,time,crc_ok,13.9,decoded,1000.086
2026-09-27 03:13:39,idle,,5.1,none,1000.086
2026-09-27 03:13:42,other,,14.8,failed,1000.086
2026-09-27 03:13:45,time,crc_ok,14.4,decoded,1000.086
2026-09-27 03:13:48,idle,,4.9,none,1000.086
2026-09-27 03:13:51,time,bit_errors,14.8,decoded,1000.086
2026-09-27 03:13:54,idle,,4.9,none,1000.086
2026-09-27 03:13:57,idle,,4.9,none,1000.086
2026-09-27 03:14:00,idle,,5.0,none,1000.086
2026-09-27 03:14:03,time,crc_ok,13.9,decoded,1000.086
2026-09-27 03:14:06,idle,,5.3,none,1000.086
2026-09-27 03:14:09,idle,,5.2,none,1000.086
2026-09-27 03:14:12,idle,,5.5,none,1000.086
2026-09-27 03:14:15,other,,15.3,none,1000.086
2026-09-27 03:14:18,time,bit_errors,14.3,decoded,1000.086
2026-09-27 03:14:21,idle,,5.2,none,1000.086
2026-09-27 03:14:24,idle,,5.4,none,1000.086
2026-09-27 03:14:27,idle,,5.2,none,1000.086
2026-09-27 03:14:30,time,bit_errors,14.3,decoded,1000.086
2026-09-27 03:14:33,other,,14.5,none,1000.086
2026-09-27 03:14:36,idle,,5.3,none,1000.086
2026-09-27 03:14:39,time,crc_ok,14.5,decoded,1000.086
2026-09-27 03:14:42,other,,16.1,failed,1000.086
2026-09-27 03:14:45,idle,,5.5,none,1000.086
2026-09-27 03:14:48,other,,15.4,none,1000.086
2026-09-27 03:14:51,idle,,5.9,none,1000.086
2026-09-27 03:14:54,idle,,5.7,none,1000.086
2026-09-27 03:14:57,time,bit_errors,14.9,decoded,1000.086
2026-09-27 03:15:00,other,,14.7,failed,1000.086
2026-09-27 03:15:03,time,crc_ok,15.1,decoded,1000.086
2026-09-27 03:15:06,idle,,6.2,none,1000.086
2026-09-27 03:15:09,other,,14.8,none,1000.086
2026-09-27 03:15:12,other,,15.7,failed,1000.086
2026-09-27 03:15:15,idle,,5.6,failed,1000.086
2026-09-27 03:15:18,other,,14.8,none,1000.086
2026-09-27 03:15:21,idle,,5.6,none,1000.086
2026-09-27 03:15:24,idle,,5.6,none,1000.086
2026-09-27 03:15:27,time,crc_ok,14.9,decoded,1000.086
2026-09-27 03:15:30,time,crc_ok,15.1,decoded,1000.086
2026-09-27 03:15:33,other,,15.9,none,1000.086
2026-09-27 03:15:36,idle,,5.7,none,1000.086
2026-09-27 03:15:39,idle,,5.4,none,1000.086
2026-09-27 03:15:42,idle,,5.8,none,1000.086
2026-09-27 03:15:45,other,,15.2,none,1000.086
2026-09-27 03:15:48,time,crc_ok,14.9,none,1000.086
2026-09-27 03:15:51,idle,,5.8,none,1000.086
2026-09-27 03:15:54,idle,,6.2,none,1000.086
2026-09-27 03:15:57,idle,,5.6,none,1000.086
2026-09-27 03:16:00,other,,15.4,none,1000.086
2026-09-27 03:16:03,time,bit_errors,14.7,decoded,1000.086
2026-09-27 03:16:06,other,,15.5,failed,1000.086
2026-09-27 03:16:09,other,,15.2,failed,1000.086
2026-09-27 03:16:12,other,,15.7,none,1000.086
2026-09-27 03:16:15,idle,,6.0,none,1000.086
2026-09-27 03:16:18,idle,,5.9,none,1000.086
2026-09-27 03:16:21,idle,,5.6,none,1000.086
2026-09-27 03:16:24,idle,,5.5,none,1000.086
2026-09-27 03:16:27,idle,,6.3,none,1000.086
2026-09-27 03:16:30,other,,15.2,none,1000.086
2026-09-27 03:16:33,other,,15.3,none,1000.086
2026-09-27 03:16:36,other,,15.3,none,1000.086
2026-09-27 03:16:39,idle,,6.0,none,1000.086
2026-09-27 03:16:42,time,bit_errors,14.7,decoded,1000.086
2026-09-27 03:16:45,time,crc_ok,14.4,decoded,1000.086
2026-09-27 03:16:48,idle,,6.3,none,1000.086
2026-09-27 03:16:51,other,,14.9,none,1000.086
2026-09-27 03:16:54,idle,,5.9,none,1000.086
2026-09-27 03:16:57,idle,,5.7,none,1000.086
2026-09-27 03:17:00,idle,,5.8,none,1000.086
2026-09-27 03:17:03,time,bit_errors,15.3,decoded,1000.086
2026-09-27 03:17:06,other,,15.8,none,1000.086
2026-09-27 03:17:09,other,,15.9,none,1000.086
2026-09-27 03:17:12,other,,15.2,none,1000.086
2026-09-27 03:17:15,idle,,6.0,none,1000.086
2026-09-27 03:17:18,time,crc_ok,15.1,decoded,1000.086
2026-09-27 03:17:21,time,crc_ok,14.8,decoded,1000.086
2026-09-27 03:17:24,idle,,5.6,none,1000.086
2026-09-27 03:17:27,idle,,5.2,none,1000.086
2026-09-27 03:17:30,time,crc_ok,14.5,decoded,1000.086
2026-09-27 03:17:33,other,,15.3,none,1000.086
2026-09-27 03:17:36,idle,,5.2,none,1000.086
2026-09-27 03:17:39,other,,16.1,none,1000.086
2026-09-27 03:17:42,idle,,4.9,none,1000.086
2026-09-27 03:17:45,idle,,5.5,none,1000.086
2026-09-27 03:17:48,idle,,5.6,none,1000.086
2026-09-27 03:17:51,idle,,5.1,none,1000.086
2026-09-27 03:17:54,time,crc_ok,14.8,decoded,1000.086
2026-09-27 03:17:57,idle,,5.2,none,1000.086
2026-09-27 03:18:00,idle,,4.7,none,1000.086
2026-09-27 03:18:03,time,bit_errors,15.1,decoded,1000.086
2026-09-27 03:18:06,idle,,4.9,none,1000.086
2026-09-27 03:18:09,other,,15.1,none,1000.086
2026-09-27 03:18:12,idle,,4.9,none,1000.086
2026-09-27 03:18:15,idle,,4.9,none,1000.086
2026-09-27 03:18:18,idle,,4.7,none,1000.086
2026-09-27 03:18:21,idle,,5.4,none,1000.086
2026-09-27 03:18:24,other,,14.9,none,1000.086
2026-09-27 03:18:27,idle,,5.0,none,1000.086
2026-09-27 03:18:30,idle,,4.5,none,1000.086
2026-09-27 03:18:33,other,,14.3,none,1000.086
2026-09-27 03:18:36,other,,15.1,none,1000.086
2026-09-27 03:18:39,other,,15.5,none,1000.086
2026-09-27 03:18:42,time,crc_ok,14.2,decoded,1000.086
2026-09-27 03:18:45,idle,,4.7,none,1000.086
2026-09-27 03:18:48,time,crc_ok,14.5,decoded,1000.086
2026-09-27 03:18:51,other,,15.3,none,1000.086
2026-09-27 03:18:54,idle,,4.9,none,1000.086
2026-09-27 03:18:57,idle,,4.6,none,1000.086
2026-09-27 03:19:00,time,crc_ok,13.8,decoded,1000.086
2026-09-27 03:19:03,time,bit_errors,14.8,decoded,1000.086
2026-09-27 03:19:06,idle,,4.3,none,1000.086
2026-09-27 03:19:09,other,,14.5,none,1000.086
2026-09-27 03:19:12,idle,,4.2,none,1000.086
2026-09-27 03:19:15,idle,,4.5,none,1000.086
2026-09-27 03:19:18,time,bit_errors,14.4,decoded,1000.086
2026-09-27 03:19:21,idle,,5.0,none,1000.086
2026-09-27 03:19:24,idle,,4.4,none,1000.086
2026-09-27 03:19:27,other,,14.9,none,1000.086
2026-09-27 03:19:30,idle,,4.6,none,1000.086
2026-09-27 03:19:33,other,,15.9,none,1000.086
2026-09-27 03:19:36,other,,15.2,none,1000.086
2026-09-27 03:19:39,idle,,4.8,none,1000.086
2026-09-27 03:19:42,idle,,4.6,none,1000.086
2026-09-27 03:19:45,idle,,4.5,none,1000.086
2026-09-27 03:19:48,other,,15.3,none,1000.086
2026-09-27 03:19:51,other,,15.1,none,1000.086
2026-09-27 03:19:54,other,,15.3,none,1000.086
2026-09-27 03:19:57,idle,,4.7,none,1000.086
2026-09-27 03:20:00,time,crc_ok,14.2,decoded,1000.086
2026-09-27 03:20:03,time,crc_ok,14.3,decoded,1000.086
2026-09-27 03:20:06,idle,,4.7,none,1000.086
2026-09-27 03:20:09,idle,,4.8,none,1000.086
2026-09-27 03:20:12,idle,,4.7,none,1000.086
2026-09-27 03:20:15,other,,15.2,none,1000.086
2026-09-27 03:20:18,time,bit_errors,14.4,decoded,1000.086
2026-09-27 03:20:21,idle,,4.4,none,1000.086
2026-09-27 03:20:24,idle,,4.6,none,1000.086
2026-09-27 03:20:27,idle,,5.0,none,1000.086
2026-09-27 03:20:30,time,crc_ok,14.1,decoded,1000.086
2026-09-27 03:20:33,other,,14.9,none,1000.086
2026-09-27 03:20:36,idle,,4.6,none,1000.086
2026-09-27 03:20:39,other,,14.9,none,1000.086
2026-09-27 03:20:42,time,bit_errors,14.4,decoded,1000.086
2026-09-27 03:20:45,idle,,5.0,none,1000.086
2026-09-27 03:20:48,time,crc_ok,14.2,decoded,1000.086
2026-09-27 03:20:51,idle,,4.7,none,1000.086
2026-09-27 03:20:54,time,crc_ok,15.4,decoded,1000.086
2026-09-27 03:21:00,idle,,4.8,none,1000.086
2026-09-27 03:21:03,time,crc_ok,14.1,decoded,1000.086
2026-09-27 03:21:06,idle,,4.9,none,1000.086
2026-09-27 03:21:09,other,,14.8,none,1000.086
2026-09-27 03:21:12,time,bit_errors,14.3,decoded,1000.086
2026-09-27 03:21:15,idle,,4.8,none,1000.086
2026-09-27 03:21:18,other,,15.0,failed,1000.086
2026-09-27 03:21:21,idle,,4.8,none,1000.086
2026-09-27 03:21:24,other,,15.3,none,1000.086
2026-09-27 03:21:27,idle,,4.6,none,1000.086
2026-09-27 03:21:30,idle,,4.9,none,1000.086
2026-09-27 03:21:33,other,,14.8,none,1000.086
2026-09-27 03:21:36,idle,,5.1,none,1000.086
2026-09-27 03:21:39,idle,,5.0,none,1000.086
2026-09-27 03:21:42,idle,,4.8,none,1000.086
2026-09-27 03:21:45,other,,15.3,none,1000.086
2026-09-27 03:21:48,time,crc_ok,14.8,decoded,1000.086
2026-09-27 03:21:51,idle,,4.7,none,1000.086
2026-09-27 03:21:54,idle,,5.1,none,1000.086
2026-09-27 03:21:57,idle,,4.9,none,1000.086
2026-09-27 03:22:00,time,crc_ok,14.8,decoded,1000.086
2026-09-27 03:22:03,time,crc_ok,14.6,decoded,1000.086
2026-09-27 03:22:06,idle,,4.7,none,1000.086
2026-09-27 03:22:09,other,,14.8,none,1000.086
2026-09-27 03:22:12,idle,,4.9,none,1000.086
2026-09-27 03:22:15,idle,,4.9,none,1000.086
2026-09-27 03:22:18,other,,15.2,none,1000.086
2026-09-27 03:22:21,idle,,5.2,none,1000.086
2026-09-27 03:22:24,idle,,4.8,none,1000.086
2026-09-27 03:22:27,idle,,5.4,none,1000.086
2026-09-27 03:22:30,time,crc_ok,14.0,decoded,1000.086
2026-09-27 03:22:33,other,,15.0,none,1000.086
2026-09-27 03:22:36,other,,15.5,none,1000.086
2026-09-27 03:22:39,idle,,5.3,none,1000.086
2026-09-27 03:22:42,other,,15.4,none,1000.086
2026-09-27 03:22:45,other,,15.1,none,1000.086
2026-09-27 03:22:48,idle,,5.0,none,1000.086
2026-09-27 03:22:51,other,,15.1,none,1000.086
2026-09-27 03:22:54,idle,,5.1,none,1000.086
2026-09-27 03:22:57,idle,,5.0,none,1000.086
2026-09-27 03:23:00,idle,,5.1,none,1000.086
2026-09-27 03:23:03,time,crc_ok,14.4,decoded,1000.086
2026-09-27 03:23:06,idle,,5.1,none,1000.086
2026-09-27 03:23:09,other,,14.7,none,1000.086
2026-09-27 03:23:12,idle,,5.0,none,1000.086
2026-09-27 03:23:15,other,,14.8,none,1000.086
2026-09-27 03:23:18,idle,,5.2,none,1000.086
2026-09-27 03:23:21,idle,,4.9,none,1000.086
2026-09-27 03:23:24,idle,,5.5,none,1000.086
2026-09-27 03:23:27,time,crc_ok,15.2,decoded,1000.086
2026-09-27 03:23:30,idle,,5.3,none,1000.086
2026-09-27 03:23:33,other,,15.1,none,1000.086
2026-09-27 03:23:36,idle,,4.8,none,1000.086
2026-09-27 03:23:39,time,crc_ok,15.0,decoded,1000.086
2026-09-27 03:23:42,idle,,5.0,none,1000.086
2026-09-27 03:23:45,time,crc_ok,14.0,decoded,1000.086
2026-09-27 03:23:48,other,,15.4,none,1000.086
2026-09-27 03:23:51,time,crc_ok,14.4,decoded,1000.086
2026-09-27 03:23:54,other,,15.4,none,1000.086
2026-09-27 03:23:57,time,crc_ok,14.6,decoded,1000.086
2026-09-27 03:24:00,idle,,4.8,none,1000.086
2026-09-27 03:24:03,time,bit_errors,14.6,decoded,1000.086
2026-09-27 03:24:06,idle,,4.2,none,1000.086
2026-09-27 03:24:09,other,,15.0,failed,1000.086
2026-09-27 03:24:12,idle,,4.9,none,1000.086
2026-09-27 03:24:15,other,,15.1,none,1000.086
2026-09-27 03:24:18,time,crc_ok,14.8,decoded,1000.086
2026-09-27 03:24:21,other,,15.1,none,1000.086
2026-09-27 03:24:24,other,,14.8,none,1000.086
2026-09-27 03:24:27,other,,15.4,none,1000.086
2026-09-27 03:24:30,idle,,4.9,none,1000.086
2026-09-27 03:24:33,other,,14.8,none,1000.086
2026-09-27 03:24:36,idle,,4.8,none,1000.086
2026-09-27 03:24:39,time,bit_errors,14.1,decoded,1000.086
2026-09-27 03:24:42,idle,,4.9,none,1000.086
2026-09-27 03:24:45,time,crc_ok,14.1,decoded,1000.086
2026-09-27 03:24:48,idle,,4.8,none,1000.086
2026-09-27 03:24:51,idle,,4.7,none,1000.086
2026-09-27 03:24:54,idle,,4.4,none,1000.086
2026-09-27 03:24:57,other,,15.0,none,1000.086
2026-09-27 03:25:00,idle,,4.4,none,1000.086
2026-09-27 03:25:03,time,crc_ok,14.0,decoded,1000.086
2026-09-27 03:25:06,idle,,4.9,none,1000.086
2026-09-27 03:25:09,idle,,4.6,none,1000.086
2026-09-27 03:25:12,other,,14.7,none,1000.086
2026-09-27 03:25:15,time,crc_ok,14.2,decoded,1000.086
2026-09-27 03:25:18,time,crc_ok,14.9,decoded,1000.086
2026-09-27 03:25:21,idle,,4.8,none,1000.086
2026-09-27 03:25:24,other,,15.1,none,1000.086
2026-09-27 03:25:27,idle,,4.6,none,1000.086
2026-09-27 03:25:30,other,,15.4,none,1000.086
2026-09-27 03:25:33,other,,14.7,none,1000.086
2026-09-27 03:25:36,idle,,4.5,none,1000.086
2026-09-27 03:25:39,time,bit_errors,14.3,decoded,1000.086
2026-09-27 03:25:42,time,crc_ok,14.4,decoded,1000.086
2026-09-27 03:25:45,idle,,4.8,none,1000.086
2026-09-27 03:25:48,idle,,4.6,none,1000.086
2026-09-27 03:25:51,other,,15.0,none,1000.086
2026-09-27 03:25:54,other,,15.2,none,1000.086
2026-09-27 03:25:57,idle,,4.1,none,1000.086
2026-09-27 03:26:00,idle,,4.5,none,1000.086
2026-09-27 03:26:03,time,crc_ok,14.5,decoded,1000.086
2026-09-27 03:26:06,other,,14.9,none,1000.086
2026-09-27 03:26:09,time,crc_ok,14.5,decoded,1000.086
2026-09-27 03:26:12,time,crc_ok,14.4,decoded,1000.086
2026-09-27 03:26:15,idle,,4.6,none,1000.086
2026-09-27 03:26:18,time,bit_errors,14.6,decoded,1000.086
2026-09-27 03:26:21,time,crc_ok,14.4,decoded,1000.086
2026-09-27 03:26:24,other,,15.0,none,1000.086
2026-09-27 03:26:27,idle,,4.3,none,1000.086
2026-09-27 03:26:30,other,,14.5,none,1000.086
2026-09-27 03:26:33,other,,15.4,none,1000.086
2026-09-27 03:26:36,idle,,4.4,none,1000.086
2026-09-27 03:26:39,time,crc_ok,14.3,decoded,1000.086
2026-09-27 03:26:42,idle,,4.5,none,1000.086
2026-09-27 03:26:45,idle,,4.5,none,1000.086
2026-09-27 03:26:48,idle,,4.2,none,1000.086
2026-09-27 03:26:51,idle,,4.4,none,1000.086
2026-09-27 03:26:54,other,,15.5,none,1000.086
2026-09-27 03:26:57,other,,15.3,none,1000.086
2026-09-27 03:27:00,idle,,4.2,none,1000.086
2026-09-27 03:27:03,time,crc_ok,14.6,decoded,1000.086
2026-09-27 03:27:06,idle,,4.3,none,1000.086
2026-09-27 03:27:09,other,,14.5,none,1000.086
2026-09-27 03:27:12,idle,,4.3,none,1000.086
2026-09-27 03:27:15,idle,,4.5,none,1000.086
2026-09-27 03:27:18,idle,,4.5,none,1000.086
2026-09-27 03:27:21,idle,,4.3,none,1000.086
2026-09-27 03:27:24,time,crc_ok,14.1,decoded,1000.086
2026-09-27 03:27:27,time,crc_ok,14.0,decoded,1000.086
2026-09-27 03:27:30,idle,,4.5,none,1000.086
2026-09-27 03:27:33,other,,14.8,none,1000.086
2026-09-27 03:27:36,other,,15.0,none,1000.086
2026-09-27 03:27:39,time,crc_ok,14.4,decoded,1000.086
2026-09-27 03:27:42,other,,14.8,none,1000.086
2026-09-27 03:27:45,idle,,3.8,none,1000.086
2026-09-27 03:27:48,time,crc_ok,15.0,decoded,1000.086
2026-09-27 03:27:51,time,crc_ok,14.5,decoded,1000.086
2026-09-27 03:27:54,time,bit_errors,13.9,decoded,1000.086
2026-09-27 03:27:57,idle,,4.3,none,1000.086
2026-09-27 03:28:00,other,,15.0,none,1000.086
2026-09-27 03:28:03,time,crc_ok,14.3,decoded,1000.086
2026-09-27 03:28:06,idle,,4.6,none,1000.086
2026-09-27 03:28:09,other,,15.0,none,1000.086
2026-09-27 03:28:12,time,crc_ok,14.0,decoded,1000.086
2026-09-27 03:28:15,idle,,4.4,none,1000.086
2026-09-27 03:28:18,other,,14.8,none,1000.086
2026-09-27 03:28:21,other,,15.0,none,1000.086
2026-09-27 03:28:24,idle,,4.4,none,1000.086
2026-09-27 03:28:27,time,bit_errors,14.2,decoded,1000.086
2026-09-27 03:28:30,idle,,4.6,none,1000.086
2026-09-27 03:28:33,other,,14.8,none,1000.086
2026-09-27 03:28:36,time,crc_ok,14.7,decoded,1000.086
2026-09-27 03:28:39,idle,,4.8,none,1000.086
2026-09-27 03:28:42,idle,,5.1,none,1000.086
2026-09-27 03:28:45,idle,,4.7,none,1000.086
2026-09-27 03:28:48,other,,15.0,none,1000.086
2026-09-27 03:28:51,other,,14.6,none,1000.086
2026-09-27 03:28:54,time,crc_ok,14.5,decoded,1000.086
2026-09-27 03:28:57,idle,,4.4,none,1000.086
2026-09-27 03:29:00,other,,14.4,none,1000.086
2026-09-27 03:29:03,time,crc_ok,14.3,decoded,1000.086
2026-09-27 03:29:06,other,,15.3,none,1000.086
2026-09-27 03:29:09,idle,,4.9,none,1000.086
2026-09-27 03:29:12,time,bit_errors,14.5,decoded,1000.086
2026-09-27 03:29:15,other,,15.3,none,1000.086
2026-09-27 03:29:18,other,,15.0,none,1000.086
2026-09-27 03:29:21,idle,,4.6,none,1000.086
2026-09-27 03:29:24,time,bit_errors,14.2,decoded,1000.086
2026-09-27 03:29:27,idle,,5.0,none,1000.086
2026-09-27 03:29:30,idle,,5.0,none,1000.086
2026-09-27 03:29:33,other,,14.5,none,1000.086
2026-09-27 03:29:36,idle,,4.5,none,1000.086
2026-09-27 03:29:39,time,crc_ok,14.6,decoded,1000.086
2026-09-27 03:29:42,other,,14.8,failed,1000.086
2026-09-27 03:29:45,time,crc_ok,14.5,decoded,1000.086
2026-09-27 03:29:48,idle,,5.0,none,1000.086
2026-09-27 03:29:51,idle,,4.2,none,1000.086
2026-09-27 03:29:54,idle,,4.8,none,1000.086
2026-09-27 03:29:57,idle,,5.0,none,1000.086
2026-09-27 03:30:00,time,crc_ok,14.4,decoded,1000.086
2026-09-27 03:30:03,time,crc_ok,15.1,decoded,1000.086
2026-09-27 03:30:06,idle,,4.6,none,1000.086
2026-09-27 03:30:09,other,,15.4,none,1000.086
2026-09-27 03:30:12,time,crc_ok,15.3,decoded,1000.086
2026-09-27 03:30:15,other,,15.0,none,1000.086
2026-09-27 03:30:18,idle,,4.9,none,1000.086
2026-09-27 03:30:21,idle,,4.7,none,1000.086
2026-09-27 03:30:24,idle,,5.0,none,1000.086
2026-09-27 03:30:27,idle,,4.6,none,1000.086
2026-09-27 03:30:30,time,crc_ok,14.1,decoded,1000.086
2026-09-27 03:30:33,other,,14.3,none,1000.086
2026-09-27 03:30:36,time,crc_ok,14.7,decoded,1000.086
2026-09-27 03:30:39,idle,,4.5,none,1000.086
2026-09-27 03:30:42,time,crc_ok,14.4,decoded,1000.086
2026-09-27 03:30:45,time,crc_ok,14.5,decoded,1000.086
2026-09-27 03:30:48,other,,15.2,failed,1000.086
2026-09-27 03:30:51,idle,,4.7,none,1000.086
2026-09-27 03:30:54,other,,15.7,none,1000.086
2026-09-27 03:31:00,idle,,4.6,none,1000.087
2026-09-27 03:31:03,time,crc_ok,14.5,decoded,1000.087
2026-09-27 03:31:06,other,,15.0,none,1000.087
2026-09-27 03:31:09,idle,,4.4,none,1000.087
2026-09-27 03:31:12,idle,,4.3,none,1000.087
2026-09-27 03:31:15,idle,,4.6,none,1000.087
2026-09-27 03:31:18,idle,,4.5,none,1000.087
2026-09-27 03:31:21,other,,15.4,none,1000.087
2026-09-27 03:31:24,idle,,4.6,none,1000.087
2026-09-27 03:31:27,idle,,4.0,none,1000.087
2026-09-27 03:31:30,idle,,4.6,none,1000.087
2026-09-27 03:31:33,other,,15.1,none,1000.087
2026-09-27 03:31:36,time,bit_errors,14.3,decoded,1000.087
2026-09-27 03:31:39,other,,14.8,none,1000.087
2026-09-27 03:31:42,time,bit_errors,14.7,decoded,1000.087
2026-09-27 03:31:45,time,crc_ok,14.3,decoded,1000.087
2026-09-27 03:31:48,time,crc_ok,13.9,decoded,1000.087
2026-09-27 03:31:51,time,bit_errors,14.0,decoded,1000.087
2026-09-27 03:31:54,idle,,4.6,none,1000.087
2026-09-27 03:31:57,idle,,4.2,none,1000.087
2026-09-27 03:32:00,other,,14.8,none,1000.087
2026-09-27 03:32:03,time,crc_ok,13.8,decoded,1000.087
2026-09-27 03:32:06,other,,14.9,none,1000.087
2026-09-27 03:32:09,time,crc_ok,14.1,decoded,1000.087
2026-09-27 03:32:12,other,,15.2,none,1000.087
2026-09-27 03:32:15,idle,,4.3,none,1000.087
2026-09-27 03:32:18,time,crc_ok,13.8,decoded,1000.087
2026-09-27 03:32:21,other,,15.1,none,1000.087
2026-09-27 03:32:24,other,,15.1,none,1000.087
2026-09-27 03:32:27,time,bit_errors,14.4,decoded,1000.087
2026-09-27 03:32:30,other,,14.9,none,1000.087
2026-09-27 03:32:33,other,,14.6,none,1000.087
2026-09-27 03:32:36,idle,,3.9,none,1000.087
2026-09-27 03:32:39,time,crc_ok,14.1,decoded,1000.087
2026-09-27 03:32:42,idle,,4.0,none,1000.087
2026-09-27 03:32:45,idle,,3.9,none,1000.087
2026-09-27 03:32:48,idle,,3.8,none,1000.087
2026-09-27 03:32:51,idle,,4.1,none,1000.087
2026-09-27 03:32:54,idle,,4.1,none,1000.087
2026-09-27 03:32:57,other,,14.6,none,1000.087
2026-09-27 03:33:00,time,crc_ok,14.7,decoded,1000.087
2026-09-27 03:33:03,time,crc_ok,14.7,decoded,1000.087
2026-09-27 03:33:06,idle,,4.1,none,1000.087
2026-09-27 03:33:09,other,,15.0,none,1000.087
2026-09-27 03:33:12,idle,,4.2,none,1000.087
2026-09-27 03:33:15,idle,,4.1,none,1000.087
2026-09-27 03:33:18,idle,,3.8,none,1000.087
2026-09-27 03:33:21,idle,,4.1,none,1000.087
2026-09-27 03:33:24,idle,,3.9,none,1000.087
2026-09-27 03:33:27,time,bit_errors,14.1,decoded,1000.087
2026-09-27 03:33:30,time,crc_ok,14.0,decoded,1000.087
2026-09-27 03:33:33,other,,14.6,none,1000.087
2026-09-27 03:33:36,other,,14.7,none,1000.087
2026-09-27 03:33:39,other,,14.8,none,1000.087
2026-09-27 03:33:42,other,,14.9,none,1000.087
2026-09-27 03:33:45,idle,,4.2,none,1000.087
2026-09-27 03:33:48,other,,14.6,none,1000.087
2026-09-27 03:33:51,time,crc_ok,14.1,decoded,1000.087
2026-09-27 03:33:54,other,,14.4,none,1000.087
2026-09-27 03:33:57,other,,15.2,none,1000.087
2026-09-27 03:34:00,other,,15.2,none,1000.087
2026-09-27 03:34:03,time,bit_errors,14.4,decoded,1000.087
2026-09-27 03:34:06,other,,15.1,none,1000.087
2026-09-27 03:34:09,time,crc_ok,13.8,decoded,1000.087
2026-09-27 03:34:12,time,crc_ok,14.1,decoded,1000.087
2026-09-27 03:34:15,other,,14.9,none,1000.087
2026-09-27 03:34:18,idle,,4.6,none,1000.087
2026-09-27 03:34:21,other,,14.6,none,1000.087
2026-09-27 03:34:24,idle,,4.8,none,1000.087
2026-09-27 03:34:27,time,crc_ok,14.2,decoded,1000.087
2026-09-27 03:34:30,idle,,4.8,none,1000.087
2026-09-27 03:34:33,other,,15.1,none,1000.087
2026-09-27 03:34:36,other,,15.1,none,1000.087
2026-09-27 03:34:39,idle,,5.1,none,1000.087
2026-09-27 03:34:42,idle,,4.7,none,1000.087
2026-09-27 03:34:45,idle,,5.0,none,1000.087
2026-09-27 03:34:48,time,crc_ok,13.7,decoded,1000.087
2026-09-27 03:34:51,time,bit_errors,13.8,decoded,1000.087
2026-09-27 03:34:54,time,crc_ok,13.5,decoded,1000.087
2026-09-27 03:34:57,idle,,4.7,none,1000.087
2026-09-27 03:35:00,other,,15.2,failed,1000.087
2026-09-27 03:35:03,time,bit_errors,14.5,decoded,1000.087
2026-09-27 03:35:06,other,,15.0,none,1000.087
2026-09-27 03:35:09,other,,14.9,none,1000.087
2026-09-27 03:35:12,other,,14.9,none,1000.087
2026-09-27 03:35:15,idle,,5.3,none,1000.087
2026-09-27 03:35:18,other,,15.2,none,1000.087
2026-09-27 03:35:21,time,crc_ok,14.4,decoded,1000.087
2026-09-27 03:35:24,other,,14.9,none,1000.087
2026-09-27 03:35:27,other,,15.1,none,1000.087
2026-09-27 03:35:30,other,,14.9,none,1000.087
2026-09-27 03:35:33,other,,14.8,none,1000.087
2026-09-27 03:35:36,idle,,5.0,none,1000.087
2026-09-27 03:35:39,other,,15.3,none,1000.087
2026-09-27 03:35:42,idle,,4.4,none,1000.087
2026-09-27 03:35:45,idle,,4.3,none,1000.087
2026-09-27 03:35:48,idle,,4.6,none,1000.087
2026-09-27 03:35:51,idle,,4.2,none,1000.087
2026-09-27 03:35:54,idle,,4.2,none,1000.087
2026-09-27 03:35:57,time,crc_ok,14.1,confirmed,1000.087
2026-09-27 03:36:00,idle,,4.3,none,1000.087
2026-09-27 03:36:03,time,crc_ok,14.1,decoded,1000.087
2026-09-27 03:36:06,idle,,4.3,none,1000.087
2026-09-27 03:36:09,other,,14.9,none,1000.087
2026-09-27 03:36:12,idle,,4.6,none,1000.087
2026-09-27 03:36:15,idle,,3.8,none,1000.087
2026-09-27 03:36:18,idle,,4.1,none,1000.087
2026-09-27 03:36:21,idle,,4.2,none,1000.087
2026-09-27 03:36:24,idle,,4.2,none,1000.087
2026-09-27 03:36:27,time,crc_ok,14.3,decoded,1000.087
2026-09-27 03:36:30,idle,,4.1,none,1000.087
2026-09-27 03:36:33,other,,15.0,none,1000.087
2026-09-27 03:36:36,other,,15.3,none,1000.087
2026-09-27 03:36:39,time,crc_ok,14.3,decoded,1000.087
2026-09-27 03:36:42,time,crc_ok,13.9,decoded,1000.087
2026-09-27 03:36:45,idle,,3.9,none,1000.087
2026-09-27 03:36:48,time,crc_ok,13.9,decoded,1000.087
2026-09-27 03:36:51,other,,15.0,none,1000.087
2026-09-27 03:36:54,time,crc_ok,13.8,decoded,1000.087
2026-09-27 03:36:57,other,,14.8,none,1000.087
2026-09-27 03:37:00,other,,15.0,none,1000.087
2026-09-27 03:37:03,time,crc_ok,14.4,decoded,1000.087
2026-09-27 03:37:06,idle,,4.7,none,1000.087
2026-09-27 03:37:09,other,,14.9,failed,1000.087
2026-09-27 03:37:12,other,,14.8,none,1000.087
2026-09-27 03:37:15,time,crc_ok,13.8,decoded,1000.087
2026-09-27 03:37:18,idle,,4.1,none,1000.087
2026-09-27 03:37:21,time,crc_ok,13.6,decoded,1000.087
2026-09-27 03:37:24,idle,,4.4,none,1000.087
2026-09-27 03:37:27,other,,14.7,none,1000.087
2026-09-27 03:37:30,idle,,4.3,none,1000.087
2026-09-27 03:37:33,other,,14.3,none,1000.087
2026-09-27 03:37:36,other,,14.7,none,1000.087
2026-09-27 03:37:39,idle,,4.0,none,1000.087
2026-09-27 03:37:42,idle,,4.7,none,1000.087
2026-09-27 03:37:45,idle,,4.2,none,1000.087
2026-09-27 03:37:48,time,bit_errors,14.4,decoded,1000.087
2026-09-27 03:37:51,other,,14.9,none,1000.087
2026-09-27 03:37:54,other,,15.0,none,1000.087
2026-09-27 03:37:57,idle,,4.1,none,1000.087
2026-09-27 03:38:00,time,crc_ok,13.9,decoded,1000.087
2026-09-27 03:38:03,time,crc_ok,14.3,decoded,1000.087
2026-09-27 03:38:06,idle,,4.8,none,1000.087
2026-09-27 03:38:09,idle,,4.7,none,1000.087
2026-09-27 03:38:12,idle,,4.4,none,1000.087
2026-09-27 03:38:15,other,,15.0,none,1000.087
2026-09-27 03:38:18,time,crc_ok,14.8,decoded,1000.087
2026-09-27 03:38:21,idle,,4.9,none,1000.087
2026-09-27 03:38:24,other,,15.0,none,1000.087
2026-09-27 03:38:27,idle,,5.1,none,1000.087
2026-09-27 03:38:30,other,,15.1,none,1000.087
2026-09-27 03:38:33,other,,15.0,none,1000.087
2026-09-27 03:38:36,idle,,4.8,none,1000.087
2026-09-27 03:38:39,time,crc_ok,14.9,decoded,1000.087
2026-09-27 03:38:42,time,crc_ok,14.3,decoded,1000.087
2026-09-27 03:38:45,idle,,4.4,none,1000.087
2026-09-27 03:38:48,time,crc_ok,14.3,decoded,1000.087
2026-09-27 03:38:51,idle,,4.6,none,1000.087
2026-09-27 03:38:54,time,crc_ok,14.3,decoded,1000.087
2026-09-27 03:38:57,time,bit_errors,14.2,decoded,1000.087
2026-09-27 03:39:00,time,crc_ok,14.1,decoded,1000.087
2026-09-27 03:39:03,time,crc_ok,14.0,decoded,1000.087
2026-09-27 03:39:06,idle,,4.7,none,1000.087
2026-09-27 03:39:09,other,,15.4,failed,1000.087
2026-09-27 03:39:12,other,,14.9,none,1000.087
2026-09-27 03:39:15,idle,,5.3,none,1000.087
2026-09-27 03:39:18,other,,14.8,none,1000.087
2026-09-27 03:39:21,idle,,5.1,none,1000.087
2026-09-27 03:39:24,time,crc_ok,14.8,decoded,1000.087
2026-09-27 03:39:27,other,,15.2,none,1000.087
2026-09-27 03:39:30,time,crc_ok,14.3,decoded,1000.087
2026-09-27 03:39:33,other,,15.8,none,1000.087
2026-09-27 03:39:36,idle,,5.1,none,1000.087
2026-09-27 03:39:39,idle,,5.7,none,1000.087
2026-09-27 03:39:42,idle,,5.2,none,1000.087
2026-09-27 03:39:45,other,,15.6,none,1000.087
2026-09-27 03:39:48,time,crc_ok,14.3,decoded,1000.087
2026-09-27 03:39:51,idle,,5.1,none,1000.087
2026-09-27 03:39:54,time,crc_ok,14.8,decoded,1000.087
2026-09-27 03:39:57,idle,,4.9,none,1000.087
2026-09-27 03:40:00,time,crc_ok,14.5,decoded,1000.087
2026-09-27 03:40:03,time,bit_errors,14.1,decoded,1000.087
2026-09-27 03:40:06,other,,14.6,none,1000.087
2026-09-27 03:40:09,other,,15.1,none,1000.087
2026-09-27 03:40:12,time,crc_ok,15.3,decoded,1000.087
2026-09-27 03:40:15,idle,,5.1,none,1000.087
2026-09-27 03:40:18,other,,14.9,failed,1000.087
2026-09-27 03:40:21,other,,15.1,none,1000.087
2026-09-27 03:40:24,idle,,5.0,none,1000.087
2026-09-27 03:40:27,idle,,5.5,none,1000.087
2026-09-27 03:40:30,other,,15.0,none,1000.087
2026-09-27 03:40:33,other,,14.9,none,1000.087
2026-09-27 03:40:36,time,crc_ok,14.4,decoded,1000.087
2026-09-27 03:40:39,idle,,5.3,none,1000.087
2026-09-27 03:40:42,time,crc_ok,14.9,decoded,1000.087
2026-09-27 03:40:45,other,,15.0,none,1000.087
2026-09-27 03:40:48,idle,,5.2,none,1000.087
2026-09-27 03:40:51,other,,14.9,none,1000.087
2026-09-27 03:40:54,idle,,5.1,none,1000.087
2026-09-27 03:41:00,idle,,5.1,none,1000.087
2026-09-27 03:41:03,time,crc_ok,15.0,decoded,1000.087
2026-09-27 03:41:06,idle,,5.7,none,1000.087
2026-09-27 03:41:09,idle,,5.5,none,1000.087
2026-09-27 03:41:12,idle,,5.2,none,1000.087
2026-09-27 03:41:15,other,,14.9,none,1000.087
2026-09-27 03:41:18,other,,15.1,none,1000.087
2026-09-27 03:41:21,idle,,4.9,none,1000.087
2026-09-27 03:41:24,idle,,5.1,none,1000.087
2026-09-27 03:41:27,idle,,5.5,none,1000.087
2026-09-27 03:41:30,time,crc_ok,13.9,decoded,1000.087
2026-09-27 03:41:33,other,,15.1,none,1000.087
2026-09-27 03:41:36,idle,,5.2,none,1000.087
2026-09-27 03:41:39,other,,15.0,none,1000.087
2026-09-27 03:41:42,time,crc_ok,14.5,decoded,1000.087
2026-09-27 03:41:45,idle,,4.6,none,1000.087
2026-09-27 03:41:48,other,,14.9,none,1000.087
2026-09-27 03:41:51,idle,,5.2,none,1000.087
2026-09-27 03:41:54,idle,,4.7,none,1000.087
2026-09-27 03:41:57,time,crc_ok,14.3,decoded,1000.087
2026-09-27 03:42:00,other,,14.7,none,1000.087
2026-09-27 03:42:03,time,crc_ok,14.4,decoded,1000.087
2026-09-27 03:42:06,idle,,4.3,none,1000.087
2026-09-27 03:42:09,other,,15.4,none,1000.087
2026-09-27 03:42:12,time,bit_errors,14.9,decoded,1000.087
2026-09-27 03:42:15,idle,,4.3,none,1000.087
2026-09-27 03:42:18,other,,14.8,none,1000.087
2026-09-27 03:42:21,idle,,4.5,none,1000.087
2026-09-27 03:42:24,idle,,4.5,none,1000.087
2026-09-27 03:42:27,time,crc_ok,14.6,decoded,1000.087
2026-09-27 03:42:30,other,,14.9,none,1000.087
2026-09-27 03:42:33,other,,15.1,none,1000.087
2026-09-27 03:42:36,idle,,4.4,none,1000.087
2026-09-27 03:42:39,idle,,4.4,none,1000.087
2026-09-27 03:42:42,idle,,4.1,none,1000.087
2026-09-27 03:42:45,time,crc_ok,14.3,decoded,1000.087
2026-09-27 03:42:48,time,crc_ok,14.4,decoded,1000.087
2026-09-27 03:42:51,idle,,4.7,none,1000.087
2026-09-27 03:42:54,idle,,3.7,none,1000.087
2026-09-27 03:42:57,idle,,4.4,none,1000.087
2026-09-27 03:43:00,other,,14.4,none,1000.087
2026-09-27 03:43:03,time,crc_ok,14.7,decoded,1000.087
2026-09-27 03:43:06,other,,14.6,none,1000.087
2026-09-27 03:43:09,time,bit_errors,14.3,decoded,1000.087
2026-09-27 03:43:12,time,crc_ok,14.3,decoded,1000.087
2026-09-27 03:43:15,idle,,3.9,none,1000.087
2026-09-27 03:43:18,idle,,4.3,none,1000.087
2026-09-27 03:43:21,idle,,3.5,none,1000.087
2026-09-27 03:43:24,idle,,3.9,none,1000.087
2026-09-27 03:43:27,idle,,4.0,none,1000.087
2026-09-27 03:43:30,time,crc_ok,14.2,decoded,1000.087
2026-09-27 03:43:33,other,,14.1,none,1000.087
2026-09-27 03:43:36,time,crc_ok,14.5,decoded,1000.087
2026-09-27 03:43:39,idle,,3.8,none,1000.087
2026-09-27 03:43:42,time,crc_ok,15.0,decoded,1000.087
2026-09-27 03:43:45,time,crc_ok,14.2,decoded,1000.087
2026-09-27 03:43:48,idle,,3.9,none,1000.087
2026-09-27 03:43:51,other,,14.7,none,1000.087
2026-09-27 03:43:54,idle,,4.0,none,1000.087
2026-09-27 03:43:57,idle,,4.1,none,1000.087
2026-09-27 03:44:00,idle,,3.8,none,1000.087
2026-09-27 03:44:03,time,crc_ok,14.1,decoded,1000.087
2026-09-27 03:44:06,idle,,3.9,none,1000.087
2026-09-27 03:44:09,other,,14.7,none,1000.087
2026-09-27 03:44:12,idle,,3.7,none,1000.087
2026-09-27 03:44:15,time,bit_errors,14.3,decoded,1000.087
2026-09-27 03:44:18,idle,,3.9,none,1000.087
2026-09-27 03:44:21,idle,,3.6,none,1000.087
2026-09-27 03:44:24,other,,15.0,none,1000.087
2026-09-27 03:44:27,idle,,3.8,none,1000.087
2026-09-27 03:44:30,time,crc_ok,14.4,decoded,1000.087
2026-09-27 03:44:33,other,,14.2,none,1000.087
2026-09-27 03:44:36,idle,,4.0,none,1000.087
2026-09-27 03:44:39,other,,14.7,none,1000.087
2026-09-27 03:44:42,idle,,4.0,none,1000.087
2026-09-27 03:44:45,other,,14.6,none,1000.087
2026-09-27 03:44:48,other,,14.7,none,1000.087
2026-09-27 03:44:51,time,crc_ok,14.3,decoded,1000.087
2026-09-27 03:44:54,other,,15.2,none,1000.087
2026-09-27 03:44:57,other,,14.5,none,1000.087
2026-09-27 03:45:00,time,crc_ok,14.5,decoded,1000.087
2026-09-27 03:45:03,time,crc_ok,14.7,decoded,1000.087
2026-09-27 03:45:06,idle,,4.1,none,1000.087
2026-09-27 03:45:09,other,,14.7,none,1000.087
2026-09-27 03:45:12,idle,,4.2,none,1000.087
2026-09-27 03:45:15,time,crc_ok,14.3,decoded,1000.087
2026-09-27 03:45:18,time,bit_errors,14.0,decoded,1000.087
2026-09-27 03:45:21,other,,15.1,none,1000.087
2026-09-27 03:45:24,other,,15.1,failed,1000.087
2026-09-27 03:45:27,other,,15.0,none,1000.087
2026-09-27 03:45:30,other,,14.9,none,1000.087
2026-09-27 03:45:33,other,,14.3,none,1000.087
2026-09-27 03:45:36,idle,,4.8,none,1000.087
2026-09-27 03:45:39,other,,14.8,none,1000.087
2026-09-27 03:45:42,idle,,4.8,none,1000.087
2026-09-27 03:45:45,other,,14.8,none,1000.087
2026-09-27 03:45:48,idle,,4.3,none,1000.087
2026-09-27 03:45:51,idle,,5.0,none,1000.087
2026-09-27 03:45:54,time,crc_ok,15.0,decoded,1000.087
2026-09-27 03:45:57,idle,,5.2,none,1000.087
2026-09-27 03:46:00,time,crc_ok,14.4,decoded,1000.087
2026-09-27 03:46:03,time,crc_ok,13.7,none,1000.087
2026-09-27 03:46:06,other,,14.9,failed,1000.087
2026-09-27 03:46:09,time,crc_ok,14.1,decoded,1000.087
2026-09-27 03:46:12,other,,15.3,none,1000.087
2026-09-27 03:46:15,idle,,4.8,none,1000.087
2026-09-27 03:46:18,time,bit_errors,14.9,decoded,1000.087
2026-09-27 03:46:21,time,crc_ok,14.6,decoded,1000.087
2026-09-27 03:46:24,other,,15.3,none,1000.087
2026-09-27 03:46:27,idle,,4.9,none,1000.087
2026-09-27 03:46:30,time,crc_ok,14.2,decoded,1000.087
2026-09-27 03:46:33,other,,15.2,none,1000.087
2026-09-27 03:46:36,idle,,4.9,none,1000.087
2026-09-27 03:46:39,time,bit_errors,14.9,decoded,1000.087
2026-09-27 03:46:42,time,crc_ok,14.4,decoded,1000.087
2026-09-27 03:46:45,idle,,4.4,none,1000.087
2026-09-27 03:46:48,idle,,4.9,none,1000.087
2026-09-27 03:46:51,time,crc_ok,13.7,decoded,1000.087
2026-09-27 03:46:54,time,crc_ok,14.8,decoded,1000.087
2026-09-27 03:46:57,idle,,4.6,none,1000.087
2026-09-27 03:47:00,idle,,4.9,none,1000.087
2026-09-27 03:47:03,time,crc_ok,14.3,decoded,1000.087
2026-09-27 03:47:06,other,,15.0,none,1000.087
2026-09-27 03:47:09,time,crc_ok,14.5,decoded,1000.087
2026-09-27 03:47:12,other,,14.9,none,1000.087
2026-09-27 03:47:15,idle,,5.0,none,1000.087
2026-09-27 03:47:18,other,,14.9,none,1000.087
2026-09-27 03:47:21,time,bit_errors,15.2,decoded,1000.087
2026-09-27 03:47:24,idle,,5.3,none,1000.087
2026-09-27 03:47:27,idle,,5.2,none,1000.087
2026-09-27 03:47:30,idle,,5.4,none,1000.087
2026-09-27 03:47:33,other,,15.3,none,1000.087
2026-09-27 03:47:36,idle,,5.0,none,1000.087
2026-09-27 03:47:39,other,,15.6,failed,1000.087
2026-09-27 03:47:42,idle,,5.0,none,1000.087
2026-09-27 03:47:45,idle,,5.2,none,1000.087
2026-09-27 03:47:48,idle,,4.8,none,1000.087
2026-09-27 03:47:51,idle,,5.2,none,1000.087
2026-09-27 03:47:54,other,,14.6,none,1000.087
2026-09-27 03:47:57,time,crc_ok,13.6,decoded,1000.087
2026-09-27 03:48:00,time,crc_ok,14.8,decoded,1000.087
2026-09-27 03:48:03,time,crc_ok,15.1,decoded,1000.087
2026-09-27 03:48:06,idle,,5.4,none,1000.087
2026-09-27 03:48:09,other,,15.5,none,1000.087
2026-09-27 03:48:12,idle,,5.4,none,1000.087
2026-09-27 03:48:15,idle,,5.2,none,1000.087
2026-09-27 03:48:18,idle,,5.2,none,1000.087
2026-09-27 03:48:21,idle,,5.2,none,1000.087
2026-09-27 03:48:24,other,,15.4,none,1000.087
2026-09-27 03:48:27,time,bit_errors,14.3,decoded,1000.087
2026-09-27 03:48:30,time,crc_ok,14.9,decoded,1000.087
2026-09-27 03:48:33,other,,15.2,none,1000.087
2026-09-27 03:48:36,time,crc_ok,14.1,decoded,1000.087
2026-09-27 03:48:39,other,,15.2,none,1000.087
2026-09-27 03:48:42,other,,15.1,none,1000.087
2026-09-27 03:48:45,idle,,5.6,none,1000.087
2026-09-27 03:48:48,time,crc_ok,14.6,decoded,1000.087
2026-09-27 03:48:51,other,,15.9,none,1000.087
2026-09-27 03:48:54,idle,,5.4,none,1000.087
2026-09-27 03:48:57,idle,,5.2,none,1000.087
2026-09-27 03:49:00,idle,,5.0,none,1000.087
2026-09-27 03:49:03,time,crc_ok,15.0,decoded,1000.087
2026-09-27 03:49:06,other,,15.5,none,1000.087
2026-09-27 03:49:09,idle,,5.1,none,1000.087
2026-09-27 03:49:12,time,crc_ok,14.6,decoded,1000.087
2026-09-27 03:49:15,idle,,5.0,none,1000.087
2026-09-27 03:49:18,other,,15.7,none,1000.087
2026-09-27 03:49:21,idle,,5.0,none,1000.087
2026-09-27 03:49:24,idle,,5.3,none,1000.087
2026-09-27 03:49:27,time,crc_ok,14.4,decoded,1000.087
2026-09-27 03:49:30,idle,,5.1,none,1000.087
2026-09-27 03:49:33,other,,14.9,none,1000.087
2026-09-27 03:49:36,other,,14.9,failed,1000.087
2026-09-27 03:49:39,idle,,5.1,none,1000.087
2026-09-27 03:49:42,idle,,5.2,none,1000.087
2026-09-27 03:49:45,idle,,5.3,none,1000.087
2026-09-27 03:49:48,time,crc_ok,14.2,decoded,1000.087
2026-09-27 03:49:51,other,,14.7,none,1000.087
2026-09-27 03:49:54,time,crc_ok,14.5,decoded,1000.087
2026-09-27 03:49:57,idle,,4.8,none,1000.087
2026-09-27 03:50:00,time,crc_ok,14.6,decoded,1000.087
2026-09-27 03:50:03,time,crc_ok,14.4,decoded,1000.087
2026-09-27 03:50:06,idle,,5.0,none,1000.087
2026-09-27 03:50:09,idle,,4.9,none,1000.087
2026-09-27 03:50:12,idle,,4.6,none,1000.087
2026-09-27 03:50:15,other,,15.6,none,1000.087
2026-09-27 03:50:18,other,,15.1,none,1000.087
2026-09-27 03:50:21,idle,,4.5,none,1000.087
2026-09-27 03:50:24,idle,,5.1,none,1000.087
2026-09-27 03:50:27,idle,,4.9,none,1000.087
2026-09-27 03:50:30,idle,,4.5,none,1000.087
2026-09-27 03:50:33,other,,15.1,none,1000.087
2026-09-27 03:50:36,idle,,4.7,none,1000.087
2026-09-27 03:50:39,time,crc_ok,14.7,decoded,1000.087
2026-09-27 03:50:42,time,crc_ok,14.4,decoded,1000.087
2026-09-27 03:50:45,idle,,4.6,none,1000.087
2026-09-27 03:50:48,time,crc_ok,14.6,decoded,1000.087
2026-09-27 03:50:51,idle,,4.7,none,1000.087
2026-09-27 03:50:54,time,crc_ok,14.7,decoded,1000.087
2026-09-27 03:51:03,time,bit_errors,14.3,decoded,1000.088
2026-09-27 03:51:06,idle,,4.4,none,1000.088
2026-09-27 03:51:09,other,,15.0,none,1000.088
2026-09-27 03:51:12,other,,15.0,none,1000.088
2026-09-27 03:51:15,idle,,5.0,none,1000.088
2026-09-27 03:51:18,other,,14.8,none,1000.088
2026-09-27 03:51:21,idle,,5.3,none,1000.088
2026-09-27 03:51:24,other,,15.2,none,1000.088
2026-09-27 03:51:27,other,,14.9,none,1000.088
2026-09-27 03:51:30,idle,,4.9,none,1000.088
2026-09-27 03:51:33,other,,14.8,none,1000.088
2026-09-27 03:51:36,idle,,5.6,none,1000.088
2026-09-27 03:51:39,idle,,4.8,none,1000.088
2026-09-27 03:51:42,idle,,5.3,none,1000.088
2026-09-27 03:51:45,time,crc_ok,14.8,decoded,1000.088
2026-09-27 03:51:48,time,bit_errors,14.8,decoded,1000.088
2026-09-27 03:51:51,idle,,5.2,none,1000.088
2026-09-27 03:51:54,idle,,5.2,none,1000.088
2026-09-27 03:51:57,idle,,5.2,none,1000.088
2026-09-27 03:52:00,idle,,5.3,none,1000.088
2026-09-27 03:52:03,time,crc_ok,14.8,decoded,1000.088
2026-09-27 03:52:06,idle,,5.5,none,1000.088
2026-09-27 03:52:09,idle,,5.9,none,1000.088
2026-09-27 03:52:12,other,,15.6,none,1000.088
2026-09-27 03:52:15,idle,,5.4,none,1000.088
2026-09-27 03:52:18,other,,15.3,none,1000.088
2026-09-27 03:52:21,idle,,6.0,none,1000.088
2026-09-27 03:52:24,idle,,5.8,none,1000.088
2026-09-27 03:52:27,idle,,6.0,none,1000.088
2026-09-27 03:52:30,time,bit_errors,15.2,decoded,1000.088
2026-09-27 03:52:33,other,,15.8,none,1000.088
2026-09-27 03:52:36,time,bit_errors,15.0,decoded,1000.088
2026-09-27 03:52:39,idle,,5.5,none,1000.088
2026-09-27 03:52:42,other,,15.7,failed,1000.088
2026-09-27 03:52:45,other,,15.1,failed,1000.088
2026-09-27 03:52:48,idle,,6.5,none,1000.088
2026-09-27 03:52:51,time,crc_ok,14.6,decoded,1000.088
2026-09-27 03:52:54,idle,,6.4,none,1000.088
2026-09-27 03:52:57,idle,,6.1,none,1000.088
2026-09-27 03:53:00,idle,,6.2,none,1000.088
2026-09-27 03:53:03,time,crc_ok,14.4,decoded,1000.088
2026-09-27 03:53:06,idle,,7.1,none,1000.088
2026-09-27 03:53:09,idle,,6.2,none,1000.088
2026-09-27 03:53:12,idle,,6.7,none,1000.088
2026-09-27 03:53:15,other,,15.3,none,1000.088
2026-09-27 03:53:18,time,crc_ok,15.7,decoded,1000.088
2026-09-27 03:53:21,idle,,6.7,none,1000.088
2026-09-27 03:53:24,time,bit_errors,14.6,decoded,1000.088
2026-09-27 03:53:27,idle,,5.6,none,1000.088
2026-09-27 03:53:30,time,crc_ok,15.1,decoded,1000.088
2026-09-27 03:53:33,other,,16.1,none,1000.088
2026-09-27 03:53:36,idle,,7.4,none,1000.088
2026-09-27 03:53:39,time,crc_ok,15.7,none,1000.088
2026-09-27 03:53:42,other,,16.3,none,1000.088
2026-09-27 03:53:45,idle,,6.7,none,1000.088
2026-09-27 03:53:48,other,,16.1,none,1000.088
2026-09-27 03:53:51,idle,,8.0,none,1000.088
2026-09-27 03:53:54,other,,16.1,none,1000.088
2026-09-27 03:53:57,idle,,7.3,none,1000.088
2026-09-27 03:54:00,idle,,7.7,none,1000.088
2026-09-27 03:54:03,time,crc_ok,16.0,decoded,1000.088
2026-09-27 03:54:06,idle,,7.6,none,1000.088
2026-09-27 03:54:09,other,,15.9,failed,1000.088
2026-09-27 03:54:12,time,crc_ok,15.7,decoded,1000.088
2026-09-27 03:54:15,idle,,7.8,none,1000.088
2026-09-27 03:54:18,time,crc_ok,15.6,decoded,1000.088
2026-09-27 03:54:21,idle,,7.2,none,1000.088
2026-09-27 03:54:24,other,,16.5,none,1000.088
2026-09-27 03:54:27,idle,,7.4,none,1000.088
2026-09-27 03:54:30,unclear,,8.1,none,1000.088
2026-09-27 03:54:33,other,,15.8,none,1000.088
2026-09-27 03:54:36,idle,,7.9,none,1000.088
2026-09-27 03:54:39,idle,,7.2,none,1000.088
2026-09-27 03:54:42,idle,,7.7,none,1000.088
2026-09-27 03:54:45,time,crc_ok,15.7,confirmed,1000.088
2026-09-27 03:54:48,time,crc_ok,16.0,decoded,1000.088
2026-09-27 03:54:51,idle,,7.6,none,1000.088
2026-09-27 03:54:54,time,bit_errors,16.3,decoded,1000.088
2026-09-27 03:54:57,idle,,7.4,none,1000.088
2026-09-27 03:55:00,other,,15.9,none,1000.088
2026-09-27 03:55:03,time,crc_ok,15.8,decoded,1000.088
2026-09-27 03:55:06,idle,,6.7,none,1000.088
2026-09-27 03:55:09,other,,15.7,failed,1000.088
2026-09-27 03:55:12,idle,,6.8,none,1000.088
2026-09-27 03:55:15,idle,,6.9,none,1000.088
2026-09-27 03:55:18,other,,16.4,none,1000.088
2026-09-27 03:55:21,other,,15.8,none,1000.088
2026-09-27 03:55:24,idle,,6.8,none,1000.088
2026-09-27 03:55:27,idle,,6.7,none,1000.088
2026-09-27 03:55:30,time,crc_ok,15.7,decoded,1000.088
2026-09-27 03:55:33,other,,15.9,none,1000.088
2026-09-27 03:55:36,other,,15.6,none,1000.088
2026-09-27 03:55:39,idle,,6.7,none,1000.088
2026-09-27 03:55:42,other,,16.2,none,1000.088
2026-09-27 03:55:45,time,bit_errors,15.5,decoded,1000.088
2026-09-27 03:55:48,idle,,7.2,none,1000.088
2026-09-27 03:55:51,time,crc_ok,15.0,decoded,1000.088
2026-09-27 03:55:54,idle,,7.2,none,1000.088
2026-09-27 03:55:57,idle,,7.1,none,1000.088
2026-09-27 03:56:00,idle,,6.8,none,1000.088
2026-09-27 03:56:03,time,crc_ok,15.8,decoded,1000.088
2026-09-27 03:56:06,other,,15.9,failed,1000.088
2026-09-27 03:56:09,time,crc_ok,16.0,decoded,1000.088
2026-09-27 03:56:12,time,crc_ok,15.8,decoded,1000.088
2026-09-27 03:56:15,idle,,6.6,none,1000.088
2026-09-27 03:56:18,other,,15.9,none,1000.088
2026-09-27 03:56:21,other,,15.5,failed,1000.088
2026-09-27 03:56:24,idle,,6.8,none,1000.088
2026-09-27 03:56:27,idle,,6.1,none,1000.088
2026-09-27 03:56:30,idle,,6.8,none,1000.088
2026-09-27 03:56:33,other,,15.2,none,1000.088
2026-09-27 03:56:36,idle,,6.3,none,1000.088
2026-09-27 03:56:39,time,crc_ok,15.9,decoded,1000.088
2026-09-27 03:56:42,idle,,5.9,none,1000.088
2026-09-27 03:56:45,idle,,5.8,none,1000.088
2026-09-27 03:56:48,idle,,5.9,none,1000.088
2026-09-27 03:56:51,idle,,6.0,none,1000.088
2026-09-27 03:56:54,idle,,6.0,none,1000.088
2026-09-27 03:56:57,idle,,6.8,none,1000.088
2026-09-27 03:57:00,time,bit_errors,14.7,decoded,1000.088
2026-09-27 03:57:03,time,crc_ok,15.8,decoded,1000.088
2026-09-27 03:57:06,idle,,6.7,none,1000.088
2026-09-27 03:57:09,other,,15.7,failed,1000.088
2026-09-27 03:57:12,idle,,6.6,none,1000.088
2026-09-27 03:57:15,idle,,7.0,none,1000.088
2026-09-27 03:57:18,idle,,6.7,none,1000.088
2026-09-27 03:57:21,idle,,6.0,none,1000.088
2026-09-27 03:57:24,idle,,6.1,none,1000.088
2026-09-27 03:57:27,idle,,6.3,none,1000.088
2026-09-27 03:57:30,time,crc_ok,15.5,decoded,1000.088
2026-09-27 03:57:33,other,,15.1,none,1000.088
2026-09-27 03:57:36,other,,15.4,none,1000.088
2026-09-27 03:57:39,other,,15.5,none,1000.088
2026-09-27 03:57:42,other,,15.9,none,1000.088
2026-09-27 03:57:45,idle,,6.2,none,1000.088
2026-09-27 03:57:48,other,,15.3,failed,1000.088
2026-09-27 03:57:51,other,,16.0,none,1000.088
2026-09-27 03:57:54,idle,,6.0,none,1000.088
2026-09-27 03:57:57,idle,,6.2,none,1000.088
2026-09-27 03:58:00,idle,,6.9,none,1000.088
2026-09-27 03:58:03,time,crc_ok,15.2,decoded,1000.088
2026-09-27 03:58:06,other,,16.0,none,1000.088
2026-09-27 03:58:09,idle,,6.4,none,1000.088
2026-09-27 03:58:12,idle,,6.6,none,1000.088
2026-09-27 03:58:15,idle,,6.3,none,1000.088
2026-09-27 03:58:18,idle,,5.7,none,1000.088
2026-09-27 03:58:21,idle,,6.7,none,1000.088
2026-09-27 03:58:24,idle,,6.3,none,1000.088
2026-09-27 03:58:27,time,bit_errors,15.6,decoded,1000.088
2026-09-27 03:58:30,idle,,6.4,none,1000.088
2026-09-27 03:58:33,other,,15.9,none,1000.088
2026-09-27 03:58:36,other,,16.1,none,1000.088
2026-09-27 03:58:39,idle,,6.8,none,1000.088
2026-09-27 03:58:42,idle,,6.2,none,1000.088
2026-09-27 03:58:45,idle,,6.8,none,1000.088
2026-09-27 03:58:48,other,,15.5,none,1000.088
2026-09-27 03:58:51,other,,15.7,failed,1000.088
2026-09-27 03:58:54,time,crc_ok,15.2,decoded,1000.088
2026-09-27 03:58:57,idle,,6.0,none,1000.088
2026-09-27 03:59:00,time,crc_ok,15.5,decoded,1000.088
2026-09-27 03:59:03,time,crc_ok,15.9,decoded,1000.088
2026-09-27 03:59:06,idle,,7.0,none,1000.088
2026-09-27 03:59:09,idle,,6.7,none,1000.088
2026-09-27 03:59:12,idle,,6.3,none,1000.088
2026-09-27 03:59:15,other,,15.6,none,1000.088
2026-09-27 03:59:18,other,,15.9,none,1000.088
2026-09-27 03:59:21,idle,,6.9,none,1000.088
2026-09-27 03:59:24,idle,,6.5,none,1000.088
2026-09-27 03:59:27,time,crc_ok,15.4,decoded,1000.088
2026-09-27 03:59:30,idle,,6.5,none,1000.088
2026-09-27 03:59:33,other,,16.0,none,1000.088
2026-09-27 03:59:36,idle,,6.5,none,1000.088
2026-09-27 03:59:39,other,,16.2,none,1000.088
2026-09-27 03:59:42,other,,15.9,none,1000.088
2026-09-27 03:59:45,idle,,6.7,none,1000.088
2026-09-27 03:59:48,other,,15.5,none,1000.088
2026-09-27 03:59:51,idle,,7.5,none,1000.088
2026-09-27 03:59:54,time,crc_ok,15.7,decoded,1000.088
2026-09-27 03:59:57,time,crc_ok,15.8,confirmed,1000.088
2026-09-27 04:00:00,idle,,6.8,none,1000.088
2026-09-27 04:00:03,time,crc_ok,15.3,decoded,1000.088
2026-09-27 04:00:06,idle,,6.3,none,1000.088
2026-09-27 04:00:09,other,,16.1,none,1000.088
2026-09-27 04:00:12,other,,15.4,none,1000.088
2026-09-27 04:00:15,idle,,6.8,none,1000.088
2026-09-27 04:00:18,time,crc_ok,15.1,confirmed,1000.088
2026-09-27 04:00:21,idle,,7.4,none,1000.088
2026-09-27 04:00:24,time,bit_errors,15.3,decoded,1000.088
2026-09-27 04:00:27,other,,15.7,failed,1000.088
2026-09-27 04:00:30,idle,,6.6,none,1000.088
2026-09-27 04:00:33,other,,15.7,none,1000.088
2026-09-27 04:00:36,idle,,6.3,none,1000.088
2026-09-27 04:00:39,idle,,6.3,none,1000.088
2026-09-27 04:00:42,idle,,6.7,none,1000.088
2026-09-27 04:00:45,other,,15.6,none,1000.088
2026-09-27 04:00:48,other,,16.0,failed,1000.088
2026-09-27 04:00:51,idle,,7.3,none,1000.088
2026-09-27 04:00:54,idle,,6.5,none,1000.088
2026-09-27 04:01:03,time,crc_ok,15.0,decoded,1000.088
2026-09-27 04:01:06,idle,,6.5,none,1000.088
2026-09-27 04:01:09,idle,,6.7,none,1000.088
2026-09-27 04:01:12,other,,15.8,none,1000.088
2026-09-27 04:01:15,time,crc_ok,14.9,decoded,1000.088
2026-09-27 04:01:18,time,crc_ok,15.1,decoded,1000.088
2026-09-27 04:01:21,idle,,7.2,none,1000.088
2026-09-27 04:01:24,idle,,7.2,none,1000.088
2026-09-27 04:01:27,idle,,7.5,none,1000.088
2026-09-27 04:01:30,other,,16.4,none,1000.088
2026-09-27 04:01:33,other,,15.7,none,1000.088
2026-09-27 04:01:36,time,crc_ok,15.6,decoded,1000.088
2026-09-27 04:01:39,idle,,7.0,none,1000.088
2026-09-27 04:01:42,time,crc_ok,15.8,decoded,1000.088
2026-09-27 04:01:45,other,,15.3,none,1000.088
2026-09-27 04:01:48,idle,,6.7,none,1000.088
2026-09-27 04:01:51,other,,14.7,none,1000.088
2026-09-27 04:01:54,idle,,6.6,none,1000.088
2026-09-27 04:01:57,idle,,6.3,none,1000.088
2026-09-27 04:02:00,idle,,6.1,none,1000.088
2026-09-27 04:02:03,time,crc_ok,15.2,decoded,1000.088
2026-09-27 04:02:06,other,,15.6,failed,1000.088
2026-09-27 04:02:09,other,,15.6,none,1000.088
2026-09-27 04:02:12,other,,15.8,failed,1000.088
2026-09-27 04:02:15,idle,,6.3,none,1000.088
2026-09-27 04:02:18,time,crc_ok,14.6,decoded,1000.088
2026-09-27 04:02:21,other,,15.2,none,1000.088
2026-09-27 04:02:24,idle,,6.8,none,1000.088
2026-09-27 04:02:27,time,crc_ok,15.0,decoded,1000.088
2026-09-27 04:02:30,idle,,6.4,none,1000.088
2026-09-27 04:02:33,other,,15.2,none,1000.088
2026-09-27 04:02:36,idle,,6.3,none,1000.088
2026-09-27 04:02:39,other,,15.5,failed,1000.088
2026-09-27 04:02:42,idle,,5.4,none,1000.088
2026-09-27 04:02:45,idle,,6.3,none,1000.088
2026-09-27 04:02:48,idle,,6.4,none,1000.088
2026-09-27 04:02:51,idle,,6.8,none,1000.088
2026-09-27 04:02:54,idle,,6.1,none,1000.088
2026-09-27 04:02:57,other,,15.4,none,1000.088
2026-09-27 04:03:00,other,,15.1,none,1000.088
2026-09-27 04:03:03,time,crc_ok,14.8,decoded,1000.088
2026-09-27 04:03:06,idle,,6.6,none,1000.088
2026-09-27 04:03:09,other,,15.2,none,1000.088
2026-09-27 04:03:12,idle,,6.0,none,1000.088
2026-09-27 04:03:15,idle,,5.7,none,1000.088
2026-09-27 04:03:18,idle,,5.5,none,1000.088
2026-09-27 04:03:21,idle,,5.5,none,1000.088
2026-09-27 04:03:24,idle,,5.4,none,1000.088
2026-09-27 04:03:27,other,,15.8,none,1000.088
2026-09-27 04:03:30,other,,15.3,failed,1000.088
2026-09-27 04:03:33,other,,14.8,none,1000.088
2026-09-27 04:03:36,other,,15.8,none,1000.088
2026-09-27 04:03:39,time,crc_ok,14.5,confirmed,1000.088
2026-09-27 04:03:42,time,crc_ok,14.5,decoded,1000.088
2026-09-27 04:03:45,idle,,5.4,none,1000.088
2026-09-27 04:03:48,time,crc_ok,15.2,decoded,1000.088
2026-09-27 04:03:51,other,,15.3,none,1000.088
2026-09-27 04:03:54,idle,,6.0,none,1000.088
2026-09-27 04:03:57,other,,15.8,none,1000.088
2026-09-27 04:04:00,idle,,6.2,none,1000.088
2026-09-27 04:04:03,time,bit_errors,14.3,decoded,1000.088
2026-09-27 04:04:06,other,,15.1,failed,1000.088
2026-09-27 04:04:09,idle,,5.4,none,1000.088
2026-09-27 04:04:12,other,,15.3,none,1000.088
2026-09-27 04:04:15,time,crc_ok,14.3,decoded,1000.088
2026-09-27 04:04:18,idle,,5.8,none,1000.088
2026-09-27 04:04:21,idle,,5.8,none,1000.088
2026-09-27 04:04:24,idle,,6.0,none,1000.088
2026-09-27 04:04:27,time,crc_ok,15.1,decoded,1000.088
2026-09-27 04:04:30,idle,,5.9,none,1000.088
2026-09-27 04:04:33,other,,15.6,none,1000.088
2026-09-27 04:04:36,other,,15.6,none,1000.088
2026-09-27 04:04:39,idle,,6.3,none,1000.088
2026-09-27 04:04:42,idle,,6.4,none,1000.088
2026-09-27 04:04:45,idle,,6.7,none,1000.088
2026-09-27 04:04:48,other,,16.0,failed,1000.088
2026-09-27 04:04:51,time,bit_errors,15.5,confirmed,1000.088
2026-09-27 04:04:54,time,crc_ok,15.2,decoded,1000.088
2026-09-27 04:04:57,idle,,6.4,none,1000.088
2026-09-27 04:05:00,time,crc_ok,15.7,decoded,1000.088
2026-09-27 04:05:03,time,bit_errors,15.1,decoded,1000.088
2026-09-27 04:05:06,other,,15.4,none,1000.088
2026-09-27 04:05:09,idle,,5.7,none,1000.088
2026-09-27 04:05:12,other,,16.0,none,1000.088
2026-09-27 04:05:15,other,,15.5,none,1000.088
2026-09-27 04:05:18,time,crc_ok,14.8,confirmed,1000.088
2026-09-27 04:05:21,idle,,5.6,none,1000.088
2026-09-27 04:05:24,idle,,5.8,none,1000.088
2026-09-27 04:05:27,idle,,6.2,none,1000.088
2026-09-27 04:05:30,idle,,6.0,none,1000.088
2026-09-27 04:05:33,other,,15.5,none,1000.088
2026-09-27 04:05:36,idle,,5.9,none,1000.088
2026-09-27 04:05:39,other,,15.3,none,1000.088
2026-09-27 04:05:42,other,,15.2,failed,1000.088
2026-09-27 04:05:45,other,,15.0,none,1000.088
2026-09-27 04:05:48,idle,,5.5,none,1000.088
2026-09-27 04:05:51,idle,,5.9,none,1000.088
2026-09-27 04:05:54,time,crc_ok,15.0,decoded,1000.088
2026-09-27 04:05:57,other,,15.4,none,1000.088
2026-09-27 04:06:00,idle,,6.1,none,1000.088
2026-09-27 04:06:03,time,bit_errors,14.7,decoded,1000.088
2026-09-27 04:06:06,idle,,5.2,none,1000.088
2026-09-27 04:06:09,other,,14.9,none,1000.088
2026-09-27 04:06:12,other,,15.2,none,1000.088
2026-09-27 04:06:15,time,bit_errors,13.6,decoded,1000.088
2026-09-27 04:06:18,idle,,5.1,none,1000.088
2026-09-27 04:06:21,idle,,5.3,none,1000.088
2026-09-27 04:06:24,other,,15.1,none,1000.088
2026-09-27 04:06:27,other,,14.9,none,1000.088
2026-09-27 04:06:30,idle,,5.8,none,1000.088
2026-09-27 04:06:33,other,,15.1,none,1000.088
2026-09-27 04:06:36,other,,15.2,none,1000.088
2026-09-27 04:06:39,idle,,5.5,none,1000.088
2026-09-27 04:06:42,other,,14.9,none,1000.088
2026-09-27 04:06:45,other,,14.9,none,1000.088
2026-09-27 04:06:48,other,,15.4,none,1000.088
2026-09-27 04:06:51,idle,,5.7,none,1000.088
2026-09-27 04:06:54,idle,,5.4,none,1000.088
2026-09-27 04:06:57,idle,,5.9,none,1000.088
2026-09-27 04:07:00,idle,,6.2,none,1000.088
2026-09-27 04:07:03,time,bit_errors,15.0,decoded,1000.088
2026-09-27 04:07:06,idle,,6.2,none,1000.088
2026-09-27 04:07:09,idle,,6.2,none,1000.088
2026-09-27 04:07:12,other,,15.6,none,1000.088
2026-09-27 04:07:15,idle,,5.9,none,1000.088
2026-09-27 04:07:18,other,,15.6,none,1000.088
2026-09-27 04:07:21,idle,,5.8,none,1000.088
2026-09-27 04:07:24,idle,,6.2,none,1000.088
2026-09-27 04:07:27,idle,,5.7,none,1000.088
2026-09-27 04:07:30,idle,,6.1,none,1000.088
2026-09-27 04:07:33,other,,15.1,none,1000.088
2026-09-27 04:07:36,time,crc_ok,14.9,decoded,1000.088
2026-09-27 04:07:39,other,,15.2,none,1000.088
2026-09-27 04:07:42,time,crc_ok,15.7,decoded,1000.088
2026-09-27 04:07:45,time,crc_ok,14.1,confirmed,1000.088
2026-09-27 04:07:48,other,,16.0,none,1000.088
2026-09-27 04:07:51,other,,15.4,none,1000.088
2026-09-27 04:07:54,idle,,5.8,none,1000.088
2026-09-27 04:07:57,idle,,6.6,none,1000.088
2026-09-27 04:08:00,time,bit_errors,15.0,decoded,1000.088
2026-09-27 04:08:03,time,crc_ok,14.8,confirmed,1000.088
2026-09-27 04:08:06,idle,,5.9,none,1000.088
2026-09-27 04:08:09,other,,15.2,none,1000.088
2026-09-27 04:08:12,idle,,5.7,none,1000.088
2026-09-27 04:08:15,other,,15.5,none,1000.088
2026-09-27 04:08:18,idle,,5.8,none,1000.088
2026-09-27 04:08:21,idle,,6.2,none,1000.088
2026-09-27 04:08:24,other,,16.1,none,1000.088
2026-09-27 04:08:27,other,,15.6,none,1000.088
2026-09-27 04:08:30,other,,15.9,none,1000.088
2026-09-27 04:08:33,other,,15.0,none,1000.088
2026-09-27 04:08:36,idle,,5.6,none,1000.088
2026-09-27 04:08:39,time,bit_errors,14.8,decoded,1000.088
2026-09-27 04:08:42,idle,,5.8,none,1000.088
2026-09-27 04:08:45,other,,15.3,none,1000.088
2026-09-27 04:08:48,other,,15.3,none,1000.088
2026-09-27 04:08:51,time,bit_errors,15.4,decoded,1000.088
2026-09-27 04:08:54,idle,,4.7,none,1000.088
2026-09-27 04:08:57,idle,,5.0,none,1000.088
2026-09-27 04:09:00,idle,,5.7,none,1000.088
2026-09-27 04:09:03,time,crc_ok,14.7,decoded,1000.088
2026-09-27 04:09:06,idle,,6.0,none,1000.088
2026-09-27 04:09:09,other,,15.4,none,1000.088
2026-09-27 04:09:12,idle,,5.3,none,1000.088
2026-09-27 04:09:15,other,,15.3,none,1000.088
2026-09-27 04:09:18,time,crc_ok,14.3,decoded,1000.088
2026-09-27 04:09:21,other,,15.4,failed,1000.088
2026-09-27 04:09:24,idle,,5.3,none,1000.088
2026-09-27 04:09:27,idle,,5.2,none,1000.088
2026-09-27 04:09:30,idle,,5.3,none,1000.088
2026-09-27 04:09:33,other,,14.9,none,1000.088
2026-09-27 04:09:36,idle,,5.5,none,1000.088
2026-09-27 04:09:39,other,,14.9,none,1000.088
2026-09-27 04:09:42,idle,,5.5,none,1000.088
2026-09-27 04:09:45,time,bit_errors,14.7,decoded,1000.088
2026-09-27 04:09:48,idle,,5.5,none,1000.088
2026-09-27 04:09:51,idle,,5.5,none,1000.088
2026-09-27 04:09:54,other,,14.6,none,1000.088
2026-09-27 04:09:57,time,crc_ok,13.9,decoded,1000.088
2026-09-27 04:10:00,other,,15.0,failed,1000.088
2026-09-27 04:10:03,time,crc_ok,14.5,decoded,1000.088
2026-09-27 04:10:06,idle,,4.9,none,1000.088
2026-09-27 04:10:09,other,,15.5,none,1000.088
2026-09-27 04:10:12,idle,,5.3,none,1000.088
2026-09-27 04:10:15,other,,14.4,none,1000.088
2026-09-27 04:10:18,idle,,5.6,none,1000.088
2026-09-27 04:10:21,other,,14.7,none,1000.088
2026-09-27 04:10:24,time,crc_ok,14.5,decoded,1000.088
2026-09-27 04:10:27,idle,,5.7,none,1000.088
2026-09-27 04:10:30,other,,15.2,none,1000.088
2026-09-27 04:10:33,other,,15.2,none,1000.088
2026-09-27 04:10:36,idle,,5.8,none,1000.088
2026-09-27 04:10:39,other,,15.4,none,1000.088
2026-09-27 04:10:42,other,,15.3,none,1000.088
2026-09-27 04:10:45,idle,,5.7,none,1000.088
2026-09-27 04:10:48,idle,,5.7,none,1000.088
2026-09-27 04:10:51,other,,15.2,none,1000.088
2026-09-27 04:10:54,time,crc_ok,14.9,decoded,1000.088
2026-09-27 04:11:03,time,crc_ok,14.9,failed,1000.088
2026-09-27 04:11:06,idle,,5.0,none,1000.088
2026-09-27 04:11:09,other,,15.1,none,1000.088
2026-09-27 04:11:12,idle,,5.7,none,1000.088
2026-09-27 04:11:15,other,,14.8,none,1000.088
2026-09-27 04:11:18,idle,,6.2,none,1000.088
2026-09-27 04:11:21,idle,,5.4,none,1000.088
2026-09-27 04:11:24,idle,,5.4,none,1000.088
2026-09-27 04:11:27,idle,,5.4,none,1000.088
2026-09-27 04:11:30,idle,,5.5,none,1000.088
2026-09-27 04:11:33,other,,15.2,none,1000.088
2026-09-27 04:11:36,idle,,6.5,none,1000.088
2026-09-27 04:11:39,other,,15.7,none,1000.088
2026-09-27 04:11:42,idle,,5.8,none,1000.088
2026-09-27 04:11:45,time,crc_ok,13.6,decoded,1000.088
2026-09-27 04:11:48,time,crc_ok,15.4,decoded,1000.088
2026-09-27 04:11:51,other,,14.9,none,1000.088
2026-09-27 04:11:54,time,crc_ok,15.1,decoded,1000.088
2026-09-27 04:11:57,other,,15.4,failed,1000.088
2026-09-27 04:12:00,idle,,6.2,none,1000.088
2026-09-27 04:12:03,time,crc_ok,14.3,decoded,1000.088
2026-09-27 04:12:06,idle,,5.9,none,1000.088
2026-09-27 04:12:09,other,,15.8,none,1000.088
2026-09-27 04:12:12,idle,,5.6,none,1000.088
2026-09-27 04:12:15,other,,16.1,none,1000.088
2026-09-27 04:12:18,other,,15.9,none,1000.088
2026-09-27 04:12:21,time,crc_ok,15.2,decoded,1000.088
2026-09-27 04:12:24,time,crc_ok,14.5,decoded,1000.088
2026-09-27 04:12:27,time,bit_errors,14.6,confirmed,1000.088
2026-09-27 04:12:30,idle,,5.9,none,1000.088
2026-09-27 04:12:33,other,,15.5,none,1000.088
2026-09-27 04:12:36,idle,,7.1,none,1000.088
2026-09-27 04:12:39,other,,15.4,none,1000.088
2026-09-27 04:12:42,idle,,7.0,none,1000.088
2026-09-27 04:12:45,other,,15.8,failed,1000.088
2026-09-27 04:12:48,idle,,6.8,none,1000.088
2026-09-27 04:12:51,idle,,6.3,none,1000.088
2026-09-27 04:12:54,idle,,6.7,none,1000.088
2026-09-27 04:12:57,idle,,6.5,none,1000.088
2026-09-27 04:13:00,idle,,6.4,none,1000.088
2026-09-27 04:13:03,time,crc_ok,15.7,decoded,1000.088
2026-09-27 04:13:06,idle,,6.3,none,1000.088
2026-09-27 04:13:09,idle,,6.5,none,1000.088
2026-09-27 04:13:12,other,,15.3,none,1000.088
2026-09-27 04:13:15,idle,,7.0,none,1000.088
2026-09-27 04:13:18,other,,16.1,none,1000.088
2026-09-27 04:13:21,idle,,6.6,none,1000.088
2026-09-27 04:13:24,other,,15.7,none,1000.088
2026-09-27 04:13:27,idle,,6.4,none,1000.088
2026-09-27 04:13:30,other,,15.4,none,1000.088
2026-09-27 04:13:33,other,,15.0,none,1000.088
2026-09-27 04:13:36,idle,,6.9,none,1000.088
2026-09-27 04:13:39,other,,16.2,none,1000.088
2026-09-27 04:13:42,other,,15.8,none,1000.088
2026-09-27 04:13:45,idle,,6.0,none,1000.088
2026-09-27 04:13:48,idle,,6.4,none,1000.088
2026-09-27 04:13:51,other,,16.0,none,1000.088
2026-09-27 04:13:54,time,crc_ok,15.2,confirmed,1000.088
2026-09-27 04:13:57,idle,,6.7,none,1000.088
2026-09-27 04:14:00,idle,,6.8,none,1000.088
2026-09-27 04:14:03,time,crc_ok,15.0,decoded,1000.088
2026-09-27 04:14:06,idle,,6.1,none,1000.088
2026-09-27 04:14:09,other,,15.7,failed,1000.088
2026-09-27 04:14:12,idle,,6.2,none,1000.088
2026-09-27 04:14:15,other,,15.4,none,1000.088
2026-09-27 04:14:18,idle,,6.9,none,1000.088
2026-09-27 04:14:21,idle,,6.2,none,1000.088
2026-09-27 04:14:24,other,,15.7,none,1000.088
2026-09-27 04:14:27,other,,15.2,none,1000.088
2026-09-27 04:14:30,idle,,6.3,none,1000.088
2026-09-27 04:14:33,other,,15.2,none,1000.088
2026-09-27 04:14:36,idle,,6.4,none,1000.088
2026-09-27 04:14:39,other,,16.1,none,1000.088
2026-09-27 04:14:42,idle,,6.1,none,1000.088
2026-09-27 04:14:45,time,crc_ok,15.2,decoded,1000.088
2026-09-27 04:14:48,other,,15.1,none,1000.088
2026-09-27 04:14:51,time,crc_ok,15.3,decoded,1000.088
2026-09-27 04:14:54,time,bit_errors,15.1,none,1000.088
2026-09-27 04:14:57,idle,,6.6,none,1000.088
2026-09-27 04:15:00,time,crc_ok,14.5,decoded,1000.088
2026-09-27 04:15:03,time,bit_errors,14.6,decoded,1000.088
2026-09-27 04:15:06,idle,,6.4,none,1000.088
2026-09-27 04:15:09,other,,15.6,failed,1000.088
2026-09-27 04:15:12,idle,,6.6,none,1000.088
2026-09-27 04:15:15,other,,15.5,none,1000.088
2026-09-27 04:15:18,other,,15.1,none,1000.088
2026-09-27 04:15:21,other,,16.1,none,1000.088
2026-09-27 04:15:24,other,,16.1,none,1000.088
2026-09-27 04:15:27,idle,,6.9,none,1000.088
2026-09-27 04:15:30,other,,16.8,none,1000.088
2026-09-27 04:15:33,other,,15.4,none,1000.088
2026-09-27 04:15:36,idle,,6.9,none,1000.088
2026-09-27 04:15:39,other,,16.6,none,1000.088
2026-09-27 04:15:42,idle,,7.4,none,1000.088
2026-09-27 04:15:45,other,,15.9,none,1000.088
2026-09-27 04:15:48,idle,,6.6,none,1000.088
2026-09-27 04:15:51,idle,,6.7,none,1000.088
2026-09-27 04:15:54,other,,15.7,none,1000.088
2026-09-27 04:15:57,time,bit_errors,15.1,decoded,1000.088
2026-09-27 04:16:00,idle,,6.4,none,1000.088
2026-09-27 04:16:03,time,crc_ok,15.0,decoded,1000.088
2026-09-27 04:16:06,other,,15.3,none,1000.088
2026-09-27 04:16:09,idle,,6.4,none,1000.088
2026-09-27 04:16:12,idle,,6.6,none,1000.088
2026-09-27 04:16:15,other,,16.0,none,1000.088
2026-09-27 04:16:18,other,,15.8,none,1000.088
2026-09-27 04:16:21,other,,16.3,none,1000.088
2026-09-27 04:16:24,other,,15.1,none,1000.088
2026-09-27 04:16:27,idle,,7.0,none,1000.088
2026-09-27 04:16:30,other,,15.5,none,1000.088
2026-09-27 04:16:33,other,,15.7,none,1000.088
2026-09-27 04:16:36,idle,,6.5,none,1000.088
2026-09-27 04:16:39,other,,16.0,none,1000.088
2026-09-27 04:16:42,other,,16.3,none,1000.088
2026-09-27 04:16:45,idle,,6.4,none,1000.088
2026-09-27 04:16:48,idle,,6.8,none,1000.088
2026-09-27 04:16:51,time,bit_errors,15.5,decoded,1000.088
2026-09-27 04:16:54,time,bit_errors,15.2,decoded,1000.088
2026-09-27 04:16:57,idle,,7.2,none,1000.088
2026-09-27 04:17:00,idle,,6.7,none,1000.088
2026-09-27 04:17:03,time,crc_ok,15.6,decoded,1000.088
2026-09-27 04:17:06,other,,16.1,failed,1000.088
2026-09-27 04:17:09,other,,14.9,none,1000.088
2026-09-27 04:17:12,other,,16.1,none,1000.088
2026-09-27 04:17:15,idle,,6.5,none,1000.088
2026-09-27 04:17:18,other,,15.2,none,1000.088
2026-09-27 04:17:21,other,,16.1,none,1000.088
2026-09-27 04:17:24,idle,,6.4,none,1000.088
2026-09-27 04:17:27,idle,,6.5,none,1000.088
2026-09-27 04:17:30,other,,16.0,none,1000.088
2026-09-27 04:17:33,other,,15.4,failed,1000.088
2026-09-27 04:17:36,idle,,6.7,none,1000.088
2026-09-27 04:17:39,other,,15.7,failed,1000.088
2026-09-27 04:17:42,idle,,7.2,none,1000.088
2026-09-27 04:17:45,idle,,7.0,none,1000.088
2026-09-27 04:17:48,idle,,6.5,none,1000.088
2026-09-27 04:17:51,idle,,6.3,none,1000.088
2026-09-27 04:17:54,other,,15.2,none,1000.088
2026-09-27 04:17:57,other,,14.8,none,1000.088
2026-09-27 04:18:00,other,,15.7,none,1000.088
2026-09-27 04:18:03,time,crc_ok,15.0,decoded,1000.088
2026-09-27 04:18:06,idle,,6.4,none,1000.088
2026-09-27 04:18:09,other,,15.3,none,1000.088
2026-09-27 04:18:12,idle,,5.8,none,1000.088
2026-09-27 04:18:15,idle,,6.7,none,1000.088
2026-09-27 04:18:18,idle,,6.2,none,1000.088
2026-09-27 04:18:21,idle,,7.3,none,1000.088
2026-09-27 04:18:24,other,,15.6,failed,1000.088
2026-09-27 04:18:27,other,,15.8,none,1000.088
2026-09-27 04:18:30,other,,15.0,none,1000.088
2026-09-27 04:18:33,other,,15.5,none,1000.088
2026-09-27 04:18:36,other,,15.3,none,1000.088
2026-09-27 04:18:39,other,,15.5,none,1000.088
2026-09-27 04:18:42,other,,16.1,none,1000.088
2026-09-27 04:18:45,idle,,6.4,none,1000.088
2026-09-27 04:18:48,other,,16.0,none,1000.088
2026-09-27 04:18:51,other,,15.6,none,1000.088
2026-09-27 04:18:54,idle,,6.7,none,1000.088
2026-09-27 04:18:57,idle,,6.3,none,1000.088
2026-09-27 04:19:00,time,crc_ok,15.4,decoded,1000.088
2026-09-27 04:19:03,time,bit_errors,15.3,decoded,1000.088
2026-09-27 04:19:06,other,,16.1,failed,1000.088
2026-09-27 04:19:09,other,,15.7,none,1000.088
2026-09-27 04:19:12,other,,15.5,none,1000.088
2026-09-27 04:19:15,idle,,6.3,none,1000.088
2026-09-27 04:19:18,other,,15.9,none,1000.088
2026-09-27 04:19:21,idle,,6.1,none,1000.088
2026-09-27 04:19:24,idle,,6.5,none,1000.088
2026-09-27 04:19:27,time,crc_ok,14.3,decoded,1000.088
2026-09-27 04:19:30,idle,,6.4,none,1000.088
2026-09-27 04:19:33,other,,15.5,none,1000.088
2026-09-27 04:19:36,time,bit_errors,14.9,decoded,1000.088
2026-09-27 04:19:39,idle,,6.5,none,1000.088
2026-09-27 04:19:42,idle,,7.1,none,1000.088
2026-09-27 04:19:45,idle,,6.7,none,1000.088
2026-09-27 04:19:48,time,crc_ok,14.7,decoded,1000.088
2026-09-27 04:19:51,time,crc_ok,14.7,decoded,1000.088
2026-09-27 04:19:54,other,,15.4,none,1000.088
2026-09-27 04:19:57,idle,,6.3,none,1000.088
2026-09-27 04:20:00,other,,15.7,none,1000.088
2026-09-27 04:20:03,time,bit_errors,14.3,confirmed,1000.088
2026-09-27 04:20:06,other,,15.4,none,1000.088
2026-09-27 04:20:09,idle,,6.6,none,1000.088
2026-09-27 04:20:12,other,,15.1,none,1000.088
2026-09-27 04:20:15,other,,16.1,none,1000.088
2026-09-27 04:20:18,other,,15.8,none,1000.088
2026-09-27 04:20:21,idle,,6.3,none,1000.088
2026-09-27 04:20:24,other,,15.7,none,1000.088
2026-09-27 04:20:27,other,,14.6,none,1000.088
2026-09-27 04:20:30,idle,,5.7,none,1000.088
2026-09-27 04:20:33,other,,15.0,none,1000.088
2026-09-27 04:20:36,idle,,5.8,none,1000.088
2026-09-27 04:20:39,other,,16.3,none,1000.088
2026-09-27 04:20:42,other,,15.7,none,1000.088
2026-09-27 04:20:45,other,,15.7,none,1000.088
2026-09-27 04:20:48,idle,,6.5,none,1000.088
2026-09-27 04:20:51,idle,,6.7,none,1000.088
2026-09-27 04:20:54,idle,,6.5,none,1000.088
2026-09-27 04:21:03,time,crc_ok,15.4,decoded,1000.089
2026-09-27 04:21:06,idle,,6.5,none,1000.089
2026-09-27 04:21:09,other,,15.3,none,1000.089
2026-09-27 04:21:12,other,,14.9,none,1000.089
2026-09-27 04:21:15,other,,15.5,none,1000.089
2026-09-27 04:21:18,idle,,6.5,none,1000.089
2026-09-27 04:21:21,idle,,6.2,none,1000.089
2026-09-27 04:21:24,idle,,6.8,none,1000.089
2026-09-27 04:21:27,idle,,6.3,none,1000.089
2026-09-27 04:21:30,other,,15.5,none,1000.089
2026-09-27 04:21:33,unclear,,15.5,none,1000.089
2026-09-27 04:21:36,other,,15.8,none,1000.089
2026-09-27 04:21:39,idle,,6.3,none,1000.089
2026-09-27 04:21:42,other,,15.8,failed,1000.089
2026-09-27 04:21:45,other,,16.0,none,1000.089
2026-09-27 04:21:48,other,,15.6,failed,1000.089
2026-09-27 04:21:51,idle,,6.3,none,1000.089
2026-09-27 04:21:54,time,crc_ok,14.7,decoded,1000.089
2026-09-27 04:21:57,time,crc_ok,15.2,decoded,1000.089
2026-09-27 04:22:00,idle,,5.6,none,1000.089
2026-09-27 04:22:03,time,crc_ok,14.9,decoded,1000.089
2026-09-27 04:22:06,other,,15.7,failed,1000.089
2026-09-27 04:22:09,idle,,6.4,none,1000.089
2026-09-27 04:22:12,idle,,6.5,none,1000.089
2026-09-27 04:22:15,other,,15.0,none,1000.089
2026-09-27 04:22:18,idle,,6.2,none,1000.089
2026-09-27 04:22:21,other,,15.5,none,1000.089
2026-09-27 04:22:24,idle,,6.3,none,1000.089
2026-09-27 04:22:27,idle,,6.3,none,1000.089
2026-09-27 04:22:30,idle,,6.2,none,1000.089
2026-09-27 04:22:33,other,,15.5,none,1000.089
2026-09-27 04:22:36,other,,14.8,none,1000.089
2026-09-27 04:22:39,time,crc_ok,15.0,decoded,1000.089
2026-09-27 04:22:42,other,,15.3,none,1000.089
2026-09-27 04:22:45,time,bit_errors,15.3,confirmed,1000.089
2026-09-27 04:22:48,other,,15.7,none,1000.089
2026-09-27 04:22:51,time,crc_ok,14.5,decoded,1000.089
2026-09-27 04:22:54,idle,,6.2,none,1000.089
2026-09-27 04:22:57,idle,,6.4,none,1000.089
2026-09-27 04:23:00,other,,15.3,none,1000.089
2026-09-27 04:23:03,time,crc_ok,14.9,confirmed,1000.089
2026-09-27 04:23:06,idle,,6.3,none,1000.089
2026-09-27 04:23:09,other,,15.0,none,1000.089
2026-09-27 04:23:12,idle,,6.2,none,1000.089
2026-09-27 04:23:15,other,,15.4,none,1000.089
2026-09-27 04:23:18,idle,,5.9,none,1000.089
2026-09-27 04:23:21,idle,,6.6,none,1000.089
2026-09-27 04:23:24,other,,15.9,none,1000.089
2026-09-27 04:23:27,other,,15.1,none,1000.089
2026-09-27 04:23:30,idle,,5.7,none,1000.089
2026-09-27 04:23:33,other,,15.6,none,1000.089
2026-09-27 04:23:36,idle,,5.9,none,1000.089
2026-09-27 04:23:39,other,,14.6,none,1000.089
2026-09-27 04:23:42,idle,,4.9,none,1000.089
2026-09-27 04:23:45,other,,15.8,none,1000.089
2026-09-27 04:23:48,other,,15.7,none,1000.089
2026-09-27 04:23:51,other,,15.6,none,1000.089
2026-09-27 04:23:54,other,,15.5,none,1000.089
2026-09-27 04:23:57,other,,14.8,none,1000.089
2026-09-27 04:24:00,idle,,6.0,none,1000.089
2026-09-27 04:24:03,time,bit_errors,13.8,decoded,1000.089
2026-09-27 04:24:06,idle,,5.6,none,1000.089
2026-09-27 04:24:09,other,,15.5,none,1000.089
2026-09-27 04:24:12,idle,,6.9,none,1000.089
2026-09-27 04:24:15,other,,15.7,none,1000.089
2026-09-27 04:24:18,other,,16.0,none,1000.089
2026-09-27 04:24:21,other,,15.4,none,1000.089
2026-09-27 04:24:24,other,,15.4,failed,1000.089
2026-09-27 04:24:27,other,,15.6,none,1000.089
2026-09-27 04:24:30,idle,,5.4,none,1000.089
2026-09-27 04:24:33,other,,15.1,none,1000.089
2026-09-27 04:24:36,idle,,5.9,none,1000.089
2026-09-27 04:24:39,other,,15.4,none,1000.089
2026-09-27 04:24:42,idle,,5.7,none,1000.089
2026-09-27 04:24:45,other,,15.8,none,1000.089
2026-09-27 04:24:48,idle,,5.8,none,1000.089
2026-09-27 04:24:51,idle,,5.8,none,1000.089
2026-09-27 04:24:54,time,crc_ok,15.1,decoded,1000.089
2026-09-27 04:24:57,time,crc_ok,14.7,decoded,1000.089
2026-09-27 04:25:00,idle,,5.5,none,1000.089
2026-09-27 04:25:03,time,crc_ok,14.9,decoded,1000.089
2026-09-27 04:25:06,idle,,6.1,none,1000.089
2026-09-27 04:25:09,idle,,5.6,none,1000.089
2026-09-27 04:25:12,other,,15.6,none,1000.089
2026-09-27 04:25:15,other,,15.4,none,1000.089
2026-09-27 04:25:18,other,,15.8,none,1000.089
2026-09-27 04:25:21,other,,15.4,none,1000.089
2026-09-27 04:25:24,other,,15.6,none,1000.089
2026-09-27 04:25:27,idle,,6.8,none,1000.089
2026-09-27 04:25:30,other,,15.3,none,1000.089
2026-09-27 04:25:33,other,,15.4,none,1000.089
2026-09-27 04:25:36,idle,,6.5,none,1000.089
2026-09-27 04:25:39,other,,14.5,none,1000.089
2026-09-27 04:25:42,other,,15.4,none,1000.089
2026-09-27 04:25:45,idle,,5.8,none,1000.089
2026-09-27 04:25:48,idle,,5.6,none,1000.089
2026-09-27 04:25:51,other,,15.7,none,1000.089
2026-09-27 04:25:54,other,,15.8,none,1000.089
2026-09-27 04:25:57,idle,,5.9,none,1000.089
2026-09-27 04:26:00,idle,,6.1,none,1000.089
2026-09-27 04:26:03,time,bit_errors,14.8,decoded,1000.089
2026-09-27 04:26:06,idle,,6.0,none,1000.089
2026-09-27 04:26:09,other,,15.5,none,1000.089
2026-09-27 04:26:12,idle,,6.1,none,1000.089
2026-09-27 04:26:15,other,,14.9,none,1000.089
2026-09-27 04:26:18,idle,,6.6,none,1000.089
2026-09-27 04:26:21,idle,,6.1,none,1000.089
2026-09-27 04:26:24,idle,,6.1,none,1000.089
2026-09-27 04:26:27,idle,,6.1,none,1000.089
2026-09-27 04:26:30,other,,15.8,none,1000.089
2026-09-27 04:26:33,other,,15.8,none,1000.089
2026-09-27 04:26:36,idle,,6.4,none,1000.089
2026-09-27 04:26:39,other,,15.7,none,1000.089
2026-09-27 04:26:42,idle,,6.9,none,1000.089
2026-09-27 04:26:45,other,,15.5,none,1000.089
2026-09-27 04:26:48,time,crc_ok,14.5,decoded,1000.089
2026-09-27 04:26:51,other,,15.8,failed,1000.089
2026-09-27 04:26:54,time,crc_ok,15.1,decoded,1000.089
2026-09-27 04:26:57,time,crc_ok,15.2,decoded,1000.089
2026-09-27 04:27:00,idle,,6.1,none,1000.089
2026-09-27 04:27:03,time,crc_ok,15.5,decoded,1000.089
2026-09-27 04:27:06,idle,,6.8,none,1000.089
2026-09-27 04:27:09,other,,15.4,none,1000.089
2026-09-27 04:27:12,idle,,6.4,none,1000.089
2026-09-27 04:27:15,other,,15.5,none,1000.089
2026-09-27 04:27:18,other,,15.4,none,1000.089
2026-09-27 04:27:21,time,crc_ok,14.2,decoded,1000.089
2026-09-27 04:27:24,time,crc_ok,15.1,decoded,1000.089
2026-09-27 04:27:27,time,crc_ok,14.7,confirmed,1000.089
2026-09-27 04:27:30,idle,,6.4,none,1000.089
2026-09-27 04:27:33,other,,16.0,none,1000.089
2026-09-27 04:27:36,idle,,6.3,none,1000.089
2026-09-27 04:27:39,time,bit_errors,15.1,none,1000.089
2026-09-27 04:27:42,idle,,6.3,none,1000.089
2026-09-27 04:27:45,other,,15.8,none,1000.089
2026-09-27 04:27:48,idle,,6.3,none,1000.089
2026-09-27 04:27:51,idle,,6.1,none,1000.089
2026-09-27 04:27:54,idle,,6.3,none,1000.089
2026-09-27 04:27:57,idle,,6.2,none,1000.089
2026-09-27 04:28:00,other,,15.6,none,1000.089
2026-09-27 04:28:03,time,bit_errors,14.9,decoded,1000.089
2026-09-27 04:28:06,idle,,6.1,none,1000.089
2026-09-27 04:28:09,other,,15.5,none,1000.089
2026-09-27 04:28:12,other,,15.5,none,1000.089
2026-09-27 04:28:15,idle,,6.2,none,1000.089
2026-09-27 04:28:18,other,,15.7,none,1000.089
2026-09-27 04:28:21,idle,,6.6,none,1000.089
2026-09-27 04:28:24,other,,15.9,none,1000.089
2026-09-27 04:28:27,idle,,6.1,none,1000.089
2026-09-27 04:28:30,other,,15.5,none,1000.089
2026-09-27 04:28:33,other,,15.0,none,1000.089
2026-09-27 04:28:36,idle,,6.3,none,1000.089
2026-09-27 04:28:39,other,,15.8,none,1000.089
2026-09-27 04:28:42,other,,15.2,none,1000.089
2026-09-27 04:28:45,idle,,5.8,none,1000.089
2026-09-27 04:28:48,idle,,6.4,none,1000.089
2026-09-27 04:28:51,other,,15.8,none,1000.089
2026-09-27 04:28:54,other,,15.2,none,1000.089
2026-09-27 04:28:57,idle,,6.9,none,1000.089
2026-09-27 04:29:00,idle,,6.3,none,1000.089
2026-09-27 04:29:03,time,crc_ok,15.0,decoded,1000.089
2026-09-27 04:29:06,idle,,6.4,none,1000.089
2026-09-27 04:29:09,idle,,5.7,none,1000.089
2026-09-27 04:29:12,idle,,6.2,none,1000.089
2026-09-27 04:29:15,other,,15.9,failed,1000.089
2026-09-27 04:29:18,other,,15.8,none,1000.089
2026-09-27 04:29:21,idle,,6.3,none,1000.089
2026-09-27 04:29:24,idle,,6.1,none,1000.089
2026-09-27 04:29:27,other,,15.3,none,1000.089
2026-09-27 04:29:30,other,,15.5,failed,1000.089
2026-09-27 04:29:33,other,,15.9,none,1000.089
2026-09-27 04:29:36,idle,,6.1,none,1000.089
2026-09-27 04:29:39,other,,15.7,none,1000.089
2026-09-27 04:29:42,other,,15.5,none,1000.089
2026-09-27 04:29:45,idle,,5.9,none,1000.089
2026-09-27 04:29:48,other,,16.2,none,1000.089
2026-09-27 04:29:51,idle,,6.6,none,1000.089
2026-09-27 04:29:54,other,,15.8,none,1000.089
2026-09-27 04:29:57,other,,16.2,none,1000.089
2026-09-27 04:30:00,other,,15.3,none,1000.089
2026-09-27 04:30:03,time,crc_ok,15.1,confirmed,1000.089
2026-09-27 04:30:06,idle,,6.1,none,1000.089
2026-09-27 04:30:09,other,,15.1,none,1000.089
2026-09-27 04:30:12,other,,15.4,none,1000.089
2026-09-27 04:30:15,idle,,6.2,none,1000.089
2026-09-27 04:30:18,other,,15.7,failed,1000.089
2026-09-27 04:30:21,idle,,6.1,none,1000.089
2026-09-27 04:30:24,other,,15.5,none,1000.089
2026-09-27 04:30:27,other,,15.7,none,1000.089
2026-09-27 04:30:30,other,,15.9,none,1000.089
2026-09-27 04:30:33,other,,15.2,none,1000.089
2026-09-27 04:30:36,idle,,5.6,none,1000.089
2026-09-27 04:30:39,idle,,5.7,none,1000.089
2026-09-27 04:30:42,idle,,5.9,none,1000.089
2026-09-27 04:30:45,other,,15.6,none,1000.089
2026-09-27 04:30:48,other,,15.4,none,1000.089
2026-09-27 04:30:51,idle,,5.8,none,1000.089
2026-09-27 04:30:54,idle,,5.8,none,1000.089
2026-09-27 04:31:03,time,crc_ok,14.4,failed,1000.089
2026-09-27 04:31:06,other,,15.1,none,1000.089
2026-09-27 04:31:09,other,,14.8,none,1000.089
2026-09-27 04:31:12,other,,15.0,failed,1000.089
2026-09-27 04:31:15,other,,15.4,none,1000.089
2026-09-27 04:31:18,other,,15.0,none,1000.089
2026-09-27 04:31:21,idle,,5.9,none,1000.089
2026-09-27 04:31:24,idle,,5.9,none,1000.089
2026-09-27 04:31:27,idle,,5.9,none,1000.089
2026-09-27 04:31:30,other,,15.4,none,1000.089
2026-09-27 04:31:33,other,,15.1,none,1000.089
2026-09-27 04:31:36,other,,15.7,none,1000.089
2026-09-27 04:31:39,idle,,5.9,none,1000.089
2026-09-27 04:31:42,other,,15.5,failed,1000.089
2026-09-27 04:31:45,other,,15.5,none,1000.089
2026-09-27 04:31:48,idle,,5.8,none,1000.089
2026-09-27 04:31:51,other,,15.2,none,1000.089
2026-09-27 04:31:54,idle,,5.5,none,1000.089
2026-09-27 04:31:57,idle,,6.0,none,1000.089
2026-09-27 04:32:00,idle,,5.6,none,1000.089
2026-09-27 04:32:03,time,bit_errors,14.8,decoded,1000.089
2026-09-27 04:32:06,other,,15.1,failed,1000.089
2026-09-27 04:32:09,idle,,6.3,none,1000.089
2026-09-27 04:32:12,time,crc_ok,15.1,decoded,1000.089
2026-09-27 04:32:15,time,crc_ok,14.6,confirmed,1000.089
2026-09-27 04:32:18,time,bit_errors,14.7,decoded,1000.089
2026-09-27 04:32:21,idle,,5.3,none,1000.089
2026-09-27 04:32:24,idle,,5.6,none,1000.089
2026-09-27 04:32:27,time,crc_ok,15.1,confirmed,1000.089
2026-09-27 04:32:30,idle,,6.0,none,1000.089
2026-09-27 04:32:33,other,,14.9,none,1000.089
2026-09-27 04:32:36,idle,,6.0,none,1000.089
2026-09-27 04:32:39,other,,15.5,none,1000.089
2026-09-27 04:32:42,time,bit_errors,14.6,decoded,1000.089
2026-09-27 04:32:45,time,crc_ok,14.7,decoded,1000.089
2026-09-27 04:32:48,idle,,5.4,none,1000.089
2026-09-27 04:32:51,idle,,6.0,none,1000.089
2026-09-27 04:32:54,idle,,5.8,none,1000.089
2026-09-27 04:32:57,idle,,6.0,none,1000.089
2026-09-27 04:33:00,other,,15.1,failed,1000.089
2026-09-27 04:33:03,time,crc_ok,14.1,decoded,1000.089
2026-09-27 04:33:06,idle,,5.4,none,1000.089
2026-09-27 04:33:09,other,,15.5,none,1000.089
2026-09-27 04:33:12,other,,15.0,none,1000.089
2026-09-27 04:33:15,other,,15.3,none,1000.089
2026-09-27 04:33:18,idle,,6.0,none,1000.089
2026-09-27 04:33:21,idle,,5.7,none,1000.089
2026-09-27 04:33:24,idle,,5.5,none,1000.089
2026-09-27 04:33:27,idle,,5.8,none,1000.089
2026-09-27 04:33:30,other,,15.4,none,1000.089
2026-09-27 04:33:33,other,,15.1,failed,1000.089
2026-09-27 04:33:36,other,,15.5,none,1000.089
2026-09-27 04:33:39,idle,,6.0,none,1000.089
2026-09-27 04:33:42,other,,15.3,none,1000.089
2026-09-27 04:33:45,other,,14.7,none,1000.089
2026-09-27 04:33:48,other,,15.7,failed,1000.089
2026-09-27 04:33:51,idle,,6.2,none,1000.089
2026-09-27 04:33:54,idle,,5.8,none,1000.089
2026-09-27 04:33:57,other,,14.9,none,1000.089
2026-09-27 04:34:00,idle,,5.6,none,1000.089
2026-09-27 04:34:03,time,crc_ok,14.4,decoded,1000.089
2026-09-27 04:34:06,other,,15.1,none,1000.089
2026-09-27 04:34:09,idle,,5.9,none,1000.089
2026-09-27 04:34:12,idle,,5.8,none,1000.089
2026-09-27 04:34:15,other,,15.8,none,1000.089
2026-09-27 04:34:18,idle,,5.8,none,1000.089
2026-09-27 04:34:21,idle,,6.1,none,1000.089
2026-09-27 04:34:24,idle,,6.1,none,1000.089
2026-09-27 04:34:27,idle,,5.9,none,1000.089
2026-09-27 04:34:30,idle,,6.0,none,1000.089
2026-09-27 04:34:33,other,,14.9,none,1000.089
2026-09-27 04:34:36,other,,16.1,none,1000.089
2026-09-27 04:34:39,other,,16.7,none,1000.089
2026-09-27 04:34:42,other,,15.4,none,1000.089
2026-09-27 04:34:45,other,,15.2,none,1000.089
2026-09-27 04:34:48,other,,15.5,none,1000.089
2026-09-27 04:34:51,other,,14.7,none,1000.089
2026-09-27 04:34:54,idle,,6.4,none,1000.089
2026-09-27 04:34:57,idle,,5.8,none,1000.089
2026-09-27 04:35:00,time,bit_errors,15.0,decoded,1000.089
2026-09-27 04:35:03,time,crc_ok,15.2,decoded,1000.089
2026-09-27 04:35:06,other,,15.3,none,1000.089
2026-09-27 04:35:09,other,,15.4,none,1000.089
2026-09-27 04:35:12,other,,15.5,none,1000.089
2026-09-27 04:35:15,idle,,6.1,none,1000.089
2026-09-27 04:35:18,time,crc_ok,15.1,decoded,1000.089
2026-09-27 04:35:21,other,,15.7,none,1000.089
2026-09-27 04:35:24,time,crc_ok,15.6,decoded,1000.089
2026-09-27 04:35:27,time,bit_errors,14.7,decoded,1000.089
2026-09-27 04:35:30,time,crc_ok,15.0,decoded,1000.089
2026-09-27 04:35:33,other,,15.0,none,1000.089
2026-09-27 04:35:36,idle,,6.1,none,1000.089
2026-09-27 04:35:39,time,crc_ok,14.9,confirmed,1000.089
2026-09-27 04:35:42,idle,,5.8,none,1000.089
2026-09-27 04:35:45,idle,,5.9,none,1000.089
2026-09-27 04:35:48,idle,,5.2,none,1000.089
2026-09-27 04:35:51,idle,,5.5,none,1000.089
2026-09-27 04:35:54,other,,15.7,none,1000.089
2026-09-27 04:35:57,other,,14.9,none,1000.089
2026-09-27 04:36:00,other,,15.4,none,1000.089
2026-09-27 04:36:03,time,crc_ok,14.8,decoded,1000.089
2026-09-27 04:36:06,idle,,6.0,none,1000.089
2026-09-27 04:36:09,other,,15.3,none,1000.089
2026-09-27 04:36:12,idle,,5.6,none,1000.089
2026-09-27 04:36:15,idle,,5.5,none,1000.089
2026-09-27 04:36:18,idle,,5.5,none,1000.089
2026-09-27 04:36:21,idle,,5.8,none,1000.089
2026-09-27 04:36:24,other,,15.5,none,1000.089
2026-09-27 04:36:27,other,,14.9,none,1000.089
2026-09-27 04:36:30,time,crc_ok,14.5,decoded,1000.089
2026-09-27 04:36:33,other,,15.4,none,1000.089
2026-09-27 04:36:36,other,,15.2,failed,1000.089
2026-09-27 04:36:39,time,bit_errors,14.8,decoded,1000.089
2026-09-27 04:36:42,other,,14.9,none,1000.089
2026-09-27 04:36:45,idle,,4.3,none,1000.089
2026-09-27 04:36:48,time,crc_ok,14.4,decoded,1000.089
2026-09-27 04:36:51,other,,15.1,none,1000.089
2026-09-27 04:36:54,time,bit_errors,14.6,decoded,1000.089
2026-09-27 04:36:57,time,crc_ok,14.4,decoded,1000.089
2026-09-27 04:37:00,time,bit_errors,14.0,decoded,1000.089
2026-09-27 04:37:03,time,crc_ok,14.7,decoded,1000.089
2026-09-27 04:37:06,other,,15.4,none,1000.089
2026-09-27 04:37:09,time,crc_ok,14.5,decoded,1000.089
2026-09-27 04:37:12,time,crc_ok,15.3,decoded,1000.089
2026-09-27 04:37:15,time,crc_ok,15.0,decoded,1000.089
2026-09-27 04:37:18,time,bit_errors,14.7,decoded,1000.089
2026-09-27 04:37:21,time,crc_ok,15.0,decoded,1000.089
2026-09-27 04:37:24,idle,,5.3,none,1000.089
2026-09-27 04:37:27,time,bit_errors,13.6,decoded,1000.089
2026-09-27 04:37:30,idle,,5.3,none,1000.089
2026-09-27 04:37:33,other,,14.5,none,1000.089
2026-09-27 04:37:36,time,crc_ok,13.8,decoded,1000.089
2026-09-27 04:37:39,idle,,4.8,none,1000.089
2026-09-27 04:37:42,idle,,4.8,none,1000.089
2026-09-27 04:37:45,idle,,4.4,none,1000.089
2026-09-27 04:37:48,other,,15.0,none,1000.089
2026-09-27 04:37:51,time,crc_ok,14.2,decoded,1000.089
2026-09-27 04:37:54,other,,14.7,none,1000.089
2026-09-27 04:37:57,idle,,5.1,none,1000.089
2026-09-27 04:38:00,other,,15.1,none,1000.089
2026-09-27 04:38:03,time,crc_ok,14.5,decoded,1000.089
2026-09-27 04:38:06,other,,14.9,none,1000.089
2026-09-27 04:38:09,idle,,5.4,none,1000.089
2026-09-27 04:38:12,other,,15.3,none,1000.089
2026-09-27 04:38:15,other,,15.2,none,1000.089
2026-09-27 04:38:18,other,,15.1,none,1000.089
2026-09-27 04:38:21,idle,,6.0,none,1000.089
2026-09-27 04:38:24,other,,15.0,none,1000.089
2026-09-27 04:38:27,other,,15.0,none,1000.089
2026-09-27 04:38:30,other,,15.7,none,1000.089
2026-09-27 04:38:33,other,,15.5,none,1000.089
2026-09-27 04:38:36,idle,,4.5,none,1000.089
2026-09-27 04:38:39,other,,14.8,none,1000.089
2026-09-27 04:38:42,other,,14.9,none,1000.089
2026-09-27 04:38:45,other,,15.4,none,1000.089
2026-09-27 04:38:48,idle,,4.5,none,1000.089
2026-09-27 04:38:51,idle,,4.8,none,1000.089
2026-09-27 04:38:54,other,,14.7,none,1000.089
2026-09-27 04:38:57,idle,,4.9,none,1000.089
2026-09-27 04:39:00,other,,15.2,none,1000.089
2026-09-27 04:39:03,time,crc_ok,14.2,decoded,1000.089
2026-09-27 04:39:06,idle,,4.4,none,1000.089
2026-09-27 04:39:09,other,,14.6,none,1000.089
2026-09-27 04:39:12,time,crc_ok,14.8,decoded,1000.089
2026-09-27 04:39:15,time,bit_errors,14.6,decoded,1000.089
2026-09-27 04:39:18,idle,,4.7,none,1000.089
2026-09-27 04:39:21,idle,,4.8,none,1000.089
2026-09-27 04:39:24,other,,14.4,none,1000.089
2026-09-27 04:39:27,idle,,4.6,none,1000.089
2026-09-27 04:39:30,other,,14.6,none,1000.089
2026-09-27 04:39:33,other,,14.4,none,1000.089
2026-09-27 04:39:36,other,,14.4,none,1000.089
2026-09-27 04:39:39,idle,,4.5,none,1000.089
2026-09-27 04:39:42,time,crc_ok,14.2,decoded,1000.089
2026-09-27 04:39:45,time,bit_errors,14.2,decoded,1000.089
2026-09-27 04:39:48,time,crc_ok,14.4,decoded,1000.089
2026-09-27 04:39:51,idle,,5.6,none,1000.089
2026-09-27 04:39:54,other,,15.1,none,1000.089
2026-09-27 04:39:57,other,,15.2,none,1000.089
2026-09-27 04:40:00,time,bit_errors,14.7,decoded,1000.089
2026-09-27 04:40:03,time,crc_ok,14.1,decoded,1000.089
2026-09-27 04:40:06,other,,15.4,none,1000.089
2026-09-27 04:40:09,other,,15.3,none,1000.089
2026-09-27 04:40:12,idle,,5.2,none,1000.089
2026-09-27 04:40:15,time,crc_ok,15.0,decoded,1000.089
2026-09-27 04:40:18,other,,15.1,none,1000.089
2026-09-27 04:40:21,other,,15.3,none,1000.089
2026-09-27 04:40:24,idle,,5.8,none,1000.089
2026-09-27 04:40:27,idle,,5.8,none,1000.089
2026-09-27 04:40:30,idle,,5.5,none,1000.089
2026-09-27 04:40:33,other,,14.9,none,1000.089
2026-09-27 04:40:36,other,,14.9,none,1000.089
2026-09-27 04:40:39,other,,15.5,none,1000.089
2026-09-27 04:40:42,time,crc_ok,14.3,decoded,1000.089
2026-09-27 04:40:45,other,,15.6,none,1000.089
2026-09-27 04:40:48,time,crc_ok,14.2,decoded,1000.089
2026-09-27 04:40:51,time,crc_ok,14.5,decoded,1000.089
2026-09-27 04:40:54,idle,,5.6,none,1000.089
2026-09-27 04:41:03,time,crc_ok,15.5,decoded,1000.089
2026-09-27 04:41:06,idle,,6.0,none,1000.089
2026-09-27 04:41:09,idle,,5.9,none,1000.089
2026-09-27 04:41:12,idle,,5.8,none,1000.089
2026-09-27 04:41:15,other,,15.7,none,1000.089
2026-09-27 04:41:18,other,,16.1,none,1000.089
2026-09-27 04:41:21,idle,,5.7,none,1000.089
2026-09-27 04:41:24,time,crc_ok,14.7,decoded,1000.089
2026-09-27 04:41:27,time,bit_errors,15.3,decoded,1000.089
2026-09-27 04:41:30,idle,,5.6,none,1000.089
2026-09-27 04:41:33,other,,14.7,none,1000.089
2026-09-27 04:41:36,idle,,5.4,none,1000.089
2026-09-27 04:41:39,other,,14.9,none,1000.089
2026-09-27 04:41:42,time,crc_ok,15.8,decoded,1000.089
2026-09-27 04:41:45,idle,,5.9,none,1000.089
2026-09-27 04:41:48,time,crc_ok,14.1,decoded,1000.089
2026-09-27 04:41:51,idle,,5.1,none,1000.089
2026-09-27 04:41:54,time,crc_ok,15.2,decoded,1000.089
2026-09-27 04:41:57,idle,,5.3,none,1000.089
2026-09-27 04:42:00,time,crc_ok,14.9,decoded,1000.089
2026-09-27 04:42:03,time,crc_ok,15.5,decoded,1000.089
2026-09-27 04:42:06,idle,,5.5,none,1000.089
2026-09-27 04:42:09,other,,15.2,none,1000.089
2026-09-27 04:42:12,other,,15.4,none,1000.089
2026-09-27 04:42:15,idle,,6.0,none,1000.089
2026-09-27 04:42:18,time,crc_ok,14.5,decoded,1000.089
2026-09-27 04:42:21,idle,,6.0,none,1000.089
2026-09-27 04:42:24,other,,15.5,none,1000.089
2026-09-27 04:42:27,idle,,6.2,none,1000.089
2026-09-27 04:42:30,other,,15.7,failed,1000.089
2026-09-27 04:42:33,other,,15.4,none,1000.089
2026-09-27 04:42:36,idle,,5.5,none,1000.089
2026-09-27 04:42:39,idle,,5.8,none,1000.089
2026-09-27 04:42:42,idle,,6.0,none,1000.089
2026-09-27 04:42:45,time,crc_ok,14.9,decoded,1000.089
2026-09-27 04:42:48,time,crc_ok,14.8,decoded,1000.089
2026-09-27 04:42:51,idle,,5.7,none,1000.089
2026-09-27 04:42:54,time,crc_ok,14.6,decoded,1000.089
2026-09-27 04:42:57,other,,15.3,none,1000.089
2026-09-27 04:43:00,idle,,5.9,none,1000.089
2026-09-27 04:43:03,time,crc_ok,15.0,decoded,1000.089
2026-09-27 04:43:06,other,,15.5,failed,1000.089
2026-09-27 04:43:09,idle,,5.9,none,1000.089
2026-09-27 04:43:12,idle,,6.2,none,1000.089
2026-09-27 04:43:15,other,,16.0,none,1000.089
2026-09-27 04:43:18,other,,15.3,none,1000.089
2026-09-27 04:43:21,time,bit_errors,15.1,confirmed,1000.089
2026-09-27 04:43:24,idle,,6.1,none,1000.089
2026-09-27 04:43:27,idle,,5.7,none,1000.089
2026-09-27 04:43:30,time,bit_errors,15.0,decoded,1000.089
2026-09-27 04:43:33,other,,15.0,none,1000.089
2026-09-27 04:43:36,time,crc_ok,14.7,confirmed,1000.089
2026-09-27 04:43:39,idle,,5.5,none,1000.089
2026-09-27 04:43:42,time,bit_errors,15.8,decoded,1000.089
2026-09-27 04:43:45,time,bit_errors,14.8,decoded,1000.089
2026-09-27 04:43:48,idle,,5.9,none,1000.089
2026-09-27 04:43:51,other,,15.2,none,1000.089
2026-09-27 04:43:54,idle,,5.9,none,1000.089
2026-09-27 04:43:57,idle,,6.3,none,1000.089
2026-09-27 04:44:00,idle,,6.3,none,1000.089
2026-09-27 04:44:03,time,crc_ok,14.9,decoded,1000.089
2026-09-27 04:44:06,other,,15.4,none,1000.089
2026-09-27 04:44:09,idle,,6.0,none,1000.089
2026-09-27 04:44:12,other,,15.3,none,1000.089
2026-09-27 04:44:15,other,,15.5,failed,1000.089
2026-09-27 04:44:18,other,,16.2,none,1000.089
2026-09-27 04:44:21,idle,,6.0,none,1000.089
2026-09-27 04:44:24,other,,15.9,none,1000.089
2026-09-27 04:44:27,other,,15.5,none,1000.089
2026-09-27 04:44:30,other,,15.1,none,1000.089
2026-09-27 04:44:33,other,,14.8,none,1000.089
2026-09-27 04:44:36,idle,,6.0,none,1000.089
2026-09-27 04:44:39,time,crc_ok,15.2,decoded,1000.089
2026-09-27 04:44:42,time,crc_ok,15.4,decoded,1000.089
2026-09-27 04:44:45,other,,15.4,none,1000.089
2026-09-27 04:44:48,idle,,6.1,none,1000.089
2026-09-27 04:44:51,idle,,5.5,none,1000.089
2026-09-27 04:44:54,idle,,5.8,none,1000.089
2026-09-27 04:44:57,idle,,6.0,none,1000.089
2026-09-27 04:45:00,idle,,5.6,none,1000.089
2026-09-27 04:45:03,time,bit_errors,15.1,decoded,1000.089
2026-09-27 04:45:06,idle,,5.6,none,1000.089
2026-09-27 04:45:09,other,,15.8,none,1000.089
2026-09-27 04:45:12,other,,15.5,none,1000.089
2026-09-27 04:45:15,time,crc_ok,15.0,decoded,1000.089
2026-09-27 04:45:18,idle,,5.8,none,1000.089
2026-09-27 04:45:21,idle,,5.8,none,1000.089
2026-09-27 04:45:24,idle,,5.5,none,1000.089
2026-09-27 04:45:27,idle,,5.8,none,1000.089
2026-09-27 04:45:30,unclear,,14.9,none,1000.089
2026-09-27 04:45:33,idle,,5.7,none,1000.089
2026-09-27 04:45:36,time,crc_ok,14.8,decoded,1000.089
2026-09-27 04:45:39,idle,,5.8,none,1000.089
2026-09-27 04:45:42,time,crc_ok,15.2,decoded,1000.089
2026-09-27 04:45:45,time,crc_ok,15.5,decoded,1000.089
2026-09-27 04:45:48,time,crc_ok,15.0,decoded,1000.089
2026-09-27 04:45:51,idle,,5.7,none,1000.089
2026-09-27 04:45:54,time,crc_ok,15.0,decoded,1000.089
2026-09-27 04:45:57,time,crc_ok,14.7,decoded,1000.089
2026-09-27 04:46:00,time,crc_ok,14.8,decoded,1000.089
2026-09-27 04:46:03,time,bit_errors,14.7,decoded,1000.089
2026-09-27 04:46:06,idle,,5.5,none,1000.089
2026-09-27 04:46:09,other,,15.7,none,1000.089
2026-09-27 04:46:12,idle,,5.8,none,1000.089
2026-09-27 04:46:15,time,crc_ok,14.8,decoded,1000.089
2026-09-27 04:46:18,idle,,5.8,none,1000.089
2026-09-27 04:46:21,time,crc_ok,15.0,decoded,1000.089
2026-09-27 04:46:24,idle,,5.6,none,1000.089
2026-09-27 04:46:27,idle,,5.5,none,1000.089
2026-09-27 04:46:30,idle,,5.6,none,1000.089
2026-09-27 04:46:33,other,,15.3,none,1000.089
2026-09-27 04:46:36,time,crc_ok,14.8,decoded,1000.089
2026-09-27 04:46:39,other,,14.9,none,1000.089
2026-09-27 04:46:42,time,crc_ok,16.0,decoded,1000.089
2026-09-27 04:46:45,other,,15.6,none,1000.089
2026-09-27 04:46:48,time,crc_ok,15.1,decoded,1000.089
2026-09-27 04:46:51,time,crc_ok,14.9,decoded,1000.089
2026-09-27 04:46:54,idle,,5.2,none,1000.089
2026-09-27 04:46:57,idle,,5.3,none,1000.089
2026-09-27 04:47:00,time,crc_ok,14.4,decoded,1000.089
2026-09-27 04:47:03,time,crc_ok,15.3,decoded,1000.089
2026-09-27 04:47:06,idle,,5.1,none,1000.089
2026-09-27 04:47:09,other,,14.7,none,1000.089
2026-09-27 04:47:12,idle,,6.0,none,1000.089
2026-09-27 04:47:15,other,,16.0,none,1000.089
2026-09-27 04:47:18,idle,,5.2,none,1000.089
2026-09-27 04:47:21,idle,,5.5,none,1000.089
2026-09-27 04:47:24,time,bit_errors,14.7,decoded,1000.089
2026-09-27 04:47:27,idle,,6.1,none,1000.089
2026-09-27 04:47:30,time,crc_ok,14.6,decoded,1000.089
2026-09-27 04:47:33,other,,14.9,none,1000.089
2026-09-27 04:47:36,idle,,5.8,none,1000.089
2026-09-27 04:47:39,other,,15.4,none,1000.089
2026-09-27 04:47:42,idle,,5.2,none,1000.089
2026-09-27 04:47:45,other,,15.4,none,1000.089
2026-09-27 04:47:48,other,,15.6,none,1000.089
2026-09-27 04:47:51,other,,15.4,none,1000.089
2026-09-27 04:47:54,idle,,5.2,none,1000.089
2026-09-27 04:47:57,other,,15.0,none,1000.089
2026-09-27 04:48:00,idle,,5.6,none,1000.089
2026-09-27 04:48:03,time,crc_ok,15.3,decoded,1000.089
2026-09-27 04:48:06,idle,,6.2,none,1000.089
2026-09-27 04:48:09,other,,15.1,none,1000.089
2026-09-27 04:48:12,idle,,5.9,none,1000.089
2026-09-27 04:48:15,other,,15.7,none,1000.089
2026-09-27 04:48:18,other,,15.5,none,1000.089
2026-09-27 04:48:21,other,,15.5,none,1000.089
2026-09-27 04:48:24,idle,,5.8,none,1000.089
2026-09-27 04:48:27,other,,15.8,failed,1000.089
2026-09-27 04:48:30,idle,,5.7,none,1000.089
2026-09-27 04:48:33,other,,15.1,none,1000.089
2026-09-27 04:48:36,idle,,5.4,none,1000.089
2026-09-27 04:48:39,time,crc_ok,15.1,decoded,1000.089
2026-09-27 04:48:42,idle,,6.2,none,1000.089
2026-09-27 04:48:45,other,,15.1,failed,1000.089
2026-09-27 04:48:48,idle,,5.6,none,1000.089
2026-09-27 04:48:51,idle,,4.5,none,1000.089
2026-09-27 04:48:54,time,bit_errors,15.0,decoded,1000.089
2026-09-27 04:48:57,idle,,5.8,none,1000.089
2026-09-27 04:49:00,other,,15.2,none,1000.089
2026-09-27 04:49:03,time,crc_ok,15.0,decoded,1000.089
2026-09-27 04:49:06,idle,,5.6,none,1000.089
2026-09-27 04:49:09,other,,15.0,none,1000.089
2026-09-27 04:49:12,other,,16.1,none,1000.089
2026-09-27 04:49:15,idle,,5.6,none,1000.089
2026-09-27 04:49:18,idle,,5.3,none,1000.089
2026-09-27 04:49:21,time,bit_errors,14.5,decoded,1000.089
2026-09-27 04:49:24,other,,15.1,failed,1000.089
2026-09-27 04:49:27,idle,,6.1,none,1000.089
2026-09-27 04:49:30,other,,15.4,none,1000.089
2026-09-27 04:49:33,other,,15.1,none,1000.089
2026-09-27 04:49:36,idle,,5.9,none,1000.089
2026-09-27 04:49:39,other,,16.3,none,1000.089
2026-09-27 04:49:42,time,crc_ok,15.2,decoded,1000.089
2026-09-27 04:49:45,idle,,5.9,none,1000.089
2026-09-27 04:49:48,idle,,5.8,none,1000.089
2026-09-27 04:49:51,time,crc_ok,14.9,decoded,1000.089
2026-09-27 04:49:54,time,crc_ok,15.0,decoded,1000.089
2026-09-27 04:49:57,idle,,5.6,none,1000.089
2026-09-27 04:50:00,idle,,6.1,none,1000.089
2026-09-27 04:50:03,time,crc_ok,14.7,decoded,1000.089
2026-09-27 04:50:06,idle,,5.8,none,1000.089
2026-09-27 04:50:09,other,,15.4,none,1000.089
2026-09-27 04:50:12,idle,,5.4,none,1000.089
2026-09-27 04:50:15,other,,15.1,none,1000.089
2026-09-27 04:50:18,idle,,5.5,none,1000.089
2026-09-27 04:50:21,idle,,6.2,none,1000.089
2026-09-27 04:50:24,time,bit_errors,15.0,decoded,1000.089
2026-09-27 04:50:27,time,crc_ok,15.1,decoded,1000.089
2026-09-27 04:50:30,idle,,5.7,none,1000.089
2026-09-27 04:50:33,other,,15.6,none,1000.089
2026-09-27 04:50:36,idle,,6.2,none,1000.089
2026-09-27 04:50:39,time,crc_ok,14.7,decoded,1000.089
2026-09-27 04:50:42,idle,,5.6,none,1000.089
2026-09-27 04:50:45,other,,15.6,none,1000.089
2026-09-27 04:50:48,time,bit_errors,14.1,decoded,1000.089
2026-09-27 04:50:51,other,,15.8,failed,1000.089
2026-09-27 04:50:54,idle,,5.4,none,1000.089
2026-09-27 04:51:03,time,crc_ok,14.7,decoded,1000.089
2026-09-27 04:51:06,idle,,5.4,none,1000.089
2026-09-27 04:51:09,other,,15.4,none,1000.089
2026-09-27 04:51:12,idle,,5.2,none,1000.089
2026-09-27 04:51:15,time,crc_ok,15.0,decoded,1000.089
2026-09-27 04:51:18,other,,15.4,none,1000.089
2026-09-27 04:51:21,other,,14.8,none,1000.089
2026-09-27 04:51:24,idle,,5.5,none,1000.089
2026-09-27 04:51:27,time,crc_ok,15.2,decoded,1000.089
2026-09-27 04:51:30,idle,,5.8,none,1000.089
2026-09-27 04:51:33,other,,14.6,none,1000.089
2026-09-27 04:51:36,idle,,5.5,none,1000.089
2026-09-27 04:51:39,other,,15.0,none,1000.089
2026-09-27 04:51:42,idle,,4.6,none,1000.089
2026-09-27 04:51:45,time,crc_ok,15.4,decoded,1000.089
2026-09-27 04:51:48,idle,,5.4,none,1000.089
2026-09-27 04:51:51,idle,,5.1,none,1000.089
2026-09-27 04:51:54,other,,15.0,none,1000.089
2026-09-27 04:51:57,other,,15.1,failed,1000.089
2026-09-27 04:52:00,idle,,5.9,none,1000.089
2026-09-27 04:52:03,time,crc_ok,14.4,decoded,1000.089
2026-09-27 04:52:06,idle,,5.5,none,1000.089
2026-09-27 04:52:09,idle,,5.7,none,1000.089
2026-09-27 04:52:12,other,,15.2,none,1000.089
2026-09-27 04:52:15,other,,15.4,none,1000.089
2026-09-27 04:52:18,idle,,5.1,none,1000.089
2026-09-27 04:52:21,time,bit_errors,14.9,decoded,1000.089
2026-09-27 04:52:24,time,bit_errors,14.8,none,1000.089
2026-09-27 04:52:27,idle,,5.1,none,1000.089
2026-09-27 04:52:30,time,crc_ok,14.7,confirmed,1000.089
2026-09-27 04:52:33,other,,14.8,none,1000.089
2026-09-27 04:52:36,idle,,5.0,none,1000.089
2026-09-27 04:52:39,time,bit_errors,14.0,decoded,1000.089
2026-09-27 04:52:42,other,,15.0,none,1000.089
2026-09-27 04:52:45,idle,,5.4,none,1000.089
2026-09-27 04:52:48,idle,,5.0,none,1000.089
2026-09-27 04:52:51,other,,15.1,none,1000.089
2026-09-27 04:52:54,other,,15.5,none,1000.089
2026-09-27 04:52:57,idle,,5.4,none,1000.089
2026-09-27 04:53:00,idle,,5.3,none,1000.089
2026-09-27 04:53:03,time,crc_ok,15.3,decoded,1000.089
2026-09-27 04:53:06,idle,,5.2,none,1000.089
2026-09-27 04:53:09,other,,14.7,none,1000.089
2026-09-27 04:53:12,idle,,4.8,none,1000.089
2026-09-27 04:53:15,time,crc_ok,14.5,decoded,1000.089
2026-09-27 04:53:18,idle,,5.7,none,1000.089
2026-09-27 04:53:21,idle,,5.1,none,1000.089
2026-09-27 04:53:24,other,,15.4,none,1000.089
2026-09-27 04:53:27,time,crc_ok,13.9,decoded,1000.089
2026-09-27 04:53:30,time,bit_errors,15.2,decoded,1000.089
2026-09-27 04:53:33,other,,14.0,none,1000.089
2026-09-27 04:53:36,idle,,5.1,none,1000.089
2026-09-27 04:53:39,time,crc_ok,14.6,decoded,1000.089
2026-09-27 04:53:42,idle,,4.6,none,1000.089
2026-09-27 04:53:45,other,,15.0,none,1000.089
2026-09-27 04:53:48,other,,15.3,none,1000.089
2026-09-27 04:53:51,other,,14.9,none,1000.089
2026-09-27 04:53:54,other,,15.0,none,1000.089
2026-09-27 04:53:57,other,,15.2,none,1000.089
2026-09-27 04:54:00,other,,15.3,none,1000.089
2026-09-27 04:54:03,time,bit_errors,14.6,decoded,1000.089
2026-09-27 04:54:06,idle,,4.7,none,1000.089
2026-09-27 04:54:09,other,,15.3,none,1000.089
2026-09-27 04:54:12,idle,,5.4,none,1000.089
2026-09-27 04:54:15,time,bit_errors,14.9,decoded,1000.089
2026-09-27 04:54:18,other,,15.6,none,1000.089
2026-09-27 04:54:21,other,,16.4,failed,1000.089
2026-09-27 04:54:24,other,,15.1,failed,1000.089
2026-09-27 04:54:27,time,crc_ok,14.9,decoded,1000.089
2026-09-27 04:54:30,time,crc_ok,15.3,decoded,1000.089
2026-09-27 04:54:33,other,,14.8,none,1000.089
2026-09-27 04:54:36,idle,,5.5,none,1000.089
2026-09-27 04:54:39,other,,15.1,none,1000.089
2026-09-27 04:54:42,idle,,5.5,none,1000.089
2026-09-27 04:54:45,other,,15.5,none,1000.089
2026-09-27 04:54:48,idle,,5.9,none,1000.089
2026-09-27 04:54:51,idle,,5.9,none,1000.089
2026-09-27 04:54:54,time,bit_errors,14.5,decoded,1000.089
2026-09-27 04:54:57,time,crc_ok,14.4,decoded,1000.089
2026-09-27 04:55:00,time,crc_ok,14.7,decoded,1000.089
2026-09-27 04:55:03,time,crc_ok,14.9,decoded,1000.089
2026-09-27 04:55:06,other,,15.4,none,1000.089
2026-09-27 04:55:09,other,,15.0,failed,1000.089
2026-09-27 04:55:12,other,,15.5,none,1000.089
2026-09-27 04:55:15,time,bit_errors,15.0,decoded,1000.089
2026-09-27 04:55:18,other,,15.8,failed,1000.089
2026-09-27 04:55:21,time,bit_errors,15.3,decoded,1000.089
2026-09-27 04:55:24,time,bit_errors,15.1,decoded,1000.089
2026-09-27 04:55:27,idle,,5.8,none,1000.089
2026-09-27 04:55:30,other,,15.4,none,1000.089
2026-09-27 04:55:33,other,,15.3,none,1000.089
2026-09-27 04:55:36,idle,,6.1,none,1000.089
2026-09-27 04:55:39,time,crc_ok,14.9,decoded,1000.089
2026-09-27 04:55:42,other,,15.0,failed,1000.089
2026-09-27 04:55:45,idle,,5.8,none,1000.089
2026-09-27 04:55:48,idle,,5.8,none,1000.089
2026-09-27 04:55:51,other,,14.9,none,1000.089
2026-09-27 04:55:54,other,,15.2,failed,1000.089
2026-09-27 04:55:57,idle,,6.1,none,1000.089
2026-09-27 04:56:00,idle,,5.8,none,1000.089
2026-09-27 04:56:03,time,bit_errors,14.7,decoded,1000.089
2026-09-27 04:56:06,idle,,6.1,none,1000.089
2026-09-27 04:56:09,idle,,5.8,none,1000.089
2026-09-27 04:56:12,idle,,5.9,none,1000.089
2026-09-27 04:56:15,other,,15.6,none,1000.089
2026-09-27 04:56:18,time,bit_errors,14.8,decoded,1000.089
2026-09-27 04:56:21,idle,,5.5,none,1000.089
2026-09-27 04:56:24,other,,15.0,none,1000.089
2026-09-27 04:56:27,other,,15.4,failed,1000.089
2026-09-27 04:56:30,idle,,5.5,none,1000.089
2026-09-27 04:56:33,other,,14.6,none,1000.089
2026-09-27 04:56:36,idle,,5.1,none,1000.089
2026-09-27 04:56:39,time,bit_errors,15.0,decoded,1000.089
2026-09-27 04:56:42,time,crc_ok,14.4,decoded,1000.089
2026-09-27 04:56:45,idle,,5.7,none,1000.089
2026-09-27 04:56:48,other,,15.4,none,1000.089
2026-09-27 04:56:51,idle,,5.6,none,1000.089
2026-09-27 04:56:54,other,,15.5,none,1000.089
2026-09-27 04:56:57,other,,15.2,none,1000.089
2026-09-27 04:57:00,time,crc_ok,14.1,decoded,1000.089
2026-09-27 04:57:03,time,bit_errors,14.8,decoded,1000.089
2026-09-27 04:57:06,idle,,5.4,none,1000.089
2026-09-27 04:57:09,other,,15.2,none,1000.089
2026-09-27 04:57:12,other,,15.0,none,1000.089
2026-09-27 04:57:15,idle,,5.8,none,1000.089
2026-09-27 04:57:18,time,crc_ok,14.6,decoded,1000.089
2026-09-27 04:57:21,idle,,5.8,none,1000.089
2026-09-27 04:57:24,time,crc_ok,14.8,decoded,1000.089
2026-09-27 04:57:27,other,,15.8,none,1000.089
2026-09-27 04:57:30,time,bit_errors,14.8,decoded,1000.089
2026-09-27 04:57:33,other,,14.9,none,1000.089
2026-09-27 04:57:36,idle,,5.2,none,1000.089
2026-09-27 04:57:39,idle,,6.3,none,1000.089
2026-09-27 04:57:42,idle,,5.8,none,1000.089
2026-09-27 04:57:45,other,,14.8,none,1000.089
2026-09-27 04:57:48,time,crc_ok,14.7,confirmed,1000.089
2026-09-27 04:57:51,idle,,5.6,none,1000.089
2026-09-27 04:57:54,other,,15.4,none,1000.089
2026-09-27 04:57:57,time,crc_ok,14.6,confirmed,1000.089
2026-09-27 04:58:00,idle,,5.8,none,1000.089
2026-09-27 04:58:03,time,bit_errors,14.7,decoded,1000.089
2026-09-27 04:58:06,other,,14.9,none,1000.089
2026-09-27 04:58:09,idle,,6.0,none,1000.089
2026-09-27 04:58:12,other,,15.1,failed,1000.089
2026-09-27 04:58:15,time,crc_ok,15.2,confirmed,1000.089
2026-09-27 04:58:18,time,crc_ok,15.0,confirmed,1000.089
2026-09-27 04:58:21,time,crc_ok,14.8,decoded,1000.089
2026-09-27 04:58:24,idle,,5.6,none,1000.089
2026-09-27 04:58:27,idle,,5.6,none,1000.089
2026-09-27 04:58:30,other,,15.6,none,1000.089
2026-09-27 04:58:33,other,,15.0,none,1000.089
2026-09-27 04:58:36,time,bit_errors,15.1,decoded,1000.089
2026-09-27 04:58:39,idle,,6.2,none,1000.089
2026-09-27 04:58:42,time,crc_ok,15.0,decoded,1000.089
2026-09-27 04:58:45,time,bit_errors,14.8,decoded,1000.089
2026-09-27 04:58:48,idle,,5.9,none,1000.089
2026-09-27 04:58:51,time,bit_errors,15.6,decoded,1000.089
2026-09-27 04:58:54,idle,,5.8,none,1000.089
2026-09-27 04:58:57,idle,,5.9,none,1000.089
2026-09-27 04:59:00,idle,,5.6,none,1000.089
2026-09-27 04:59:03,time,crc_ok,14.6,decoded,1000.089
2026-09-27 04:59:06,idle,,6.0,none,1000.089
2026-09-27 04:59:09,idle,,5.8,none,1000.089
2026-09-27 04:59:12,idle,,5.8,none,1000.089
2026-09-27 04:59:15,other,,15.4,none,1000.089
2026-09-27 04:59:18,other,,15.3,none,1000.089
2026-09-27 04:59:21,idle,,6.2,none,1000.089
2026-09-27 04:59:24,idle,,5.3,none,1000.089
2026-09-27 04:59:27,idle,,5.7,none,1000.089
2026-09-27 04:59:30,idle,,5.8,none,1000.089
2026-09-27 04:59:33,other,,15.3,none,1000.089
2026-09-27 04:59:36,idle,,5.5,none,1000.089
2026-09-27 04:59:39,time,bit_errors,14.7,decoded,1000.089
2026-09-27 04:59:42,time,crc_ok,14.6,none,1000.089
2026-09-27 04:59:45,idle,,5.8,none,1000.089
2026-09-27 04:59:48,other,,15.9,none,1000.089
2026-09-27 04:59:51,idle,,6.2,none,1000.089
2026-09-27 04:59:54,time,crc_ok,15.1,decoded,1000.089
2026-09-27 04:59:57,time,crc_ok,15.4,decoded,1000.089
2026-09-27 05:00:00,other,,14.9,failed,1000.089
2026-09-27 05:00:03,time,bit_errors,15.3,decoded,1000.089
2026-09-27 05:00:06,idle,,6.3,none,1000.089
2026-09-27 05:00:09,other,,15.4,none,1000.089
2026-09-27 05:00:12,other,,16.0,none,1000.089
2026-09-27 05:00:15,idle,,6.4,none,1000.089
2026-09-27 05:00:18,time,crc_ok,15.2,decoded,1000.089
2026-09-27 05:00:21,idle,,5.8,none,1000.089
2026-09-27 05:00:24,time,crc_ok,15.0,decoded,1000.089
2026-09-27 05:00:27,other,,15.8,none,1000.089
2026-09-27 05:00:30,time,crc_ok,15.2,decoded,1000.089
2026-09-27 05:00:33,other,,14.6,none,1000.089
2026-09-27 05:00:36,idle,,6.1,none,1000.089
2026-09-27 05:00:39,idle,,6.0,none,1000.089
2026-09-27 05:00:42,idle,,5.9,none,1000.089
2026-09-27 05:00:45,time,crc_ok,14.5,decoded,1000.089
2026-09-27 05:00:48,other,,15.4,none,1000.089
2026-09-27 05:00:51,idle,,5.9,none,1000.089
2026-09-27 05:00:54,idle,,5.9,none,1000.089
2026-09-27 05:01:03,time,bit_errors,15.3,none,1000.089
2026-09-27 05:01:06,other,,15.7,none,1000.089
2026-09-27 05:01:09,idle,,5.4,none,1000.089
2026-09-27 05:01:12,other,,15.6,none,1000.089
2026-09-27 05:01:15,idle,,5.7,none,1000.089
2026-09-27 05:01:18,time,crc_ok,14.8,decoded,1000.089
2026-09-27 05:01:21,idle,,5.2,none,1000.089
2026-09-27 05:01:24,idle,,5.1,none,1000.089
2026-09-27 05:01:27,idle,,5.9,none,1000.089
2026-09-27 05:01:30,time,crc_ok,14.7,decoded,1000.089
2026-09-27 05:01:33,other,,14.9,none,1000.089
2026-09-27 05:01:36,time,crc_ok,15.1,decoded,1000.089
2026-09-27 05:01:39,idle,,5.5,none,1000.089
2026-09-27 05:01:42,other,,15.1,none,1000.089
2026-09-27 05:01:45,time,crc_ok,15.4,decoded,1000.089
2026-09-27 05:01:48,idle,,5.7,none,1000.089
2026-09-27 05:01:51,other,,15.4,none,1000.089
2026-09-27 05:01:54,idle,,4.9,none,1000.089
2026-09-27 05:01:57,idle,,5.6,none,1000.089
2026-09-27 05:02:00,idle,,5.4,none,1000.089
2026-09-27 05:02:03,time,bit_errors,15.0,decoded,1000.089
2026-09-27 05:02:06,other,,15.7,none,1000.089
2026-09-27 05:02:09,idle,,5.5,none,1000.089
2026-09-27 05:02:12,time,crc_ok,14.5,decoded,1000.089
2026-09-27 05:02:15,time,bit_errors,15.2,decoded,1000.089
2026-09-27 05:02:18,other,,14.9,failed,1000.089
2026-09-27 05:02:21,idle,,5.8,none,1000.089
2026-09-27 05:02:24,other,,14.9,none,1000.089
2026-09-27 05:02:27,other,,15.1,none,1000.089
2026-09-27 05:02:30,idle,,5.3,none,1000.089
2026-09-27 05:02:33,other,,15.2,none,1000.089
2026-09-27 05:02:36,idle,,5.5,none,1000.089
2026-09-27 05:02:39,time,crc_ok,14.9,decoded,1000.089
2026-09-27 05:02:42,time,bit_errors,14.6,decoded,1000.089
2026-09-27 05:02:45,other,,15.3,none,1000.089
2026-09-27 05:02:48,idle,,5.4,none,1000.089
2026-09-27 05:02:51,idle,,5.0,none,1000.089
2026-09-27 05:02:54,time,crc_ok,14.7,decoded,1000.089
2026-09-27 05:02:57,time,crc_ok,14.9,decoded,1000.089
2026-09-27 05:03:00,idle,,5.6,none,1000.089
2026-09-27 05:03:03,time,crc_ok,15.9,decoded,1000.089
2026-09-27 05:03:06,idle,,5.9,none,1000.089
2026-09-27 05:03:09,other,,15.0,failed,1000.089
2026-09-27 05:03:12,time,crc_ok,14.3,decoded,1000.089
2026-09-27 05:03:15,other,,15.2,none,1000.089
2026-09-27 05:03:18,idle,,5.8,none,1000.089
2026-09-27 05:03:21,idle,,5.5,none,1000.089
2026-09-27 05:03:24,other,,15.1,none,1000.089
2026-09-27 05:03:27,time,crc_ok,15.2,decoded,1000.089
2026-09-27 05:03:30,idle,,5.2,none,1000.089
2026-09-27 05:03:33,other,,15.4,none,1000.089
2026-09-27 05:03:36,other,,15.9,none,1000.089
2026-09-27 05:03:39,idle,,5.6,none,1000.089
2026-09-27 05:03:42,time,crc_ok,14.2,decoded,1000.089
2026-09-27 05:03:45,time,crc_ok,14.1,decoded,1000.089
2026-09-27 05:03:48,other,,15.8,none,1000.089
2026-09-27 05:03:51,idle,,5.6,none,1000.089
2026-09-27 05:03:54,other,,15.3,none,1000.089
2026-09-27 05:03:57,time,crc_ok,14.5,decoded,1000.089
2026-09-27 05:04:00,idle,,6.1,none,1000.089
2026-09-27 05:04:03,time,crc_ok,14.9,decoded,1000.089
2026-09-27 05:04:06,idle,,6.1,none,1000.089
2026-09-27 05:04:09,idle,,5.8,none,1000.089
2026-09-27 05:04:12,other,,15.5,none,1000.089
2026-09-27 05:04:15,other,,15.0,none,1000.089
2026-09-27 05:04:18,other,,15.5,none,1000.089
2026-09-27 05:04:21,other,,15.4,none,1000.089
2026-09-27 05:04:24,idle,,5.9,none,1000.089
2026-09-27 05:04:27,idle,,5.8,none,1000.089
2026-09-27 05:04:30,idle,,5.8,none,1000.089
2026-09-27 05:04:33,other,,15.2,none,1000.089
2026-09-27 05:04:36,time,crc_ok,14.7,decoded,1000.089
2026-09-27 05:04:39,time,crc_ok,15.1,decoded,1000.089
2026-09-27 05:04:42,other,,15.7,failed,1000.089
2026-09-27 05:04:45,other,,14.9,none,1000.089
2026-09-27 05:04:48,other,,15.6,none,1000.089
2026-09-27 05:04:51,time,crc_ok,14.4,decoded,1000.089
2026-09-27 05:04:54,idle,,5.9,none,1000.089
2026-09-27 05:04:57,idle,,5.7,none,1000.089
2026-09-27 05:05:00,time,crc_ok,14.8,decoded,1000.089
2026-09-27 05:05:03,time,crc_ok,15.4,decoded,1000.089
2026-09-27 05:05:06,idle,,6.1,none,1000.089
2026-09-27 05:05:09,idle,,5.5,none,1000.089
2026-09-27 05:05:12,idle,,6.0,none,1000.089
2026-09-27 05:05:15,other,,15.9,none,1000.089
2026-09-27 05:05:18,time,crc_ok,15.2,decoded,1000.089
2026-09-27 05:05:21,idle,,5.3,none,1000.089
2026-09-27 05:05:24,time,crc_ok,15.4,decoded,1000.089
2026-09-27 05:05:27,idle,,4.9,none,1000.089
2026-09-27 05:05:30,time,crc_ok,14.9,decoded,1000.089
2026-09-27 05:05:33,other,,15.0,none,1000.089
2026-09-27 05:05:36,idle,,6.2,none,1000.089
2026-09-27 05:05:39,other,,15.9,none,1000.089
2026-09-27 05:05:42,time,crc_ok,14.5,decoded,1000.089
2026-09-27 05:05:45,idle,,6.0,none,1000.089
2026-09-27 05:05:48,time,bit_errors,14.3,decoded,1000.089
2026-09-27 05:05:51,idle,,6.3,none,1000.089
2026-09-27 05:05:54,idle,,6.2,none,1000.089
2026-09-27 05:05:57,time,bit_errors,14.9,decoded,1000.089
2026-09-27 05:06:00,idle,,6.0,none,1000.089
2026-09-27 05:06:03,time,crc_ok,14.5,decoded,1000.089
2026-09-27 05:06:06,idle,,6.1,none,1000.089
2026-09-27 05:06:09,other,,15.6,none,1000.089
2026-09-27 05:06:12,other,,15.4,none,1000.089
2026-09-27 05:06:15,idle,,6.1,none,1000.089
2026-09-27 05:06:18,time,crc_ok,14.8,decoded,1000.089
2026-09-27 05:06:21,idle,,6.1,none,1000.089
2026-09-27 05:06:24,idle,,6.0,none,1000.089
2026-09-27 05:06:27,other,,15.4,none,1000.089
2026-09-27 05:06:30,idle,,6.1,none,1000.089
2026-09-27 05:06:33,other,,15.3,none,1000.089
2026-09-27 05:06:36,idle,,5.8,none,1000.089
2026-09-27 05:06:39,idle,,6.0,none,1000.089
2026-09-27 05:06:42,idle,,5.5,none,1000.089
2026-09-27 05:06:45,time,crc_ok,15.9,decoded,1000.089
2026-09-27 05:06:48,time,bit_errors,14.5,decoded,1000.089
2026-09-27 05:06:51,idle,,5.5,none,1000.089
2026-09-27 05:06:54,other,,15.3,none,1000.089
2026-09-27 05:06:57,idle,,5.9,none,1000.089
2026-09-27 05:07:00,other,,14.9,none,1000.089
2026-09-27 05:07:03,time,crc_ok,15.0,decoded,1000.089
2026-09-27 05:07:06,idle,,5.6,none,1000.089
2026-09-27 05:07:09,other,,15.7,none,1000.089
2026-09-27 05:07:12,time,bit_errors,15.1,decoded,1000.089
2026-09-27 05:07:15,idle,,5.9,none,1000.089
2026-09-27 05:07:18,idle,,5.5,none,1000.089
2026-09-27 05:07:21,other,,15.3,none,1000.089
2026-09-27 05:07:24,idle,,5.7,none,1000.089
2026-09-27 05:07:27,idle,,5.1,none,1000.089
2026-09-27 05:07:30,other,,15.6,none,1000.089
2026-09-27 05:07:33,other,,14.9,none,1000.089
2026-09-27 05:07:36,time,crc_ok,14.6,decoded,1000.089
2026-09-27 05:07:39,idle,,5.8,none,1000.089
2026-09-27 05:07:42,time,bit_errors,15.2,decoded,1000.089
2026-09-27 05:07:45,other,,15.2,none,1000.089
2026-09-27 05:07:48,idle,,5.5,none,1000.089
2026-09-27 05:07:51,time,crc_ok,14.7,decoded,1000.089
2026-09-27 05:07:54,idle,,6.4,none,1000.089
2026-09-27 05:07:57,idle,,6.3,none,1000.089
2026-09-27 05:08:00,idle,,5.5,none,1000.089
2026-09-27 05:08:03,time,crc_ok,14.7,decoded,1000.089
2026-09-27 05:08:06,other,,14.8,failed,1000.089
2026-09-27 05:08:09,time,crc_ok,14.4,decoded,1000.089
2026-09-27 05:08:12,other,,15.2,none,1000.089
2026-09-27 05:08:15,idle,,5.7,none,1000.089
2026-09-27 05:08:18,time,crc_ok,15.6,decoded,1000.089
2026-09-27 05:08:21,time,bit_errors,15.2,decoded,1000.089
2026-09-27 05:08:24,time,crc_ok,15.7,decoded,1000.089
2026-09-27 05:08:27,time,bit_errors,15.1,decoded,1000.089
2026-09-27 05:08:30,idle,,5.6,none,1000.089
2026-09-27 05:08:33,other,,14.6,none,1000.089
2026-09-27 05:08:36,idle,,5.9,none,1000.089
2026-09-27 05:08:39,time,crc_ok,14.9,decoded,1000.089
2026-09-27 05:08:42,idle,,6.3,none,1000.089
2026-09-27 05:08:45,idle,,5.7,none,1000.089
2026-09-27 05:08:48,idle,,6.1,none,1000.089
2026-09-27 05:08:51,idle,,6.2,none,1000.089
2026-09-27 05:08:54,other,,14.9,none,1000.089
2026-09-27 05:08:57,idle,,6.0,none,1000.089
2026-09-27 05:09:00,time,crc_ok,14.5,decoded,1000.089
2026-09-27 05:09:03,time,bit_errors,15.8,confirmed,1000.089
2026-09-27 05:09:06,idle,,5.0,none,1000.089
2026-09-27 05:09:09,other,,15.2,none,1000.089
2026-09-27 05:09:12,idle,,6.0,none,1000.089
2026-09-27 05:09:15,idle,,6.1,none,1000.089
2026-09-27 05:09:18,idle,,5.6,none,1000.089
2026-09-27 05:09:21,idle,,6.0,none,1000.089
2026-09-27 05:09:24,time,crc_ok,14.7,decoded,1000.089
2026-09-27 05:09:27,idle,,5.8,none,1000.089
2026-09-27 05:09:30,other,,15.1,none,1000.089
2026-09-27 05:09:33,other,,15.0,none,1000.089
2026-09-27 05:09:36,time,bit_errors,14.7,decoded,1000.089
2026-09-27 05:09:39,other,,14.7,none,1000.089
2026-09-27 05:09:42,other,,15.9,none,1000.089
2026-09-27 05:09:45,idle,,5.7,none,1000.089
2026-09-27 05:09:48,other,,15.0,none,1000.089
2026-09-27 05:09:51,time,crc_ok,15.2,decoded,1000.089
2026-09-27 05:09:54,time,crc_ok,14.5,decoded,1000.089
2026-09-27 05:09:57,time,bit_errors,14.3,decoded,1000.089
2026-09-27 05:10:00,idle,,5.3,none,1000.089
2026-09-27 05:10:03,time,crc_ok,15.2,decoded,1000.089
2026-09-27 05:10:06,other,,15.5,none,1000.089
2026-09-27 05:10:09,idle,,5.5,none,1000.089
2026-09-27 05:10:12,idle,,5.8,none,1000.089
2026-09-27 05:10:15,time,crc_ok,14.3,decoded,1000.089
2026-09-27 05:10:18,time,crc_ok,14.5,decoded,1000.089
2026-09-27 05:10:21,time,crc_ok,15.5,decoded,1000.089
2026-09-27 05:10:24,idle,,5.6,none,1000.089
2026-09-27 05:10:27,time,bit_errors,15.0,decoded,1000.089
2026-09-27 05:10:30,idle,,5.7,none,1000.089
2026-09-27 05:10:33,other,,15.6,none,1000.089
2026-09-27 05:10:36,other,,15.9,none,1000.089
2026-09-27 05:10:39,idle,,5.4,none,1000.089
2026-09-27 05:10:42,idle,,5.9,none,1000.089
2026-09-27 05:10:45,idle,,5.8,none,1000.089
2026-09-27 05:10:48,time,bit_errors,14.5,decoded,1000.089
2026-09-27 05:10:51,time,crc_ok,14.8,decoded,1000.089
2026-09-27 05:10:54,time,crc_ok,15.0,decoded,1000.089
2026-09-27 05:11:03,time,crc_ok,14.6,failed,1000.089
2026-09-27 05:11:06,other,,15.4,none,1000.089
2026-09-27 05:11:09,time,crc_ok,14.1,decoded,1000.089
2026-09-27 05:11:12,other,,14.9,none,1000.089
2026-09-27 05:11:15,idle,,5.6,none,1000.089
2026-09-27 05:11:18,time,crc_ok,14.5,decoded,1000.089
2026-09-27 05:11:21,time,bit_errors,14.7,confirmed,1000.089
2026-09-27 05:11:24,time,crc_ok,15.8,decoded,1000.089
2026-09-27 05:11:27,time,crc_ok,15.5,confirmed,1000.089
2026-09-27 05:11:30,idle,,5.8,none,1000.089
2026-09-27 05:11:33,other,,15.0,none,1000.089
2026-09-27 05:11:36,idle,,5.1,none,1000.089
2026-09-27 05:11:39,other,,15.4,none,1000.089
2026-09-27 05:11:42,idle,,5.7,none,1000.089
2026-09-27 05:11:45,idle,,6.1,none,1000.089
2026-09-27 05:11:48,idle,,5.5,none,1000.089
2026-09-27 05:11:51,idle,,5.5,none,1000.089
2026-09-27 05:11:54,idle,,5.5,none,1000.089
2026-09-27 05:11:57,idle,,5.1,none,1000.089
2026-09-27 05:12:00,idle,,5.6,none,1000.089
2026-09-27 05:12:03,time,crc_ok,15.1,decoded,1000.089
2026-09-27 05:12:06,idle,,6.1,none,1000.089
2026-09-27 05:12:09,other,,15.1,none,1000.089
2026-09-27 05:12:12,idle,,5.6,none,1000.089
2026-09-27 05:12:15,idle,,5.7,none,1000.089
2026-09-27 05:12:18,idle,,5.8,none,1000.089
2026-09-27 05:12:21,idle,,5.8,none,1000.089
2026-09-27 05:12:24,idle,,5.4,none,1000.089
2026-09-27 05:12:27,idle,,5.5,none,1000.089
2026-09-27 05:12:30,idle,,5.9,none,1000.089
2026-09-27 05:12:33,other,,14.9,none,1000.089
2026-09-27 05:12:36,other,,15.3,failed,1000.089
2026-09-27 05:12:39,other,,15.2,none,1000.089
2026-09-27 05:12:42,time,crc_ok,15.2,decoded,1000.089
2026-09-27 05:12:45,idle,,5.4,none,1000.089
2026-09-27 05:12:48,other,,15.1,none,1000.089
2026-09-27 05:12:51,time,crc_ok,14.9,decoded,1000.089
2026-09-27 05:12:54,time,crc_ok,15.2,confirmed,1000.089
2026-09-27 05:12:57,time,crc_ok,14.5,decoded,1000.089
2026-09-27 05:13:00,idle,,5.9,none,1000.089
2026-09-27 05:13:03,time,bit_errors,15.4,decoded,1000.089
2026-09-27 05:13:06,idle,,5.8,none,1000.089
2026-09-27 05:13:09,idle,,5.7,none,1000.089
2026-09-27 05:13:12,idle,,5.9,none,1000.089
2026-09-27 05:13:15,other,,15.2,none,1000.089
2026-09-27 05:13:18,idle,,5.7,none,1000.089
2026-09-27 05:13:21,other,,15.4,none,1000.089
2026-09-27 05:13:24,idle,,6.1,none,1000.089
2026-09-27 05:13:27,time,crc_ok,15.4,decoded,1000.089
2026-09-27 05:13:30,idle,,5.6,none,1000.089
2026-09-27 05:13:33,other,,15.5,none,1000.089
2026-09-27 05:13:36,time,crc_ok,14.2,decoded,1000.089
2026-09-27 05:13:39,idle,,5.8,none,1000.089
2026-09-27 05:13:42,idle,,6.1,none,1000.089
2026-09-27 05:13:45,idle,,5.6,none,1000.089
2026-09-27 05:13:48,time,bit_errors,14.7,decoded,1000.089
2026-09-27 05:13:51,time,crc_ok,15.6,decoded,1000.089
2026-09-27 05:13:54,other,,15.4,none,1000.089
2026-09-27 05:13:57,idle,,6.1,none,1000.089
2026-09-27 05:14:00,other,,15.7,none,1000.089
2026-09-27 05:14:03,time,crc_ok,14.6,decoded,1000.089
2026-09-27 05:14:06,idle,,6.0,failed,1000.089
2026-09-27 05:14:09,other,,15.2,none,1000.089
2026-09-27 05:14:12,idle,,5.4,none,1000.089
2026-09-27 05:14:15,time,crc_ok,14.4,decoded,1000.089
2026-09-27 05:14:18,idle,,5.6,none,1000.089
2026-09-27 05:14:21,idle,,5.8,none,1000.089
2026-09-27 05:14:24,time,crc_ok,14.4,decoded,1000.089
2026-09-27 05:14:27,idle,,5.6,none,1000.089
2026-09-27 05:14:30,time,bit_errors,15.4,decoded,1000.089
2026-09-27 05:14:33,other,,15.7,none,1000.089
2026-09-27 05:14:36,idle,,6.0,none,1000.089
2026-09-27 05:14:39,time,crc_ok,14.9,decoded,1000.089
2026-09-27 05:14:42,idle,,5.5,none,1000.089
2026-09-27 05:14:45,time,bit_errors,14.9,decoded,1000.089
2026-09-27 05:14:48,time,crc_ok,15.2,decoded,1000.089
2026-09-27 05:14:51,other,,15.2,none,1000.089
2026-09-27 05:14:54,other,,15.5,failed,1000.089
2026-09-27 05:14:57,other,,15.5,none,1000.089
2026-09-27 05:15:00,other,,15.8,none,1000.089
2026-09-27 05:15:03,time,crc_ok,14.6,decoded,1000.089
2026-09-27 05:15:06,idle,,5.8,none,1000.089
2026-09-27 05:15:09,other,,15.8,none,1000.089
2026-09-27 05:15:12,idle,,5.9,none,1000.089
2026-09-27 05:15:15,time,bit_errors,15.1,decoded,1000.089
2026-09-27 05:15:18,other,,15.6,failed,1000.089
2026-09-27 05:15:21,time,bit_errors,15.3,decoded,1000.089
2026-09-27 05:15:24,other,,15.4,none,1000.089
2026-09-27 05:15:27,other,,15.2,none,1000.089
2026-09-27 05:15:30,time,bit_errors,14.1,decoded,1000.089
2026-09-27 05:15:33,other,,15.4,none,1000.089
2026-09-27 05:15:36,idle,,5.9,none,1000.089
2026-09-27 05:15:39,other,,15.4,none,1000.089
2026-09-27 05:15:42,idle,,6.2,none,1000.089
2026-09-27 05:15:45,time,crc_ok,14.8,decoded,1000.089
2026-09-27 05:15:48,idle,,6.1,none,1000.089
2026-09-27 05:15:51,idle,,5.7,none,1000.089
2026-09-27 05:15:54,other,,15.5,none,1000.089
2026-09-27 05:15:57,idle,,6.2,none,1000.089
2026-09-27 05:16:00,time,crc_ok,14.8,decoded,1000.089
2026-09-27 05:16:03,time,crc_ok,14.7,decoded,1000.089
2026-09-27 05:16:06,other,,14.9,none,1000.089
2026-09-27 05:16:09,time,crc_ok,14.1,decoded,1000.089
2026-09-27 05:16:12,time,crc_ok,14.9,decoded,1000.089
2026-09-27 05:16:15,idle,,6.0,none,1000.089
2026-09-27 05:16:18,time,crc_ok,14.6,decoded,1000.089
2026-09-27 05:16:21,other,,15.4,none,1000.089
2026-09-27 05:16:24,time,bit_errors,14.7,decoded,1000.089
2026-09-27 05:16:27,idle,,6.4,none,1000.089
2026-09-27 05:16:30,time,bit_errors,14.8,decoded,1000.089
2026-09-27 05:16:33,other,,15.1,none,1000.089
2026-09-27 05:16:36,idle,,5.9,none,1000.089
2026-09-27 05:16:39,time,bit_errors,15.0,decoded,1000.089
2026-09-27 05:16:42,other,,15.6,none,1000.089
2026-09-27 05:16:45,idle,,5.3,none,1000.089
2026-09-27 05:16:48,idle,,6.1,none,1000.089
2026-09-27 05:16:51,time,crc_ok,14.0,decoded,1000.089
2026-09-27 05:16:54,time,crc_ok,15.3,decoded,1000.089
2026-09-27 05:16:57,idle,,5.9,none,1000.089
2026-09-27 05:17:00,idle,,5.9,none,1000.089
2026-09-27 05:17:03,time,bit_errors,14.6,decoded,1000.089
2026-09-27 05:17:06,other,,15.1,none,1000.089
2026-09-27 05:17:09,idle,,6.2,none,1000.089
2026-09-27 05:17:12,other,,15.5,none,1000.089
2026-09-27 05:17:15,other,,15.0,none,1000.089
2026-09-27 05:17:18,other,,15.6,none,1000.089
2026-09-27 05:17:21,idle,,6.4,none,1000.089
2026-09-27 05:17:24,time,crc_ok,14.4,decoded,1000.089
2026-09-27 05:17:27,time,crc_ok,15.1,confirmed,1000.089
2026-09-27 05:17:30,idle,,6.2,none,1000.089
2026-09-27 05:17:33,other,,15.2,none,1000.089
2026-09-27 05:17:36,idle,,5.9,none,1000.089
2026-09-27 05:17:39,time,bit_errors,14.9,decoded,1000.089
2026-09-27 05:17:42,time,crc_ok,14.2,decoded,1000.089
2026-09-27 05:17:45,other,,15.5,failed,1000.089
2026-09-27 05:17:48,idle,,6.2,none,1000.089
2026-09-27 05:17:51,idle,,5.9,none,1000.089
2026-09-27 05:17:54,idle,,5.4,none,1000.089
2026-09-27 05:17:57,other,,14.8,none,1000.089
2026-09-27 05:18:00,other,,16.1,none,1000.089
2026-09-27 05:18:03,time,bit_errors,14.2,decoded,1000.089
2026-09-27 05:18:06,idle,,5.6,none,1000.089
2026-09-27 05:18:09,other,,15.4,none,1000.089
2026-09-27 05:18:12,other,,15.5,none,1000.089
2026-09-27 05:18:15,time,crc_ok,15.4,decoded,1000.089
2026-09-27 05:18:18,idle,,6.2,none,1000.089
2026-09-27 05:18:21,idle,,6.3,none,1000.089
2026-09-27 05:18:24,idle,,5.8,none,1000.089
2026-09-27 05:18:27,time,bit_errors,15.3,decoded,1000.089
2026-09-27 05:18:30,other,,15.5,none,1000.089
2026-09-27 05:18:33,other,,15.2,none,1000.089
2026-09-27 05:18:36,time,bit_errors,15.4,decoded,1000.089
2026-09-27 05:18:39,idle,,6.0,none,1000.089
2026-09-27 05:18:42,time,crc_ok,14.8,none,1000.089
2026-09-27 05:18:45,time,crc_ok,14.6,decoded,1000.089
2026-09-27 05:18:48,time,crc_ok,14.5,confirmed,1000.089
2026-09-27 05:18:51,idle,,5.9,none,1000.089
2026-09-27 05:18:54,time,crc_ok,15.4,decoded,1000.089
2026-09-27 05:18:57,other,,15.9,none,1000.089
2026-09-27 05:19:00,idle,,5.4,none,1000.089
2026-09-27 05:19:03,time,bit_errors,15.0,decoded,1000.089
2026-09-27 05:19:06,other,,15.2,none,1000.089
2026-09-27 05:19:09,idle,,5.6,none,1000.089
2026-09-27 05:19:12,time,crc_ok,15.1,decoded,1000.089
2026-09-27 05:19:15,other,,15.5,failed,1000.089
2026-09-27 05:19:18,idle,,5.9,none,1000.089
2026-09-27 05:19:21,time,bit_errors,15.4,decoded,1000.089
2026-09-27 05:19:24,idle,,5.9,none,1000.089
2026-09-27 05:19:27,idle,,6.0,none,1000.089
2026-09-27 05:19:30,idle,,5.7,none,1000.089
2026-09-27 05:19:33,other,,14.8,none,1000.089
2026-09-27 05:19:36,time,bit_errors,14.4,decoded,1000.089
2026-09-27 05:19:39,time,crc_ok,15.4,decoded,1000.089
2026-09-27 05:19:42,time,crc_ok,15.1,decoded,1000.089
2026-09-27 05:19:45,other,,15.5,none,1000.089
2026-09-27 05:19:48,time,bit_errors,14.4,decoded,1000.089
2026-09-27 05:19:51,time,crc_ok,14.9,decoded,1000.089
2026-09-27 05:19:54,idle,,5.7,none,1000.089
2026-09-27 05:19:57,idle,,6.0,none,1000.089
2026-09-27 05:20:00,time,crc_ok,14.4,decoded,1000.089
2026-09-27 05:20:03,time,crc_ok,14.8,decoded,1000.089
2026-09-27 05:20:06,idle,,6.0,none,1000.089
2026-09-27 05:20:09,other,,15.2,none,1000.089
2026-09-27 05:20:12,idle,,5.9,none,1000.089
2026-09-27 05:20:15,other,,16.0,failed,1000.089
2026-09-27 05:20:18,idle,,6.7,none,1000.089
2026-09-27 05:20:21,idle,,6.5,none,1000.089
2026-09-27 05:20:24,idle,,5.6,none,1000.089
2026-09-27 05:20:27,idle,,6.0,none,1000.089
2026-09-27 05:20:30,other,,15.1,failed,1000.089
2026-09-27 05:20:33,other,,14.5,none,1000.089
2026-09-27 05:20:36,idle,,5.9,none,1000.089
2026-09-27 05:20:39,other,,15.2,none,1000.089
2026-09-27 05:20:42,idle,,6.1,none,1000.089
2026-09-27 05:20:45,time,crc_ok,14.3,decoded,1000.089
2026-09-27 05:20:48,time,bit_errors,15.0,decoded,1000.089
2026-09-27 05:20:51,time,crc_ok,15.0,decoded,1000.089
2026-09-27 05:20:54,idle,,5.8,none,1000.089
2026-09-27 05:21:03,time,crc_ok,15.2,failed,1000.089
2026-09-27 05:21:06,idle,,5.9,none,1000.089
2026-09-27 05:21:09,other,,15.2,failed,1000.089
2026-09-27 05:21:12,idle,,5.7,none,1000.089
2026-09-27 05:21:15,time,bit_errors,15.1,failed,1000.089
2026-09-27 05:21:18,time,crc_ok,15.0,decoded,1000.089
2026-09-27 05:21:21,time,crc_ok,14.2,decoded,1000.089
2026-09-27 05:21:24,idle,,5.6,none,1000.089
2026-09-27 05:21:27,idle,,5.4,none,1000.089
2026-09-27 05:21:30,idle,,5.8,none,1000.089
2026-09-27 05:21:33,other,,15.2,none,1000.089
2026-09-27 05:21:36,idle,,5.9,none,1000.089
2026-09-27 05:21:39,other,,15.1,failed,1000.089
2026-09-27 05:21:42,idle,,5.4,none,1000.089
2026-09-27 05:21:45,time,bit_errors,14.5,decoded,1000.089
2026-09-27 05:21:48,idle,,6.0,none,1000.089
2026-09-27 05:21:51,idle,,6.1,none,1000.089
2026-09-27 05:21:54,idle,,5.8,none,1000.089
2026-09-27 05:21:57,idle,,5.5,none,1000.089
2026-09-27 05:22:00,time,crc_ok,14.5,decoded,1000.089
2026-09-27 05:22:03,time,crc_ok,14.7,decoded,1000.089
2026-09-27 05:22:06,idle,,5.8,none,1000.089
2026-09-27 05:22:09,other,,15.4,none,1000.089
2026-09-27 05:22:12,idle,,5.4,none,1000.089
2026-09-27 05:22:15,idle,,5.5,none,1000.089
2026-09-27 05:22:18,idle,,5.5,none,1000.089
2026-09-27 05:22:21,idle,,5.0,none,1000.089
2026-09-27 05:22:24,time,crc_ok,14.6,decoded,1000.089
2026-09-27 05:22:27,idle,,5.7,none,1000.089
2026-09-27 05:22:30,other,,15.3,none,1000.089
2026-09-27 05:22:33,other,,15.1,none,1000.089
2026-09-27 05:22:36,idle,,5.3,none,1000.089
2026-09-27 05:22:39,other,,15.3,none,1000.089
2026-09-27 05:22:42,time,crc_ok,13.9,decoded,1000.089
2026-09-27 05:22:45,idle,,5.2,none,1000.089
2026-09-27 05:22:48,idle,,5.1,none,1000.089
2026-09-27 05:22:51,time,bit_errors,14.3,decoded,1000.089
2026-09-27 05:22:54,other,,15.0,failed,1000.089
2026-09-27 05:22:57,idle,,5.2,none,1000.089
2026-09-27 05:23:00,idle,,5.6,none,1000.089
2026-09-27 05:23:03,time,bit_errors,14.0,decoded,1000.089
2026-09-27 05:23:06,other,,15.1,none,1000.089
2026-09-27 05:23:09,idle,,5.4,none,1000.089
2026-09-27 05:23:12,other,,15.7,none,1000.089
2026-09-27 05:23:15,other,,14.7,failed,1000.089
2026-09-27 05:23:18,other,,15.0,none,1000.089
2026-09-27 05:23:21,idle,,5.5,none,1000.089
2026-09-27 05:23:24,idle,,5.8,none,1000.089
2026-09-27 05:23:27,time,crc_ok,14.7,decoded,1000.089
2026-09-27 05:23:30,time,crc_ok,14.7,decoded,1000.089
2026-09-27 05:23:33,other,,15.6,none,1000.089
2026-09-27 05:23:36,idle,,6.0,none,1000.089
2026-09-27 05:23:39,other,,15.6,none,1000.089
2026-09-27 05:23:42,other,,15.4,none,1000.089
2026-09-27 05:23:45,other,,15.2,none,1000.089
2026-09-27 05:23:48,idle,,5.5,none,1000.089
2026-09-27 05:23:51,idle,,6.0,none,1000.089
2026-09-27 05:23:54,time,crc_ok,14.3,decoded,1000.089
2026-09-27 05:23:57,other,,15.4,none,1000.089
2026-09-27 05:24:00,idle,,5.8,none,1000.089
2026-09-27 05:24:03,time,crc_ok,14.8,decoded,1000.089
2026-09-27 05:24:06,idle,,5.6,none,1000.089
2026-09-27 05:24:09,other,,15.9,none,1000.089
2026-09-27 05:24:12,other,,15.2,failed,1000.089
2026-09-27 05:24:15,time,crc_ok,15.6,confirmed,1000.089
2026-09-27 05:24:18,idle,,5.7,none,1000.089
2026-09-27 05:24:21,idle,,5.7,none,1000.089
2026-09-27 05:24:24,other,,15.8,none,1000.089
2026-09-27 05:24:27,time,crc_ok,14.1,decoded,1000.089
2026-09-27 05:24:30,idle,,5.3,none,1000.089
2026-09-27 05:24:33,other,,15.6,none,1000.089
2026-09-27 05:24:36,time,crc_ok,14.2,decoded,1000.089
2026-09-27 05:24:39,idle,,5.4,none,1000.089
2026-09-27 05:24:42,time,crc_ok,14.3,decoded,1000.089
2026-09-27 05:24:45,other,,16.3,failed,1000.089
2026-09-27 05:24:48,time,crc_ok,15.3,decoded,1000.089
2026-09-27 05:24:51,idle,,5.4,none,1000.089
2026-09-27 05:24:54,idle,,5.8,none,1000.089
2026-09-27 05:24:57,time,bit_errors,15.2,decoded,1000.089
2026-09-27 05:25:00,time,bit_errors,15.2,decoded,1000.089
2026-09-27 05:25:03,time,crc_ok,15.4,decoded,1000.089
2026-09-27 05:25:06,idle,,5.8,none,1000.089
2026-09-27 05:25:09,other,,15.9,none,1000.089
2026-09-27 05:25:12,other,,15.3,failed,1000.089
2026-09-27 05:25:15,time,crc_ok,14.9,decoded,1000.089
2026-09-27 05:25:18,time,crc_ok,15.0,decoded,1000.089
2026-09-27 05:25:21,idle,,5.7,none,1000.089
2026-09-27 05:25:24,idle,,5.8,none,1000.089
2026-09-27 05:25:27,idle,,5.5,none,1000.089
2026-09-27 05:25:30,idle,,6.0,none,1000.089
2026-09-27 05:25:33,other,,15.2,none,1000.089
2026-09-27 05:25:36,other,,15.0,none,1000.089
2026-09-27 05:25:39,time,bit_errors,15.1,decoded,1000.089
2026-09-27 05:25:42,other,,15.2,none,1000.089
2026-09-27 05:25:45,other,,14.9,none,1000.089
2026-09-27 05:25:48,time,crc_ok,14.4,decoded,1000.089
2026-09-27 05:25:51,other,,15.5,none,1000.089
2026-09-27 05:25:54,idle,,5.2,none,1000.089
2026-09-27 05:25:57,idle,,5.4,none,1000.089
2026-09-27 05:26:00,time,crc_ok,15.0,decoded,1000.089
2026-09-27 05:26:03,time,crc_ok,14.3,decoded,1000.089
2026-09-27 05:26:06,other,,15.4,none,1000.089
2026-09-27 05:26:09,idle,,5.8,none,1000.089
2026-09-27 05:26:12,other,,15.9,none,1000.089
2026-09-27 05:26:15,other,,14.9,none,1000.089
2026-09-27 05:26:18,other,,15.3,failed,1000.089
2026-09-27 05:26:21,idle,,5.6,none,1000.089
2026-09-27 05:26:24,time,crc_ok,14.6,decoded,1000.089
2026-09-27 05:26:27,time,bit_errors,14.7,decoded,1000.089
2026-09-27 05:26:30,idle,,5.7,none,1000.089
2026-09-27 05:26:33,other,,15.9,none,1000.089
2026-09-27 05:26:36,idle,,5.6,none,1000.089
2026-09-27 05:26:39,other,,15.3,failed,1000.089
2026-09-27 05:26:42,other,,15.0,none,1000.089
2026-09-27 05:26:45,other,,15.4,failed,1000.089
2026-09-27 05:26:48,idle,,5.7,none,1000.089
2026-09-27 05:26:51,idle,,5.8,none,1000.089
2026-09-27 05:26:54,idle,,5.4,none,1000.089
2026-09-27 05:26:57,other,,15.6,none,1000.089
2026-09-27 05:27:00,idle,,5.9,none,1000.089
2026-09-27 05:27:03,time,crc_ok,14.8,decoded,1000.089
2026-09-27 05:27:06,idle,,5.9,none,1000.089
2026-09-27 05:27:09,other,,15.4,none,1000.089
2026-09-27 05:27:12,time,crc_ok,14.5,none,1000.089
2026-09-27 05:27:15,other,,15.5,none,1000.089
2026-09-27 05:27:18,idle,,5.6,none,1000.089
2026-09-27 05:27:21,idle,,5.4,none,1000.089
2026-09-27 05:27:24,idle,,6.0,none,1000.089
2026-09-27 05:27:27,other,,15.4,none,1000.089
2026-09-27 05:27:30,idle,,5.9,none,1000.089
2026-09-27 05:27:33,other,,15.3,none,1000.089
2026-09-27 05:27:36,time,crc_ok,15.0,decoded,1000.089
2026-09-27 05:27:39,idle,,5.8,none,1000.089
2026-09-27 05:27:42,other,,15.6,none,1000.089
2026-09-27 05:27:45,time,bit_errors,14.7,decoded,1000.089
2026-09-27 05:27:48,time,crc_ok,15.2,decoded,1000.089
2026-09-27 05:27:51,idle,,5.7,none,1000.089
2026-09-27 05:27:54,other,,15.4,none,1000.089
2026-09-27 05:27:57,time,crc_ok,14.8,decoded,1000.089
2026-09-27 05:28:00,idle,,5.5,none,1000.089
2026-09-27 05:28:03,time,crc_ok,14.5,decoded,1000.089
2026-09-27 05:28:06,idle,,6.3,none,1000.089
2026-09-27 05:28:09,idle,,5.8,none,1000.089
2026-09-27 05:28:12,other,,15.5,none,1000.089
2026-09-27 05:28:15,time,crc_ok,15.1,decoded,1000.089
2026-09-27 05:28:18,idle,,5.6,none,1000.089
2026-09-27 05:28:21,time,crc_ok,14.4,decoded,1000.089
2026-09-27 05:28:24,idle,,5.7,none,1000.089
2026-09-27 05:28:27,idle,,6.1,none,1000.089
2026-09-27 05:28:30,idle,,5.7,none,1000.089
2026-09-27 05:28:33,other,,15.7,none,1000.089
2026-09-27 05:28:36,other,,15.1,failed,1000.089
2026-09-27 05:28:39,time,bit_errors,14.8,decoded,1000.089
2026-09-27 05:28:42,other,,15.3,none,1000.089
2026-09-27 05:28:45,other,,14.9,none,1000.089
2026-09-27 05:28:48,time,crc_ok,15.6,decoded,1000.089
2026-09-27 05:28:51,other,,15.1,none,1000.089
2026-09-27 05:28:54,idle,,5.4,none,1000.089
2026-09-27 05:28:57,idle,,6.0,none,1000.089
2026-09-27 05:29:00,other,,15.7,none,1000.089
2026-09-27 05:29:03,time,crc_ok,14.8,decoded,1000.089
2026-09-27 05:29:06,idle,,6.3,none,1000.089
2026-09-27 05:29:09,idle,,5.6,none,1000.089
2026-09-27 05:29:12,idle,,6.0,none,1000.089
2026-09-27 05:29:15,other,,15.1,none,1000.089
2026-09-27 05:29:18,time,crc_ok,15.3,decoded,1000.089
2026-09-27 05:29:21,idle,,5.2,none,1000.089
2026-09-27 05:29:24,other,,15.9,none,1000.089
2026-09-27 05:29:27,other,,14.7,none,1000.089
2026-09-27 05:29:30,idle,,5.8,none,1000.089
2026-09-27 05:29:33,other,,15.4,none,1000.089
2026-09-27 05:29:36,idle,,5.9,none,1000.089
2026-09-27 05:29:39,other,,15.4,none,1000.089
2026-09-27 05:29:42,other,,15.1,none,1000.089
2026-09-27 05:29:45,idle,,5.8,none,1000.089
2026-09-27 05:29:48,time,crc_ok,14.5,decoded,1000.089
2026-09-27 05:29:51,idle,,5.9,none,1000.089
2026-09-27 05:29:54,time,bit_errors,15.0,decoded,1000.089
2026-09-27 05:29:57,idle,,5.7,none,1000.089
2026-09-27 05:30:00,idle,,5.6,none,1000.089
2026-09-27 05:30:03,time,crc_ok,14.2,decoded,1000.089
2026-09-27 05:30:06,idle,,5.7,none,1000.089
2026-09-27 05:30:09,other,,15.4,failed,1000.089
2026-09-27 05:30:12,other,,14.9,none,1000.089
2026-09-27 05:30:15,idle,,5.9,none,1000.089
2026-09-27 05:30:18,time,crc_ok,15.1,decoded,1000.089
2026-09-27 05:30:21,idle,,5.6,none,1000.089
2026-09-27 05:30:24,other,,15.4,none,1000.089
2026-09-27 05:30:27,idle,,5.6,none,1000.089
2026-09-27 05:30:30,idle,,5.2,none,1000.089
2026-09-27 05:30:33,other,,14.6,none,1000.089
2026-09-27 05:30:36,idle,,6.1,none,1000.089
2026-09-27 05:30:39,idle,,5.5,none,1000.089
2026-09-27 05:30:42,idle,,5.9,none,1000.089
2026-09-27 05:30:45,other,,14.4,none,1000.089
2026-09-27 05:30:48,other,,15.8,failed,1000.089
2026-09-27 05:30:51,idle,,5.5,none,1000.089
2026-09-27 05:30:54,time,crc_ok,14.5,decoded,1000.089
2026-09-27 05:31:03,time,crc_ok,15.2,failed,1000.089
2026-09-27 05:31:06,idle,,5.4,none,1000.089
2026-09-27 05:31:09,idle,,5.5,none,1000.089
2026-09-27 05:31:12,idle,,5.9,none,1000.089
2026-09-27 05:31:15,other,,15.4,failed,1000.089
2026-09-27 05:31:18,other,,15.6,none,1000.089
2026-09-27 05:31:21,time,bit_errors,14.0,decoded,1000.089
2026-09-27 05:31:24,idle,,5.3,none,1000.089
2026-09-27 05:31:27,idle,,5.6,none,1000.089
2026-09-27 05:31:30,time,crc_ok,15.4,decoded,1000.089
2026-09-27 05:31:33,other,,15.1,none,1000.089
2026-09-27 05:31:36,other,,15.0,none,1000.089
2026-09-27 05:31:39,idle,,5.5,none,1000.089
2026-09-27 05:31:42,time,bit_errors,15.3,decoded,1000.089
2026-09-27 05:31:45,time,bit_errors,15.0,decoded,1000.089
2026-09-27 05:31:48,idle,,6.1,none,1000.089
2026-09-27 05:31:51,time,bit_errors,14.7,decoded,1000.089
2026-09-27 05:31:54,idle,,5.6,none,1000.089
2026-09-27 05:31:57,idle,,5.8,none,1000.089
2026-09-27 05:32:00,idle,,5.6,none,1000.089
2026-09-27 05:32:03,time,bit_errors,14.1,decoded,1000.089
2026-09-27 05:32:06,other,,15.2,failed,1000.089
2026-09-27 05:32:09,idle,,5.5,none,1000.089
2026-09-27 05:32:12,other,,15.6,none,1000.089
2026-09-27 05:32:15,other,,15.5,none,1000.089
2026-09-27 05:32:18,other,,15.5,none,1000.089
2026-09-27 05:32:21,idle,,5.8,none,1000.089
2026-09-27 05:32:24,idle,,5.9,none,1000.089
2026-09-27 05:32:27,idle,,6.3,none,1000.089
2026-09-27 05:32:30,time,bit_errors,14.7,decoded,1000.089
2026-09-27 05:32:33,other,,14.7,failed,1000.089
2026-09-27 05:32:36,idle,,6.1,none,1000.089
2026-09-27 05:32:39,time,crc_ok,15.0,decoded,1000.089
2026-09-27 05:32:42,time,crc_ok,15.4,decoded,1000.089
2026-09-27 05:32:45,other,,15.1,none,1000.089
2026-09-27 05:32:48,idle,,6.4,none,1000.089
2026-09-27 05:32:51,idle,,6.0,none,1000.089
2026-09-27 05:32:54,idle,,5.7,none,1000.089
2026-09-27 05:32:57,idle,,6.0,none,1000.089
2026-09-27 05:33:00,idle,,5.9,none,1000.089
2026-09-27 05:33:03,time,bit_errors,15.0,decoded,1000.089
2026-09-27 05:33:06,idle,,5.8,none,1000.089
2026-09-27 05:33:09,other,,15.5,none,1000.089
2026-09-27 05:33:12,other,,15.3,none,1000.089
2026-09-27 05:33:15,time,crc_ok,14.9,decoded,1000.089
2026-09-27 05:33:18,idle,,6.0,none,1000.089
2026-09-27 05:33:21,idle,,5.3,none,1000.089
2026-09-27 05:33:24,idle,,6.2,none,1000.089
2026-09-27 05:33:27,idle,,6.2,none,1000.089
2026-09-27 05:33:30,idle,,5.6,none,1000.089
2026-09-27 05:33:33,other,,15.1,none,1000.089
2026-09-27 05:33:36,time,crc_ok,14.8,decoded,1000.089
2026-09-27 05:33:39,idle,,5.8,none,1000.089
2026-09-27 05:33:42,time,crc_ok,15.0,decoded,1000.089
2026-09-27 05:33:45,time,crc_ok,15.2,decoded,1000.089
2026-09-27 05:33:48,other,,15.7,failed,1000.089
2026-09-27 05:33:51,idle,,6.0,none,1000.089
2026-09-27 05:33:54,idle,,6.3,none,1000.089
2026-09-27 05:33:57,idle,,5.5,none,1000.089
2026-09-27 05:34:00,other,,15.4,none,1000.089
2026-09-27 05:34:03,time,crc_ok,15.1,decoded,1000.089
2026-09-27 05:34:06,idle,,6.1,none,1000.089
2026-09-27 05:34:09,other,,15.8,none,1000.089
2026-09-27 05:34:12,idle,,6.1,none,1000.089
2026-09-27 05:34:15,idle,,5.4,none,1000.089
2026-09-27 05:34:18,idle,,6.1,none,1000.089
2026-09-27 05:34:21,idle,,6.4,none,1000.089
2026-09-27 05:34:24,idle,,6.0,none,1000.089
2026-09-27 05:34:27,idle,,5.6,none,1000.089
2026-09-27 05:34:30,idle,,5.5,none,1000.089
2026-09-27 05:34:33,other,,15.5,none,1000.089
2026-09-27 05:34:36,time,crc_ok,14.4,decoded,1000.089
2026-09-27 05:34:39,other,,15.3,none,1000.089
2026-09-27 05:34:42,time,bit_errors,15.2,confirmed,1000.089
2026-09-27 05:34:45,other,,14.9,none,1000.089
2026-09-27 05:34:48,time,crc_ok,15.0,decoded,1000.089
2026-09-27 05:34:51,other,,15.2,none,1000.089
2026-09-27 05:34:54,idle,,6.2,none,1000.089
2026-09-27 05:34:57,idle,,5.8,none,1000.089
2026-09-27 05:35:00,time,crc_ok,15.1,decoded,1000.089
2026-09-27 05:35:03,time,crc_ok,14.9,decoded,1000.089
2026-09-27 05:35:06,idle,,6.0,none,1000.089
2026-09-27 05:35:09,idle,,5.3,none,1000.089
2026-09-27 05:35:12,idle,,5.9,none,1000.089
2026-09-27 05:35:15,other,,14.8,none,1000.089
2026-09-27 05:35:18,time,crc_ok,15.0,decoded,1000.089
2026-09-27 05:35:21,idle,,5.6,none,1000.089
2026-09-27 05:35:24,idle,,6.0,none,1000.089
2026-09-27 05:35:27,idle,,5.6,none,1000.089
2026-09-27 05:35:30,time,crc_ok,15.5,decoded,1000.089
2026-09-27 05:35:33,other,,14.7,none,1000.089
2026-09-27 05:35:36,idle,,5.5,none,1000.089
2026-09-27 05:35:39,time,bit_errors,14.9,decoded,1000.089
2026-09-27 05:35:42,other,,15.3,none,1000.089
2026-09-27 05:35:45,idle,,5.6,none,1000.089
2026-09-27 05:35:48,time,crc_ok,15.0,decoded,1000.089
2026-09-27 05:35:51,idle,,6.1,none,1000.089
2026-09-27 05:35:54,idle,,5.4,none,1000.089
2026-09-27 05:35:57,idle,,5.0,none,1000.089
2026-09-27 05:36:00,time,crc_ok,15.3,decoded,1000.089
2026-09-27 05:36:03,time,crc_ok,15.7,decoded,1000.089
2026-09-27 05:36:06,unclear,,14.8,none,1000.089
2026-09-27 05:36:09,idle,,5.5,none,1000.089
2026-09-27 05:36:12,other,,15.4,none,1000.089
2026-09-27 05:36:15,idle,,5.7,none,1000.089
2026-09-27 05:36:18,time,crc_ok,15.5,decoded,1000.089
2026-09-27 05:36:21,idle,,5.2,none,1000.089
2026-09-27 05:36:24,idle,,5.9,none,1000.089
2026-09-27 05:36:27,idle,,5.9,none,1000.089
2026-09-27 05:36:30,time,crc_ok,15.1,decoded,1000.089
2026-09-27 05:36:33,other,,14.9,none,1000.089
2026-09-27 05:36:36,idle,,5.7,none,1000.089
2026-09-27 05:36:39,idle,,5.8,none,1000.089
2026-09-27 05:36:42,idle,,5.2,none,1000.089
2026-09-27 05:36:45,other,,15.2,none,1000.089
2026-09-27 05:36:48,time,crc_ok,15.0,decoded,1000.089
2026-09-27 05:36:51,idle,,5.2,none,1000.089
2026-09-27 05:36:54,idle,,5.6,none,1000.089
2026-09-27 05:36:57,idle,,5.5,none,1000.089
2026-09-27 05:37:00,time,crc_ok,15.4,decoded,1000.089
2026-09-27 05:37:03,time,bit_errors,14.9,decoded,1000.089
2026-09-27 05:37:06,other,,14.9,none,1000.089
2026-09-27 05:37:09,time,crc_ok,14.9,none,1000.089
2026-09-27 05:37:12,idle,,5.8,none,1000.089
2026-09-27 05:37:15,idle,,6.1,none,1000.089
2026-09-27 05:37:18,idle,,5.8,none,1000.089
2026-09-27 05:37:21,idle,,5.4,none,1000.089
2026-09-27 05:37:24,idle,,5.9,none,1000.089
2026-09-27 05:37:27,idle,,6.1,none,1000.089
2026-09-27 05:37:30,time,bit_errors,14.6,decoded,1000.089
2026-09-27 05:37:33,other,,15.2,none,1000.089
2026-09-27 05:37:36,other,,15.4,none,1000.089
2026-09-27 05:37:39,idle,,5.6,none,1000.089
2026-09-27 05:37:42,other,,15.4,failed,1000.089
2026-09-27 05:37:45,time,crc_ok,15.3,decoded,1000.089
2026-09-27 05:37:48,idle,,5.8,none,1000.089
2026-09-27 05:37:51,other,,15.6,none,1000.089
2026-09-27 05:37:54,idle,,5.3,none,1000.089
2026-09-27 05:37:57,idle,,5.1,none,1000.089
2026-09-27 05:38:00,idle,,5.8,none,1000.089
2026-09-27 05:38:03,time,crc_ok,15.0,decoded,1000.089
2026-09-27 05:38:06,other,,15.4,none,1000.089
2026-09-27 05:38:09,idle,,5.3,none,1000.089
2026-09-27 05:38:12,other,,15.5,none,1000.089
2026-09-27 05:38:15,time,crc_ok,15.1,decoded,1000.089
2026-09-27 05:38:18,time,crc_ok,14.9,decoded,1000.089
2026-09-27 05:38:21,idle,,5.5,none,1000.089
2026-09-27 05:38:24,other,,15.6,none,1000.089
2026-09-27 05:38:27,time,crc_ok,14.9,decoded,1000.089
2026-09-27 05:38:30,time,bit_errors,15.1,confirmed,1000.089
2026-09-27 05:38:33,other,,14.9,none,1000.089
2026-09-27 05:38:36,idle,,6.0,none,1000.089
2026-09-27 05:38:39,other,,15.0,none,1000.089
2026-09-27 05:38:42,time,crc_ok,15.4,decoded,1000.089
2026-09-27 05:38:45,other,,15.6,none,1000.089
2026-09-27 05:38:48,idle,,5.8,none,1000.089
2026-09-27 05:38:51,idle,,5.9,none,1000.089
2026-09-27 05:38:54,idle,,5.5,none,1000.089
2026-09-27 05:38:57,idle,,5.6,none,1000.089
2026-09-27 05:39:00,idle,,5.6,none,1000.089
2026-09-27 05:39:03,time,bit_errors,14.8,decoded,1000.089
2026-09-27 05:39:06,idle,,5.4,none,1000.089
2026-09-27 05:39:09,other,,15.5,none,1000.089
2026-09-27 05:39:12,other,,15.2,none,1000.089
2026-09-27 05:39:15,time,crc_ok,15.2,decoded,1000.089
2026-09-27 05:39:18,idle,,5.2,none,1000.089
2026-09-27 05:39:21,idle,,5.7,none,1000.089
2026-09-27 05:39:24,idle,,5.9,none,1000.089
2026-09-27 05:39:27,idle,,4.9,none,1000.089
2026-09-27 05:39:30,idle,,5.5,none,1000.089
2026-09-27 05:39:33,other,,15.0,none,1000.089
2026-09-27 05:39:36,time,crc_ok,14.8,decoded,1000.089
2026-09-27 05:39:39,idle,,5.4,none,1000.089
2026-09-27 05:39:42,time,crc_ok,14.9,decoded,1000.089
2026-09-27 05:39:45,time,bit_errors,14.6,decoded,1000.089
2026-09-27 05:39:48,time,crc_ok,15.2,decoded,1000.089
2026-09-27 05:39:51,idle,,6.0,none,1000.089
2026-09-27 05:39:54,time,crc_ok,14.9,decoded,1000.089
2026-09-27 05:39:57,time,crc_ok,14.7,decoded,1000.089
2026-09-27 05:40:00,other,,15.3,none,1000.089
2026-09-27 05:40:03,time,crc_ok,14.7,decoded,1000.089
2026-09-27 05:40:06,idle,,5.3,none,1000.089
2026-09-27 05:40:09,other,,15.2,none,1000.089
2026-09-27 05:40:12,idle,,5.3,none,1000.089
2026-09-27 05:40:15,other,,15.2,none,1000.089
2026-09-27 05:40:18,idle,,5.8,none,1000.089
2026-09-27 05:40:21,other,,15.0,none,1000.089
2026-09-27 05:40:24,idle,,5.5,none,1000.089
2026-09-27 05:40:27,idle,,5.3,none,1000.089
2026-09-27 05:40:30,idle,,5.6,none,1000.089
2026-09-27 05:40:33,other,,14.9,none,1000.089
2026-09-27 05:40:36,other,,14.9,none,1000.089
2026-09-27 05:40:39,time,crc_ok,15.0,decoded,1000.089
2026-09-27 05:40:42,time,crc_ok,15.3,decoded,1000.089
2026-09-27 05:40:45,other,,15.5,none,1000.089
2026-09-27 05:40:48,other,,15.3,none,1000.089
2026-09-27 05:40:51,other,,16.0,none,1000.089
2026-09-27 05:40:54,idle,,6.0,none,1000.089
2026-09-27 05:41:03,time,bit_errors,15.4,decoded,1000.088
2026-09-27 05:41:06,idle,,5.4,none,1000.088
2026-09-27 05:41:09,idle,,5.5,none,1000.088
2026-09-27 05:41:12,idle,,5.8,none,1000.088
2026-09-27 05:41:15,other,,15.9,none,1000.088
2026-09-27 05:41:18,other,,15.4,none,1000.088
2026-09-27 05:41:21,idle,,5.7,none,1000.088
2026-09-27 05:41:24,idle,,5.5,none,1000.088
2026-09-27 05:41:27,time,bit_errors,14.8,decoded,1000.088
2026-09-27 05:41:30,time,bit_errors,15.0,decoded,1000.088
2026-09-27 05:41:33,other,,15.0,none,1000.088
2026-09-27 05:41:36,idle,,5.7,none,1000.088
2026-09-27 05:41:39,time,crc_ok,14.5,decoded,1000.088
2026-09-27 05:41:42,time,crc_ok,14.5,decoded,1000.088
2026-09-27 05:41:45,idle,,5.7,none,1000.088
2026-09-27 05:41:48,time,crc_ok,15.8,decoded,1000.088
2026-09-27 05:41:51,idle,,5.3,none,1000.088
2026-09-27 05:41:54,other,,15.4,none,1000.088
2026-09-27 05:41:57,idle,,5.7,none,1000.088
2026-09-27 05:42:00,idle,,5.5,none,1000.088
2026-09-27 05:42:03,time,crc_ok,14.7,decoded,1000.088
2026-09-27 05:42:06,idle,,5.6,none,1000.088
2026-09-27 05:42:09,other,,15.1,none,1000.088
2026-09-27 05:42:12,other,,15.3,none,1000.088
2026-09-27 05:42:15,idle,,5.6,none,1000.088
2026-09-27 05:42:18,other,,15.4,none,1000.088
2026-09-27 05:42:21,idle,,5.6,none,1000.088
2026-09-27 05:42:24,time,crc_ok,14.6,decoded,1000.088
2026-09-27 05:42:27,idle,,5.3,none,1000.088
2026-09-27 05:42:30,unclear,,14.7,none,1000.088
2026-09-27 05:42:33,idle,,5.3,none,1000.088
2026-09-27 05:42:36,idle,,5.3,none,1000.088
2026-09-27 05:42:39,idle,,5.9,none,1000.088
2026-09-27 05:42:42,idle,,5.5,none,1000.088
2026-09-27 05:42:45,other,,15.5,none,1000.088
2026-09-27 05:42:48,other,,15.2,failed,1000.088
2026-09-27 05:42:51,idle,,5.4,none,1000.088
2026-09-27 05:42:54,idle,,5.5,none,1000.088
2026-09-27 05:42:57,time,crc_ok,14.8,decoded,1000.088
2026-09-27 05:43:00,time,crc_ok,14.4,decoded,1000.088
2026-09-27 05:43:03,time,crc_ok,14.6,decoded,1000.088
2026-09-27 05:43:06,idle,,5.7,none,1000.088
2026-09-27 05:43:09,other,,14.8,none,1000.088
2026-09-27 05:43:12,idle,,5.5,none,1000.088
2026-09-27 05:43:15,other,,15.5,none,1000.088
2026-09-27 05:43:18,other,,15.1,none,1000.088
2026-09-27 05:43:21,idle,,5.3,none,1000.088
2026-09-27 05:43:24,idle,,5.9,none,1000.088
2026-09-27 05:43:27,idle,,5.8,none,1000.088
2026-09-27 05:43:30,other,,15.1,none,1000.088
2026-09-27 05:43:33,other,,15.1,none,1000.088
2026-09-27 05:43:36,other,,15.2,none,1000.088
2026-09-27 05:43:39,idle,,4.6,none,1000.088
2026-09-27 05:43:42,other,,15.1,none,1000.088
2026-09-27 05:43:45,time,bit_errors,14.9,decoded,1000.088
2026-09-27 05:43:48,idle,,5.8,none,1000.088
2026-09-27 05:43:51,time,crc_ok,14.0,decoded,1000.088
2026-09-27 05:43:54,idle,,5.1,none,1000.088
2026-09-27 05:43:57,idle,,4.9,none,1000.088
2026-09-27 05:44:00,idle,,4.9,none,1000.088
2026-09-27 05:44:03,time,crc_ok,14.6,decoded,1000.088
2026-09-27 05:44:06,other,,14.7,none,1000.088
2026-09-27 05:44:09,idle,,4.6,none,1000.088
2026-09-27 05:44:12,time,crc_ok,14.7,decoded,1000.088
2026-09-27 05:44:15,other,,14.5,none,1000.088
2026-09-27 05:44:18,time,crc_ok,15.0,decoded,1000.088
2026-09-27 05:44:21,idle,,4.7,none,1000.088
2026-09-27 05:44:24,idle,,4.6,none,1000.088
2026-09-27 05:44:27,idle,,4.8,none,1000.088
2026-09-27 05:44:30,time,crc_ok,14.5,decoded,1000.088
2026-09-27 05:44:33,other,,14.3,none,1000.088
2026-09-27 05:44:36,idle,,5.3,none,1000.088
2026-09-27 05:44:39,time,crc_ok,14.5,decoded,1000.088
2026-09-27 05:44:42,time,crc_ok,15.6,none,1000.088
2026-09-27 05:44:45,time,crc_ok,14.8,none,1000.088
2026-09-27 05:44:48,idle,,6.1,none,1000.088
2026-09-27 05:44:51,idle,,5.6,none,1000.088
2026-09-27 05:44:54,idle,,5.5,none,1000.088
2026-09-27 05:44:57,idle,,5.8,none,1000.088
2026-09-27 05:45:00,idle,,5.9,none,1000.088
2026-09-27 05:45:03,time,crc_ok,14.6,decoded,1000.088
2026-09-27 05:45:06,idle,,6.1,none,1000.088
2026-09-27 05:45:09,other,,15.2,none,1000.088
2026-09-27 05:45:12,other,,15.5,none,1000.088
2026-09-27 05:45:15,time,bit_errors,15.0,decoded,1000.088
2026-09-27 05:45:18,idle,,5.7,none,1000.088
2026-09-27 05:45:21,idle,,5.7,none,1000.088
2026-09-27 05:45:24,idle,,5.4,none,1000.088
2026-09-27 05:45:27,idle,,5.4,none,1000.088
2026-09-27 05:45:30,idle,,5.6,none,1000.088
2026-09-27 05:45:33,other,,15.8,none,1000.088
2026-09-27 05:45:36,time,crc_ok,14.1,decoded,1000.088
2026-09-27 05:45:39,idle,,5.7,none,1000.088
2026-09-27 05:45:42,other,,15.6,none,1000.088
2026-09-27 05:45:45,other,,15.9,none,1000.088
2026-09-27 05:45:48,other,,15.2,none,1000.088
2026-09-27 05:45:51,idle,,5.5,none,1000.088
2026-09-27 05:45:54,idle,,5.7,none,1000.088
2026-09-27 05:45:57,idle,,5.6,none,1000.088
2026-09-27 05:46:00,time,bit_errors,15.5,decoded,1000.088
2026-09-27 05:46:03,time,crc_ok,14.0,decoded,1000.088
2026-09-27 05:46:06,idle,,5.8,none,1000.088
2026-09-27 05:46:09,other,,15.0,none,1000.088
2026-09-27 05:46:12,idle,,5.5,none,1000.088
2026-09-27 05:46:15,idle,,5.6,none,1000.088
2026-09-27 05:46:18,idle,,5.7,none,1000.088
2026-09-27 05:46:21,idle,,5.4,none,1000.088
2026-09-27 05:46:24,idle,,5.0,none,1000.088
2026-09-27 05:46:27,idle,,6.3,none,1000.088
2026-09-27 05:46:30,idle,,5.5,none,1000.088
2026-09-27 05:46:33,other,,15.2,none,1000.088
2026-09-27 05:46:36,other,,15.2,none,1000.088
2026-09-27 05:46:39,time,crc_ok,14.8,none,1000.088
2026-09-27 05:46:42,time,crc_ok,14.5,decoded,1000.088
2026-09-27 05:46:45,time,crc_ok,14.7,decoded,1000.088
2026-09-27 05:46:48,time,crc_ok,15.2,decoded,1000.088
2026-09-27 05:46:51,time,crc_ok,15.0,decoded,1000.088
2026-09-27 05:46:54,idle,,5.8,none,1000.088
2026-09-27 05:46:57,idle,,5.7,none,1000.088
2026-09-27 05:47:00,time,crc_ok,14.3,decoded,1000.088
2026-09-27 05:47:03,time,crc_ok,14.6,decoded,1000.088
2026-09-27 05:47:06,other,,15.4,none,1000.088
2026-09-27 05:47:09,other,,15.8,none,1000.088
2026-09-27 05:47:12,other,,15.8,none,1000.088
2026-09-27 05:47:15,idle,,6.1,none,1000.088
2026-09-27 05:47:18,time,crc_ok,14.9,decoded,1000.088
2026-09-27 05:47:21,time,crc_ok,14.3,none,1000.088
2026-09-27 05:47:24,other,,15.2,none,1000.088
2026-09-27 05:47:27,idle,,5.6,none,1000.088
2026-09-27 05:47:30,idle,,6.1,none,1000.088
2026-09-27 05:47:33,other,,15.2,none,1000.088
2026-09-27 05:47:36,idle,,6.1,none,1000.088
2026-09-27 05:47:39,time,crc_ok,14.9,decoded,1000.088
2026-09-27 05:47:42,idle,,5.8,none,1000.088
2026-09-27 05:47:45,idle,,5.8,none,1000.088
2026-09-27 05:47:48,idle,,5.7,none,1000.088
2026-09-27 05:47:51,idle,,6.0,none,1000.088
2026-09-27 05:47:54,other,,15.6,none,1000.088
2026-09-27 05:47:57,time,crc_ok,15.0,decoded,1000.088
2026-09-27 05:48:00,idle,,5.3,none,1000.088
2026-09-27 05:48:03,time,crc_ok,14.5,decoded,1000.088
2026-09-27 05:48:06,idle,,5.6,none,1000.088
2026-09-27 05:48:09,other,,15.5,none,1000.088
2026-09-27 05:48:12,idle,,5.8,none,1000.088
2026-09-27 05:48:15,idle,,5.7,none,1000.088
2026-09-27 05:48:18,idle,,5.8,none,1000.088
2026-09-27 05:48:21,idle,,5.3,none,1000.088
2026-09-27 05:48:24,time,crc_ok,15.0,decoded,1000.088
2026-09-27 05:48:27,other,,15.1,none,1000.088
2026-09-27 05:48:30,idle,,5.8,none,1000.088
2026-09-27 05:48:33,other,,15.3,none,1000.088
2026-09-27 05:48:36,other,,14.8,failed,1000.088
2026-09-27 05:48:39,time,crc_ok,14.4,decoded,1000.088
2026-09-27 05:48:42,time,crc_ok,14.5,decoded,1000.088
2026-09-27 05:48:45,idle,,5.6,none,1000.088
2026-09-27 05:48:48,time,bit_errors,14.3,decoded,1000.088
2026-09-27 05:48:51,time,crc_ok,14.0,decoded,1000.088
2026-09-27 05:48:54,other,,15.5,none,1000.088
2026-09-27 05:48:57,idle,,5.9,none,1000.088
2026-09-27 05:49:00,idle,,5.9,none,1000.088
2026-09-27 05:49:03,time,crc_ok,14.4,decoded,1000.088
2026-09-27 05:49:06,idle,,5.8,none,1000.088
2026-09-27 05:49:09,idle,,5.6,none,1000.088
2026-09-27 05:49:12,other,,15.8,none,1000.088
2026-09-27 05:49:15,idle,,6.0,none,1000.088
2026-09-27 05:49:18,time,crc_ok,15.2,confirmed,1000.088
2026-09-27 05:49:21,other,,15.6,none,1000.088
2026-09-27 05:49:24,idle,,6.2,none,1000.088
2026-09-27 05:49:27,other,,15.1,none,1000.088
2026-09-27 05:49:30,idle,,5.6,none,1000.088
2026-09-27 05:49:33,other,,15.7,none,1000.088
2026-09-27 05:49:36,time,bit_errors,14.9,decoded,1000.088
2026-09-27 05:49:39,idle,,5.2,none,1000.088
2026-09-27 05:49:42,idle,,6.3,none,1000.088
2026-09-27 05:49:45,idle,,5.9,none,1000.088
2026-09-27 05:49:48,other,,15.7,none,1000.088
2026-09-27 05:49:51,other,,15.2,none,1000.088
2026-09-27 05:49:54,time,crc_ok,15.3,confirmed,1000.088
2026-09-27 05:49:57,idle,,6.0,none,1000.088
2026-09-27 05:50:00,time,crc_ok,14.8,decoded,1000.088
2026-09-27 05:50:03,time,crc_ok,15.5,decoded,1000.088
2026-09-27 05:50:06,other,,15.2,none,1000.088
2026-09-27 05:50:09,idle,,6.0,none,1000.088
2026-09-27 05:50:12,time,bit_errors,14.7,decoded,1000.088
2026-09-27 05:50:15,time,crc_ok,15.4,decoded,1000.088
2026-09-27 05:50:18,time,crc_ok,15.3,decoded,1000.088
2026-09-27 05:50:21,idle,,5.6,none,1000.088
2026-09-27 05:50:24,other,,15.6,none,1000.088
2026-09-27 05:50:27,other,,15.8,none,1000.088
2026-09-27 05:50:30,time,crc_ok,14.7,decoded,1000.088
2026-09-27 05:50:33,other,,15.4,none,1000.088
2026-09-27 05:50:36,idle,,5.6,none,1000.088
2026-09-27 05:50:39,time,crc_ok,15.0,decoded,1000.088
2026-09-27 05:50:42,time,crc_ok,14.9,decoded,1000.088
2026-09-27 05:50:45,time,bit_errors,14.8,decoded,1000.088
2026-09-27 05:50:48,idle,,6.0,none,1000.088
2026-09-27 05:50:51,idle,,5.5,none,1000.088
2026-09-27 05:50:54,other,,14.9,none,1000.088
2026-09-27 05:51:03,time,crc_ok,15.0,failed,1000.088
2026-09-27 05:51:06,idle,,6.0,none,1000.088
2026-09-27 05:51:09,other,,15.5,none,1000.088
2026-09-27 05:51:12,time,crc_ok,14.5,failed,1000.088
2026-09-27 05:51:15,time,crc_ok,15.0,none,1000.088
2026-09-27 05:51:18,idle,,5.6,none,1000.088
2026-09-27 05:51:21,idle,,5.5,none,1000.088
2026-09-27 05:51:24,other,,15.3,none,1000.088
2026-09-27 05:51:27,idle,,5.7,none,1000.088
2026-09-27 05:51:30,idle,,5.2,none,1000.088
2026-09-27 05:51:33,other,,15.8,none,1000.088
2026-09-27 05:51:36,time,crc_ok,14.1,decoded,1000.088
2026-09-27 05:51:39,idle,,5.6,none,1000.088
2026-09-27 05:51:42,time,crc_ok,14.6,decoded,1000.088
2026-09-27 05:51:45,other,,15.1,none,1000.088
2026-09-27 05:51:48,time,crc_ok,14.9,decoded,1000.088
2026-09-27 05:51:51,idle,,5.8,none,1000.088
2026-09-27 05:51:54,time,crc_ok,15.5,decoded,1000.088
2026-09-27 05:51:57,other,,15.0,none,1000.088
2026-09-27 05:52:00,time,crc_ok,14.8,decoded,1000.088
2026-09-27 05:52:03,time,crc_ok,15.1,decoded,1000.088
2026-09-27 05:52:06,idle,,5.5,none,1000.088
2026-09-27 05:52:09,other,,15.6,none,1000.088
2026-09-27 05:52:12,idle,,5.8,none,1000.088
2026-09-27 05:52:15,time,crc_ok,15.5,decoded,1000.088
2026-09-27 05:52:18,time,crc_ok,14.3,decoded,1000.088
2026-09-27 05:52:21,time,crc_ok,15.3,decoded,1000.088
2026-09-27 05:52:24,idle,,6.0,none,1000.088
2026-09-27 05:52:27,idle,,5.6,none,1000.088
2026-09-27 05:52:30,idle,,6.1,none,1000.088
2026-09-27 05:52:33,other,,14.9,none,1000.088
2026-09-27 05:52:36,other,,15.5,failed,1000.088
2026-09-27 05:52:39,other,,15.7,failed,1000.088
2026-09-27 05:52:42,other,,15.2,none,1000.088
2026-09-27 05:52:45,time,bit_errors,14.0,decoded,1000.088
2026-09-27 05:52:48,time,crc_ok,14.8,decoded,1000.088
2026-09-27 05:52:51,other,,15.3,none,1000.088
2026-09-27 05:52:54,idle,,5.7,none,1000.088
2026-09-27 05:52:57,idle,,5.6,none,1000.088
2026-09-27 05:53:00,time,crc_ok,15.1,decoded,1000.088
2026-09-27 05:53:03,time,crc_ok,14.8,decoded,1000.088
2026-09-27 05:53:06,idle,,5.7,none,1000.088
2026-09-27 05:53:09,idle,,5.9,none,1000.088
2026-09-27 05:53:12,idle,,5.7,none,1000.088
2026-09-27 05:53:15,other,,15.4,none,1000.088
2026-09-27 05:53:18,other,,15.3,none,1000.088
2026-09-27 05:53:21,idle,,5.2,none,1000.088
2026-09-27 05:53:24,other,,15.3,none,1000.088
2026-09-27 05:53:27,idle,,5.6,none,1000.088
2026-09-27 05:53:30,time,bit_errors,14.7,decoded,1000.088
2026-09-27 05:53:33,other,,14.7,none,1000.088
2026-09-27 05:53:36,idle,,5.7,none,1000.088
2026-09-27 05:53:39,other,,14.9,none,1000.088
2026-09-27 05:53:42,time,bit_errors,15.1,decoded,1000.088
2026-09-27 05:53:45,idle,,5.7,none,1000.088
2026-09-27 05:53:48,time,bit_errors,15.6,decoded,1000.088
2026-09-27 05:53:51,idle,,5.7,none,1000.088
2026-09-27 05:53:54,idle,,5.6,none,1000.088
2026-09-27 05:53:57,idle,,5.7,none,1000.088
2026-09-27 05:54:00,idle,,5.6,none,1000.088
2026-09-27 05:54:03,time,crc_ok,14.5,decoded,1000.088
2026-09-27 05:54:06,idle,,5.9,none,1000.088
2026-09-27 05:54:09,other,,15.7,none,1000.088
2026-09-27 05:54:12,time,crc_ok,14.1,decoded,1000.088
2026-09-27 05:54:15,idle,,5.7,none,1000.088
2026-09-27 05:54:18,time,crc_ok,14.1,decoded,1000.088
2026-09-27 05:54:21,idle,,5.4,none,1000.088
2026-09-27 05:54:24,idle,,5.8,none,1000.088
2026-09-27 05:54:27,idle,,5.5,none,1000.088
2026-09-27 05:54:30,idle,,5.9,none,1000.088
2026-09-27 05:54:33,other,,15.3,none,1000.088
2026-09-27 05:54:36,idle,,6.0,none,1000.088
2026-09-27 05:54:39,idle,,5.5,none,1000.088
2026-09-27 05:54:42,idle,,5.5,none,1000.088
2026-09-27 05:54:45,other,,14.8,none,1000.088
2026-09-27 05:54:48,other,,14.7,none,1000.088
2026-09-27 05:54:51,idle,,5.6,none,1000.088
2026-09-27 05:54:54,other,,15.8,none,1000.088
2026-09-27 05:54:57,idle,,6.4,none,1000.088
2026-09-27 05:55:00,other,,15.4,none,1000.088
2026-09-27 05:55:03,time,crc_ok,14.8,decoded,1000.088
2026-09-27 05:55:06,idle,,6.6,none,1000.088
2026-09-27 05:55:09,other,,15.5,none,1000.088
2026-09-27 05:55:12,idle,,5.9,none,1000.088
2026-09-27 05:55:15,idle,,5.6,none,1000.088
2026-09-27 05:55:18,idle,,6.0,none,1000.088
2026-09-27 05:55:21,time,crc_ok,14.6,decoded,1000.088
2026-09-27 05:55:24,idle,,5.8,none,1000.088
2026-09-27 05:55:27,idle,,5.9,none,1000.088
2026-09-27 05:55:30,other,,15.4,none,1000.088
2026-09-27 05:55:33,other,,15.7,none,1000.088
2026-09-27 05:55:36,other,,15.5,failed,1000.088
2026-09-27 05:55:39,idle,,5.8,none,1000.088
2026-09-27 05:55:42,other,,14.7,none,1000.088
2026-09-27 05:55:45,other,,15.2,none,1000.088
2026-09-27 05:55:48,idle,,5.4,none,1000.088
2026-09-27 05:55:51,time,crc_ok,14.6,decoded,1000.088
2026-09-27 05:55:54,idle,,5.5,none,1000.088
2026-09-27 05:55:57,idle,,5.8,none,1000.088
2026-09-27 05:56:00,idle,,5.6,none,1000.088
2026-09-27 05:56:03,time,bit_errors,14.9,decoded,1000.088
2026-09-27 05:56:06,idle,,5.7,none,1000.088
2026-09-27 05:56:09,idle,,6.0,none,1000.088
2026-09-27 05:56:12,idle,,5.7,none,1000.088
2026-09-27 05:56:15,other,,15.5,none,1000.088
2026-09-27 05:56:18,other,,15.4,none,1000.088
2026-09-27 05:56:21,idle,,5.6,none,1000.088
2026-09-27 05:56:24,idle,,5.8,none,1000.088
2026-09-27 05:56:27,idle,,6.3,none,1000.088
2026-09-27 05:56:30,time,bit_errors,14.3,decoded,1000.088
2026-09-27 05:56:33,other,,14.8,none,1000.088
2026-09-27 05:56:36,idle,,6.0,none,1000.088
2026-09-27 05:56:39,other,,15.2,none,1000.088
2026-09-27 05:56:42,time,bit_errors,15.1,decoded,1000.088
2026-09-27 05:56:45,idle,,5.8,none,1000.088
2026-09-27 05:56:48,time,crc_ok,14.6,decoded,1000.088
2026-09-27 05:56:51,idle,,5.6,none,1000.088
2026-09-27 05:56:54,idle,,4.9,none,1000.088
2026-09-27 05:56:57,idle,,5.3,none,1000.088
2026-09-27 05:57:00,other,,15.0,none,1000.088
2026-09-27 05:57:03,time,crc_ok,14.5,decoded,1000.088
2026-09-27 05:57:06,idle,,5.0,none,1000.088
2026-09-27 05:57:09,other,,15.3,none,1000.088
2026-09-27 05:57:12,time,bit_errors,14.5,decoded,1000.088
2026-09-27 05:57:15,idle,,5.2,none,1000.088
2026-09-27 05:57:18,time,crc_ok,14.9,decoded,1000.088
2026-09-27 05:57:21,idle,,5.2,none,1000.088
2026-09-27 05:57:24,idle,,5.2,none,1000.088
2026-09-27 05:57:27,idle,,5.7,none,1000.088
2026-09-27 05:57:30,other,,15.0,none,1000.088
2026-09-27 05:57:33,other,,15.2,none,1000.088
2026-09-27 05:57:36,idle,,5.6,none,1000.088
2026-09-27 05:57:39,idle,,6.2,none,1000.088
2026-09-27 05:57:42,idle,,5.8,none,1000.088
2026-09-27 05:57:45,other,,15.0,none,1000.088
2026-09-27 05:57:48,time,bit_errors,15.2,decoded,1000.088
2026-09-27 05:57:51,idle,,6.2,none,1000.088
2026-09-27 05:57:54,idle,,5.8,none,1000.088
2026-09-27 05:57:57,idle,,5.6,none,1000.088
2026-09-27 05:58:00,other,,15.4,none,1000.088
2026-09-27 05:58:03,time,crc_ok,15.2,decoded,1000.088
2026-09-27 05:58:06,other,,15.3,none,1000.088
2026-09-27 05:58:09,time,crc_ok,15.0,decoded,1000.088
2026-09-27 05:58:12,idle,,5.6,none,1000.088
2026-09-27 05:58:15,idle,,5.4,none,1000.088
2026-09-27 05:58:18,idle,,5.8,none,1000.088
2026-09-27 05:58:21,idle,,5.3,none,1000.088
2026-09-27 05:58:24,idle,,5.9,none,1000.088
2026-09-27 05:58:27,idle,,5.8,none,1000.088
2026-09-27 05:58:30,other,,15.0,none,1000.088
2026-09-27 05:58:33,other,,15.7,none,1000.088
2026-09-27 05:58:36,time,crc_ok,15.6,decoded,1000.088
2026-09-27 05:58:39,idle,,5.5,none,1000.088
2026-09-27 05:58:42,other,,15.2,none,1000.088
2026-09-27 05:58:45,other,,15.3,none,1000.088
2026-09-27 05:58:48,idle,,5.6,none,1000.088
2026-09-27 05:58:51,time,crc_ok,14.4,decoded,1000.088
2026-09-27 05:58:54,idle,,5.8,none,1000.088
2026-09-27 05:58:57,idle,,5.5,none,1000.088
2026-09-27 05:59:00,idle,,5.9,none,1000.088
2026-09-27 05:59:03,time,crc_ok,14.9,decoded,1000.088
2026-09-27 05:59:06,idle,,5.9,none,1000.088
2026-09-27 05:59:09,idle,,6.1,none,1000.088
2026-09-27 05:59:12,idle,,5.4,none,1000.088
2026-09-27 05:59:15,other,,15.2,none,1000.088
2026-09-27 05:59:18,time,crc_ok,15.1,decoded,1000.088
2026-09-27 05:59:21,idle,,5.9,none,1000.088
2026-09-27 05:59:24,idle,,5.6,none,1000.088
2026-09-27 05:59:27,time,crc_ok,15.1,decoded,1000.088
2026-09-27 05:59:30,time,crc_ok,15.5,decoded,1000.088
2026-09-27 05:59:33,other,,15.2,none,1000.088
2026-09-27 05:59:36,idle,,5.5,none,1000.088
2026-09-27 05:59:39,other,,15.2,none,1000.088
2026-09-27 05:59:42,time,crc_ok,14.6,decoded,1000.088
2026-09-27 05:59:45,idle,,5.9,none,1000.088
2026-09-27 05:59:48,other,,15.4,none,1000.088
2026-09-27 05:59:51,idle,,6.0,none,1000.088
2026-09-27 05:59:54,time,crc_ok,14.9,decoded,1000.088
2026-09-27 05:59:57,idle,,5.8,none,1000.088
2026-09-27 06:00:00,time,crc_ok,14.4,decoded,1000.088
2026-09-27 06:00:03,time,crc_ok,14.3,decoded,1000.088
2026-09-27 06:00:06,idle,,5.5,none,1000.088
2026-09-27 06:00:09,other,,14.9,none,1000.088
2026-09-27 06:00:12,other,,14.6,none,1000.088
2026-09-27 06:00:15,idle,,6.1,none,1000.088
2026-09-27 06:00:18,time,crc_ok,15.3,decoded,1000.088
2026-09-27 06:00:21,idle,,5.2,none,1000.088
2026-09-27 06:00:24,time,crc_ok,15.1,decoded,1000.088
2026-09-27 06:00:27,idle,,5.7,none,1000.088
2026-09-27 06:00:30,other,,15.3,none,1000.088
2026-09-27 06:00:33,other,,15.2,none,1000.088
2026-09-27 06:00:36,idle,,6.0,none,1000.088
2026-09-27 06:00:39,idle,,5.9,none,1000.088
2026-09-27 06:00:42,idle,,5.8,none,1000.088
2026-09-27 06:00:45,time,crc_ok,14.3,decoded,1000.088
2026-09-27 06:00:48,time,crc_ok,14.5,decoded,1000.088
2026-09-27 06:00:51,idle,,5.5,none,1000.088
2026-09-27 06:00:54,idle,,5.5,none,1000.088
2026-09-27 06:01:03,time,bit_errors,14.7,none,1000.087
2026-09-27 06:01:06,other,,15.2,none,1000.087
2026-09-27 06:01:09,time,bit_errors,13.7,decoded,1000.087
2026-09-27 06:01:12,idle,,6.0,none,1000.087
2026-09-27 06:01:15,time,crc_ok,14.2,decoded,1000.087
2026-09-27 06:01:18,other,,15.9,none,1000.087
2026-09-27 06:01:21,idle,,5.7,none,1000.087
2026-09-27 06:01:24,idle,,6.3,none,1000.087
2026-09-27 06:01:27,idle,,5.4,none,1000.087
2026-09-27 06:01:30,time,crc_ok,14.9,decoded,1000.087
2026-09-27 06:01:33,other,,15.2,none,1000.087
2026-09-27 06:01:36,other,,15.3,none,1000.087
2026-09-27 06:01:39,idle,,5.5,none,1000.087
2026-09-27 06:01:42,other,,15.4,none,1000.087
2026-09-27 06:01:45,time,crc_ok,14.5,decoded,1000.087
2026-09-27 06:01:48,idle,,6.0,none,1000.087
2026-09-27 06:01:51,time,crc_ok,14.6,decoded,1000.087
2026-09-27 06:01:54,idle,,6.2,none,1000.087
2026-09-27 06:01:57,idle,,5.4,none,1000.087
2026-09-27 06:02:00,idle,,5.8,none,1000.087
2026-09-27 06:02:03,time,crc_ok,14.9,decoded,1000.087
2026-09-27 06:02:06,idle,,6.2,none,1000.087
2026-09-27 06:02:09,other,,15.5,none,1000.087
2026-09-27 06:02:12,idle,,5.8,none,1000.087
2026-09-27 06:02:15,time,bit_errors,14.7,decoded,1000.087
2026-09-27 06:02:18,idle,,5.5,none,1000.087
2026-09-27 06:02:21,idle,,5.6,none,1000.087
2026-09-27 06:02:24,time,crc_ok,15.1,decoded,1000.087
2026-09-27 06:02:27,idle,,5.3,none,1000.087
2026-09-27 06:02:30,time,crc_ok,15.0,decoded,1000.087
2026-09-27 06:02:33,other,,15.1,none,1000.087
2026-09-27 06:02:36,idle,,5.9,none,1000.087
2026-09-27 06:02:39,other,,14.9,none,1000.087
2026-09-27 06:02:42,idle,,5.7,none,1000.087
2026-09-27 06:02:45,other,,15.7,none,1000.087
2026-09-27 06:02:48,time,crc_ok,14.8,decoded,1000.087
2026-09-27 06:02:51,time,crc_ok,15.1,decoded,1000.087
2026-09-27 06:02:54,idle,,5.9,none,1000.087
2026-09-27 06:02:57,time,crc_ok,14.2,decoded,1000.087
2026-09-27 06:03:00,other,,15.2,failed,1000.087
2026-09-27 06:03:03,time,crc_ok,14.8,decoded,1000.087
2026-09-27 06:03:06,idle,,5.4,none,1000.087
2026-09-27 06:03:09,other,,15.5,none,1000.087
2026-09-27 06:03:12,idle,,6.1,none,1000.087
2026-09-27 06:03:15,other,,15.8,none,1000.087
2026-09-27 06:03:18,time,crc_ok,15.1,decoded,1000.087
2026-09-27 06:03:21,time,crc_ok,15.1,decoded,1000.087
2026-09-27 06:03:24,idle,,5.7,none,1000.087
2026-09-27 06:03:27,time,crc_ok,15.3,decoded,1000.087
2026-09-27 06:03:30,time,bit_errors,14.4,decoded,1000.087
2026-09-27 06:03:33,other,,15.5,none,1000.087
2026-09-27 06:03:36,idle,,5.9,none,1000.087
2026-09-27 06:03:39,time,bit_errors,14.8,decoded,1000.087
2026-09-27 06:03:42,idle,,5.5,none,1000.087
2026-09-27 06:03:45,other,,15.3,none,1000.087
2026-09-27 06:03:48,idle,,5.7,none,1000.087
2026-09-27 06:03:51,idle,,5.7,none,1000.087
2026-09-27 06:03:54,other,,15.0,none,1000.087
2026-09-27 06:03:57,idle,,6.3,none,1000.087
2026-09-27 06:04:00,time,crc_ok,14.6,decoded,1000.087
2026-09-27 06:04:03,time,bit_errors,14.7,decoded,1000.087
2026-09-27 06:04:06,other,,15.9,none,1000.087
2026-09-27 06:04:09,time,crc_ok,14.8,decoded,1000.087
2026-09-27 06:04:12,time,crc_ok,15.1,decoded,1000.087
2026-09-27 06:04:15,idle,,6.0,none,1000.087
2026-09-27 06:04:18,idle,,5.7,none,1000.087
2026-09-27 06:04:21,time,crc_ok,15.4,decoded,1000.087
2026-09-27 06:04:24,other,,15.5,none,1000.087
2026-09-27 06:04:27,idle,,5.4,none,1000.087
2026-09-27 06:04:30,other,,14.5,none,1000.087
2026-09-27 06:04:33,other,,16.0,none,1000.087
2026-09-27 06:04:36,idle,,5.7,none,1000.087
2026-09-27 06:04:39,other,,15.4,none,1000.087
2026-09-27 06:04:42,time,bit_errors,14.7,decoded,1000.087
2026-09-27 06:04:45,idle,,5.6,none,1000.087
2026-09-27 06:04:48,idle,,5.5,none,1000.087
2026-09-27 06:04:51,time,crc_ok,14.2,decoded,1000.087
2026-09-27 06:04:54,time,bit_errors,14.5,decoded,1000.087
2026-09-27 06:04:57,idle,,6.0,none,1000.087
2026-09-27 06:05:00,idle,,6.1,none,1000.087
2026-09-27 06:05:03,time,crc_ok,14.7,decoded,1000.087
2026-09-27 06:05:06,idle,,5.8,none,1000.087
2026-09-27 06:05:09,other,,15.8,none,1000.087
2026-09-27 06:05:12,idle,,6.1,none,1000.087
2026-09-27 06:05:15,other,,15.2,none,1000.087
2026-09-27 06:05:18,idle,,5.7,none,1000.087
2026-09-27 06:05:21,idle,,5.4,none,1000.087
2026-09-27 06:05:24,idle,,5.5,none,1000.087
2026-09-27 06:05:27,idle,,6.2,none,1000.087
2026-09-27 06:05:30,idle,,5.7,none,1000.087
2026-09-27 06:05:33,other,,15.1,none,1000.087
2026-09-27 06:05:36,idle,,5.3,none,1000.087
2026-09-27 06:05:39,time,bit_errors,14.3,decoded,1000.087
2026-09-27 06:05:42,idle,,5.7,none,1000.087
2026-09-27 06:05:45,other,,15.8,none,1000.087
2026-09-27 06:05:48,other,,15.1,none,1000.087
2026-09-27 06:05:51,time,bit_errors,14.8,decoded,1000.087
2026-09-27 06:05:54,idle,,5.4,none,1000.087
2026-09-27 06:05:57,idle,,6.1,none,1000.087
2026-09-27 06:06:00,idle,,5.3,none,1000.087
2026-09-27 06:06:03,time,bit_errors,14.6,decoded,1000.087
2026-09-27 06:06:06,idle,,5.7,none,1000.087
2026-09-27 06:06:09,other,,15.2,none,1000.087
2026-09-27 06:06:12,idle,,5.3,none,1000.087
2026-09-27 06:06:15,other,,15.6,none,1000.087
2026-09-27 06:06:18,time,crc_ok,15.2,decoded,1000.087
2026-09-27 06:06:21,other,,15.4,none,1000.087
2026-09-27 06:06:24,idle,,5.3,none,1000.087
2026-09-27 06:06:27,idle,,5.4,none,1000.087
2026-09-27 06:06:30,idle,,5.7,none,1000.087
2026-09-27 06:06:33,other,,14.7,none,1000.087
2026-09-27 06:06:36,idle,,5.7,none,1000.087
2026-09-27 06:06:39,time,crc_ok,15.1,decoded,1000.087
2026-09-27 06:06:42,idle,,5.7,none,1000.087
2026-09-27 06:06:45,other,,14.8,none,1000.087
2026-09-27 06:06:48,idle,,6.0,none,1000.087
2026-09-27 06:06:51,idle,,5.6,none,1000.087
2026-09-27 06:06:54,idle,,5.6,none,1000.087
2026-09-27 06:06:57,idle,,6.0,none,1000.087
2026-09-27 06:07:00,idle,,5.6,none,1000.087
2026-09-27 06:07:03,time,crc_ok,14.6,decoded,1000.087
2026-09-27 06:07:06,idle,,6.0,none,1000.087
2026-09-27 06:07:09,idle,,5.7,none,1000.087
2026-09-27 06:07:12,idle,,5.7,none,1000.087
2026-09-27 06:07:15,idle,,5.6,none,1000.087
2026-09-27 06:07:18,idle,,5.9,none,1000.087
2026-09-27 06:07:21,idle,,5.0,none,1000.087
2026-09-27 06:07:24,other,,15.6,none,1000.087
2026-09-27 06:07:27,idle,,5.5,none,1000.087
2026-09-27 06:07:30,time,bit_errors,14.8,decoded,1000.087
2026-09-27 06:07:33,other,,15.4,none,1000.087
2026-09-27 06:07:36,idle,,4.8,none,1000.087
2026-09-27 06:07:39,time,bit_errors,14.9,decoded,1000.087
2026-09-27 06:07:42,time,crc_ok,14.4,decoded,1000.087
2026-09-27 06:07:45,idle,,5.9,none,1000.087
2026-09-27 06:07:48,idle,,5.2,none,1000.087
2026-09-27 06:07:51,other,,15.0,none,1000.087
2026-09-27 06:07:54,time,crc_ok,15.0,decoded,1000.087
2026-09-27 06:07:57,idle,,5.7,none,1000.087
2026-09-27 06:08:00,idle,,5.8,none,1000.087
2026-09-27 06:08:03,time,crc_ok,15.1,decoded,1000.087
2026-09-27 06:08:06,idle,,5.5,none,1000.087
2026-09-27 06:08:09,idle,,5.7,none,1000.087
2026-09-27 06:08:12,idle,,5.5,none,1000.087
2026-09-27 06:08:15,other,,15.5,none,1000.087
2026-09-27 06:08:18,time,crc_ok,14.3,decoded,1000.087
2026-09-27 06:08:21,idle,,5.7,none,1000.087
2026-09-27 06:08:24,idle,,5.9,none,1000.087
2026-09-27 06:08:27,idle,,5.4,none,1000.087
2026-09-27 06:08:30,other,,15.2,none,1000.087
2026-09-27 06:08:33,other,,15.3,none,1000.087
2026-09-27 06:08:36,idle,,5.3,none,1000.087
2026-09-27 06:08:39,time,bit_errors,14.1,decoded,1000.087
2026-09-27 06:08:42,other,,15.4,failed,1000.087
2026-09-27 06:08:45,idle,,5.9,none,1000.087
2026-09-27 06:08:48,time,crc_ok,14.7,decoded,1000.087
2026-09-27 06:08:51,idle,,6.0,none,1000.087
2026-09-27 06:08:54,other,,15.7,none,1000.087
2026-09-27 06:08:57,other,,15.8,failed,1000.087
2026-09-27 06:09:00,idle,,6.0,none,1000.087
2026-09-27 06:09:03,time,bit_errors,14.7,decoded,1000.087
2026-09-27 06:09:06,idle,,5.7,none,1000.087
2026-09-27 06:09:09,other,,15.2,none,1000.087
2026-09-27 06:09:12,time,crc_ok,14.6,decoded,1000.087
2026-09-27 06:09:15,idle,,6.0,none,1000.087
2026-09-27 06:09:18,other,,15.2,failed,1000.087
2026-09-27 06:09:21,idle,,5.5,none,1000.087
2026-09-27 06:09:24,other,,15.0,none,1000.087
2026-09-27 06:09:27,other,,15.2,failed,1000.087
2026-09-27 06:09:30,idle,,5.8,none,1000.087
2026-09-27 06:09:33,other,,15.6,none,1000.087
2026-09-27 06:09:36,idle,,4.9,none,1000.087
2026-09-27 06:09:39,idle,,6.2,none,1000.087
2026-09-27 06:09:42,idle,,5.4,none,1000.087
2026-09-27 06:09:45,time,bit_errors,14.8,decoded,1000.087
2026-09-27 06:09:48,time,crc_ok,15.1,decoded,1000.087
2026-09-27 06:09:51,idle,,5.9,none,1000.087
2026-09-27 06:09:54,idle,,5.9,none,1000.087
2026-09-27 06:09:57,idle,,5.8,none,1000.087
2026-09-27 06:10:00,other,,15.1,none,1000.087
2026-09-27 06:10:03,time,bit_errors,14.6,decoded,1000.087
2026-09-27 06:10:06,idle,,6.0,none,1000.087
2026-09-27 06:10:09,other,,15.6,failed,1000.087
2026-09-27 06:10:12,time,crc_ok,14.6,decoded,1000.087
2026-09-27 06:10:15,idle,,5.6,none,1000.087
2026-09-27 06:10:18,other,,15.5,failed,1000.087
2026-09-27 06:10:21,idle,,5.6,none,1000.087
2026-09-27 06:10:24,idle,,5.5,none,1000.087
2026-09-27 06:10:27,idle,,5.8,none,1000.087
2026-09-27 06:10:30,time,bit_errors,14.9,decoded,1000.087
2026-09-27 06:10:33,other,,14.5,none,1000.087
2026-09-27 06:10:36,other,,15.1,none,1000.087
2026-09-27 06:10:39,idle,,5.7,none,1000.087
2026-09-27 06:10:42,time,crc_ok,15.0,decoded,1000.087
2026-09-27 06:10:45,other,,15.7,failed,1000.087
2026-09-27 06:10:48,idle,,5.7,none,1000.087
2026-09-27 06:10:51,time,crc_ok,14.7,decoded,1000.087
2026-09-27 06:10:54,idle,,5.3,none,1000.087
2026-09-27 06:11:03,time,crc_ok,14.4,none,1000.087
2026-09-27 06:11:06,idle,,5.6,none,1000.087
2026-09-27 06:11:09,idle,,6.0,none,1000.087
2026-09-27 06:11:12,idle,,5.7,none,1000.087
2026-09-27 06:11:15,other,,15.4,none,1000.087
2026-09-27 06:11:18,time,crc_ok,15.0,decoded,1000.087
2026-09-27 06:11:21,idle,,5.4,none,1000.087
2026-09-27 06:11:24,idle,,5.1,none,1000.087
2026-09-27 06:11:27,other,,15.1,none,1000.087
2026-09-27 06:11:30,other,,15.7,none,1000.087
2026-09-27 06:11:33,other,,15.3,none,1000.087
2026-09-27 06:11:36,idle,,6.6,none,1000.087
2026-09-27 06:11:39,time,crc_ok,15.1,decoded,1000.087
2026-09-27 06:11:42,other,,15.7,failed,1000.087
2026-09-27 06:11:45,idle,,6.0,none,1000.087
2026-09-27 06:11:48,other,,15.6,none,1000.087
2026-09-27 06:11:51,idle,,6.1,none,1000.087
2026-09-27 06:11:54,other,,15.5,failed,1000.087
2026-09-27 06:11:57,time,crc_ok,14.9,decoded,1000.087
2026-09-27 06:12:00,time,crc_ok,14.7,decoded,1000.087
2026-09-27 06:12:03,time,crc_ok,14.4,decoded,1000.087
2026-09-27 06:12:06,idle,,6.0,none,1000.087
2026-09-27 06:12:09,other,,15.0,none,1000.087
2026-09-27 06:12:12,other,,15.7,none,1000.087
2026-09-27 06:12:15,idle,,5.8,none,1000.087
2026-09-27 06:12:18,time,crc_ok,15.7,decoded,1000.087
2026-09-27 06:12:21,idle,,5.1,none,1000.087
2026-09-27 06:12:24,time,crc_ok,14.4,decoded,1000.087
2026-09-27 06:12:27,time,crc_ok,14.8,decoded,1000.087
2026-09-27 06:12:30,other,,15.4,none,1000.087
2026-09-27 06:12:33,other,,15.3,none,1000.087
2026-09-27 06:12:36,idle,,5.6,none,1000.087
2026-09-27 06:12:39,idle,,5.5,none,1000.087
2026-09-27 06:12:42,idle,,5.1,none,1000.087
2026-09-27 06:12:45,time,crc_ok,14.9,decoded,1000.087
2026-09-27 06:12:48,time,crc_ok,15.0,decoded,1000.087
2026-09-27 06:12:51,idle,,6.1,none,1000.087
2026-09-27 06:12:54,idle,,6.1,none,1000.087
2026-09-27 06:12:57,other,,15.7,none,1000.087
2026-09-27 06:13:00,time,crc_ok,15.0,decoded,1000.087
2026-09-27 06:13:03,time,crc_ok,15.2,decoded,1000.087
2026-09-27 06:13:06,other,,15.5,failed,1000.087
2026-09-27 06:13:09,time,bit_errors,14.6,decoded,1000.087
2026-09-27 06:13:12,other,,15.3,none,1000.087
2026-09-27 06:13:15,other,,14.9,none,1000.087
2026-09-27 06:13:18,time,bit_errors,14.4,decoded,1000.087
2026-09-27 06:13:21,idle,,5.5,none,1000.087
2026-09-27 06:13:24,idle,,5.3,none,1000.087
2026-09-27 06:13:27,idle,,5.1,none,1000.087
2026-09-27 06:13:30,other,,15.2,none,1000.087
2026-09-27 06:13:33,other,,15.0,none,1000.087
2026-09-27 06:13:36,time,crc_ok,14.3,confirmed,1000.087
2026-09-27 06:13:39,idle,,5.7,none,1000.087
2026-09-27 06:13:42,time,crc_ok,14.9,decoded,1000.087
2026-09-27 06:13:45,time,crc_ok,15.1,decoded,1000.087
2026-09-27 06:13:48,idle,,5.6,none,1000.087
2026-09-27 06:13:51,time,bit_errors,14.1,decoded,1000.087
2026-09-27 06:13:54,idle,,5.1,none,1000.087
2026-09-27 06:13:57,idle,,5.5,none,1000.087
2026-09-27 06:14:00,idle,,6.4,none,1000.087
2026-09-27 06:14:03,time,crc_ok,14.1,decoded,1000.087
2026-09-27 06:14:06,idle,,6.4,none,1000.087
2026-09-27 06:14:09,idle,,5.4,none,1000.087
2026-09-27 06:14:12,unclear,,14.8,none,1000.087
2026-09-27 06:14:15,idle,,6.1,none,1000.087
2026-09-27 06:14:18,time,crc_ok,14.4,decoded,1000.087
2026-09-27 06:14:21,idle,,4.9,none,1000.087
2026-09-27 06:14:24,other,,15.4,failed,1000.087
2026-09-27 06:14:27,idle,,5.4,none,1000.087
2026-09-27 06:14:30,idle,,5.2,none,1000.087
2026-09-27 06:14:33,other,,14.0,none,1000.087
2026-09-27 06:14:36,idle,,5.1,none,1000.087
2026-09-27 06:14:39,time,bit_errors,15.0,decoded,1000.087
2026-09-27 06:14:42,time,crc_ok,14.9,decoded,1000.087
2026-09-27 06:14:45,idle,,5.2,none,1000.087
2026-09-27 06:14:48,other,,15.2,none,1000.087
2026-09-27 06:14:51,idle,,4.8,none,1000.087
2026-09-27 06:14:54,idle,,5.0,none,1000.087
2026-09-27 06:14:57,other,,15.1,none,1000.087
2026-09-27 06:15:00,idle,,5.0,none,1000.087
2026-09-27 06:15:03,time,crc_ok,14.2,decoded,1000.087
2026-09-27 06:15:06,idle,,4.9,none,1000.087
2026-09-27 06:15:09,other,,15.4,none,1000.087
2026-09-27 06:15:12,other,,14.8,none,1000.087
2026-09-27 06:15:15,idle,,5.3,none,1000.087
2026-09-27 06:15:18,other,,15.8,none,1000.087
2026-09-27 06:15:21,idle,,5.3,none,1000.087
2026-09-27 06:15:24,idle,,6.1,none,1000.087
2026-09-27 06:15:27,time,crc_ok,15.3,decoded,1000.087
2026-09-27 06:15:30,idle,,5.7,none,1000.087
2026-09-27 06:15:33,other,,15.0,none,1000.087
2026-09-27 06:15:36,idle,,5.6,none,1000.087
2026-09-27 06:15:39,idle,,5.7,none,1000.087
2026-09-27 06:15:42,idle,,5.4,none,1000.087
2026-09-27 06:15:45,time,bit_errors,15.3,decoded,1000.087
2026-09-27 06:15:48,time,crc_ok,14.3,decoded,1000.087
2026-09-27 06:15:51,idle,,6.0,none,1000.087
2026-09-27 06:15:54,time,bit_errors,14.7,decoded,1000.087
2026-09-27 06:15:57,idle,,5.6,none,1000.087
2026-09-27 06:16:00,idle,,5.3,none,1000.087
2026-09-27 06:16:03,time,crc_ok,14.8,decoded,1000.087
2026-09-27 06:16:06,idle,,5.6,none,1000.087
2026-09-27 06:16:09,idle,,5.6,none,1000.087
2026-09-27 06:16:12,other,,15.2,none,1000.087
2026-09-27 06:16:15,idle,,5.7,none,1000.087
2026-09-27 06:16:18,idle,,6.0,none,1000.087
2026-09-27 06:16:21,other,,15.2,none,1000.087
2026-09-27 06:16:24,idle,,5.9,none,1000.087
2026-09-27 06:16:27,idle,,5.6,none,1000.087
2026-09-27 06:16:30,other,,15.4,none,1000.087
2026-09-27 06:16:33,other,,15.0,none,1000.087
2026-09-27 06:16:36,time,crc_ok,15.4,decoded,1000.087
2026-09-27 06:16:39,idle,,5.2,none,1000.087
2026-09-27 06:16:42,other,,15.3,none,1000.087
2026-09-27 06:16:45,time,bit_errors,14.3,decoded,1000.087
2026-09-27 06:16:48,idle,,6.2,none,1000.087
2026-09-27 06:16:51,other,,15.0,none,1000.087
2026-09-27 06:16:54,idle,,5.5,none,1000.087
2026-09-27 06:16:57,idle,,6.1,none,1000.087
2026-09-27 06:17:00,idle,,6.4,none,1000.087
2026-09-27 06:17:03,time,crc_ok,15.4,decoded,1000.087
2026-09-27 06:17:06,other,,15.8,none,1000.087
2026-09-27 06:17:09,idle,,5.6,none,1000.087
2026-09-27 06:17:12,other,,15.5,none,1000.087
2026-09-27 06:17:15,other,,15.3,none,1000.087
2026-09-27 06:17:18,time,crc_ok,14.4,confirmed,1000.087
2026-09-27 06:17:21,idle,,5.9,none,1000.087
2026-09-27 06:17:24,idle,,5.7,none,1000.087
2026-09-27 06:17:27,other,,15.5,none,1000.087
2026-09-27 06:17:30,idle,,5.8,none,1000.087
2026-09-27 06:17:33,other,,14.5,none,1000.087
2026-09-27 06:17:36,idle,,6.0,none,1000.087
2026-09-27 06:17:39,other,,14.9,none,1000.087
2026-09-27 06:17:42,other,,15.2,none,1000.087
2026-09-27 06:17:45,other,,15.4,none,1000.087
2026-09-27 06:17:48,idle,,5.9,none,1000.087
2026-09-27 06:17:51,idle,,6.0,none,1000.087
2026-09-27 06:17:54,idle,,6.2,none,1000.087
2026-09-27 06:17:57,time,bit_errors,15.0,decoded,1000.087
2026-09-27 06:18:00,idle,,5.9,none,1000.087
2026-09-27 06:18:03,time,bit_errors,14.5,decoded,1000.087
2026-09-27 06:18:06,idle,,5.5,none,1000.087
2026-09-27 06:18:09,other,,15.3,none,1000.087
2026-09-27 06:18:12,time,crc_ok,15.4,decoded,1000.087
2026-09-27 06:18:15,time,bit_errors,14.7,decoded,1000.087
2026-09-27 06:18:18,idle,,5.4,none,1000.087
2026-09-27 06:18:21,idle,,5.8,none,1000.087
2026-09-27 06:18:24,idle,,5.3,none,1000.087
2026-09-27 06:18:27,other,,15.6,none,1000.087
2026-09-27 06:18:30,idle,,5.8,none,1000.087
2026-09-27 06:18:33,other,,15.3,none,1000.087
2026-09-27 06:18:36,time,crc_ok,15.2,decoded,1000.087
2026-09-27 06:18:39,idle,,5.5,none,1000.087
2026-09-27 06:18:42,other,,15.2,none,1000.087
2026-09-27 06:18:45,other,,15.3,none,1000.087
2026-09-27 06:18:48,other,,15.7,failed,1000.087
2026-09-27 06:18:51,idle,,5.6,none,1000.087
2026-09-27 06:18:54,idle,,5.9,none,1000.087
2026-09-27 06:18:57,time,crc_ok,14.9,decoded,1000.087
2026-09-27 06:19:00,idle,,5.2,none,1000.087
2026-09-27 06:19:03,time,crc_ok,14.6,decoded,1000.087
2026-09-27 06:19:06,idle,,6.2,none,1000.087
2026-09-27 06:19:09,idle,,5.6,none,1000.087
2026-09-27 06:19:12,other,,15.1,none,1000.087
2026-09-27 06:19:15,time,crc_ok,14.9,decoded,1000.087
2026-09-27 06:19:18,idle,,5.8,none,1000.087
2026-09-27 06:19:21,idle,,5.6,none,1000.087
2026-09-27 06:19:24,idle,,6.2,none,1000.087
2026-09-27 06:19:27,idle,,6.3,none,1000.087
2026-09-27 06:19:30,idle,,5.7,none,1000.087
2026-09-27 06:19:33,other,,14.6,none,1000.087
2026-09-27 06:19:36,time,bit_errors,14.7,decoded,1000.087
2026-09-27 06:19:39,other,,15.1,none,1000.087
2026-09-27 06:19:42,other,,15.0,none,1000.087
2026-09-27 06:19:45,other,,15.8,none,1000.087
2026-09-27 06:19:48,time,crc_ok,15.0,decoded,1000.087
2026-09-27 06:19:51,other,,15.6,failed,1000.087
2026-09-27 06:19:54,idle,,6.0,none,1000.087
2026-09-27 06:19:57,idle,,6.0,none,1000.087
2026-09-27 06:20:00,other,,15.3,none,1000.087
2026-09-27 06:20:03,time,bit_errors,14.3,decoded,1000.087
2026-09-27 06:20:06,idle,,5.6,none,1000.087
2026-09-27 06:20:09,other,,14.8,none,1000.087
2026-09-27 06:20:12,idle,,6.0,none,1000.087
2026-09-27 06:20:15,other,,14.9,none,1000.087
2026-09-27 06:20:18,idle,,5.9,none,1000.087
2026-09-27 06:20:21,idle,,5.8,none,1000.087
2026-09-27 06:20:24,idle,,5.6,none,1000.087
2026-09-27 06:20:27,idle,,6.1,none,1000.087
2026-09-27 06:20:30,idle,,5.7,none,1000.087
2026-09-27 06:20:33,other,,14.8,none,1000.087
2026-09-27 06:20:36,idle,,5.7,none,1000.087
2026-09-27 06:20:39,time,crc_ok,15.1,decoded,1000.087
2026-09-27 06:20:42,idle,,5.9,none,1000.087
2026-09-27 06:20:45,time,crc_ok,15.1,decoded,1000.087
2026-09-27 06:20:48,other,,14.9,none,1000.087
2026-09-27 06:20:51,other,,15.4,none,1000.087
2026-09-27 06:20:54,time,crc_ok,14.9,decoded,1000.087
2026-09-27 06:21:03,time,crc_ok,15.0,none,1000.086
2026-09-27 06:21:06,idle,,5.7,none,1000.086
2026-09-27 06:21:09,other,,15.0,none,1000.086
2026-09-27 06:21:12,idle,,5.6,none,1000.086
2026-09-27 06:21:15,other,,15.4,none,1000.086
2026-09-27 06:21:18,other,,15.2,none,1000.086
2026-09-27 06:21:21,other,,15.3,none,1000.086
2026-09-27 06:21:24,other,,15.1,none,1000.086
2026-09-27 06:21:27,other,,15.3,none,1000.086
2026-09-27 06:21:30,idle,,5.9,none,1000.086
2026-09-27 06:21:33,other,,15.2,none,1000.086
2026-09-27 06:21:36,idle,,5.5,none,1000.086
2026-09-27 06:21:39,time,bit_errors,14.5,decoded,1000.086
2026-09-27 06:21:42,idle,,5.5,none,1000.086
2026-09-27 06:21:45,time,crc_ok,14.3,decoded,1000.086
2026-09-27 06:21:48,idle,,5.7,none,1000.086
2026-09-27 06:21:51,idle,,5.0,none,1000.086
2026-09-27 06:21:54,idle,,5.5,none,1000.086
2026-09-27 06:21:57,idle,,5.4,none,1000.086
2026-09-27 06:22:00,idle,,5.9,none,1000.086
2026-09-27 06:22:03,time,crc_ok,15.2,decoded,1000.086
2026-09-27 06:22:06,idle,,5.9,none,1000.086
2026-09-27 06:22:09,idle,,6.1,none,1000.086
2026-09-27 06:22:12,other,,15.2,none,1000.086
2026-09-27 06:22:15,idle,,6.1,none,1000.086
2026-09-27 06:22:18,time,crc_ok,14.8,decoded,1000.086
2026-09-27 06:22:21,idle,,5.7,none,1000.086
2026-09-27 06:22:24,time,bit_errors,14.4,decoded,1000.086
2026-09-27 06:22:27,idle,,5.6,none,1000.086
2026-09-27 06:22:30,time,crc_ok,15.5,decoded,1000.086
2026-09-27 06:22:33,other,,15.1,none,1000.086
2026-09-27 06:22:36,idle,,5.5,none,1000.086
2026-09-27 06:22:39,time,crc_ok,14.8,decoded,1000.086
2026-09-27 06:22:42,other,,15.3,none,1000.086
2026-09-27 06:22:45,idle,,5.9,none,1000.086
2026-09-27 06:22:48,idle,,5.8,none,1000.086
2026-09-27 06:22:51,time,crc_ok,14.8,decoded,1000.086
2026-09-27 06:22:54,other,,14.9,failed,1000.086
2026-09-27 06:22:57,idle,,5.8,none,1000.086
2026-09-27 06:23:00,idle,,5.7,none,1000.086
2026-09-27 06:23:03,time,crc_ok,15.4,decoded,1000.086
2026-09-27 06:23:06,other,,15.7,failed,1000.086
2026-09-27 06:23:09,idle,,5.3,none,1000.086
2026-09-27 06:23:12,other,,15.3,failed,1000.086
2026-09-27 06:23:15,other,,15.3,failed,1000.086
2026-09-27 06:23:18,other,,15.1,failed,1000.086
2026-09-27 06:23:21,idle,,5.6,none,1000.086
2026-09-27 06:23:24,idle,,5.6,none,1000.086
2026-09-27 06:23:27,time,crc_ok,15.2,decoded,1000.086
2026-09-27 06:23:30,other,,15.3,none,1000.086
2026-09-27 06:23:33,other,,14.7,none,1000.086
2026-09-27 06:23:36,idle,,5.8,none,1000.086
2026-09-27 06:23:39,time,bit_errors,14.2,decoded,1000.086
2026-09-27 06:23:42,time,crc_ok,15.6,decoded,1000.086
2026-09-27 06:23:45,time,crc_ok,14.7,decoded,1000.086
2026-09-27 06:23:48,idle,,5.9,none,1000.086
2026-09-27 06:23:51,idle,,5.4,none,1000.086
2026-09-27 06:23:54,other,,15.7,none,1000.086
2026-09-27 06:23:57,time,crc_ok,14.8,decoded,1000.086
2026-09-27 06:24:00,other,,15.7,none,1000.086
2026-09-27 06:24:03,time,crc_ok,14.7,decoded,1000.086
2026-09-27 06:24:06,idle,,5.5,none,1000.086
2026-09-27 06:24:09,other,,15.5,none,1000.086
2026-09-27 06:24:12,time,crc_ok,15.1,decoded,1000.086
2026-09-27 06:24:15,time,crc_ok,14.8,decoded,1000.086
2026-09-27 06:24:18,idle,,5.5,none,1000.086
2026-09-27 06:24:21,idle,,5.7,none,1000.086
2026-09-27 06:24:24,unclear,,15.4,none,1000.086
2026-09-27 06:24:27,other,,15.4,none,1000.086
2026-09-27 06:24:30,time,crc_ok,14.8,decoded,1000.086
2026-09-27 06:24:33,other,,15.4,none,1000.086
2026-09-27 06:24:36,time,crc_ok,14.6,decoded,1000.086
2026-09-27 06:24:39,idle,,5.8,none,1000.086
2026-09-27 06:24:42,time,bit_errors,14.4,decoded,1000.086
2026-09-27 06:24:45,time,bit_errors,15.2,decoded,1000.086
2026-09-27 06:24:48,other,,15.8,none,1000.086
2026-09-27 06:24:51,idle,,5.8,none,1000.086
2026-09-27 06:24:54,idle,,5.9,none,1000.086
2026-09-27 06:24:57,time,crc_ok,15.2,decoded,1000.086
2026-09-27 06:25:00,time,crc_ok,15.5,decoded,1000.086
2026-09-27 06:25:03,time,crc_ok,15.2,decoded,1000.086
2026-09-27 06:25:06,other,,15.2,none,1000.086
2026-09-27 06:25:09,other,,16.2,none,1000.086
2026-09-27 06:25:12,other,,15.7,none,1000.086
2026-09-27 06:25:15,time,crc_ok,14.5,decoded,1000.086
2026-09-27 06:25:18,time,crc_ok,14.9,confirmed,1000.086
2026-09-27 06:25:21,idle,,5.5,none,1000.086
2026-09-27 06:25:24,idle,,5.6,none,1000.086
2026-09-27 06:25:27,idle,,5.3,none,1000.086
2026-09-27 06:25:30,idle,,5.8,none,1000.086
2026-09-27 06:25:33,other,,15.4,none,1000.086
2026-09-27 06:25:36,other,,14.8,none,1000.086
2026-09-27 06:25:39,time,bit_errors,15.0,decoded,1000.086
2026-09-27 06:25:42,other,,15.7,none,1000.086
2026-09-27 06:25:45,other,,14.7,none,1000.086
2026-09-27 06:25:48,other,,15.5,none,1000.086
2026-09-27 06:25:51,time,crc_ok,15.2,decoded,1000.086
2026-09-27 06:25:54,idle,,5.8,none,1000.086
2026-09-27 06:25:57,idle,,5.5,none,1000.086
2026-09-27 06:26:00,time,crc_ok,14.7,decoded,1000.086
2026-09-27 06:26:03,time,bit_errors,14.9,decoded,1000.086
2026-09-27 06:26:06,idle,,5.6,none,1000.086
2026-09-27 06:26:09,idle,,6.0,none,1000.086
2026-09-27 06:26:12,idle,,5.7,none,1000.086
2026-09-27 06:26:15,other,,15.3,none,1000.086
2026-09-27 06:26:18,time,bit_errors,14.9,decoded,1000.086
2026-09-27 06:26:21,idle,,5.1,none,1000.086
2026-09-27 06:26:24,idle,,5.3,none,1000.086
2026-09-27 06:26:27,idle,,5.9,none,1000.086
2026-09-27 06:26:30,idle,,5.6,none,1000.086
2026-09-27 06:26:33,other,,14.8,none,1000.086
2026-09-27 06:26:36,idle,,5.9,none,1000.086
2026-09-27 06:26:39,time,crc_ok,14.7,decoded,1000.086
2026-09-27 06:26:42,time,crc_ok,14.5,decoded,1000.086
2026-09-27 06:26:45,idle,,5.5,none,1000.086
2026-09-27 06:26:48,other,,14.7,none,1000.086
2026-09-27 06:26:51,idle,,5.5,none,1000.086
2026-09-27 06:26:54,other,,15.0,none,1000.086
2026-09-27 06:26:57,time,bit_errors,15.2,decoded,1000.086
2026-09-27 06:27:00,idle,,5.9,none,1000.086
2026-09-27 06:27:03,time,bit_errors,14.4,decoded,1000.086
2026-09-27 06:27:06,idle,,6.0,none,1000.086
2026-09-27 06:27:09,other,,14.9,none,1000.086
2026-09-27 06:27:12,time,crc_ok,14.6,decoded,1000.086
2026-09-27 06:27:15,idle,,5.4,none,1000.086
2026-09-27 06:27:18,other,,15.8,failed,1000.086
2026-09-27 06:27:21,idle,,5.7,none,1000.086
2026-09-27 06:27:24,time,crc_ok,15.2,decoded,1000.086
2026-09-27 06:27:27,time,crc_ok,15.0,decoded,1000.086
2026-09-27 06:27:30,idle,,5.6,none,1000.086
2026-09-27 06:27:33,other,,14.9,failed,1000.086
2026-09-27 06:27:36,idle,,5.6,none,1000.086
2026-09-27 06:27:39,idle,,5.2,none,1000.086
2026-09-27 06:27:42,idle,,6.0,none,1000.086
2026-09-27 06:27:45,time,bit_errors,15.0,decoded,1000.086
2026-09-27 06:27:48,time,crc_ok,14.3,decoded,1000.086
2026-09-27 06:27:51,idle,,5.6,none,1000.086
2026-09-27 06:27:54,idle,,5.6,none,1000.086
2026-09-27 06:27:57,idle,,5.7,none,1000.086
2026-09-27 06:28:00,idle,,5.7,none,1000.086
2026-09-27 06:28:03,time,crc_ok,14.8,decoded,1000.086
2026-09-27 06:28:06,idle,,5.2,none,1000.086
2026-09-27 06:28:09,idle,,5.9,none,1000.086
2026-09-27 06:28:12,other,,15.3,none,1000.086
2026-09-27 06:28:15,idle,,5.9,none,1000.086
2026-09-27 06:28:18,other,,15.7,none,1000.086
2026-09-27 06:28:21,idle,,5.4,none,1000.086
2026-09-27 06:28:24,idle,,5.6,none,1000.086
2026-09-27 06:28:27,idle,,5.7,none,1000.086
2026-09-27 06:28:30,time,crc_ok,15.3,decoded,1000.086
2026-09-27 06:28:33,other,,15.2,none,1000.086
2026-09-27 06:28:36,time,bit_errors,15.5,decoded,1000.086
2026-09-27 06:28:39,idle,,5.6,none,1000.086
2026-09-27 06:28:42,other,,15.1,none,1000.086
2026-09-27 06:28:45,time,bit_errors,15.3,decoded,1000.086
2026-09-27 06:28:48,idle,,6.1,none,1000.086
2026-09-27 06:28:51,time,crc_ok,15.4,decoded,1000.086
2026-09-27 06:28:54,idle,,5.6,none,1000.086
2026-09-27 06:28:57,idle,,5.4,none,1000.086
2026-09-27 06:29:00,idle,,6.0,none,1000.086
2026-09-27 06:29:03,time,bit_errors,15.5,decoded,1000.086
2026-09-27 06:29:06,idle,,5.3,none,1000.086
2026-09-27 06:29:09,other,,15.2,none,1000.086
2026-09-27 06:29:12,idle,,5.2,none,1000.086
2026-09-27 06:29:15,other,,15.6,none,1000.086
2026-09-27 06:29:18,idle,,5.5,none,1000.086
2026-09-27 06:29:21,idle,,5.7,none,1000.086
2026-09-27 06:29:24,time,crc_ok,15.3,decoded,1000.086
2026-09-27 06:29:27,other,,14.9,none,1000.086
2026-09-27 06:29:30,time,crc_ok,14.9,decoded,1000.086
2026-09-27 06:29:33,other,,14.6,none,1000.086
2026-09-27 06:29:36,idle,,5.7,none,1000.086
2026-09-27 06:29:39,time,crc_ok,14.9,decoded,1000.086
2026-09-27 06:29:42,idle,,5.5,none,1000.086
2026-09-27 06:29:45,other,,15.5,none,1000.086
2026-09-27 06:29:48,other,,15.8,none,1000.086
2026-09-27 06:29:51,other,,15.3,none,1000.086
2026-09-27 06:29:54,idle,,6.0,none,1000.086
2026-09-27 06:29:57,time,crc_ok,15.1,decoded,1000.086
2026-09-27 06:30:00,time,crc_ok,14.8,decoded,1000.086
2026-09-27 06:30:03,time,crc_ok,15.3,decoded,1000.086
2026-09-27 06:30:06,idle,,5.6,none,1000.086
2026-09-27 06:30:09,other,,15.1,none,1000.086
2026-09-27 06:30:12,idle,,5.9,none,1000.086
2026-09-27 06:30:15,other,,15.4,none,1000.086
2026-09-27 06:30:18,time,crc_ok,15.5,decoded,1000.086
2026-09-27 06:30:21,other,,15.6,none,1000.086
2026-09-27 06:30:24,idle,,5.3,none,1000.086
2026-09-27 06:30:27,other,,15.4,none,1000.086
2026-09-27 06:30:30,other,,15.5,failed,1000.086
2026-09-27 06:30:33,other,,15.7,none,1000.086
2026-09-27 06:30:36,idle,,6.0,none,1000.086
2026-09-27 06:30:39,other,,15.3,none,1000.086
2026-09-27 06:30:42,idle,,5.8,none,1000.086
2026-09-27 06:30:45,other,,15.3,none,1000.086
2026-09-27 06:30:48,idle,,5.6,none,1000.086
2026-09-27 06:30:51,idle,,6.2,none,1000.086
2026-09-27 06:30:54,other,,15.1,none,1000.086
2026-09-27 06:31:03,time,bit_errors,14.7,decoded,1000.085
2026-09-27 06:31:06,other,,15.8,none,1000.085
2026-09-27 06:31:09,other,,15.2,none,1000.085
2026-09-27 06:31:12,other,,15.1,none,1000.085
2026-09-27 06:31:15,other,,15.3,none,1000.085
2026-09-27 06:31:18,idle,,5.6,none,1000.085
2026-09-27 06:31:21,other,,15.9,none,1000.085
2026-09-27 06:31:24,other,,15.7,none,1000.085
2026-09-27 06:31:27,idle,,5.5,none,1000.085
2026-09-27 06:31:30,time,crc_ok,15.0,decoded,1000.085
2026-09-27 06:31:33,other,,15.7,failed,1000.085
2026-09-27 06:31:36,idle,,6.4,none,1000.085
2026-09-27 06:31:39,other,,15.1,none,1000.085
2026-09-27 06:31:42,time,bit_errors,15.7,decoded,1000.085
2026-09-27 06:31:45,idle,,5.8,none,1000.085
2026-09-27 06:31:48,idle,,5.9,none,1000.085
2026-09-27 06:31:51,time,crc_ok,14.6,decoded,1000.085
2026-09-27 06:31:54,other,,15.1,none,1000.085
2026-09-27 06:31:57,idle,,5.4,none,1000.085
2026-09-27 06:32:00,idle,,5.5,none,1000.085
2026-09-27 06:32:03,time,crc_ok,15.5,decoded,1000.085
2026-09-27 06:32:06,other,,15.2,failed,1000.085
2026-09-27 06:32:09,time,crc_ok,14.9,decoded,1000.085
2026-09-27 06:32:12,other,,15.2,failed,1000.085
2026-09-27 06:32:15,idle,,6.0,none,1000.085
2026-09-27 06:32:18,other,,15.3,none,1000.085
2026-09-27 06:32:21,time,crc_ok,14.7,decoded,1000.085
2026-09-27 06:32:24,other,,15.3,none,1000.085
2026-09-27 06:32:27,idle,,5.8,none,1000.085
2026-09-27 06:32:30,idle,,5.4,none,1000.085
2026-09-27 06:32:33,other,,15.6,none,1000.085
2026-09-27 06:32:36,idle,,5.6,none,1000.085
2026-09-27 06:32:39,other,,15.1,none,1000.085
2026-09-27 06:32:42,idle,,5.1,none,1000.085
2026-09-27 06:32:45,idle,,6.1,none,1000.085
2026-09-27 06:32:48,idle,,5.8,none,1000.085
2026-09-27 06:32:51,idle,,5.7,none,1000.085
2026-09-27 06:32:54,idle,,5.8,none,1000.085
2026-09-27 06:32:57,idle,,6.4,none,1000.085
2026-09-27 06:33:00,time,crc_ok,15.5,decoded,1000.085
2026-09-27 06:33:03,time,crc_ok,15.2,decoded,1000.085
2026-09-27 06:33:06,idle,,6.1,none,1000.085
2026-09-27 06:33:09,other,,15.5,none,1000.085
2026-09-27 06:33:12,idle,,6.4,none,1000.085
2026-09-27 06:33:15,idle,,6.3,none,1000.085
2026-09-27 06:33:18,idle,,6.1,none,1000.085
2026-09-27 06:33:21,idle,,6.1,none,1000.085
2026-09-27 06:33:24,idle,,5.7,none,1000.085
2026-09-27 06:33:27,idle,,5.7,none,1000.085
2026-09-27 06:33:30,time,crc_ok,14.6,decoded,1000.085
2026-09-27 06:33:33,other,,15.5,none,1000.085
2026-09-27 06:33:36,other,,15.2,none,1000.085
2026-09-27 06:33:39,time,crc_ok,14.3,decoded,1000.085
2026-09-27 06:33:42,time,crc_ok,15.1,decoded,1000.085
2026-09-27 06:33:45,idle,,6.0,none,1000.085
2026-09-27 06:33:48,other,,15.4,none,1000.085
2026-09-27 06:33:51,time,bit_errors,15.7,decoded,1000.085
2026-09-27 06:33:54,other,,15.4,none,1000.085
2026-09-27 06:33:57,idle,,5.9,none,1000.085
2026-09-27 06:34:00,idle,,6.2,none,1000.085
2026-09-27 06:34:03,time,crc_ok,14.5,confirmed,1000.085
2026-09-27 06:34:06,other,,16.3,failed,1000.085
2026-09-27 06:34:09,idle,,6.0,none,1000.085
2026-09-27 06:34:12,idle,,5.7,none,1000.085
2026-09-27 06:34:15,idle,,6.1,none,1000.085
2026-09-27 06:34:18,idle,,6.0,none,1000.085
2026-09-27 06:34:21,unclear,,15.7,none,1000.085
2026-09-27 06:34:24,idle,,6.2,none,1000.085
2026-09-27 06:34:27,time,bit_errors,14.8,decoded,1000.085
2026-09-27 06:34:30,idle,,5.8,none,1000.085
2026-09-27 06:34:33,other,,14.9,none,1000.085
2026-09-27 06:34:36,time,bit_errors,14.3,decoded,1000.085
2026-09-27 06:34:39,idle,,6.2,none,1000.085
2026-09-27 06:34:42,idle,,6.2,none,1000.085
2026-09-27 06:34:45,idle,,5.8,none,1000.085
2026-09-27 06:34:48,other,,15.4,none,1000.085
2026-09-27 06:34:51,other,,15.8,failed,1000.085
2026-09-27 06:34:54,other,,15.5,none,1000.085
2026-09-27 06:34:57,idle,,6.6,none,1000.085
2026-09-27 06:35:00,other,,15.7,none,1000.085
2026-09-27 06:35:03,time,crc_ok,15.7,decoded,1000.085
2026-09-27 06:35:06,other,,16.0,failed,1000.085
2026-09-27 06:35:09,other,,15.6,none,1000.085
2026-09-27 06:35:12,time,crc_ok,15.4,decoded,1000.085
2026-09-27 06:35:15,idle,,6.4,none,1000.085
2026-09-27 06:35:18,time,bit_errors,14.9,decoded,1000.085
2026-09-27 06:35:21,other,,15.4,none,1000.085
2026-09-27 06:35:24,time,crc_ok,15.3,decoded,1000.085
2026-09-27 06:35:27,idle,,6.1,none,1000.085
2026-09-27 06:35:30,other,,14.9,none,1000.085
2026-09-27 06:35:33,other,,15.6,none,1000.085
2026-09-27 06:35:36,idle,,6.2,none,1000.085
2026-09-27 06:35:39,time,crc_ok,14.8,decoded,1000.085
2026-09-27 06:35:42,idle,,6.2,none,1000.085
2026-09-27 06:35:45,idle,,6.1,none,1000.085
2026-09-27 06:35:48,idle,,6.2,none,1000.085
2026-09-27 06:35:51,idle,,6.1,none,1000.085
2026-09-27 06:35:54,other,,15.5,failed,1000.085
2026-09-27 06:35:57,time,bit_errors,14.9,decoded,1000.085
2026-09-27 06:36:00,other,,15.7,none,1000.085
2026-09-27 06:36:03,time,crc_ok,14.8,decoded,1000.085
2026-09-27 06:36:06,idle,,6.0,none,1000.085
2026-09-27 06:36:09,other,,15.9,none,1000.085
2026-09-27 06:36:12,idle,,6.2,none,1000.085
2026-09-27 06:36:15,idle,,6.0,none,1000.085
2026-09-27 06:36:18,idle,,6.0,none,1000.085
2026-09-27 06:36:21,idle,,6.2,none,1000.085
2026-09-27 06:36:24,time,crc_ok,15.1,decoded,1000.085
2026-09-27 06:36:27,time,crc_ok,14.5,decoded,1000.085
2026-09-27 06:36:30,time,crc_ok,15.4,decoded,1000.085
2026-09-27 06:36:33,other,,15.8,none,1000.085
2026-09-27 06:36:36,time,crc_ok,15.1,decoded,1000.085
2026-09-27 06:36:39,other,,15.1,none,1000.085
2026-09-27 06:36:42,time,crc_ok,15.1,decoded,1000.085
2026-09-27 06:36:45,idle,,6.6,none,1000.085
2026-09-27 06:36:48,other,,15.4,none,1000.085
2026-09-27 06:36:51,other,,15.0,none,1000.085
2026-09-27 06:36:54,other,,14.9,none,1000.085
2026-09-27 06:36:57,idle,,5.8,none,1000.085
2026-09-27 06:37:00,time,crc_ok,14.6,decoded,1000.085
2026-09-27 06:37:03,time,bit_errors,14.7,decoded,1000.085
2026-09-27 06:37:06,other,,15.4,none,1000.085
2026-09-27 06:37:09,time,crc_ok,14.4,decoded,1000.085
2026-09-27 06:37:12,time,crc_ok,15.2,decoded,1000.085
2026-09-27 06:37:15,unclear,,15.8,none,1000.085
2026-09-27 06:37:18,idle,,6.3,none,1000.085
2026-09-27 06:37:21,time,crc_ok,15.8,decoded,1000.085
2026-09-27 06:37:24,idle,,6.0,none,1000.085
2026-09-27 06:37:27,other,,15.4,none,1000.085
2026-09-27 06:37:30,idle,,6.1,none,1000.085
2026-09-27 06:37:33,other,,14.9,none,1000.085
2026-09-27 06:37:36,other,,15.9,none,1000.085
2026-09-27 06:37:39,idle,,5.4,none,1000.085
2026-09-27 06:37:42,idle,,6.0,none,1000.085
2026-09-27 06:37:45,idle,,6.0,none,1000.085
2026-09-27 06:37:48,other,,15.5,none,1000.085
2026-09-27 06:37:51,time,crc_ok,15.1,decoded,1000.085
2026-09-27 06:37:54,time,crc_ok,14.7,decoded,1000.085
2026-09-27 06:37:57,idle,,6.0,none,1000.085
2026-09-27 06:38:00,time,crc_ok,15.8,decoded,1000.085
2026-09-27 06:38:03,time,crc_ok,15.1,decoded,1000.085
2026-09-27 06:38:06,idle,,6.3,none,1000.085
2026-09-27 06:38:09,other,,15.2,none,1000.085
2026-09-27 06:38:12,idle,,6.1,none,1000.085
2026-09-27 06:38:15,time,bit_errors,14.8,decoded,1000.085
2026-09-27 06:38:18,idle,,5.7,none,1000.085
2026-09-27 06:38:21,idle,,6.0,none,1000.085
2026-09-27 06:38:24,other,,15.0,none,1000.085
2026-09-27 06:38:27,idle,,5.7,none,1000.085
2026-09-27 06:38:30,time,crc_ok,15.0,decoded,1000.085
2026-09-27 06:38:33,other,,15.1,none,1000.085
2026-09-27 06:38:36,idle,,5.4,none,1000.085
2026-09-27 06:38:39,other,,15.7,failed,1000.085
2026-09-27 06:38:42,idle,,5.6,none,1000.085
2026-09-27 06:38:45,time,crc_ok,15.3,decoded,1000.085
2026-09-27 06:38:48,time,crc_ok,14.3,decoded,1000.085
2026-09-27 06:38:51,other,,15.3,none,1000.085
2026-09-27 06:38:54,time,crc_ok,14.9,confirmed,1000.085
2026-09-27 06:38:57,other,,16.1,none,1000.085
2026-09-27 06:39:00,idle,,5.8,none,1000.085
2026-09-27 06:39:03,time,bit_errors,15.0,decoded,1000.085
2026-09-27 06:39:06,idle,,5.5,none,1000.085
2026-09-27 06:39:09,other,,15.3,none,1000.085
2026-09-27 06:39:12,idle,,6.2,none,1000.085
2026-09-27 06:39:15,time,crc_ok,14.9,decoded,1000.085
2026-09-27 06:39:18,other,,15.5,failed,1000.085
2026-09-27 06:39:21,other,,15.2,none,1000.085
2026-09-27 06:39:24,other,,15.7,none,1000.085
2026-09-27 06:39:27,other,,15.1,none,1000.085
2026-09-27 06:39:30,idle,,5.9,none,1000.085
2026-09-27 06:39:33,other,,15.5,none,1000.085
2026-09-27 06:39:36,idle,,6.0,none,1000.085
2026-09-27 06:39:39,other,,15.5,none,1000.085
2026-09-27 06:39:42,idle,,6.0,none,1000.085
2026-09-27 06:39:45,time,crc_ok,14.7,decoded,1000.085
2026-09-27 06:39:48,idle,,6.0,none,1000.085
2026-09-27 06:39:51,idle,,5.8,none,1000.085
2026-09-27 06:39:54,other,,15.4,none,1000.085
2026-09-27 06:39:57,idle,,5.4,none,1000.085
2026-09-27 06:40:00,time,crc_ok,15.0,decoded,1000.085
2026-09-27 06:40:03,time,bit_errors,15.1,decoded,1000.085
2026-09-27 06:40:06,idle,,5.8,none,1000.085
2026-09-27 06:40:09,other,,15.0,none,1000.085
2026-09-27 06:40:12,time,crc_ok,15.1,decoded,1000.085
2026-09-27 06:40:15,idle,,6.0,none,1000.085
2026-09-27 06:40:18,other,,15.3,none,1000.085
2026-09-27 06:40:21,time,crc_ok,14.7,decoded,1000.085
2026-09-27 06:40:24,time,bit_errors,15.1,decoded,1000.085
2026-09-27 06:40:27,idle,,5.8,none,1000.085
2026-09-27 06:40:30,other,,15.4,none,1000.085
2026-09-27 06:40:33,other,,15.1,none,1000.085
2026-09-27 06:40:36,idle,,5.8,none,1000.085
2026-09-27 06:40:39,time,crc_ok,15.0,confirmed,1000.085
2026-09-27 06:40:42,time,crc_ok,14.8,decoded,1000.085
2026-09-27 06:40:45,idle,,5.9,none,1000.085
2026-09-27 06:40:48,idle,,5.6,none,1000.085
2026-09-27 06:40:51,other,,15.0,none,1000.085
2026-09-27 06:40:54,other,,15.6,none,1000.085
2026-09-27 06:41:03,time,crc_ok,15.1,decoded,1000.084
2026-09-27 06:41:06,other,,14.6,failed,1000.084
2026-09-27 06:41:09,idle,,5.6,none,1000.084
2026-09-27 06:41:12,time,crc_ok,15.1,decoded,1000.084
2026-09-27 06:41:15,other,,15.3,none,1000.084
2026-09-27 06:41:18,other,,15.4,none,1000.084
2026-09-27 06:41:21,idle,,5.2,none,1000.084
2026-09-27 06:41:24,idle,,5.8,none,1000.084
2026-09-27 06:41:27,idle,,5.3,none,1000.084
2026-09-27 06:41:30,other,,14.9,none,1000.084
2026-09-27 06:41:33,other,,15.1,none,1000.084
2026-09-27 06:41:36,idle,,5.5,none,1000.084
2026-09-27 06:41:39,time,crc_ok,14.7,decoded,1000.084
2026-09-27 06:41:42,other,,15.0,none,1000.084
2026-09-27 06:41:45,time,bit_errors,14.9,decoded,1000.084
2026-09-27 06:41:48,idle,,5.5,none,1000.084
2026-09-27 06:41:51,idle,,5.4,none,1000.084
2026-09-27 06:41:54,idle,,5.9,none,1000.084
2026-09-27 06:41:57,time,crc_ok,15.1,decoded,1000.084
2026-09-27 06:42:00,idle,,5.1,none,1000.084
2026-09-27 06:42:03,time,crc_ok,14.5,decoded,1000.084
2026-09-27 06:42:06,idle,,5.4,none,1000.084
2026-09-27 06:42:09,other,,14.8,none,1000.084
2026-09-27 06:42:12,time,crc_ok,15.0,decoded,1000.084
2026-09-27 06:42:15,other,,15.9,none,1000.084
2026-09-27 06:42:18,idle,,5.4,none,1000.084
2026-09-27 06:42:21,idle,,6.0,none,1000.084
2026-09-27 06:42:24,idle,,5.7,none,1000.084
2026-09-27 06:42:27,time,crc_ok,14.6,decoded,1000.084
2026-09-27 06:42:30,idle,,6.1,none,1000.084
2026-09-27 06:42:33,other,,15.0,none,1000.084
2026-09-27 06:42:36,time,crc_ok,14.9,decoded,1000.084
2026-09-27 06:42:39,idle,,5.3,none,1000.084
2026-09-27 06:42:42,other,,15.6,none,1000.084
2026-09-27 06:42:45,other,,15.6,none,1000.084
2026-09-27 06:42:48,other,,15.5,none,1000.084
2026-09-27 06:42:51,idle,,5.5,none,1000.084
2026-09-27 06:42:54,idle,,5.4,none,1000.084
2026-09-27 06:42:57,idle,,5.6,none,1000.084
2026-09-27 06:43:00,other,,15.1,none,1000.084
2026-09-27 06:43:03,time,crc_ok,14.9,decoded,1000.084
2026-09-27 06:43:06,idle,,5.5,none,1000.084
2026-09-27 06:43:09,other,,15.4,none,1000.084
2026-09-27 06:43:12,other,,15.6,failed,1000.084
2026-09-27 06:43:15,idle,,5.6,none,1000.084
2026-09-27 06:43:18,idle,,6.1,none,1000.084
2026-09-27 06:43:21,idle,,5.7,none,1000.084
2026-09-27 06:43:24,idle,,6.2,none,1000.084
2026-09-27 06:43:27,idle,,6.0,none,1000.084
2026-09-27 06:43:30,idle,,5.9,none,1000.084
2026-09-27 06:43:33,other,,15.4,failed,1000.084
2026-09-27 06:43:36,time,bit_errors,14.7,decoded,1000.084
2026-09-27 06:43:39,other,,15.9,none,1000.084
2026-09-27 06:43:42,other,,15.5,failed,1000.084
2026-09-27 06:43:45,time,bit_errors,14.3,decoded,1000.084
2026-09-27 06:43:48,time,crc_ok,15.5,decoded,1000.084
2026-09-27 06:43:51,time,bit_errors,15.3,decoded,1000.084
2026-09-27 06:43:54,idle,,6.0,none,1000.084
2026-09-27 06:43:57,idle,,5.8,none,1000.084
2026-09-27 06:44:00,time,crc_ok,15.6,confirmed,1000.084
2026-09-27 06:44:03,time,crc_ok,15.1,decoded,1000.084
2026-09-27 06:44:06,other,,15.4,none,1000.084
2026-09-27 06:44:09,idle,,5.6,none,1000.084
2026-09-27 06:44:12,time,crc_ok,15.9,decoded,1000.084
2026-09-27 06:44:15,time,bit_errors,15.5,decoded,1000.084
2026-09-27 06:44:18,other,,15.4,none,1000.084
2026-09-27 06:44:21,idle,,5.5,none,1000.084
2026-09-27 06:44:24,other,,14.8,none,1000.084
2026-09-27 06:44:27,idle,,5.8,none,1000.084
2026-09-27 06:44:30,idle,,5.5,none,1000.084
2026-09-27 06:44:33,other,,15.7,none,1000.084
2026-09-27 06:44:36,idle,,5.4,none,1000.084
2026-09-27 06:44:39,time,crc_ok,14.3,decoded,1000.084
2026-09-27 06:44:42,other,,15.0,failed,1000.084
2026-09-27 06:44:45,time,bit_errors,15.4,confirmed,1000.084
2026-09-27 06:44:48,idle,,5.1,none,1000.084
2026-09-27 06:44:51,idle,,5.4,none,1000.084
2026-09-27 06:44:54,other,,15.2,none,1000.084
2026-09-27 06:44:57,time,crc_ok,15.2,decoded,1000.084
2026-09-27 06:45:00,time,crc_ok,14.6,decoded,1000.084
2026-09-27 06:45:03,time,crc_ok,14.3,decoded,1000.084
2026-09-27 06:45:06,idle,,5.3,none,1000.084
2026-09-27 06:45:09,other,,15.3,none,1000.084
2026-09-27 06:45:12,time,crc_ok,15.1,decoded,1000.084
2026-09-27 06:45:15,time,crc_ok,14.8,decoded,1000.084
2026-09-27 06:45:18,idle,,5.4,none,1000.084
2026-09-27 06:45:21,idle,,4.8,none,1000.084
2026-09-27 06:45:24,other,,15.2,none,1000.084
2026-09-27 06:45:27,other,,15.1,none,1000.084
2026-09-27 06:45:30,time,crc_ok,15.2,decoded,1000.084
2026-09-27 06:45:33,other,,14.9,none,1000.084
2026-09-27 06:45:36,other,,15.2,none,1000.084
2026-09-27 06:45:39,idle,,5.3,none,1000.084
2026-09-27 06:45:42,other,,14.7,none,1000.084
2026-09-27 06:45:45,time,crc_ok,14.8,decoded,1000.084
2026-09-27 06:45:48,other,,14.6,none,1000.084
2026-09-27 06:45:51,idle,,5.5,none,1000.084
2026-09-27 06:45:54,other,,16.1,none,1000.084
2026-09-27 06:45:57,idle,,5.7,none,1000.084
2026-09-27 06:46:00,idle,,6.1,none,1000.084
2026-09-27 06:46:03,time,crc_ok,14.4,decoded,1000.084
2026-09-27 06:46:06,other,,15.2,none,1000.084
2026-09-27 06:46:09,idle,,5.3,none,1000.084
2026-09-27 06:46:12,time,crc_ok,14.6,decoded,1000.084
2026-09-27 06:46:15,idle,,5.4,none,1000.084
2026-09-27 06:46:18,time,crc_ok,14.4,decoded,1000.084
2026-09-27 06:46:21,other,,15.3,failed,1000.084
2026-09-27 06:46:24,idle,,6.2,none,1000.084
2026-09-27 06:46:27,idle,,6.1,none,1000.084
2026-09-27 06:46:30,idle,,6.1,none,1000.084
2026-09-27 06:46:33,other,,15.6,none,1000.084
2026-09-27 06:46:36,other,,14.9,none,1000.084
2026-09-27 06:46:39,other,,15.7,failed,1000.084
2026-09-27 06:46:42,other,,14.8,none,1000.084
2026-09-27 06:46:45,time,bit_errors,14.7,decoded,1000.084
2026-09-27 06:46:48,time,crc_ok,14.6,decoded,1000.084
2026-09-27 06:46:51,time,crc_ok,14.6,decoded,1000.084
2026-09-27 06:46:54,idle,,6.1,none,1000.084
2026-09-27 06:46:57,idle,,6.1,none,1000.084
2026-09-27 06:47:00,time,bit_errors,15.3,decoded,1000.084
2026-09-27 06:47:03,time,bit_errors,14.2,decoded,1000.084
2026-09-27 06:47:06,other,,15.2,none,1000.084
2026-09-27 06:47:09,time,crc_ok,13.7,decoded,1000.084
2026-09-27 06:47:12,time,bit_errors,14.3,decoded,1000.084
2026-09-27 06:47:15,idle,,5.7,none,1000.084
2026-09-27 06:47:18,time,crc_ok,15.4,decoded,1000.084
2026-09-27 06:47:21,time,bit_errors,14.5,decoded,1000.084
2026-09-27 06:47:24,other,,15.2,none,1000.084
2026-09-27 06:47:27,idle,,5.5,none,1000.084
2026-09-27 06:47:30,other,,15.8,none,1000.084
2026-09-27 06:47:33,other,,15.5,none,1000.084
2026-09-27 06:47:36,idle,,5.6,none,1000.084
2026-09-27 06:47:39,time,crc_ok,15.5,decoded,1000.084
2026-09-27 06:47:42,idle,,6.1,none,1000.084
2026-09-27 06:47:45,idle,,5.9,none,1000.084
2026-09-27 06:47:48,idle,,5.8,none,1000.084
2026-09-27 06:47:51,idle,,5.1,none,1000.084
2026-09-27 06:47:54,idle,,5.8,none,1000.084
2026-09-27 06:47:57,idle,,5.9,none,1000.084
2026-09-27 06:48:00,other,,14.8,none,1000.084
2026-09-27 06:48:03,time,bit_errors,15.0,decoded,1000.084
2026-09-27 06:48:06,idle,,5.5,none,1000.084
2026-09-27 06:48:09,other,,15.1,none,1000.084
2026-09-27 06:48:12,idle,,5.9,none,1000.084
2026-09-27 06:48:15,idle,,5.4,none,1000.084
2026-09-27 06:48:18,idle,,5.4,none,1000.084
2026-09-27 06:48:21,idle,,5.6,none,1000.084
2026-09-27 06:48:24,idle,,5.7,none,1000.084
2026-09-27 06:48:27,idle,,5.4,none,1000.084
2026-09-27 06:48:30,time,crc_ok,15.6,decoded,1000.084
2026-09-27 06:48:33,other,,15.6,none,1000.084
2026-09-27 06:48:36,other,,15.3,none,1000.084
2026-09-27 06:48:39,time,bit_errors,14.9,decoded,1000.084
2026-09-27 06:48:42,other,,15.2,failed,1000.084
2026-09-27 06:48:45,idle,,5.5,none,1000.084
2026-09-27 06:48:48,other,,15.3,none,1000.084
2026-09-27 06:48:51,other,,15.0,none,1000.084
2026-09-27 06:48:54,time,crc_ok,14.8,decoded,1000.084
2026-09-27 06:48:57,idle,,5.8,none,1000.084
2026-09-27 06:49:00,time,crc_ok,14.3,decoded,1000.084
2026-09-27 06:49:03,time,crc_ok,15.2,decoded,1000.084
2026-09-27 06:49:06,other,,15.1,none,1000.084
2026-09-27 06:49:09,other,,15.4,failed,1000.084
2026-09-27 06:49:12,idle,,5.4,none,1000.084
2026-09-27 06:49:15,idle,,5.3,none,1000.084
2026-09-27 06:49:18,idle,,5.1,none,1000.084
2026-09-27 06:49:21,other,,15.1,none,1000.084
2026-09-27 06:49:24,idle,,5.5,none,1000.084
2026-09-27 06:49:27,other,,16.0,none,1000.084
2026-09-27 06:49:30,idle,,5.7,none,1000.084
2026-09-27 06:49:33,other,,15.0,none,1000.084
2026-09-27 06:49:36,other,,15.2,failed,1000.084
2026-09-27 06:49:39,idle,,5.8,none,1000.084
2026-09-27 06:49:42,idle,,5.4,none,1000.084
2026-09-27 06:49:45,idle,,5.5,none,1000.084
2026-09-27 06:49:48,time,crc_ok,15.1,decoded,1000.084
2026-09-27 06:49:51,other,,15.4,none,1000.084
2026-09-27 06:49:54,other,,15.6,none,1000.084
2026-09-27 06:49:57,idle,,5.7,none,1000.084
2026-09-27 06:50:00,time,crc_ok,14.6,confirmed,1000.084
2026-09-27 06:50:03,time,bit_errors,14.0,decoded,1000.084
2026-09-27 06:50:06,idle,,5.7,none,1000.084
2026-09-27 06:50:09,idle,,5.4,none,1000.084
2026-09-27 06:50:12,idle,,5.7,none,1000.084
2026-09-27 06:50:15,other,,15.5,none,1000.084
2026-09-27 06:50:18,time,crc_ok,14.7,decoded,1000.084
2026-09-27 06:50:21,idle,,5.5,none,1000.084
2026-09-27 06:50:24,other,,15.0,none,1000.084
2026-09-27 06:50:27,idle,,5.6,none,1000.084
2026-09-27 06:50:30,idle,,5.6,none,1000.084
2026-09-27 06:50:33,other,,15.0,none,1000.084
2026-09-27 06:50:36,idle,,5.1,none,1000.084
2026-09-27 06:50:39,time,crc_ok,15.3,decoded,1000.084
2026-09-27 06:50:42,other,,15.2,none,1000.084
2026-09-27 06:50:45,idle,,6.4,none,1000.084
2026-09-27 06:50:48,other,,15.4,none,1000.084
2026-09-27 06:50:51,idle,,5.9,none,1000.084
2026-09-27 06:50:54,time,crc_ok,15.0,decoded,1000.084
2026-09-27 06:51:03,time,bit_errors,15.1,decoded,1000.082
2026-09-27 06:51:06,idle,,5.8,none,1000.082
2026-09-27 06:51:09,other,,15.2,none,1000.082
2026-09-27 06:51:12,time,crc_ok,14.9,decoded,1000.082
2026-09-27 06:51:15,idle,,6.2,none,1000.082
2026-09-27 06:51:18,other,,15.6,none,1000.082
2026-09-27 06:51:21,idle,,6.3,none,1000.082
2026-09-27 06:51:24,other,,15.5,none,1000.082
2026-09-27 06:51:27,idle,,6.2,none,1000.082
2026-09-27 06:51:30,idle,,6.0,none,1000.082
2026-09-27 06:51:33,other,,14.8,none,1000.082
2026-09-27 06:51:36,idle,,6.2,none,1000.082
2026-09-27 06:51:39,idle,,6.2,none,1000.082
2026-09-27 06:51:42,idle,,5.8,none,1000.082
2026-09-27 06:51:45,other,,15.2,none,1000.082
2026-09-27 06:51:48,other,,15.6,none,1000.082
2026-09-27 06:51:51,idle,,5.7,none,1000.082
2026-09-27 06:51:54,other,,15.3,none,1000.082
2026-09-27 06:51:57,idle,,6.0,none,1000.082
2026-09-27 06:52:00,idle,,6.3,none,1000.082
2026-09-27 06:52:03,time,crc_ok,14.9,decoded,1000.082
2026-09-27 06:52:06,idle,,6.5,none,1000.082
2026-09-27 06:52:09,idle,,6.2,none,1000.082
2026-09-27 06:52:12,idle,,5.5,none,1000.082
2026-09-27 06:52:15,idle,,6.1,none,1000.082
2026-09-27 06:52:18,other,,15.0,none,1000.082
2026-09-27 06:52:21,time,crc_ok,15.2,decoded,1000.082
2026-09-27 06:52:24,idle,,6.1,none,1000.082
2026-09-27 06:52:27,idle,,6.2,none,1000.082
2026-09-27 06:52:30,other,,15.2,failed,1000.082
2026-09-27 06:52:33,other,,15.5,none,1000.082
2026-09-27 06:52:36,other,,15.5,none,1000.082
2026-09-27 06:52:39,idle,,5.9,none,1000.082
2026-09-27 06:52:42,time,crc_ok,14.9,decoded,1000.082
2026-09-27 06:52:45,time,crc_ok,14.4,decoded,1000.082
2026-09-27 06:52:48,idle,,6.3,none,1000.082
2026-09-27 06:52:51,time,crc_ok,15.0,decoded,1000.082
2026-09-27 06:52:54,idle,,6.1,none,1000.082
2026-09-27 06:52:57,idle,,6.5,none,1000.082
2026-09-27 06:53:00,idle,,6.0,none,1000.082
2026-09-27 06:53:03,time,crc_ok,14.8,decoded,1000.082
2026-09-27 06:53:06,idle,,6.3,none,1000.082
2026-09-27 06:53:09,other,,15.5,none,1000.082
2026-09-27 06:53:12,idle,,5.5,none,1000.082
2026-09-27 06:53:15,time,bit_errors,15.2,decoded,1000.082
2026-09-27 06:53:18,idle,,5.6,none,1000.082
2026-09-27 06:53:21,idle,,6.7,none,1000.082
2026-09-27 06:53:24,time,bit_errors,14.9,decoded,1000.082
2026-09-27 06:53:27,other,,15.5,none,1000.082
2026-09-27 06:53:30,time,bit_errors,15.0,decoded,1000.082
2026-09-27 06:53:33,other,,15.2,none,1000.082
2026-09-27 06:53:36,idle,,5.8,none,1000.082
2026-09-27 06:53:39,other,,15.5,failed,1000.082
2026-09-27 06:53:42,idle,,6.0,none,1000.082
2026-09-27 06:53:45,time,crc_ok,14.7,decoded,1000.082
2026-09-27 06:53:48,time,bit_errors,15.1,decoded,1000.082
2026-09-27 06:53:51,time,bit_errors,15.1,confirmed,1000.082
2026-09-27 06:53:54,other,,15.2,none,1000.082
2026-09-27 06:53:57,idle,,6.1,none,1000.082
2026-09-27 06:54:00,other,,15.7,none,1000.082
2026-09-27 06:54:03,time,crc_ok,15.7,decoded,1000.082
2026-09-27 06:54:06,idle,,5.7,none,1000.082
2026-09-27 06:54:09,other,,14.9,failed,1000.082
2026-09-27 06:54:12,idle,,5.9,none,1000.082
2026-09-27 06:54:15,time,bit_errors,15.1,decoded,1000.082
2026-09-27 06:54:18,time,crc_ok,16.0,decoded,1000.082
2026-09-27 06:54:21,other,,14.6,none,1000.082
2026-09-27 06:54:24,other,,14.9,none,1000.082
2026-09-27 06:54:27,idle,,6.2,none,1000.082
2026-09-27 06:54:30,time,crc_ok,16.1,decoded,1000.082
2026-09-27 06:54:33,other,,15.0,none,1000.082
2026-09-27 06:54:36,idle,,5.7,none,1000.082
2026-09-27 06:54:39,other,,15.0,none,1000.082
2026-09-27 06:54:42,idle,,6.0,none,1000.082
2026-09-27 06:54:45,other,,15.4,none,1000.082
2026-09-27 06:54:48,idle,,5.7,none,1000.082
2026-09-27 06:54:51,idle,,6.1,none,1000.082
2026-09-27 06:54:54,other,,16.1,none,1000.082
2026-09-27 06:54:57,other,,15.1,none,1000.082
2026-09-27 06:55:00,other,,15.6,none,1000.082
2026-09-27 06:55:03,time,crc_ok,14.9,decoded,1000.082
2026-09-27 06:55:06,other,,15.0,none,1000.082
2026-09-27 06:55:09,time,crc_ok,15.5,decoded,1000.082
2026-09-27 06:55:12,idle,,6.4,none,1000.082
2026-09-27 06:55:15,time,crc_ok,15.4,decoded,1000.082
2026-09-27 06:55:18,other,,15.3,none,1000.082
2026-09-27 06:55:21,other,,15.6,none,1000.082
2026-09-27 06:55:24,time,crc_ok,15.1,decoded,1000.082
2026-09-27 06:55:27,idle,,5.2,none,1000.082
2026-09-27 06:55:30,other,,15.6,none,1000.082
2026-09-27 06:55:33,other,,15.1,none,1000.082
2026-09-27 06:55:36,idle,,5.8,none,1000.082
2026-09-27 06:55:39,other,,15.0,none,1000.082
2026-09-27 06:55:42,time,crc_ok,15.0,decoded,1000.082
2026-09-27 06:55:45,idle,,5.6,none,1000.082
2026-09-27 06:55:48,idle,,5.6,none,1000.082
2026-09-27 06:55:51,time,crc_ok,15.4,decoded,1000.082
2026-09-27 06:55:54,other,,15.1,none,1000.082
2026-09-27 06:55:57,idle,,5.9,none,1000.082
2026-09-27 06:56:00,idle,,5.0,none,1000.082
2026-09-27 06:56:03,time,crc_ok,15.4,decoded,1000.082
2026-09-27 06:56:06,other,,15.2,none,1000.082
2026-09-27 06:56:09,idle,,5.4,none,1000.082
2026-09-27 06:56:12,other,,15.3,none,1000.082
2026-09-27 06:56:15,time,crc_ok,14.7,decoded,1000.082
2026-09-27 06:56:18,time,crc_ok,15.3,decoded,1000.082
2026-09-27 06:56:21,idle,,5.4,none,1000.082
2026-09-27 06:56:24,time,bit_errors,14.5,confirmed,1000.082
2026-09-27 06:56:27,time,crc_ok,14.8,decoded,1000.082
2026-09-27 06:56:30,idle,,5.1,none,1000.082
2026-09-27 06:56:33,other,,14.8,none,1000.082
2026-09-27 06:56:36,idle,,4.9,none,1000.082
2026-09-27 06:56:39,other,,15.1,none,1000.082
2026-09-27 06:56:42,other,,15.2,none,1000.082
2026-09-27 06:56:45,time,crc_ok,14.6,decoded,1000.082
2026-09-27 06:56:48,idle,,5.1,none,1000.082
2026-09-27 06:56:51,idle,,5.2,none,1000.082
2026-09-27 06:56:54,other,,15.0,none,1000.082
2026-09-27 06:56:57,idle,,5.3,none,1000.082
2026-09-27 06:57:00,other,,15.3,none,1000.082
2026-09-27 06:57:03,time,bit_errors,15.3,decoded,1000.082
2026-09-27 06:57:06,idle,,5.6,none,1000.082
2026-09-27 06:57:09,other,,15.5,failed,1000.082
2026-09-27 06:57:12,time,crc_ok,15.0,decoded,1000.082
2026-09-27 06:57:15,other,,14.9,failed,1000.082
2026-09-27 06:57:18,idle,,5.3,none,1000.082
2026-09-27 06:57:21,idle,,5.3,none,1000.082
2026-09-27 06:57:24,time,crc_ok,14.9,decoded,1000.082
2026-09-27 06:57:27,idle,,5.4,none,1000.082
2026-09-27 06:57:30,other,,15.5,none,1000.082
2026-09-27 06:57:33,other,,15.0,none,1000.082
2026-09-27 06:57:36,other,,16.2,none,1000.082
2026-09-27 06:57:39,idle,,5.6,none,1000.082
2026-09-27 06:57:42,time,crc_ok,15.3,decoded,1000.082
2026-09-27 06:57:45,time,crc_ok,14.5,decoded,1000.082
2026-09-27 06:57:48,time,crc_ok,15.6,decoded,1000.082
2026-09-27 06:57:51,idle,,6.4,none,1000.082
2026-09-27 06:57:54,other,,15.4,none,1000.082
2026-09-27 06:57:57,time,crc_ok,14.6,decoded,1000.082
2026-09-27 06:58:00,idle,,5.9,none,1000.082
2026-09-27 06:58:03,time,crc_ok,14.8,decoded,1000.082
2026-09-27 06:58:06,other,,15.5,none,1000.082
2026-09-27 06:58:09,idle,,6.1,none,1000.082
2026-09-27 06:58:12,idle,,5.8,none,1000.082
2026-09-27 06:58:15,other,,15.4,none,1000.082
2026-09-27 06:58:18,other,,15.0,failed,1000.082
2026-09-27 06:58:21,other,,14.8,none,1000.082
2026-09-27 06:58:24,idle,,6.1,none,1000.082
2026-09-27 06:58:27,idle,,6.4,none,1000.082
2026-09-27 06:58:30,idle,,5.1,none,1000.082
2026-09-27 06:58:33,other,,15.0,none,1000.082
2026-09-27 06:58:36,time,crc_ok,14.8,decoded,1000.082
2026-09-27 06:58:39,other,,15.5,none,1000.082
2026-09-27 06:58:42,other,,15.4,none,1000.082
2026-09-27 06:58:45,other,,15.5,none,1000.082
2026-09-27 06:58:48,other,,15.6,none,1000.082
2026-09-27 06:58:51,time,bit_errors,15.2,decoded,1000.082
2026-09-27 06:58:54,idle,,5.3,none,1000.082
2026-09-27 06:58:57,idle,,5.5,none,1000.082
2026-09-27 06:59:00,other,,15.4,none,1000.082
2026-09-27 06:59:03,time,bit_errors,15.1,decoded,1000.082
2026-09-27 06:59:06,other,,15.6,none,1000.082
2026-09-27 06:59:09,time,crc_ok,14.7,decoded,1000.082
2026-09-27 06:59:12,time,crc_ok,14.6,decoded,1000.082
2026-09-27 06:59:15,idle,,5.2,none,1000.082
2026-09-27 06:59:18,time,crc_ok,14.5,decoded,1000.082
2026-09-27 06:59:21,time,crc_ok,15.0,decoded,1000.082
2026-09-27 06:59:24,idle,,6.0,none,1000.082
2026-09-27 06:59:27,idle,,5.2,none,1000.082
2026-09-27 06:59:30,idle,,5.8,none,1000.082
2026-09-27 06:59:33,other,,15.0,none,1000.082
2026-09-27 06:59:36,idle,,5.4,none,1000.082
2026-09-27 06:59:39,time,crc_ok,14.6,decoded,1000.082
2026-09-27 06:59:42,idle,,6.2,none,1000.082
2026-09-27 06:59:45,idle,,5.8,none,1000.082
2026-09-27 06:59:48,idle,,6.1,none,1000.082
2026-09-27 06:59:51,idle,,6.2,none,1000.082
2026-09-27 06:59:54,time,crc_ok,14.9,decoded,1000.082
2026-09-27 06:59:57,time,crc_ok,14.8,decoded,1000.082
2026-09-27 07:00:00,time,bit_errors,15.6,decoded,1000.082
2026-09-27 07:00:03,time,bit_errors,14.5,decoded,1000.082
2026-09-27 07:00:06,idle,,5.9,none,1000.082
2026-09-27 07:00:09,other,,15.5,none,1000.082
2026-09-27 07:00:12,idle,,5.6,none,1000.082
2026-09-27 07:00:15,idle,,5.5,none,1000.082
2026-09-27 07:00:18,idle,,5.5,none,1000.082
2026-09-27 07:00:21,idle,,5.7,none,1000.082
2026-09-27 07:00:24,other,,15.4,none,1000.082
2026-09-27 07:00:27,other,,15.8,none,1000.082
2026-09-27 07:00:30,other,,14.9,none,1000.082
2026-09-27 07:00:33,other,,15.4,failed,1000.082
2026-09-27 07:00:36,time,crc_ok,15.2,none,1000.082
2026-09-27 07:00:39,time,crc_ok,15.0,decoded,1000.082
2026-09-27 07:00:42,other,,15.4,none,1000.082
2026-09-27 07:00:45,idle,,6.1,none,1000.082
2026-09-27 07:00:48,other,,15.8,none,1000.082
2026-09-27 07:00:51,time,bit_errors,14.7,decoded,1000.082
2026-09-27 07:00:54,idle,,6.9,none,1000.082
2026-09-27 07:01:03,time,crc_ok,15.0,decoded,1000.081
2026-09-27 07:01:06,other,,15.7,none,1000.081
2026-09-27 07:01:09,idle,,5.7,none,1000.081
2026-09-27 07:01:12,time,crc_ok,14.8,confirmed,1000.081
2026-09-27 07:01:15,idle,,5.9,none,1000.081
2026-09-27 07:01:18,time,crc_ok,15.1,decoded,1000.081
2026-09-27 07:01:21,idle,,5.6,none,1000.081
2026-09-27 07:01:24,idle,,5.6,none,1000.081
2026-09-27 07:01:27,other,,15.4,none,1000.081
2026-09-27 07:01:30,idle,,5.9,none,1000.081
2026-09-27 07:01:33,other,,15.0,none,1000.081
2026-09-27 07:01:36,time,bit_errors,15.0,decoded,1000.081
2026-09-27 07:01:39,idle,,5.8,none,1000.081
2026-09-27 07:01:42,idle,,5.8,none,1000.081
2026-09-27 07:01:45,idle,,6.0,none,1000.081
2026-09-27 07:01:48,other,,15.6,none,1000.081
2026-09-27 07:01:51,other,,15.3,none,1000.081
2026-09-27 07:01:54,time,bit_errors,14.8,decoded,1000.081
2026-09-27 07:01:57,idle,,5.5,none,1000.081
2026-09-27 07:02:00,other,,15.7,failed,1000.081
2026-09-27 07:02:03,time,bit_errors,14.8,decoded,1000.081
2026-09-27 07:02:06,idle,,5.5,none,1000.081
2026-09-27 07:02:09,idle,,5.9,none,1000.081
2026-09-27 07:02:12,idle,,5.0,none,1000.081
2026-09-27 07:02:15,other,,15.2,none,1000.081
2026-09-27 07:02:18,time,crc_ok,14.9,decoded,1000.081
2026-09-27 07:02:21,idle,,5.4,none,1000.081
2026-09-27 07:02:24,idle,,5.1,none,1000.081
2026-09-27 07:02:27,other,,15.5,none,1000.081
2026-09-27 07:02:30,other,,15.1,none,1000.081
2026-09-27 07:02:33,other,,15.1,none,1000.081
2026-09-27 07:02:36,idle,,6.0,none,1000.081
2026-09-27 07:02:39,time,bit_errors,15.1,decoded,1000.081
2026-09-27 07:02:42,other,,15.4,none,1000.081
2026-09-27 07:02:45,idle,,5.5,none,1000.081
2026-09-27 07:02:48,other,,15.2,none,1000.081
2026-09-27 07:02:51,idle,,5.0,none,1000.081
2026-09-27 07:02:54,idle,,5.8,none,1000.081
2026-09-27 07:02:57,time,crc_ok,14.7,decoded,1000.081
2026-09-27 07:03:00,time,crc_ok,14.8,decoded,1000.081
2026-09-27 07:03:03,time,crc_ok,15.0,decoded,1000.081
2026-09-27 07:03:06,idle,,5.3,none,1000.081
2026-09-27 07:03:09,other,,15.2,none,1000.081
2026-09-27 07:03:12,time,bit_errors,14.8,decoded,1000.081
2026-09-27 07:03:15,idle,,5.9,none,1000.081
2026-09-27 07:03:18,other,,15.8,none,1000.081
2026-09-27 07:03:21,idle,,5.8,none,1000.081
2026-09-27 07:03:24,idle,,5.5,none,1000.081
2026-09-27 07:03:27,other,,15.3,none,1000.081
2026-09-27 07:03:30,time,bit_errors,14.6,decoded,1000.081
2026-09-27 07:03:33,other,,15.1,none,1000.081
2026-09-27 07:03:36,idle,,5.6,none,1000.081
2026-09-27 07:03:39,idle,,5.6,none,1000.081
2026-09-27 07:03:42,idle,,5.5,none,1000.081
2026-09-27 07:03:45,other,,15.5,none,1000.081
2026-09-27 07:03:48,other,,15.8,failed,1000.081
2026-09-27 07:03:51,idle,,5.6,none,1000.081
2026-09-27 07:03:54,idle,,5.4,none,1000.081
2026-09-27 07:03:57,other,,15.8,none,1000.081
2026-09-27 07:04:00,time,crc_ok,14.5,decoded,1000.081
2026-09-27 07:04:03,time,crc_ok,15.3,decoded,1000.081
2026-09-27 07:04:06,other,,15.1,none,1000.081
2026-09-27 07:04:09,other,,14.5,none,1000.081
2026-09-27 07:04:12,other,,15.5,none,1000.081
2026-09-27 07:04:15,time,crc_ok,14.5,decoded,1000.081
2026-09-27 07:04:18,idle,,5.5,none,1000.081
2026-09-27 07:04:21,idle,,5.9,none,1000.081
2026-09-27 07:04:24,idle,,5.6,none,1000.081
2026-09-27 07:04:27,idle,,5.1,none,1000.081
2026-09-27 07:04:30,other,,15.3,none,1000.081
2026-09-27 07:04:33,other,,15.4,failed,1000.081
2026-09-27 07:04:36,other,,14.9,none,1000.081
2026-09-27 07:04:39,idle,,4.9,none,1000.081
2026-09-27 07:04:42,other,,15.3,none,1000.081
2026-09-27 07:04:45,time,crc_ok,14.9,decoded,1000.081
2026-09-27 07:04:48,idle,,5.7,none,1000.081
2026-09-27 07:04:51,other,,15.2,none,1000.081
2026-09-27 07:04:54,idle,,5.3,none,1000.081
2026-09-27 07:04:57,idle,,6.1,none,1000.081
2026-09-27 07:05:00,idle,,5.9,none,1000.081
2026-09-27 07:05:03,time,crc_ok,15.7,decoded,1000.081
2026-09-27 07:05:06,other,,15.8,none,1000.081
2026-09-27 07:05:09,time,crc_ok,14.4,decoded,1000.081
2026-09-27 07:05:12,other,,15.5,none,1000.081
2026-09-27 07:05:15,idle,,5.8,none,1000.081
2026-09-27 07:05:18,time,crc_ok,15.6,decoded,1000.081
2026-09-27 07:05:21,time,crc_ok,14.4,decoded,1000.081
2026-09-27 07:05:24,other,,16.1,none,1000.081
2026-09-27 07:05:27,idle,,6.3,none,1000.081
2026-09-27 07:05:30,other,,15.3,none,1000.081
2026-09-27 07:05:33,other,,15.3,failed,1000.081
2026-09-27 07:05:36,idle,,5.8,none,1000.081
2026-09-27 07:05:39,other,,15.4,none,1000.081
2026-09-27 07:05:42,idle,,5.8,none,1000.081
2026-09-27 07:05:45,idle,,5.7,none,1000.081
2026-09-27 07:05:48,idle,,5.7,none,1000.081
2026-09-27 07:05:51,idle,,5.8,none,1000.081
2026-09-27 07:05:54,time,crc_ok,14.9,decoded,1000.081
2026-09-27 07:05:57,idle,,5.6,none,1000.081
2026-09-27 07:06:00,other,,15.7,none,1000.081
2026-09-27 07:06:03,time,crc_ok,15.8,decoded,1000.081
2026-09-27 07:06:06,idle,,6.2,none,1000.081
2026-09-27 07:06:09,other,,15.1,none,1000.081
2026-09-27 07:06:12,idle,,5.4,none,1000.081
2026-09-27 07:06:15,idle,,5.8,none,1000.081
2026-09-27 07:06:18,idle,,5.4,none,1000.081
2026-09-27 07:06:21,idle,,5.9,none,1000.081
2026-09-27 07:06:24,other,,15.4,none,1000.081
2026-09-27 07:06:27,idle,,6.2,none,1000.081
2026-09-27 07:06:30,other,,15.4,none,1000.081
2026-09-27 07:06:33,other,,15.6,none,1000.081
2026-09-27 07:06:36,other,,15.4,none,1000.081
2026-09-27 07:06:39,other,,15.1,none,1000.081
2026-09-27 07:06:42,other,,14.9,none,1000.081
2026-09-27 07:06:45,idle,,5.7,none,1000.081
2026-09-27 07:06:48,time,bit_errors,15.3,decoded,1000.081
2026-09-27 07:06:51,time,crc_ok,15.4,decoded,1000.081
2026-09-27 07:06:54,other,,15.4,none,1000.081
2026-09-27 07:06:57,idle,,6.1,none,1000.081
2026-09-27 07:07:00,other,,15.2,none,1000.081
2026-09-27 07:07:03,time,crc_ok,14.9,decoded,1000.081
2026-09-27 07:07:06,other,,15.7,none,1000.081
2026-09-27 07:07:09,other,,15.2,none,1000.081
2026-09-27 07:07:12,idle,,5.3,none,1000.081
2026-09-27 07:07:15,idle,,6.2,none,1000.081
2026-09-27 07:07:18,time,crc_ok,15.2,decoded,1000.081
2026-09-27 07:07:21,time,crc_ok,14.5,decoded,1000.081
2026-09-27 07:07:24,idle,,5.4,none,1000.081
2026-09-27 07:07:27,other,,15.8,none,1000.081
2026-09-27 07:07:30,idle,,6.0,none,1000.081
2026-09-27 07:07:33,other,,14.7,none,1000.081
2026-09-27 07:07:36,other,,15.5,none,1000.081
2026-09-27 07:07:39,idle,,5.6,none,1000.081
2026-09-27 07:07:42,idle,,5.6,none,1000.081
2026-09-27 07:07:45,idle,,5.4,none,1000.081
2026-09-27 07:07:48,time,crc_ok,15.5,decoded,1000.081
2026-09-27 07:07:51,other,,14.8,none,1000.081
2026-09-27 07:07:54,time,crc_ok,15.4,decoded,1000.081
2026-09-27 07:07:57,idle,,5.3,none,1000.081
2026-09-27 07:08:00,other,,15.2,none,1000.081
2026-09-27 07:08:03,time,crc_ok,15.1,decoded,1000.081
2026-09-27 07:08:06,other,,15.6,none,1000.081
2026-09-27 07:08:09,idle,,5.1,none,1000.081
2026-09-27 07:08:12,time,crc_ok,14.6,decoded,1000.081
2026-09-27 07:08:15,other,,15.2,none,1000.081
2026-09-27 07:08:18,time,crc_ok,15.0,decoded,1000.081
2026-09-27 07:08:21,idle,,5.9,none,1000.081
2026-09-27 07:08:24,idle,,5.5,none,1000.081
2026-09-27 07:08:27,idle,,5.8,none,1000.081
2026-09-27 07:08:30,idle,,5.5,none,1000.081
2026-09-27 07:08:33,other,,15.4,none,1000.081
2026-09-27 07:08:36,idle,,5.0,none,1000.081
2026-09-27 07:08:39,time,bit_errors,15.5,decoded,1000.081
2026-09-27 07:08:42,other,,15.1,failed,1000.081
2026-09-27 07:08:45,other,,14.8,none,1000.081
2026-09-27 07:08:48,idle,,5.7,none,1000.081
2026-09-27 07:08:51,idle,,5.9,none,1000.081
2026-09-27 07:08:54,time,crc_ok,15.2,decoded,1000.081
2026-09-27 07:08:57,idle,,5.7,none,1000.081
2026-09-27 07:09:00,other,,14.9,none,1000.081
2026-09-27 07:09:03,time,bit_errors,14.9,decoded,1000.081
2026-09-27 07:09:06,idle,,5.6,none,1000.081
2026-09-27 07:09:09,other,,16.0,none,1000.081
2026-09-27 07:09:12,time,crc_ok,14.3,decoded,1000.081
2026-09-27 07:09:15,time,crc_ok,14.8,decoded,1000.081
2026-09-27 07:09:18,idle,,6.2,none,1000.081
2026-09-27 07:09:21,idle,,5.3,none,1000.081
2026-09-27 07:09:24,time,crc_ok,14.7,decoded,1000.081
2026-09-27 07:09:27,idle,,5.2,none,1000.081
2026-09-27 07:09:30,other,,15.6,none,1000.081
2026-09-27 07:09:33,other,,15.2,none,1000.081
2026-09-27 07:09:36,time,bit_errors,15.1,decoded,1000.081
2026-09-27 07:09:39,idle,,5.3,none,1000.081
2026-09-27 07:09:42,time,bit_errors,15.2,decoded,1000.081
2026-09-27 07:09:45,other,,15.5,none,1000.081
2026-09-27 07:09:48,time,crc_ok,14.9,decoded,1000.081
2026-09-27 07:09:51,idle,,6.0,none,1000.081
2026-09-27 07:09:54,idle,,5.3,none,1000.081
2026-09-27 07:09:57,idle,,5.8,none,1000.081
2026-09-27 07:10:00,idle,,5.6,none,1000.081
2026-09-27 07:10:03,time,crc_ok,14.6,decoded,1000.081
2026-09-27 07:10:06,other,,15.0,none,1000.081
2026-09-27 07:10:09,idle,,6.1,none,1000.081
2026-09-27 07:10:12,idle,,5.4,none,1000.081
2026-09-27 07:10:15,idle,,5.2,none,1000.081
2026-09-27 07:10:18,time,bit_errors,14.9,decoded,1000.081
2026-09-27 07:10:21,idle,,5.3,none,1000.081
2026-09-27 07:10:24,idle,,5.3,none,1000.081
2026-09-27 07:10:27,idle,,5.6,none,1000.081
2026-09-27 07:10:30,unclear,,14.7,none,1000.081
2026-09-27 07:10:33,idle,,6.2,none,1000.081
2026-09-27 07:10:36,other,,15.9,none,1000.081
2026-09-27 07:10:39,time,crc_ok,15.3,decoded,1000.081
2026-09-27 07:10:42,other,,15.7,none,1000.081
2026-09-27 07:10:45,other,,14.8,none,1000.081
2026-09-27 07:10:48,other,,15.2,none,1000.081
2026-09-27 07:10:51,other,,15.3,none,1000.081
2026-09-27 07:10:54,idle,,5.6,none,1000.081
2026-09-27 07:11:03,time,bit_errors,15.0,decoded,1000.080
2026-09-27 07:11:06,idle,,5.5,none,1000.080
2026-09-27 07:11:09,other,,15.2,none,1000.080
2026-09-27 07:11:12,idle,,6.3,none,1000.080
2026-09-27 07:11:15,other,,14.7,none,1000.080
2026-09-27 07:11:18,idle,,6.4,none,1000.080
2026-09-27 07:11:21,idle,,6.1,none,1000.080
2026-09-27 07:11:24,other,,15.2,none,1000.080
2026-09-27 07:11:27,idle,,5.7,none,1000.080
2026-09-27 07:11:30,idle,,5.8,none,1000.080
2026-09-27 07:11:33,other,,15.1,none,1000.080
2026-09-27 07:11:36,idle,,5.8,none,1000.080
2026-09-27 07:11:39,time,crc_ok,15.1,decoded,1000.080
2026-09-27 07:11:42,idle,,6.2,none,1000.080
2026-09-27 07:11:45,time,crc_ok,15.5,decoded,1000.080
2026-09-27 07:11:48,time,crc_ok,15.4,decoded,1000.080
2026-09-27 07:11:51,time,crc_ok,14.9,decoded,1000.080
2026-09-27 07:11:54,other,,15.3,failed,1000.080
2026-09-27 07:11:57,idle,,5.8,none,1000.080
2026-09-27 07:12:00,idle,,5.5,none,1000.080
2026-09-27 07:12:03,time,crc_ok,15.3,decoded,1000.080
2026-09-27 07:12:06,idle,,6.0,none,1000.080
2026-09-27 07:12:09,other,,15.5,none,1000.080
2026-09-27 07:12:12,idle,,5.9,none,1000.080
2026-09-27 07:12:15,time,bit_errors,14.8,decoded,1000.080
2026-09-27 07:12:18,time,crc_ok,14.9,decoded,1000.080
2026-09-27 07:12:21,time,bit_errors,14.7,decoded,1000.080
2026-09-27 07:12:24,time,bit_errors,15.9,decoded,1000.080
2026-09-27 07:12:27,idle,,4.8,none,1000.080
2026-09-27 07:12:30,idle,,4.9,none,1000.080
2026-09-27 07:12:33,other,,15.9,none,1000.080
2026-09-27 07:12:36,idle,,5.1,none,1000.080
2026-09-27 07:12:39,other,,15.5,none,1000.080
2026-09-27 07:12:42,idle,,5.7,none,1000.080
2026-09-27 07:12:45,other,,14.9,none,1000.080
2026-09-27 07:12:48,idle,,5.9,none,1000.080
2026-09-27 07:12:51,idle,,5.5,none,1000.080
2026-09-27 07:12:54,time,crc_ok,15.3,decoded,1000.080
2026-09-27 07:12:57,idle,,5.7,none,1000.080
2026-09-27 07:13:00,idle,,5.7,none,1000.080
2026-09-27 07:13:03,time,crc_ok,14.7,decoded,1000.080
2026-09-27 07:13:06,idle,,5.1,none,1000.080
2026-09-27 07:13:09,idle,,5.5,none,1000.080
2026-09-27 07:13:12,idle,,5.5,none,1000.080
2026-09-27 07:13:15,idle,,5.6,none,1000.080
2026-09-27 07:13:18,other,,14.9,none,1000.080
2026-09-27 07:13:21,other,,15.7,none,1000.080
2026-09-27 07:13:24,time,crc_ok,15.4,decoded,1000.080
2026-09-27 07:13:27,idle,,5.1,none,1000.080
2026-09-27 07:13:30,time,crc_ok,14.9,decoded,1000.080
2026-09-27 07:13:33,other,,15.0,none,1000.080
2026-09-27 07:13:36,idle,,5.6,none,1000.080
2026-09-27 07:13:39,other,,15.1,none,1000.080
2026-09-27 07:13:42,other,,16.1,none,1000.080
2026-09-27 07:13:45,idle,,5.3,none,1000.080
2026-09-27 07:13:48,idle,,5.4,none,1000.080
2026-09-27 07:13:51,other,,15.6,none,1000.080
2026-09-27 07:13:54,time,crc_ok,15.7,decoded,1000.080
2026-09-27 07:13:57,idle,,5.1,none,1000.080
2026-09-27 07:14:00,idle,,5.4,none,1000.080
2026-09-27 07:14:03,time,crc_ok,15.2,decoded,1000.080
2026-09-27 07:14:06,idle,,5.6,none,1000.080
2026-09-27 07:14:09,other,,14.8,none,1000.080
2026-09-27 07:14:12,idle,,5.4,none,1000.080
2026-09-27 07:14:15,other,,15.1,none,1000.080
2026-09-27 07:14:18,idle,,5.9,none,1000.080
2026-09-27 07:14:21,idle,,5.8,none,1000.080
2026-09-27 07:14:24,idle,,5.8,none,1000.080
2026-09-27 07:14:27,other,,15.3,none,1000.080
2026-09-27 07:14:30,time,crc_ok,15.4,none,1000.080
2026-09-27 07:14:33,other,,14.3,none,1000.080
2026-09-27 07:14:36,idle,,5.9,none,1000.080
2026-09-27 07:14:39,time,crc_ok,15.3,decoded,1000.080
2026-09-27 07:14:42,idle,,5.6,none,1000.080
2026-09-27 07:14:45,time,crc_ok,15.5,decoded,1000.080
2026-09-27 07:14:48,other,,15.5,none,1000.080
2026-09-27 07:14:51,time,crc_ok,15.0,decoded,1000.080
2026-09-27 07:14:54,idle,,5.7,none,1000.080
2026-09-27 07:14:57,idle,,5.7,none,1000.080
2026-09-27 07:15:00,idle,,6.4,none,1000.080
2026-09-27 07:15:03,time,crc_ok,14.7,decoded,1000.080
2026-09-27 07:15:06,idle,,6.2,none,1000.080
2026-09-27 07:15:09,other,,14.9,none,1000.080
2026-09-27 07:15:12,idle,,6.1,none,1000.080
2026-09-27 07:15:15,time,crc_ok,15.1,decoded,1000.080
2026-09-27 07:15:18,time,bit_errors,15.5,confirmed,1000.080
2026-09-27 07:15:21,time,crc_ok,14.8,decoded,1000.080
2026-09-27 07:15:24,idle,,5.9,none,1000.080
2026-09-27 07:15:27,idle,,6.0,none,1000.080
2026-09-27 07:15:30,idle,,5.2,none,1000.080
2026-09-27 07:15:33,other,,14.9,none,1000.080
2026-09-27 07:15:36,idle,,5.5,none,1000.080
2026-09-27 07:15:39,other,,15.2,none,1000.080
2026-09-27 07:15:42,idle,,5.4,none,1000.080
2026-09-27 07:15:45,other,,14.7,none,1000.080
2026-09-27 07:15:48,idle,,5.4,none,1000.080
2026-09-27 07:15:51,idle,,5.2,none,1000.080
2026-09-27 07:15:54,idle,,5.5,none,1000.080
2026-09-27 07:15:57,time,crc_ok,15.4,decoded,1000.080
2026-09-27 07:16:00,time,crc_ok,14.7,decoded,1000.080
2026-09-27 07:16:03,time,crc_ok,14.6,decoded,1000.080
2026-09-27 07:16:06,idle,,6.2,none,1000.080
2026-09-27 07:16:09,other,,15.1,none,1000.080
2026-09-27 07:16:12,idle,,5.3,none,1000.080
2026-09-27 07:16:15,other,,15.8,none,1000.080
2026-09-27 07:16:18,idle,,6.2,none,1000.080
2026-09-27 07:16:21,idle,,6.3,none,1000.080
2026-09-27 07:16:24,time,crc_ok,14.9,decoded,1000.080
2026-09-27 07:16:27,idle,,5.1,none,1000.080
2026-09-27 07:16:30,time,crc_ok,15.2,decoded,1000.080
2026-09-27 07:16:33,other,,15.5,none,1000.080
2026-09-27 07:16:36,idle,,5.5,none,1000.080
2026-09-27 07:16:39,time,crc_ok,15.4,decoded,1000.080
2026-09-27 07:16:42,other,,15.7,none,1000.080
2026-09-27 07:16:45,idle,,5.9,none,1000.080
2026-09-27 07:16:48,idle,,5.5,none,1000.080
2026-09-27 07:16:51,other,,15.4,none,1000.080
2026-09-27 07:16:54,time,crc_ok,15.2,decoded,1000.080
2026-09-27 07:16:57,idle,,5.5,none,1000.080
2026-09-27 07:17:00,idle,,5.7,none,1000.080
2026-09-27 07:17:03,time,crc_ok,15.2,decoded,1000.080
2026-09-27 07:17:06,idle,,5.1,none,1000.080
2026-09-27 07:17:09,idle,,5.3,none,1000.080
2026-09-27 07:17:12,idle,,5.4,none,1000.080
2026-09-27 07:17:15,other,,14.9,none,1000.080
2026-09-27 07:17:18,other,,15.6,none,1000.080
2026-09-27 07:17:21,idle,,5.8,none,1000.080
2026-09-27 07:17:24,idle,,5.5,none,1000.080
2026-09-27 07:17:27,idle,,5.1,none,1000.080
2026-09-27 07:17:30,idle,,5.5,none,1000.080
2026-09-27 07:17:33,other,,15.7,none,1000.080
2026-09-27 07:17:36,idle,,5.2,none,1000.080
2026-09-27 07:17:39,other,,15.4,none,1000.080
2026-09-27 07:17:42,other,,15.4,none,1000.080
2026-09-27 07:17:45,idle,,5.4,none,1000.080
2026-09-27 07:17:48,time,crc_ok,15.0,decoded,1000.080
2026-09-27 07:17:51,idle,,5.6,none,1000.080
2026-09-27 07:17:54,idle,,5.5,none,1000.080
2026-09-27 07:17:57,idle,,5.3,none,1000.080
2026-09-27 07:18:00,idle,,5.1,none,1000.080
2026-09-27 07:18:03,time,crc_ok,15.0,decoded,1000.080
2026-09-27 07:18:06,idle,,5.8,none,1000.080
2026-09-27 07:18:09,other,,15.2,none,1000.080
2026-09-27 07:18:12,time,crc_ok,14.9,decoded,1000.080
2026-09-27 07:18:15,idle,,5.2,none,1000.080
2026-09-27 07:18:18,time,crc_ok,15.0,decoded,1000.080
2026-09-27 07:18:21,idle,,5.5,none,1000.080
2026-09-27 07:18:24,idle,,5.0,none,1000.080
2026-09-27 07:18:27,idle,,5.6,none,1000.080
2026-09-27 07:18:30,idle,,5.7,none,1000.080
2026-09-27 07:18:33,other,,14.9,none,1000.080
2026-09-27 07:18:36,idle,,5.9,none,1000.080
2026-09-27 07:18:39,idle,,5.5,none,1000.080
2026-09-27 07:18:42,idle,,5.7,none,1000.080
2026-09-27 07:18:45,other,,15.4,none,1000.080
2026-09-27 07:18:48,time,crc_ok,15.4,decoded,1000.080
2026-09-27 07:18:51,idle,,5.7,none,1000.080
2026-09-27 07:18:54,idle,,5.4,none,1000.080
2026-09-27 07:18:57,idle,,5.9,none,1000.080
2026-09-27 07:19:00,idle,,5.3,none,1000.080
2026-09-27 07:19:03,time,bit_errors,14.8,decoded,1000.080
2026-09-27 07:19:06,idle,,5.6,none,1000.080
2026-09-27 07:19:09,idle,,5.8,none,1000.080
2026-09-27 07:19:12,idle,,5.3,none,1000.080
2026-09-27 07:19:15,idle,,5.5,failed,1000.080
2026-09-27 07:19:18,idle,,5.3,none,1000.080
2026-09-27 07:19:21,idle,,5.6,none,1000.080
2026-09-27 07:19:24,idle,,5.8,none,1000.080
2026-09-27 07:19:27,idle,,6.0,none,1000.080
2026-09-27 07:19:30,other,,15.4,failed,1000.080
2026-09-27 07:19:33,other,,14.9,none,1000.080
2026-09-27 07:19:36,time,crc_ok,15.3,decoded,1000.080
2026-09-27 07:19:39,idle,,5.4,none,1000.080
2026-09-27 07:19:42,other,,15.6,none,1000.080
2026-09-27 07:19:45,time,bit_errors,15.4,decoded,1000.080
2026-09-27 07:19:48,idle,,5.6,none,1000.080
2026-09-27 07:19:51,time,crc_ok,15.3,decoded,1000.080
2026-09-27 07:19:54,idle,,5.3,none,1000.080
2026-09-27 07:19:57,idle,,5.7,none,1000.080
2026-09-27 07:20:00,idle,,5.9,none,1000.080
2026-09-27 07:20:03,time,crc_ok,15.3,decoded,1000.080
2026-09-27 07:20:06,other,,15.5,none,1000.080
2026-09-27 07:20:09,time,crc_ok,14.8,decoded,1000.080
2026-09-27 07:20:12,other,,15.2,none,1000.080
2026-09-27 07:20:15,idle,,5.6,none,1000.080
2026-09-27 07:20:18,time,crc_ok,15.4,decoded,1000.080
2026-09-27 07:20:21,other,,15.3,none,1000.080
2026-09-27 07:20:24,time,crc_ok,15.3,decoded,1000.080
2026-09-27 07:20:27,idle,,5.8,none,1000.080
2026-09-27 07:20:30,idle,,5.7,none,1000.080
2026-09-27 07:20:33,other,,15.3,none,1000.080
2026-09-27 07:20:36,idle,,5.2,none,1000.080
2026-09-27 07:20:39,other,,15.0,none,1000.080
2026-09-27 07:20:42,idle,,5.5,none,1000.080
2026-09-27 07:20:45,idle,,5.3,none,1000.080
2026-09-27 07:20:48,idle,,5.4,none,1000.080
2026-09-27 07:20:51,idle,,5.6,none,1000.080
2026-09-27 07:20:54,time,crc_ok,15.4,decoded,1000.080
2026-09-27 07:21:03,time,crc_ok,15.0,none,1000.080
2026-09-27 07:21:06,idle,,6.0,none,1000.080
2026-09-27 07:21:09,other,,15.6,none,1000.080
2026-09-27 07:21:12,idle,,5.3,none,1000.080
2026-09-27 07:21:15,idle,,5.3,none,1000.080
2026-09-27 07:21:18,idle,,5.6,none,1000.080
2026-09-27 07:21:21,idle,,5.3,none,1000.080
2026-09-27 07:21:24,other,,15.5,none,1000.080
2026-09-27 07:21:27,time,crc_ok,15.5,decoded,1000.080
2026-09-27 07:21:30,time,crc_ok,15.0,decoded,1000.080
2026-09-27 07:21:33,other,,15.7,none,1000.080
2026-09-27 07:21:36,time,crc_ok,15.0,decoded,1000.080
2026-09-27 07:21:39,time,crc_ok,15.3,decoded,1000.080
2026-09-27 07:21:42,other,,15.2,none,1000.080
2026-09-27 07:21:45,idle,,5.4,none,1000.080
2026-09-27 07:21:48,other,,15.2,none,1000.080
2026-09-27 07:21:51,time,crc_ok,16.0,decoded,1000.080
2026-09-27 07:21:54,time,crc_ok,14.9,decoded,1000.080
2026-09-27 07:21:57,idle,,5.6,none,1000.080
2026-09-27 07:22:00,idle,,6.1,none,1000.080
2026-09-27 07:22:03,time,crc_ok,15.2,decoded,1000.080
2026-09-27 07:22:06,other,,15.8,failed,1000.080
2026-09-27 07:22:09,idle,,5.5,none,1000.080
2026-09-27 07:22:12,other,,15.3,none,1000.080
2026-09-27 07:22:15,idle,,5.8,none,1000.080
2026-09-27 07:22:18,time,crc_ok,14.9,decoded,1000.080
2026-09-27 07:22:21,other,,15.8,none,1000.080
2026-09-27 07:22:24,idle,,5.6,none,1000.080
2026-09-27 07:22:27,other,,15.2,none,1000.080
2026-09-27 07:22:30,idle,,5.6,none,1000.080
2026-09-27 07:22:33,other,,15.6,none,1000.080
2026-09-27 07:22:36,time,crc_ok,14.6,decoded,1000.080
2026-09-27 07:22:39,idle,,5.7,none,1000.080
2026-09-27 07:22:42,idle,,5.4,none,1000.080
2026-09-27 07:22:45,idle,,5.4,none,1000.080
2026-09-27 07:22:48,time,crc_ok,15.0,decoded,1000.080
2026-09-27 07:22:51,time,crc_ok,15.3,decoded,1000.080
2026-09-27 07:22:54,time,crc_ok,15.2,decoded,1000.080
2026-09-27 07:22:57,idle,,5.5,none,1000.080
2026-09-27 07:23:00,time,bit_errors,15.1,decoded,1000.080
2026-09-27 07:23:03,time,crc_ok,14.8,decoded,1000.080
2026-09-27 07:23:06,other,,15.2,none,1000.080
2026-09-27 07:23:09,idle,,6.0,none,1000.080
2026-09-27 07:23:12,time,crc_ok,15.2,decoded,1000.080
2026-09-27 07:23:15,other,,15.4,none,1000.080
2026-09-27 07:23:18,other,,14.8,none,1000.080
2026-09-27 07:23:21,idle,,6.0,none,1000.080
2026-09-27 07:23:24,idle,,5.2,none,1000.080
2026-09-27 07:23:27,idle,,5.6,none,1000.080
2026-09-27 07:23:30,other,,15.3,none,1000.080
2026-09-27 07:23:33,other,,15.2,none,1000.080
2026-09-27 07:23:36,idle,,5.9,none,1000.080
2026-09-27 07:23:39,other,,16.3,none,1000.080
2026-09-27 07:23:42,time,crc_ok,14.8,decoded,1000.080
2026-09-27 07:23:45,time,crc_ok,14.7,decoded,1000.080
2026-09-27 07:23:48,idle,,6.0,none,1000.080
2026-09-27 07:23:51,idle,,5.5,none,1000.080
2026-09-27 07:23:54,time,bit_errors,14.7,decoded,1000.080
2026-09-27 07:23:57,idle,,5.7,none,1000.080
2026-09-27 07:24:00,idle,,5.5,none,1000.080
2026-09-27 07:24:03,time,crc_ok,15.4,decoded,1000.080
2026-09-27 07:24:06,idle,,6.1,none,1000.080
2026-09-27 07:24:09,other,,15.4,none,1000.080
2026-09-27 07:24:12,time,crc_ok,14.7,decoded,1000.080
2026-09-27 07:24:15,other,,14.9,none,1000.080
2026-09-27 07:24:18,idle,,5.3,failed,1000.080
2026-09-27 07:24:21,idle,,5.6,none,1000.080
2026-09-27 07:24:24,other,,15.3,none,1000.080
2026-09-27 07:24:27,idle,,5.4,none,1000.080
2026-09-27 07:24:30,idle,,5.2,none,1000.080
2026-09-27 07:24:33,other,,15.4,none,1000.080
2026-09-27 07:24:36,time,crc_ok,15.4,decoded,1000.080
2026-09-27 07:24:39,idle,,5.5,none,1000.080
2026-09-27 07:24:42,other,,15.1,none,1000.080
2026-09-27 07:24:45,other,,15.4,none,1000.080
2026-09-27 07:24:48,other,,15.2,none,1000.080
2026-09-27 07:24:51,idle,,5.6,none,1000.080
2026-09-27 07:24:54,idle,,5.8,none,1000.080
2026-09-27 07:24:57,idle,,5.8,none,1000.080
2026-09-27 07:25:00,time,crc_ok,15.1,decoded,1000.080
2026-09-27 07:25:03,time,crc_ok,14.8,decoded,1000.080
2026-09-27 07:25:06,idle,,6.0,none,1000.080
2026-09-27 07:25:09,other,,15.8,none,1000.080
2026-09-27 07:25:12,idle,,6.2,none,1000.080
2026-09-27 07:25:15,idle,,5.7,none,1000.080
2026-09-27 07:25:18,time,crc_ok,14.8,decoded,1000.080
2026-09-27 07:25:21,idle,,5.8,none,1000.080
2026-09-27 07:25:24,idle,,5.1,none,1000.080
2026-09-27 07:25:27,idle,,5.6,none,1000.080
2026-09-27 07:25:30,idle,,6.3,none,1000.080
2026-09-27 07:25:33,other,,15.6,none,1000.080
2026-09-27 07:25:36,other,,15.3,failed,1000.080
2026-09-27 07:25:39,other,,14.5,none,1000.080
2026-09-27 07:25:42,other,,15.6,none,1000.080
2026-09-27 07:25:45,other,,15.9,none,1000.080
2026-09-27 07:25:48,other,,15.8,none,1000.080
2026-09-27 07:25:51,other,,15.7,none,1000.080
2026-09-27 07:25:54,idle,,6.0,none,1000.080
2026-09-27 07:25:57,idle,,5.2,none,1000.080
2026-09-27 07:26:00,other,,15.5,failed,1000.080
2026-09-27 07:26:03,time,crc_ok,14.9,decoded,1000.080
2026-09-27 07:26:06,other,,15.3,none,1000.080
2026-09-27 07:26:09,idle,,6.0,none,1000.080
2026-09-27 07:26:12,time,crc_ok,14.8,decoded,1000.080
2026-09-27 07:26:15,other,,15.1,none,1000.080
2026-09-27 07:26:18,other,,15.5,failed,1000.080
2026-09-27 07:26:21,idle,,5.7,none,1000.080
2026-09-27 07:26:24,other,,14.9,none,1000.080
2026-09-27 07:26:27,time,crc_ok,15.1,decoded,1000.080
2026-09-27 07:26:30,idle,,5.2,none,1000.080
2026-09-27 07:26:33,other,,15.5,none,1000.080
2026-09-27 07:26:36,idle,,5.8,none,1000.080
2026-09-27 07:26:39,time,crc_ok,15.1,decoded,1000.080
2026-09-27 07:26:42,time,crc_ok,14.7,decoded,1000.080
2026-09-27 07:26:45,other,,15.2,none,1000.080
2026-09-27 07:26:48,idle,,5.8,none,1000.080
2026-09-27 07:26:51,idle,,5.2,none,1000.080
2026-09-27 07:26:54,other,,15.4,none,1000.080
2026-09-27 07:26:57,other,,15.7,failed,1000.080
2026-09-27 07:27:00,idle,,5.2,none,1000.080
2026-09-27 07:27:03,time,crc_ok,15.2,decoded,1000.080
2026-09-27 07:27:06,idle,,5.5,none,1000.080
2026-09-27 07:27:09,other,,16.2,none,1000.080
2026-09-27 07:27:12,time,crc_ok,15.2,decoded,1000.080
2026-09-27 07:27:15,time,crc_ok,14.4,decoded,1000.080
2026-09-27 07:27:18,idle,,5.6,none,1000.080
2026-09-27 07:27:21,idle,,5.9,none,1000.080
2026-09-27 07:27:24,time,crc_ok,14.5,decoded,1000.080
2026-09-27 07:27:27,time,crc_ok,15.3,decoded,1000.080
2026-09-27 07:27:30,idle,,5.4,none,1000.080
2026-09-27 07:27:33,other,,15.0,none,1000.080
2026-09-27 07:27:36,time,crc_ok,14.3,confirmed,1000.080
2026-09-27 07:27:39,idle,,5.3,none,1000.080
2026-09-27 07:27:42,time,crc_ok,15.5,decoded,1000.080
2026-09-27 07:27:45,time,crc_ok,15.0,decoded,1000.080
2026-09-27 07:27:48,other,,15.9,none,1000.080
2026-09-27 07:27:51,idle,,5.6,none,1000.080
2026-09-27 07:27:54,time,crc_ok,14.6,decoded,1000.080
2026-09-27 07:27:57,other,,15.6,none,1000.080
2026-09-27 07:28:00,idle,,5.3,none,1000.080
2026-09-27 07:28:03,time,crc_ok,14.8,decoded,1000.080
2026-09-27 07:28:06,idle,,5.8,none,1000.080
2026-09-27 07:28:09,idle,,5.6,none,1000.080
2026-09-27 07:28:12,other,,15.1,none,1000.080
2026-09-27 07:28:15,time,bit_errors,16.1,decoded,1000.080
2026-09-27 07:28:18,other,,15.3,none,1000.080
2026-09-27 07:28:21,other,,15.5,none,1000.080
2026-09-27 07:28:24,idle,,5.4,none,1000.080
2026-09-27 07:28:27,idle,,5.3,none,1000.080
2026-09-27 07:28:30,idle,,6.0,none,1000.080
2026-09-27 07:28:33,other,,15.6,none,1000.080
2026-09-27 07:28:36,other,,15.3,none,1000.080
2026-09-27 07:28:39,time,bit_errors,14.6,decoded,1000.080
2026-09-27 07:28:42,other,,15.3,none,1000.080
2026-09-27 07:28:45,other,,15.0,none,1000.080
2026-09-27 07:28:48,time,crc_ok,15.2,decoded,1000.080
2026-09-27 07:28:51,other,,15.3,none,1000.080
2026-09-27 07:28:54,idle,,5.6,none,1000.080
2026-09-27 07:28:57,unclear,,14.5,none,1000.080
2026-09-27 07:29:00,idle,,5.1,none,1000.080
2026-09-27 07:29:03,time,bit_errors,14.7,decoded,1000.080
2026-09-27 07:29:06,idle,,5.3,none,1000.080
2026-09-27 07:29:09,other,,15.1,none,1000.080
2026-09-27 07:29:12,idle,,5.5,none,1000.080
2026-09-27 07:29:15,other,,15.0,failed,1000.080
2026-09-27 07:29:18,idle,,5.3,none,1000.080
2026-09-27 07:29:21,idle,,5.4,none,1000.080
2026-09-27 07:29:24,time,bit_errors,15.3,decoded,1000.080
2026-09-27 07:29:27,idle,,5.9,none,1000.080
2026-09-27 07:29:30,idle,,5.1,none,1000.080
2026-09-27 07:29:33,other,,15.1,none,1000.080
2026-09-27 07:29:36,idle,,5.9,none,1000.080
2026-09-27 07:29:39,time,crc_ok,14.7,decoded,1000.080
2026-09-27 07:29:42,idle,,5.7,none,1000.080
2026-09-27 07:29:45,time,bit_errors,14.3,decoded,1000.080
2026-09-27 07:29:48,time,crc_ok,15.2,decoded,1000.080
2026-09-27 07:29:51,time,crc_ok,15.6,decoded,1000.080
2026-09-27 07:29:54,idle,,6.0,none,1000.080
2026-09-27 07:29:57,time,crc_ok,15.3,decoded,1000.080
2026-09-27 07:30:00,idle,,5.5,none,1000.080
2026-09-27 07:30:03,time,bit_errors,14.9,decoded,1000.080
2026-09-27 07:30:06,idle,,6.0,none,1000.080
2026-09-27 07:30:09,other,,15.4,none,1000.080
2026-09-27 07:30:12,idle,,5.9,none,1000.080
2026-09-27 07:30:15,other,,15.4,none,1000.080
2026-09-27 07:30:18,time,crc_ok,15.4,decoded,1000.080
2026-09-27 07:30:21,other,,15.1,none,1000.080
2026-09-27 07:30:24,idle,,5.4,none,1000.080
2026-09-27 07:30:27,time,crc_ok,14.8,decoded,1000.080
2026-09-27 07:30:30,idle,,5.8,none,1000.080
2026-09-27 07:30:33,other,,15.9,none,1000.080
2026-09-27 07:30:36,idle,,5.7,none,1000.080
2026-09-27 07:30:39,time,crc_ok,14.5,decoded,1000.080
2026-09-27 07:30:42,idle,,5.6,none,1000.080
2026-09-27 07:30:45,time,crc_ok,15.1,decoded,1000.080
2026-09-27 07:30:48,idle,,6.3,none,1000.080
2026-09-27 07:30:51,idle,,6.0,none,1000.080
2026-09-27 07:30:54,time,bit_errors,14.3,decoded,1000.080
