time_in_frame_utc,N,offset_from_own_slot_ms,rs_fixes,chase_flips,snr_db,preamble_corr,source_file
2026-09-28 20:00:03,281313601,+0.4,0,0,19,0.98,20260928_200000.wav
2026-09-28 20:00:12,281313604,-0.1,0,0,17,0.98,20260928_200000.wav
2026-09-28 20:00:15,281313605,+0.1,0,0,18,0.98,20260928_200000.wav
2026-09-28 20:00:24,281313608,-0.0,0,0,18,0.98,20260928_200000.wav
2026-09-28 20:00:36,281313612,-0.1,0,0,17,0.98,20260928_200000.wav
2026-09-28 20:00:42,281313614,-0.1,0,0,16,0.98,20260928_200000.wav
2026-09-28 20:00:45,281313615,-0.0,0,0,16,0.98,20260928_200000.wav
2026-09-28 20:01:03,281313621,-0.0,0,0,15,0.97,20260928_200000.wav
2026-09-28 20:01:18,281313626,-0.0,0,0,16,0.98,20260928_200000.wav
2026-09-28 20:01:39,281313633,-0.0,0,0,17,0.98,20260928_200000.wav
2026-09-28 20:01:42,281313634,-0.1,0,0,17,0.98,20260928_200000.wav
2026-09-28 20:01:45,281313635,-0.0,0,0,16,0.98,20260928_200000.wav
2026-09-28 20:02:00,281313640,-0.0,0,0,17,0.98,20260928_200000.wav
2026-09-28 20:02:03,281313641,+0.1,0,0,15,0.97,20260928_200000.wav
2026-09-28 20:02:12,281313644,+0.1,0,0,15,0.97,20260928_200000.wav
2026-09-28 20:02:15,281313645,-0.1,0,0,17,0.98,20260928_200000.wav
2026-09-28 20:02:39,281313653,-0.0,0,0,16,0.98,20260928_200000.wav
2026-09-28 20:02:42,281313654,-0.0,0,0,16,0.98,20260928_200000.wav
2026-09-28 20:02:45,281313655,-0.1,0,0,16,0.98,20260928_200000.wav
2026-09-28 20:03:03,281313661,+0.1,0,0,16,0.98,20260928_200000.wav
2026-09-28 20:03:12,281313664,+0.1,0,0,16,0.98,20260928_200000.wav
2026-09-28 20:03:36,281313672,+0.1,0,0,17,0.98,20260928_200000.wav
2026-09-28 20:03:45,281313675,-0.0,0,0,17,0.98,20260928_200000.wav
2026-09-28 20:04:03,281313681,-0.0,0,0,17,0.98,20260928_200000.wav
2026-09-28 20:04:48,281313696,+0.0,0,0,18,0.99,20260928_200000.wav
2026-09-28 20:05:03,281313701,+0.0,0,0,17,0.98,20260928_200000.wav
2026-09-28 20:05:24,281313708,+0.0,0,0,18,0.98,20260928_200000.wav
2026-09-28 20:05:39,281313713,+0.1,0,0,14,0.97,20260928_200000.wav
2026-09-28 20:05:42,281313714,+0.0,0,0,17,0.98,20260928_200000.wav
2026-09-28 20:05:57,281313719,+0.0,0,0,16,0.98,20260928_200000.wav
2026-09-28 20:06:03,281313721,+0.0,0,0,15,0.97,20260928_200000.wav
2026-09-28 20:06:18,281313726,-2439.8,0,0,14,0.97,20260928_200000.wav
2026-09-28 20:06:24,281313728,+0.2,0,0,15,0.97,20260928_200000.wav
2026-09-28 20:06:27,281313729,+0.0,0,0,16,0.98,20260928_200000.wav
2026-09-28 20:06:48,281313736,+0.1,0,0,16,0.97,20260928_200000.wav
2026-09-28 20:07:00,281313740,+0.2,0,0,18,0.98,20260928_200000.wav
2026-09-28 20:07:03,281313741,+0.0,0,0,14,0.97,20260928_200000.wav
2026-09-28 20:07:12,281313744,+0.1,0,0,15,0.97,20260928_200000.wav
2026-09-28 20:07:18,281313746,+0.2,0,0,14,0.96,20260928_200000.wav
2026-09-28 20:07:42,281313754,+0.1,0,0,19,0.98,20260928_200000.wav
2026-09-28 20:07:51,281313757,+0.1,0,0,14,0.97,20260928_200000.wav
2026-09-28 20:08:03,281313761,+0.2,0,0,17,0.98,20260928_200000.wav
2026-09-28 20:08:30,281313770,+0.1,0,0,15,0.97,20260928_200000.wav
2026-09-28 20:08:39,281313773,+0.2,0,0,16,0.98,20260928_200000.wav
2026-09-28 20:08:48,281313776,+0.2,0,0,16,0.98,20260928_200000.wav
2026-09-28 20:08:54,281313778,+0.1,0,0,15,0.97,20260928_200000.wav
2026-09-28 20:08:57,281313779,+0.2,0,0,15,0.97,20260928_200000.wav
2026-09-28 20:09:00,281313780,-0.0,0,0,15,0.97,20260928_200000.wav
2026-09-28 20:09:03,281313781,+0.2,0,0,17,0.98,20260928_200000.wav
2026-09-28 20:09:18,281313786,+0.2,0,0,18,0.98,20260928_200000.wav
2026-09-28 20:09:27,281313789,+0.3,0,0,18,0.98,20260928_200000.wav
2026-09-28 20:10:03,281313801,+0.4,0,0,19,0.98,20260928_201000.wav
2026-09-28 20:10:18,281313806,-0.1,0,0,18,0.98,20260928_201000.wav
2026-09-28 20:10:30,281313810,-0.1,0,0,15,0.97,20260928_201000.wav
2026-09-28 20:10:36,281313812,+0.0,0,0,16,0.97,20260928_201000.wav
2026-09-28 20:10:45,281313815,+0.0,0,0,16,0.98,20260928_201000.wav
2026-09-28 20:11:03,281313821,-0.1,0,0,16,0.98,20260928_201000.wav
2026-09-28 20:11:18,281313826,-0.1,0,0,17,0.98,20260928_201000.wav
2026-09-28 20:11:39,281313833,+0.0,0,0,16,0.97,20260928_201000.wav
2026-09-28 20:11:45,281313835,+0.1,0,0,15,0.97,20260928_201000.wav
2026-09-28 20:12:03,281313841,+0.0,0,0,16,0.97,20260928_201000.wav
2026-09-28 20:12:12,281313844,-0.1,0,0,17,0.98,20260928_201000.wav
2026-09-28 20:13:03,281313861,+0.0,0,0,18,0.98,20260928_201000.wav
2026-09-28 20:13:45,281313875,+0.0,0,0,18,0.98,20260928_201000.wav
2026-09-28 20:14:03,281313881,+0.1,0,0,16,0.97,20260928_201000.wav
2026-09-28 20:14:12,281313884,+0.1,0,0,14,0.97,20260928_201000.wav
2026-09-28 20:14:15,281313885,-0.1,0,0,15,0.97,20260928_201000.wav
2026-09-28 20:14:18,281313886,+0.1,0,0,16,0.98,20260928_201000.wav
2026-09-28 20:14:27,281313889,+0.0,0,0,16,0.97,20260928_201000.wav
2026-09-28 20:14:30,281313890,-0.1,0,0,15,0.97,20260928_201000.wav
2026-09-28 20:14:45,281313895,-0.1,0,0,21,0.99,20260928_201000.wav
2026-09-28 20:15:03,281313901,-0.1,0,0,16,0.97,20260928_201000.wav
2026-09-28 20:15:27,281313909,+0.0,0,0,15,0.97,20260928_201000.wav
2026-09-28 20:15:36,281313912,+0.0,0,0,16,0.97,20260928_201000.wav
2026-09-28 20:15:54,281313918,+0.0,0,0,14,0.97,20260928_201000.wav
2026-09-28 20:15:57,281313919,+0.1,0,0,16,0.97,20260928_201000.wav
2026-09-28 20:16:03,281313921,+0.0,0,0,15,0.97,20260928_201000.wav
2026-09-28 20:16:12,281313924,+0.1,0,0,17,0.98,20260928_201000.wav
2026-09-28 20:16:21,281313927,+0.2,0,0,16,0.97,20260928_201000.wav
2026-09-28 20:16:42,281313934,+0.1,0,0,15,0.97,20260928_201000.wav
2026-09-28 20:16:51,281313937,+0.2,0,0,18,0.98,20260928_201000.wav
2026-09-28 20:17:03,281313941,+0.0,0,0,15,0.97,20260928_201000.wav
2026-09-28 20:17:15,281313945,+0.2,0,0,15,0.97,20260928_201000.wav
2026-09-28 20:17:42,281313954,+0.0,0,0,17,0.98,20260928_201000.wav
2026-09-28 20:17:45,281313955,+0.2,0,0,17,0.98,20260928_201000.wav
2026-09-28 20:18:03,281313961,+0.0,0,0,16,0.98,20260928_201000.wav
2026-09-28 20:18:36,281313972,+0.0,0,0,17,0.98,20260928_201000.wav
2026-09-28 20:18:45,281313975,+0.2,0,0,16,0.98,20260928_201000.wav
2026-09-28 20:18:48,281313976,+0.1,0,0,15,0.97,20260928_201000.wav
2026-09-28 20:19:03,281313981,+0.2,0,0,15,0.97,20260928_201000.wav
2026-09-28 20:19:39,281313993,+0.2,0,0,16,0.97,20260928_201000.wav
2026-09-28 20:19:42,281313994,+0.2,0,0,17,0.98,20260928_201000.wav
2026-09-28 20:19:45,281313995,+0.0,0,0,15,0.97,20260928_201000.wav
2026-09-28 20:19:51,281313997,+0.1,0,0,15,0.97,20260928_201000.wav
2026-09-28 20:20:03,281314001,+0.5,0,0,19,0.98,20260928_202000.wav
2026-09-28 20:20:09,281314003,-0.0,0,0,21,0.98,20260928_202000.wav
2026-09-28 20:20:12,281314004,+0.1,0,0,18,0.98,20260928_202000.wav
2026-09-28 20:20:30,281314010,-0.1,0,0,18,0.98,20260928_202000.wav
2026-09-28 20:20:54,281314018,-0.1,0,0,14,0.97,20260928_202000.wav
2026-09-28 20:21:03,281314021,-0.1,0,0,19,0.98,20260928_202000.wav
2026-09-28 20:21:24,281314028,-0.2,0,0,15,0.97,20260928_202000.wav
2026-09-28 20:21:30,281314030,+0.0,0,0,15,0.97,20260928_202000.wav
2026-09-28 20:21:36,281314032,+0.0,0,0,15,0.97,20260928_202000.wav
2026-09-28 20:21:39,281314033,-0.1,0,0,16,0.97,20260928_202000.wav
2026-09-28 20:21:42,281314034,-0.1,0,0,15,0.97,20260928_202000.wav
2026-09-28 20:21:48,281314036,-0.1,0,0,16,0.97,20260928_202000.wav
2026-09-28 20:21:51,281314037,+0.0,0,0,18,0.98,20260928_202000.wav
2026-09-28 20:21:54,281314038,-0.2,0,0,15,0.97,20260928_202000.wav
2026-09-28 20:22:00,281314040,+0.0,0,0,15,0.97,20260928_202000.wav
2026-09-28 20:22:03,281314041,-0.2,0,0,17,0.98,20260928_202000.wav
2026-09-28 20:22:09,281314043,+0.0,0,0,16,0.97,20260928_202000.wav
2026-09-28 20:22:18,281314046,-0.1,0,0,15,0.97,20260928_202000.wav
2026-09-28 20:22:27,281314049,+0.0,0,0,16,0.97,20260928_202000.wav
2026-09-28 20:22:36,281314052,+0.1,0,0,17,0.98,20260928_202000.wav
2026-09-28 20:22:51,281314057,+0.0,0,0,15,0.97,20260928_202000.wav
2026-09-28 20:22:54,281314058,+0.0,0,0,14,0.97,20260928_202000.wav
2026-09-28 20:23:00,281314060,+0.0,0,0,16,0.97,20260928_202000.wav
2026-09-28 20:23:03,281314061,+0.0,0,0,15,0.97,20260928_202000.wav
2026-09-28 20:23:27,281314069,+0.0,0,0,16,0.97,20260928_202000.wav
2026-09-28 20:23:39,281314073,+0.1,0,0,16,0.97,20260928_202000.wav
2026-09-28 20:23:45,281314075,+0.1,0,0,17,0.97,20260928_202000.wav
2026-09-28 20:23:48,281314076,+0.1,0,0,15,0.97,20260928_202000.wav
2026-09-28 20:23:51,281314077,-0.1,0,0,15,0.97,20260928_202000.wav
2026-09-28 20:24:03,281314081,+0.2,0,0,15,0.97,20260928_202000.wav
2026-09-28 20:24:15,281314085,+0.0,0,0,15,0.97,20260928_202000.wav
2026-09-28 20:24:21,281314087,+0.0,0,0,17,0.98,20260928_202000.wav
2026-09-28 20:24:30,281314090,+0.0,0,0,15,0.97,20260928_202000.wav
2026-09-28 20:24:39,281314093,+0.0,0,0,16,0.97,20260928_202000.wav
2026-09-28 20:24:45,281314095,+0.0,0,0,14,0.97,20260928_202000.wav
2026-09-28 20:24:54,281314098,+0.1,0,0,15,0.97,20260928_202000.wav
2026-09-28 20:24:57,281314099,+0.2,0,0,15,0.97,20260928_202000.wav
2026-09-28 20:25:00,281314100,+0.0,0,0,14,0.96,20260928_202000.wav
2026-09-28 20:25:03,281314101,+0.1,0,0,14,0.96,20260928_202000.wav
2026-09-28 20:25:15,281314105,+0.1,0,0,16,0.97,20260928_202000.wav
2026-09-28 20:25:21,281314107,+0.1,0,0,17,0.97,20260928_202000.wav
2026-09-28 20:25:51,281314117,+0.1,0,0,15,0.96,20260928_202000.wav
2026-09-28 20:25:54,281314118,+0.1,0,0,17,0.98,20260928_202000.wav
2026-09-28 20:26:03,281314121,+0.0,0,0,17,0.98,20260928_202000.wav
2026-09-28 20:26:39,281314133,+0.2,0,0,15,0.97,20260928_202000.wav
2026-09-28 20:26:45,281314135,+0.2,0,0,15,0.97,20260928_202000.wav
2026-09-28 20:26:48,281314136,+0.1,0,0,16,0.97,20260928_202000.wav
2026-09-28 20:26:51,281314137,+0.0,0,0,16,0.97,20260928_202000.wav
2026-09-28 20:26:57,281314139,+0.0,0,0,16,0.97,20260928_202000.wav
2026-09-28 20:27:03,281314141,+0.1,0,0,15,0.97,20260928_202000.wav
2026-09-28 20:27:21,281314147,+0.0,0,0,16,0.98,20260928_202000.wav
2026-09-28 20:27:45,281314155,+0.1,0,0,17,0.98,20260928_202000.wav
2026-09-28 20:28:03,281314161,+0.2,0,0,15,0.97,20260928_202000.wav
2026-09-28 20:28:54,281314178,+0.2,0,0,16,0.97,20260928_202000.wav
2026-09-28 20:29:03,281314181,+0.2,0,0,16,0.97,20260928_202000.wav
2026-09-28 20:29:18,281314186,+0.2,0,0,16,0.97,20260928_202000.wav
2026-09-28 20:29:30,281314190,+0.3,0,0,17,0.97,20260928_202000.wav
2026-09-28 20:29:54,281314198,+0.4,0,0,20,0.98,20260928_202000.wav
2026-09-28 20:30:03,281314201,+1.3,0,0,3,0.73,20260928_203000.wav
2026-09-28 20:30:27,281314209,+1.2,0,0,16,0.98,20260928_203000.wav
2026-09-28 20:30:48,281314216,+1.1,0,0,15,0.97,20260928_203000.wav
2026-09-28 20:31:03,281314221,+1.1,0,0,17,0.98,20260928_203000.wav
2026-09-28 20:31:18,281314226,+1.1,0,0,19,0.99,20260928_203000.wav
2026-09-28 20:31:30,281314230,+1.2,0,0,16,0.98,20260928_203000.wav
2026-09-28 20:31:36,281314232,+1.2,0,0,18,0.98,20260928_203000.wav
2026-09-28 20:31:51,281314237,+1.2,0,0,17,0.98,20260928_203000.wav
2026-09-28 20:32:24,281314248,-0.0,0,0,16,0.98,20260928_203000.wav
2026-09-28 20:32:27,281314249,-0.2,0,0,15,0.97,20260928_203000.wav
2026-09-28 20:32:30,281314250,-0.1,0,0,16,0.98,20260928_203000.wav
2026-09-28 20:32:42,281314254,-0.1,0,0,16,0.98,20260928_203000.wav
2026-09-28 20:32:48,281314256,-0.1,0,0,14,0.96,20260928_203000.wav
2026-09-28 20:33:03,281314261,-0.1,0,0,14,0.97,20260928_203000.wav
2026-09-28 20:33:18,281314266,-0.0,0,0,16,0.98,20260928_203000.wav
2026-09-28 20:33:54,281314278,-0.2,0,0,18,0.98,20260928_203000.wav
2026-09-28 20:33:57,281314279,-0.0,0,0,16,0.98,20260928_203000.wav
2026-09-28 20:34:00,281314280,-0.2,0,0,15,0.97,20260928_203000.wav
2026-09-28 20:34:03,281314281,-0.2,0,0,15,0.97,20260928_203000.wav
2026-09-28 20:34:15,281314285,-0.1,0,0,16,0.97,20260928_203000.wav
2026-09-28 20:34:21,281314287,-0.1,0,0,15,0.97,20260928_203000.wav
2026-09-28 20:34:30,281314290,-0.1,0,0,15,0.97,20260928_203000.wav
2026-09-28 20:34:45,281314295,+0.0,0,0,16,0.98,20260928_203000.wav
2026-09-28 20:34:51,281314297,-0.1,0,0,16,0.97,20260928_203000.wav
2026-09-28 20:35:03,281314301,-0.2,0,0,14,0.96,20260928_203000.wav
2026-09-28 20:35:12,281314304,-0.2,0,0,17,0.98,20260928_203000.wav
2026-09-28 20:35:27,281314309,-0.1,0,0,16,0.97,20260928_203000.wav
2026-09-28 20:35:39,281314313,+0.0,0,0,16,0.97,20260928_203000.wav
2026-09-28 20:35:42,281314314,-0.1,0,0,17,0.98,20260928_203000.wav
2026-09-28 20:36:00,281314320,-0.1,0,0,18,0.98,20260928_203000.wav
2026-09-28 20:36:03,281314321,+0.0,0,0,18,0.98,20260928_203000.wav
2026-09-28 20:36:12,281314324,+0.0,0,0,15,0.97,20260928_203000.wav
2026-09-28 20:36:36,281314332,+0.0,0,0,18,0.98,20260928_203000.wav
2026-09-28 20:36:42,281314334,-2420.2,0,0,16,0.97,20260928_203000.wav
2026-09-28 20:36:45,281314335,-0.1,0,0,16,0.97,20260928_203000.wav
2026-09-28 20:36:57,281314339,+0.0,0,0,16,0.97,20260928_203000.wav
2026-09-28 20:37:03,281314341,-0.2,0,0,16,0.97,20260928_203000.wav
2026-09-28 20:37:12,281314344,+0.0,0,0,16,0.97,20260928_203000.wav
2026-09-28 20:37:15,281314345,+0.1,0,0,18,0.98,20260928_203000.wav
2026-09-28 20:37:36,281314352,+0.0,0,0,15,0.97,20260928_203000.wav
2026-09-28 20:37:45,281314355,+0.1,0,0,17,0.97,20260928_203000.wav
2026-09-28 20:37:51,281314357,-0.1,0,0,16,0.98,20260928_203000.wav
2026-09-28 20:38:00,281314360,+0.0,0,0,16,0.97,20260928_203000.wav
2026-09-28 20:38:03,281314361,+0.0,0,0,15,0.97,20260928_203000.wav
2026-09-28 20:38:24,281314368,+0.0,0,0,15,0.97,20260928_203000.wav
2026-09-28 20:38:27,281314369,+0.0,0,0,19,0.97,20260928_203000.wav
2026-09-28 20:38:57,281314379,+0.1,0,0,16,0.97,20260928_203000.wav
2026-09-28 20:39:03,281314381,+0.1,0,0,16,0.97,20260928_203000.wav
2026-09-28 20:39:15,281314385,+0.0,0,0,16,0.97,20260928_203000.wav
2026-09-28 20:39:21,281314387,+0.1,0,0,15,0.96,20260928_203000.wav
2026-09-28 20:39:45,281314395,+0.1,0,0,15,0.97,20260928_203000.wav
2026-09-28 20:39:54,281314398,+0.0,0,0,15,0.96,20260928_203000.wav
2026-09-28 20:40:03,281314401,+0.2,0,0,12,0.94,20260928_204000.wav
2026-09-28 20:40:15,281314405,-0.1,0,0,18,0.98,20260928_204000.wav
2026-09-28 20:40:39,281314413,-0.1,0,0,16,0.98,20260928_204000.wav
2026-09-28 20:40:51,281314417,-0.2,0,0,16,0.97,20260928_204000.wav
2026-09-28 20:41:03,281314421,-0.1,0,0,18,0.98,20260928_204000.wav
2026-09-28 20:41:18,281314426,-0.1,0,0,16,0.97,20260928_204000.wav
2026-09-28 20:41:39,281314433,-0.2,0,0,17,0.97,20260928_204000.wav
2026-09-28 20:41:42,281314434,-0.1,0,0,16,0.97,20260928_204000.wav
2026-09-28 20:41:45,281314435,-0.1,0,0,16,0.97,20260928_204000.wav
2026-09-28 20:41:54,281314438,-0.3,0,0,18,0.98,20260928_204000.wav
2026-09-28 20:41:57,281314439,+0.0,0,0,16,0.97,20260928_204000.wav
2026-09-28 20:42:12,281314444,-0.1,0,0,15,0.97,20260928_204000.wav
2026-09-28 20:42:27,281314449,-0.2,0,0,16,0.97,20260928_204000.wav
2026-09-28 20:42:30,281314450,-0.1,0,0,19,0.98,20260928_204000.wav
2026-09-28 20:42:36,281314452,-0.2,0,0,16,0.97,20260928_204000.wav
2026-09-28 20:42:54,281314458,+0.0,0,0,15,0.97,20260928_204000.wav
2026-09-28 20:43:03,281314461,+0.0,0,0,17,0.98,20260928_204000.wav
2026-09-28 20:43:39,281314473,+0.0,0,0,18,0.98,20260928_204000.wav
2026-09-28 20:43:42,281314474,+0.0,0,0,16,0.98,20260928_204000.wav
2026-09-28 20:43:48,281314476,+0.0,0,0,16,0.97,20260928_204000.wav
2026-09-28 20:43:51,281314477,+0.0,0,0,16,0.97,20260928_204000.wav
2026-09-28 20:44:00,281314480,-0.1,0,0,16,0.97,20260928_204000.wav
2026-09-28 20:44:03,281314481,+0.0,0,0,16,0.97,20260928_204000.wav
2026-09-28 20:44:27,281314489,-0.1,0,0,17,0.98,20260928_204000.wav
2026-09-28 20:44:30,281314490,+0.0,0,0,17,0.98,20260928_204000.wav
2026-09-28 20:44:39,281314493,-0.1,0,0,16,0.97,20260928_204000.wav
2026-09-28 20:44:42,281314494,-0.1,0,0,16,0.97,20260928_204000.wav
2026-09-28 20:44:48,281314496,-0.1,0,0,17,0.98,20260928_204000.wav
2026-09-28 20:45:03,281314501,+0.0,0,0,17,0.98,20260928_204000.wav
2026-09-28 20:45:12,281314504,-0.1,0,0,16,0.97,20260928_204000.wav
2026-09-28 20:45:24,281314508,+0.0,0,0,16,0.98,20260928_204000.wav
2026-09-28 20:45:27,281314509,+0.0,0,0,16,0.97,20260928_204000.wav
2026-09-28 20:45:45,281314515,-0.1,0,0,15,0.97,20260928_204000.wav
2026-09-28 20:46:03,281314521,+0.0,0,0,17,0.98,20260928_204000.wav
2026-09-28 20:46:15,281314525,+0.0,0,0,17,0.98,20260928_204000.wav
2026-09-28 20:46:30,281314530,+0.1,0,0,18,0.98,20260928_204000.wav
2026-09-28 20:46:36,281314532,+0.1,0,0,15,0.97,20260928_204000.wav
2026-09-28 20:46:45,281314535,+0.1,0,0,17,0.98,20260928_204000.wav
2026-09-28 20:46:51,281314537,+0.1,0,0,16,0.97,20260928_204000.wav
2026-09-28 20:47:03,281314541,+0.1,0,0,16,0.97,20260928_204000.wav
2026-09-28 20:47:18,281314546,+0.1,0,0,17,0.98,20260928_204000.wav
2026-09-28 20:47:24,281314548,+0.1,0,0,17,0.98,20260928_204000.wav
2026-09-28 20:47:42,281314554,+0.1,0,0,17,0.98,20260928_204000.wav
2026-09-28 20:48:03,281314561,+0.1,0,0,17,0.98,20260928_204000.wav
2026-09-28 20:48:12,281314564,+0.1,0,0,17,0.98,20260928_204000.wav
2026-09-28 20:48:18,281314566,+0.1,0,0,17,0.98,20260928_204000.wav
2026-09-28 20:48:45,281314575,+0.2,0,0,17,0.98,20260928_204000.wav
2026-09-28 20:48:48,281314576,+0.0,0,0,16,0.97,20260928_204000.wav
2026-09-28 20:48:54,281314578,+0.1,0,0,15,0.97,20260928_204000.wav
2026-09-28 20:49:03,281314581,+0.1,0,0,16,0.98,20260928_204000.wav
2026-09-28 20:49:51,281314597,+0.1,0,0,19,0.98,20260928_204000.wav
2026-09-28 20:50:12,281314604,+0.1,0,0,19,0.99,20260928_205000.wav
2026-09-28 20:50:18,281314606,-0.1,0,0,18,0.98,20260928_205000.wav
2026-09-28 20:50:24,281314608,+0.0,0,0,16,0.97,20260928_205000.wav
2026-09-28 20:50:27,281314609,-0.1,0,0,17,0.98,20260928_205000.wav
2026-09-28 20:50:39,281314613,+0.0,0,0,17,0.98,20260928_205000.wav
2026-09-28 20:50:54,281314618,+0.0,0,0,17,0.98,20260928_205000.wav
2026-09-28 20:50:57,281314619,-0.1,0,0,16,0.97,20260928_205000.wav
2026-09-28 20:51:00,281314620,+0.0,0,0,16,0.98,20260928_205000.wav
2026-09-28 20:51:03,281314621,+0.0,0,0,16,0.97,20260928_205000.wav
2026-09-28 20:51:24,281314628,+0.0,0,0,16,0.97,20260928_205000.wav
2026-09-28 20:51:27,281314629,+0.1,0,0,17,0.98,20260928_205000.wav
2026-09-28 20:51:42,281314634,+0.1,0,0,18,0.98,20260928_205000.wav
2026-09-28 20:51:48,281314636,+0.0,0,0,16,0.98,20260928_205000.wav
2026-09-28 20:51:54,281314638,-0.1,0,0,18,0.98,20260928_205000.wav
2026-09-28 20:51:57,281314639,+0.0,0,0,17,0.98,20260928_205000.wav
2026-09-28 20:52:03,281314641,-0.1,0,0,17,0.98,20260928_205000.wav
2026-09-28 20:52:09,281314643,+0.0,0,0,17,0.98,20260928_205000.wav
2026-09-28 20:52:12,281314644,-0.1,0,0,18,0.98,20260928_205000.wav
2026-09-28 20:52:15,281314645,+0.0,0,0,16,0.98,20260928_205000.wav
2026-09-28 20:52:18,281314646,-0.1,0,0,17,0.98,20260928_205000.wav
2026-09-28 20:52:36,281314652,+0.0,0,0,17,0.98,20260928_205000.wav
2026-09-28 20:52:51,281314657,-0.1,0,0,17,0.98,20260928_205000.wav
2026-09-28 20:52:54,281314658,+0.0,0,0,16,0.97,20260928_205000.wav
2026-09-28 20:53:03,281314661,+0.0,0,0,16,0.97,20260928_205000.wav
2026-09-28 20:53:18,281314666,+0.0,0,0,16,0.97,20260928_205000.wav
2026-09-28 20:53:27,281314669,+0.0,0,0,17,0.98,20260928_205000.wav
2026-09-28 20:53:42,281314674,+0.0,0,0,16,0.97,20260928_205000.wav
2026-09-28 20:54:03,281314681,+0.0,0,0,17,0.98,20260928_205000.wav
2026-09-28 20:54:12,281314684,-0.1,0,0,17,0.98,20260928_205000.wav
2026-09-28 20:54:57,281314699,+0.1,0,0,16,0.98,20260928_205000.wav
2026-09-28 20:55:00,281314700,-0.1,0,0,18,0.98,20260928_205000.wav
2026-09-28 20:55:03,281314701,+0.0,0,0,19,0.98,20260928_205000.wav
2026-09-28 20:55:15,281314705,+0.0,0,0,15,0.97,20260928_205000.wav
2026-09-28 20:55:45,281314715,+0.1,0,0,17,0.98,20260928_205000.wav
2026-09-28 20:55:51,281314717,+0.0,0,0,15,0.97,20260928_205000.wav
2026-09-28 20:56:03,281314721,+0.0,0,0,18,0.99,20260928_205000.wav
2026-09-28 20:56:18,281314726,+0.0,0,0,17,0.98,20260928_205000.wav
2026-09-28 20:56:39,281314733,+0.0,0,0,16,0.97,20260928_205000.wav
2026-09-28 20:56:54,281314738,+0.0,0,0,17,0.98,20260928_205000.wav
2026-09-28 20:56:57,281314739,+0.0,0,0,16,0.97,20260928_205000.wav
2026-09-28 20:57:03,281314741,+0.0,0,0,16,0.98,20260928_205000.wav
2026-09-28 20:57:24,281314748,+0.0,0,0,16,0.97,20260928_205000.wav
2026-09-28 20:57:36,281314752,+0.1,0,0,16,0.98,20260928_205000.wav
2026-09-28 20:57:39,281314753,+0.1,0,0,16,0.98,20260928_205000.wav
2026-09-28 20:57:42,281314754,-0.1,0,0,15,0.97,20260928_205000.wav
2026-09-28 20:57:54,281314758,+0.0,0,0,17,0.98,20260928_205000.wav
2026-09-28 20:58:03,281314761,+0.1,0,0,17,0.98,20260928_205000.wav
2026-09-28 20:58:21,281314767,+0.1,0,0,18,0.98,20260928_205000.wav
2026-09-28 20:58:48,281314776,+0.1,0,0,16,0.97,20260928_205000.wav
2026-09-28 20:59:00,281314780,+0.2,0,0,17,0.98,20260928_205000.wav
2026-09-28 20:59:03,281314781,-0.1,0,0,17,0.98,20260928_205000.wav
2026-09-28 20:59:15,281314785,+0.2,0,0,16,0.98,20260928_205000.wav
2026-09-28 20:59:18,281314786,+0.0,0,0,16,0.98,20260928_205000.wav
2026-09-28 20:59:39,281314793,+0.1,0,0,14,0.97,20260928_205000.wav
2026-09-28 20:59:54,281314798,+0.1,0,0,16,0.98,20260928_205000.wav
2026-09-28 21:00:03,281314801,+0.4,0,0,14,0.97,20260928_210000.wav
2026-09-28 21:00:12,281314804,-0.1,0,0,14,0.97,20260928_210000.wav
2026-09-28 21:00:15,281314805,-0.2,0,0,15,0.97,20260928_210000.wav
2026-09-28 21:00:42,281314814,-0.1,0,0,18,0.98,20260928_210000.wav
2026-09-28 21:01:00,281314820,-0.0,0,0,16,0.98,20260928_210000.wav
2026-09-28 21:01:03,281314821,-0.1,0,0,19,0.98,20260928_210000.wav
2026-09-28 21:01:18,281314826,-0.0,0,0,17,0.98,20260928_210000.wav
2026-09-28 21:01:36,281314832,-0.1,0,0,14,0.97,20260928_210000.wav
2026-09-28 21:01:48,281314836,-0.0,0,0,15,0.97,20260928_210000.wav
2026-09-28 21:01:51,281314837,-0.1,0,0,16,0.98,20260928_210000.wav
2026-09-28 21:02:03,281314841,-0.1,0,0,17,0.98,20260928_210000.wav
2026-09-28 21:02:12,281314844,+0.0,0,0,16,0.98,20260928_210000.wav
2026-09-28 21:02:15,281314845,+0.0,0,0,17,0.98,20260928_210000.wav
2026-09-28 21:02:27,281314849,+0.0,0,0,16,0.98,20260928_210000.wav
2026-09-28 21:02:30,281314850,+0.1,0,0,14,0.97,20260928_210000.wav
2026-09-28 21:02:39,281314853,+0.0,0,0,18,0.99,20260928_210000.wav
2026-09-28 21:02:45,281314855,-0.1,0,0,18,0.97,20260928_210000.wav
2026-09-28 21:03:03,281314861,+0.1,0,0,16,0.98,20260928_210000.wav
2026-09-28 21:03:12,281314864,+0.1,0,0,16,0.98,20260928_210000.wav
2026-09-28 21:03:15,281314865,+0.0,0,0,15,0.97,20260928_210000.wav
2026-09-28 21:03:48,281314876,+0.0,0,0,16,0.98,20260928_210000.wav
2026-09-28 21:03:57,281314879,+0.0,0,0,16,0.98,20260928_210000.wav
2026-09-28 21:04:00,281314880,+0.1,0,0,17,0.98,20260928_210000.wav
2026-09-28 21:04:03,281314881,+0.0,0,0,17,0.98,20260928_210000.wav
2026-09-28 21:04:39,281314893,-0.0,0,0,17,0.98,20260928_210000.wav
2026-09-28 21:04:42,281314894,+0.1,0,0,17,0.98,20260928_210000.wav
2026-09-28 21:04:45,281314895,-0.0,0,0,17,0.98,20260928_210000.wav
2026-09-28 21:04:48,281314896,+0.1,0,0,17,0.98,20260928_210000.wav
2026-09-28 21:04:51,281314897,-0.0,0,0,17,0.98,20260928_210000.wav
2026-09-28 21:05:03,281314901,-0.0,0,0,17,0.98,20260928_210000.wav
2026-09-28 21:05:12,281314904,-0.0,0,0,17,0.98,20260928_210000.wav
2026-09-28 21:05:18,281314906,-0.0,0,0,17,0.98,20260928_210000.wav
2026-09-28 21:05:42,281314914,-0.0,0,0,17,0.98,20260928_210000.wav
2026-09-28 21:05:54,281314918,+0.1,0,0,19,0.98,20260928_210000.wav
2026-09-28 21:06:03,281314921,+0.1,0,0,17,0.98,20260928_210000.wav
2026-09-28 21:06:12,281314924,+0.1,0,0,18,0.99,20260928_210000.wav
2026-09-28 21:06:15,281314925,-0.0,0,0,17,0.98,20260928_210000.wav
2026-09-28 21:06:24,281314928,-0.0,0,0,16,0.98,20260928_210000.wav
2026-09-28 21:06:36,281314932,+0.1,0,0,15,0.97,20260928_210000.wav
2026-09-28 21:06:42,281314934,+0.1,0,0,16,0.98,20260928_210000.wav
2026-09-28 21:06:45,281314935,+0.1,0,0,16,0.98,20260928_210000.wav
2026-09-28 21:06:48,281314936,-0.0,0,0,16,0.98,20260928_210000.wav
2026-09-28 21:06:54,281314938,+0.1,0,0,15,0.98,20260928_210000.wav
2026-09-28 21:07:03,281314941,+0.1,0,0,16,0.98,20260928_210000.wav
2026-09-28 21:07:21,281314947,-0.0,0,0,17,0.98,20260928_210000.wav
2026-09-28 21:07:39,281314953,+0.1,0,0,17,0.98,20260928_210000.wav
2026-09-28 21:07:48,281314956,+0.1,0,0,17,0.98,20260928_210000.wav
2026-09-28 21:08:00,281314960,+0.1,0,0,17,0.97,20260928_210000.wav
2026-09-28 21:08:03,281314961,+0.1,0,0,15,0.97,20260928_210000.wav
2026-09-28 21:08:12,281314964,+0.1,0,0,18,0.99,20260928_210000.wav
2026-09-28 21:08:18,281314966,+0.1,0,0,18,0.98,20260928_210000.wav
2026-09-28 21:08:21,281314967,+0.1,0,0,17,0.98,20260928_210000.wav
2026-09-28 21:08:39,281314973,+0.2,0,0,16,0.98,20260928_210000.wav
2026-09-28 21:09:00,281314980,+0.1,0,0,15,0.97,20260928_210000.wav
2026-09-28 21:09:03,281314981,+0.1,0,0,16,0.97,20260928_210000.wav
2026-09-28 21:09:36,281314992,+0.2,0,0,15,0.97,20260928_210000.wav
2026-09-28 21:09:48,281314996,+0.1,0,0,16,0.98,20260928_210000.wav
2026-09-28 21:10:03,281315001,-0.0,0,0,3,0.72,20260928_211000.wav
2026-09-28 21:10:27,281315009,-0.0,0,0,19,0.99,20260928_211000.wav
2026-09-28 21:10:36,281315012,-0.1,0,0,16,0.97,20260928_211000.wav
2026-09-28 21:10:48,281315016,-0.1,0,0,17,0.98,20260928_211000.wav
2026-09-28 21:10:51,281315017,-0.1,0,0,17,0.98,20260928_211000.wav
2026-09-28 21:10:54,281315018,-0.1,0,0,17,0.98,20260928_211000.wav
2026-09-28 21:11:03,281315021,-0.1,0,0,17,0.98,20260928_211000.wav
2026-09-28 21:11:18,281315026,-0.1,0,0,17,0.97,20260928_211000.wav
2026-09-28 21:11:39,281315033,-0.0,0,0,18,0.98,20260928_211000.wav
2026-09-28 21:11:42,281315034,-0.0,0,0,17,0.98,20260928_211000.wav
2026-09-28 21:11:57,281315039,-0.0,0,0,15,0.97,20260928_211000.wav
2026-09-28 21:12:03,281315041,-0.1,0,0,16,0.98,20260928_211000.wav
2026-09-28 21:12:12,281315044,+0.1,0,0,15,0.97,20260928_211000.wav
2026-09-28 21:12:27,281315049,-0.1,0,0,17,0.98,20260928_211000.wav
2026-09-28 21:12:48,281315056,-0.0,0,0,16,0.98,20260928_211000.wav
2026-09-28 21:13:00,281315060,-0.1,0,0,17,0.98,20260928_211000.wav
2026-09-28 21:13:03,281315061,-0.0,0,0,15,0.97,20260928_211000.wav
2026-09-28 21:13:21,281315067,-0.0,0,0,18,0.98,20260928_211000.wav
2026-09-28 21:13:42,281315074,-0.1,0,0,16,0.98,20260928_211000.wav
2026-09-28 21:13:45,281315075,-0.0,0,0,17,0.98,20260928_211000.wav
2026-09-28 21:13:51,281315077,-0.0,0,0,18,0.99,20260928_211000.wav
2026-09-28 21:14:03,281315081,-0.1,0,0,16,0.98,20260928_211000.wav
2026-09-28 21:14:18,281315086,+0.0,0,0,17,0.98,20260928_211000.wav
2026-09-28 21:14:24,281315088,+0.0,0,0,15,0.97,20260928_211000.wav
2026-09-28 21:14:30,281315090,-0.1,0,0,17,0.98,20260928_211000.wav
2026-09-28 21:14:39,281315093,-0.1,0,0,18,0.99,20260928_211000.wav
2026-09-28 21:14:42,281315094,+0.0,0,0,16,0.98,20260928_211000.wav
2026-09-28 21:15:03,281315101,-0.1,0,0,18,0.99,20260928_211000.wav
2026-09-28 21:15:45,281315115,-0.1,0,0,15,0.98,20260928_211000.wav
2026-09-28 21:15:48,281315116,+0.1,0,0,15,0.97,20260928_211000.wav
2026-09-28 21:16:00,281315120,+0.0,0,0,18,0.99,20260928_211000.wav
2026-09-28 21:16:03,281315121,+0.0,0,0,16,0.98,20260928_211000.wav
2026-09-28 21:16:12,281315124,+0.1,0,0,16,0.97,20260928_211000.wav
2026-09-28 21:16:15,281315125,+0.1,0,0,16,0.98,20260928_211000.wav
2026-09-28 21:16:21,281315127,+0.1,0,0,16,0.98,20260928_211000.wav
2026-09-28 21:16:36,281315132,+0.0,0,0,18,0.98,20260928_211000.wav
2026-09-28 21:16:45,281315135,+0.1,0,0,17,0.98,20260928_211000.wav
2026-09-28 21:17:03,281315141,+0.1,0,0,16,0.98,20260928_211000.wav
2026-09-28 21:17:24,281315148,+0.0,0,0,17,0.98,20260928_211000.wav
2026-09-28 21:17:45,281315155,+0.1,0,0,15,0.97,20260928_211000.wav
2026-09-28 21:17:48,281315156,+0.0,0,0,16,0.98,20260928_211000.wav
2026-09-28 21:17:57,281315159,+0.0,0,0,18,0.99,20260928_211000.wav
2026-09-28 21:18:03,281315161,+0.0,0,0,16,0.98,20260928_211000.wav
2026-09-28 21:18:18,281315166,+0.1,0,0,16,0.98,20260928_211000.wav
2026-09-28 21:18:24,281315168,+0.2,0,0,16,0.98,20260928_211000.wav
2026-09-28 21:18:27,281315169,+0.1,0,0,15,0.97,20260928_211000.wav
2026-09-28 21:18:54,281315178,+0.1,0,0,18,0.98,20260928_211000.wav
2026-09-28 21:19:03,281315181,+0.1,0,0,15,0.97,20260928_211000.wav
2026-09-28 21:19:24,281315188,+0.1,0,0,18,0.98,20260928_211000.wav
2026-09-28 21:19:30,281315190,+0.2,0,0,17,0.98,20260928_211000.wav
2026-09-28 21:19:39,281315193,+0.2,0,0,17,0.98,20260928_211000.wav
2026-09-28 21:19:51,281315197,-0.0,0,0,16,0.98,20260928_211000.wav
2026-09-28 21:20:12,281315204,-0.1,0,0,20,0.99,20260928_212000.wav
2026-09-28 21:20:27,281315209,-0.2,0,0,17,0.98,20260928_212000.wav
2026-09-28 21:20:39,281315213,-0.2,0,0,16,0.98,20260928_212000.wav
2026-09-28 21:20:42,281315214,-0.1,0,0,13,0.96,20260928_212000.wav
2026-09-28 21:20:45,281315215,-0.3,0,0,16,0.97,20260928_212000.wav
2026-09-28 21:21:03,281315221,-0.1,0,0,17,0.98,20260928_212000.wav
2026-09-28 21:21:12,281315224,-0.1,0,0,16,0.97,20260928_212000.wav
2026-09-28 21:21:15,281315225,-0.2,0,0,18,0.98,20260928_212000.wav
2026-09-28 21:21:30,281315230,-0.1,0,0,16,0.98,20260928_212000.wav
2026-09-28 21:21:57,281315239,-0.2,0,0,17,0.98,20260928_212000.wav
2026-09-28 21:22:03,281315241,-0.2,0,0,16,0.98,20260928_212000.wav
2026-09-28 21:22:39,281315253,-0.1,0,0,17,0.98,20260928_212000.wav
2026-09-28 21:22:42,281315254,-0.1,0,0,17,0.98,20260928_212000.wav
2026-09-28 21:23:03,281315261,-0.2,0,0,16,0.98,20260928_212000.wav
2026-09-28 21:23:18,281315266,-0.1,0,0,18,0.98,20260928_212000.wav
2026-09-28 21:24:00,281315280,-0.1,0,0,17,0.98,20260928_212000.wav
2026-09-28 21:24:03,281315281,-0.0,0,0,17,0.98,20260928_212000.wav
2026-09-28 21:24:12,281315284,-0.0,0,0,16,0.98,20260928_212000.wav
2026-09-28 21:24:18,281315286,-0.1,0,0,16,0.98,20260928_212000.wav
2026-09-28 21:24:45,281315295,+0.1,0,0,18,0.98,20260928_212000.wav
2026-09-28 21:24:48,281315296,-0.1,0,0,16,0.98,20260928_212000.wav
2026-09-28 21:25:03,281315301,-0.1,0,0,17,0.98,20260928_212000.wav
2026-09-28 21:25:09,281315303,+0.1,0,0,15,0.97,20260928_212000.wav
2026-09-28 21:25:30,281315310,+0.0,0,0,16,0.97,20260928_212000.wav
2026-09-28 21:25:36,281315312,+0.0,0,0,16,0.98,20260928_212000.wav
2026-09-28 21:26:03,281315321,+0.0,0,0,18,0.98,20260928_212000.wav
2026-09-28 21:26:09,281315323,+0.1,0,0,17,0.98,20260928_212000.wav
2026-09-28 21:26:12,281315324,-0.1,0,0,17,0.98,20260928_212000.wav
2026-09-28 21:26:18,281315326,+0.0,0,0,15,0.97,20260928_212000.wav
2026-09-28 21:26:21,281315327,+0.0,0,0,16,0.98,20260928_212000.wav
2026-09-28 21:26:27,281315329,-0.1,0,0,15,0.98,20260928_212000.wav
2026-09-28 21:26:54,281315338,+0.0,0,0,16,0.98,20260928_212000.wav
2026-09-28 21:26:57,281315339,+0.0,0,0,17,0.98,20260928_212000.wav
2026-09-28 21:27:03,281315341,+0.0,0,0,15,0.97,20260928_212000.wav
2026-09-28 21:27:24,281315348,+0.0,0,0,17,0.98,20260928_212000.wav
2026-09-28 21:27:27,281315349,+0.0,0,0,17,0.98,20260928_212000.wav
2026-09-28 21:27:39,281315353,+0.0,0,0,16,0.98,20260928_212000.wav
2026-09-28 21:27:42,281315354,+0.1,0,0,15,0.97,20260928_212000.wav
2026-09-28 21:27:48,281315356,+0.1,0,0,16,0.98,20260928_212000.wav
2026-09-28 21:27:51,281315357,+0.0,0,0,15,0.97,20260928_212000.wav
2026-09-28 21:27:57,281315359,+0.1,0,0,15,0.97,20260928_212000.wav
2026-09-28 21:28:03,281315361,+0.1,0,0,15,0.97,20260928_212000.wav
2026-09-28 21:28:18,281315366,+0.1,0,0,16,0.98,20260928_212000.wav
2026-09-28 21:28:27,281315369,+0.1,0,0,17,0.98,20260928_212000.wav
2026-09-28 21:28:48,281315376,+0.1,0,0,18,0.98,20260928_212000.wav
2026-09-28 21:28:51,281315377,+0.1,0,0,17,0.98,20260928_212000.wav
2026-09-28 21:29:03,281315381,+0.1,0,0,17,0.98,20260928_212000.wav
2026-09-28 21:29:39,281315393,+0.0,0,0,17,0.98,20260928_212000.wav
2026-09-28 21:29:45,281315395,+0.1,0,0,16,0.98,20260928_212000.wav
2026-09-28 21:30:03,281315401,-0.2,0,0,18,0.98,20260928_213000.wav
2026-09-28 21:30:15,281315405,-0.1,0,0,17,0.98,20260928_213000.wav
2026-09-28 21:30:18,281315406,-0.2,0,0,17,0.98,20260928_213000.wav
2026-09-28 21:30:39,281315413,-0.2,0,0,16,0.98,20260928_213000.wav
2026-09-28 21:30:45,281315415,-0.1,0,0,16,0.98,20260928_213000.wav
2026-09-28 21:31:00,281315420,+0.0,0,0,18,0.98,20260928_213000.wav
2026-09-28 21:31:03,281315421,-0.3,0,0,16,0.98,20260928_213000.wav
2026-09-28 21:31:24,281315428,-0.1,0,0,17,0.98,20260928_213000.wav
2026-09-28 21:31:30,281315430,+0.0,0,0,15,0.97,20260928_213000.wav
2026-09-28 21:31:51,281315437,-0.1,0,0,18,0.98,20260928_213000.wav
2026-09-28 21:31:54,281315438,+0.0,0,0,18,0.98,20260928_213000.wav
2026-09-28 21:32:03,281315441,+0.0,0,0,16,0.98,20260928_213000.wav
2026-09-28 21:32:45,281315455,-0.1,0,0,18,0.98,20260928_213000.wav
2026-09-28 21:32:48,281315456,+0.0,0,0,15,0.97,20260928_213000.wav
2026-09-28 21:32:51,281315457,-0.2,0,0,15,0.97,20260928_213000.wav
2026-09-28 21:33:00,281315460,-0.2,0,0,15,0.97,20260928_213000.wav
2026-09-28 21:33:03,281315461,+0.0,0,0,16,0.98,20260928_213000.wav
2026-09-28 21:33:18,281315466,+0.0,0,0,18,0.98,20260928_213000.wav
2026-09-28 21:33:30,281315470,-0.1,0,0,17,0.98,20260928_213000.wav
2026-09-28 21:33:57,281315479,+0.0,0,0,17,0.98,20260928_213000.wav
2026-09-28 21:34:03,281315481,-0.1,0,0,17,0.98,20260928_213000.wav
2026-09-28 21:34:15,281315485,-0.1,0,0,16,0.98,20260928_213000.wav
2026-09-28 21:34:39,281315493,-0.2,0,0,15,0.98,20260928_213000.wav
2026-09-28 21:35:03,281315501,-0.1,0,0,16,0.97,20260928_213000.wav
2026-09-28 21:35:18,281315506,-0.1,0,0,17,0.98,20260928_213000.wav
2026-09-28 21:35:27,281315509,+0.0,0,0,17,0.98,20260928_213000.wav
2026-09-28 21:35:30,281315510,+0.0,0,0,14,0.97,20260928_213000.wav
2026-09-28 21:35:48,281315516,+0.0,0,0,18,0.98,20260928_213000.wav
2026-09-28 21:35:54,281315518,-0.1,0,0,15,0.97,20260928_213000.wav
2026-09-28 21:36:00,281315520,+0.0,0,0,16,0.97,20260928_213000.wav
2026-09-28 21:36:03,281315521,+0.0,0,0,16,0.97,20260928_213000.wav
2026-09-28 21:36:24,281315528,+0.1,0,0,16,0.97,20260928_213000.wav
2026-09-28 21:36:48,281315536,+0.1,0,0,16,0.97,20260928_213000.wav
2026-09-28 21:37:03,281315541,+0.1,0,0,18,0.98,20260928_213000.wav
2026-09-28 21:37:09,281315543,+0.1,0,0,17,0.97,20260928_213000.wav
2026-09-28 21:37:15,281315545,+0.0,0,0,16,0.98,20260928_213000.wav
2026-09-28 21:37:36,281315552,+0.1,0,0,15,0.97,20260928_213000.wav
2026-09-28 21:38:03,281315561,+0.0,0,0,16,0.98,20260928_213000.wav
2026-09-28 21:38:15,281315565,+0.0,0,0,17,0.98,20260928_213000.wav
2026-09-28 21:38:30,281315570,+0.0,0,0,16,0.97,20260928_213000.wav
2026-09-28 21:38:48,281315576,+0.0,0,0,17,0.98,20260928_213000.wav
2026-09-28 21:38:51,281315577,+0.1,0,0,15,0.97,20260928_213000.wav
2026-09-28 21:38:54,281315578,+0.0,0,0,16,0.97,20260928_213000.wav
2026-09-28 21:39:03,281315581,-0.1,0,0,16,0.98,20260928_213000.wav
2026-09-28 21:39:15,281315585,+0.1,0,0,16,0.97,20260928_213000.wav
2026-09-28 21:39:30,281315590,+0.1,0,0,15,0.96,20260928_213000.wav
2026-09-28 21:39:45,281315595,+0.0,0,0,17,0.98,20260928_213000.wav
2026-09-28 21:40:00,281315600,-0.2,0,0,18,0.98,20260928_214000.wav
2026-09-28 21:40:03,281315601,-0.2,0,0,16,0.97,20260928_214000.wav
2026-09-28 21:40:18,281315606,-0.2,0,0,17,0.97,20260928_214000.wav
2026-09-28 21:40:24,281315608,-0.2,0,0,17,0.98,20260928_214000.wav
2026-09-28 21:40:30,281315610,-0.4,0,0,13,0.96,20260928_214000.wav
2026-09-28 21:40:39,281315613,-0.4,0,0,17,0.97,20260928_214000.wav
2026-09-28 21:40:51,281315617,-0.2,0,0,16,0.95,20260928_214000.wav
2026-09-28 21:41:03,281315621,-0.2,0,0,15,0.97,20260928_214000.wav
2026-09-28 21:41:12,281315624,-0.1,0,0,16,0.97,20260928_214000.wav
2026-09-28 21:41:15,281315625,-0.1,0,0,15,0.95,20260928_214000.wav
2026-09-28 21:41:18,281315626,-0.2,0,0,18,0.98,20260928_214000.wav
2026-09-28 21:41:42,281315634,+0.0,0,0,19,0.98,20260928_214000.wav
2026-09-28 21:41:45,281315635,+0.0,0,0,15,0.96,20260928_214000.wav
2026-09-28 21:42:03,281315641,-0.1,0,0,16,0.97,20260928_214000.wav
2026-09-28 21:42:12,281315644,-0.1,0,0,17,0.98,20260928_214000.wav
2026-09-28 21:42:15,281315645,+0.0,0,0,15,0.97,20260928_214000.wav
2026-09-28 21:42:36,281315652,-0.1,0,0,17,0.98,20260928_214000.wav
2026-09-28 21:42:45,281315655,+0.0,0,0,17,0.98,20260928_214000.wav
2026-09-28 21:43:00,281315660,-0.1,0,0,19,0.98,20260928_214000.wav
2026-09-28 21:43:03,281315661,+0.0,0,0,17,0.98,20260928_214000.wav
2026-09-28 21:43:15,281315665,-0.1,0,0,17,0.98,20260928_214000.wav
2026-09-28 21:43:36,281315672,+0.0,0,0,16,0.97,20260928_214000.wav
2026-09-28 21:43:45,281315675,+0.0,0,0,15,0.96,20260928_214000.wav
2026-09-28 21:43:48,281315676,+0.0,0,0,18,0.98,20260928_214000.wav
2026-09-28 21:44:00,281315680,+0.0,0,0,16,0.97,20260928_214000.wav
2026-09-28 21:44:03,281315681,+0.0,0,0,16,0.97,20260928_214000.wav
2026-09-28 21:44:45,281315695,+0.1,0,0,15,0.97,20260928_214000.wav
2026-09-28 21:44:48,281315696,+0.0,0,0,16,0.97,20260928_214000.wav
2026-09-28 21:44:51,281315697,+0.0,0,0,15,0.97,20260928_214000.wav
2026-09-28 21:45:00,281315700,+0.1,0,0,16,0.97,20260928_214000.wav
2026-09-28 21:45:03,281315701,+0.0,0,0,15,0.96,20260928_214000.wav
2026-09-28 21:45:18,281315706,+0.1,0,0,17,0.97,20260928_214000.wav
2026-09-28 21:45:21,281315707,-0.1,0,0,17,0.97,20260928_214000.wav
2026-09-28 21:45:54,281315718,+0.0,0,0,15,0.97,20260928_214000.wav
2026-09-28 21:46:03,281315721,+0.1,0,0,19,0.98,20260928_214000.wav
2026-09-28 21:46:09,281315723,+0.0,0,0,16,0.97,20260928_214000.wav
2026-09-28 21:46:21,281315727,+0.1,0,0,17,0.97,20260928_214000.wav
2026-09-28 21:46:39,281315733,+0.0,0,0,16,0.97,20260928_214000.wav
2026-09-28 21:46:42,281315734,+0.0,0,0,16,0.98,20260928_214000.wav
2026-09-28 21:47:03,281315741,+0.0,0,0,16,0.97,20260928_214000.wav
2026-09-28 21:47:42,281315754,+0.0,0,0,15,0.97,20260928_214000.wav
2026-09-28 21:47:48,281315756,+0.2,0,0,15,0.97,20260928_214000.wav
2026-09-28 21:48:03,281315761,+0.1,0,0,14,0.96,20260928_214000.wav
2026-09-28 21:48:12,281315764,+0.2,0,0,16,0.97,20260928_214000.wav
2026-09-28 21:48:48,281315776,+0.0,0,0,16,0.97,20260928_214000.wav
2026-09-28 21:48:57,281315779,+0.0,0,0,15,0.97,20260928_214000.wav
2026-09-28 21:49:03,281315781,+0.0,0,0,16,0.97,20260928_214000.wav
2026-09-28 21:49:36,281315792,+0.1,0,0,15,0.97,20260928_214000.wav
2026-09-28 21:49:42,281315794,+0.1,0,0,15,0.97,20260928_214000.wav
2026-09-28 21:49:45,281315795,+0.1,0,0,15,0.97,20260928_214000.wav
2026-09-28 21:50:03,281315801,+1.2,0,0,19,0.98,20260928_215000.wav
2026-09-28 21:50:18,281315806,-1.4,0,0,18,0.99,20260928_215000.wav
2026-09-28 21:50:27,281315809,-1.5,0,0,16,0.98,20260928_215000.wav
2026-09-28 21:50:39,281315813,-1.3,0,0,19,0.99,20260928_215000.wav
2026-09-28 21:50:48,281315816,-1.3,0,0,16,0.98,20260928_215000.wav
2026-09-28 21:51:03,281315821,-1.4,0,0,17,0.98,20260928_215000.wav
2026-09-28 21:51:12,281315824,-1.3,0,0,16,0.98,20260928_215000.wav
2026-09-28 21:51:27,281315829,-1.4,0,0,16,0.98,20260928_215000.wav
2026-09-28 21:51:30,281315830,-1.6,0,0,17,0.98,20260928_215000.wav
2026-09-28 21:51:45,281315835,-1.4,0,0,17,0.98,20260928_215000.wav
2026-09-28 21:52:03,281315841,-0.1,0,0,20,0.98,20260928_215000.wav
2026-09-28 21:52:15,281315845,+0.1,0,0,15,0.97,20260928_215000.wav
2026-09-28 21:52:36,281315852,-0.1,0,0,16,0.97,20260928_215000.wav
2026-09-28 21:52:42,281315854,+0.0,0,0,15,0.97,20260928_215000.wav
2026-09-28 21:53:03,281315861,+0.0,0,0,19,0.98,20260928_215000.wav
2026-09-28 21:53:39,281315873,+0.0,0,0,19,0.98,20260928_215000.wav
2026-09-28 21:53:42,281315874,-0.1,0,0,17,0.97,20260928_215000.wav
2026-09-28 21:53:48,281315876,-0.1,0,0,15,0.97,20260928_215000.wav
2026-09-28 21:53:54,281315878,+0.0,0,0,15,0.97,20260928_215000.wav
2026-09-28 21:54:03,281315881,-0.1,0,0,14,0.96,20260928_215000.wav
2026-09-28 21:54:12,281315884,-0.1,0,0,17,0.98,20260928_215000.wav
2026-09-28 21:54:18,281315886,+0.1,0,0,16,0.97,20260928_215000.wav
2026-09-28 21:54:48,281315896,+0.2,0,0,19,0.98,20260928_215000.wav
2026-09-28 21:55:00,281315900,+0.0,0,0,16,0.98,20260928_215000.wav
2026-09-28 21:55:03,281315901,+0.0,0,0,16,0.98,20260928_215000.wav
2026-09-28 21:55:30,281315910,+0.1,0,0,17,0.98,20260928_215000.wav
2026-09-28 21:55:45,281315915,+0.1,0,0,16,0.97,20260928_215000.wav
2026-09-28 21:56:03,281315921,+0.1,0,0,16,0.98,20260928_215000.wav
2026-09-28 21:56:15,281315925,-0.1,0,0,17,0.98,20260928_215000.wav
2026-09-28 21:56:18,281315926,+0.1,0,0,15,0.97,20260928_215000.wav
2026-09-28 21:56:57,281315939,+0.1,0,0,17,0.97,20260928_215000.wav
2026-09-28 21:57:03,281315941,+0.0,0,0,16,0.98,20260928_215000.wav
2026-09-28 21:57:15,281315945,+0.2,0,0,16,0.98,20260928_215000.wav
2026-09-28 21:57:36,281315952,+0.1,0,0,16,0.98,20260928_215000.wav
2026-09-28 21:57:42,281315954,+0.0,0,0,18,0.98,20260928_215000.wav
2026-09-28 21:57:45,281315955,+0.1,0,0,16,0.97,20260928_215000.wav
2026-09-28 21:57:57,281315959,+0.1,0,0,17,0.98,20260928_215000.wav
2026-09-28 21:58:03,281315961,+0.2,0,0,17,0.98,20260928_215000.wav
2026-09-28 21:58:15,281315965,+0.0,0,0,16,0.98,20260928_215000.wav
2026-09-28 21:58:39,281315973,+0.1,0,0,16,0.97,20260928_215000.wav
2026-09-28 21:58:48,281315976,+0.1,0,0,16,0.98,20260928_215000.wav
2026-09-28 21:59:03,281315981,+0.0,0,0,17,0.98,20260928_215000.wav
2026-09-28 21:59:42,281315994,+0.1,0,0,18,0.98,20260928_215000.wav
2026-09-28 21:59:48,281315996,+0.2,0,0,16,0.98,20260928_215000.wav
2026-09-28 21:59:57,281315999,+0.2,0,0,17,0.98,20260928_215000.wav
2026-09-28 21:59:57,281315999,-0.2,0,0,16,0.98,20260928_220000.wav
2026-09-28 22:00:03,281316001,-0.6,1,0,20,0.99,20260928_220000.wav
2026-09-28 22:00:18,281316006,-0.1,0,0,16,0.98,20260928_220000.wav
2026-09-28 22:00:27,281316009,+0.0,0,0,16,0.98,20260928_220000.wav
2026-09-28 22:00:48,281316016,-0.2,0,0,17,0.98,20260928_220000.wav
2026-09-28 22:01:03,281316021,-0.1,0,0,18,0.98,20260928_220000.wav
2026-09-28 22:01:18,281316026,+0.0,0,0,18,0.98,20260928_220000.wav
2026-09-28 22:01:45,281316035,-0.1,0,0,16,0.98,20260928_220000.wav
2026-09-28 22:02:03,281316041,-0.1,0,0,16,0.98,20260928_220000.wav
2026-09-28 22:02:24,281316048,+0.0,0,0,17,0.98,20260928_220000.wav
2026-09-28 22:02:57,281316059,+0.0,0,0,18,0.98,20260928_220000.wav
2026-09-28 22:03:03,281316061,+0.0,0,0,17,0.98,20260928_220000.wav
2026-09-28 22:03:18,281316066,+0.1,0,0,17,0.98,20260928_220000.wav
2026-09-28 22:03:45,281316075,-0.1,0,0,17,0.98,20260928_220000.wav
2026-09-28 22:03:54,281316078,-0.1,0,0,16,0.98,20260928_220000.wav
2026-09-28 22:03:57,281316079,+0.0,0,0,17,0.97,20260928_220000.wav
2026-09-28 22:04:03,281316081,-0.1,0,0,16,0.97,20260928_220000.wav
2026-09-28 22:04:15,281316085,+0.0,0,0,17,0.98,20260928_220000.wav
2026-09-28 22:04:21,281316087,+0.0,0,0,16,0.98,20260928_220000.wav
2026-09-28 22:04:24,281316088,+0.0,0,0,16,0.98,20260928_220000.wav
2026-09-28 22:04:30,281316090,+0.1,0,0,16,0.97,20260928_220000.wav
2026-09-28 22:05:03,281316101,+0.0,0,0,16,0.97,20260928_220000.wav
2026-09-28 22:05:27,281316109,+0.0,0,0,17,0.98,20260928_220000.wav
2026-09-28 22:05:42,281316114,-0.1,0,0,16,0.98,20260928_220000.wav
2026-09-28 22:05:48,281316116,+0.0,0,0,15,0.97,20260928_220000.wav
2026-09-28 22:05:54,281316118,-0.1,0,0,16,0.98,20260928_220000.wav
2026-09-28 22:06:00,281316120,-0.1,0,0,16,0.98,20260928_220000.wav
2026-09-28 22:06:03,281316121,-0.1,0,0,18,0.98,20260928_220000.wav
2026-09-28 22:06:12,281316124,-0.1,0,0,17,0.98,20260928_220000.wav
2026-09-28 22:06:45,281316135,+0.1,0,0,17,0.98,20260928_220000.wav
2026-09-28 22:07:03,281316141,+0.0,0,0,17,0.98,20260928_220000.wav
2026-09-28 22:07:18,281316146,+0.0,0,0,17,0.98,20260928_220000.wav
2026-09-28 22:07:36,281316152,+0.1,0,0,17,0.98,20260928_220000.wav
2026-09-28 22:07:45,281316155,+0.1,0,0,17,0.98,20260928_220000.wav
2026-09-28 22:08:03,281316161,+0.1,0,0,17,0.98,20260928_220000.wav
2026-09-28 22:08:15,281316165,+0.1,0,0,18,0.98,20260928_220000.wav
2026-09-28 22:08:24,281316168,+0.0,0,0,17,0.98,20260928_220000.wav
2026-09-28 22:08:42,281316174,+0.0,0,0,16,0.98,20260928_220000.wav
2026-09-28 22:08:45,281316175,+0.0,0,0,16,0.98,20260928_220000.wav
2026-09-28 22:08:57,281316179,+0.0,0,0,17,0.98,20260928_220000.wav
2026-09-28 22:09:03,281316181,+0.1,0,0,16,0.98,20260928_220000.wav
2026-09-28 22:09:15,281316185,+0.0,0,0,15,0.97,20260928_220000.wav
2026-09-28 22:09:36,281316192,+0.1,0,0,15,0.97,20260928_220000.wav
2026-09-28 22:09:42,281316194,+0.1,0,0,16,0.98,20260928_220000.wav
2026-09-28 22:09:48,281316196,+0.0,0,0,16,0.98,20260928_220000.wav
2026-09-28 22:10:39,281316213,-0.2,0,0,18,0.98,20260928_221000.wav
2026-09-28 22:10:45,281316215,-0.1,0,0,18,0.98,20260928_221000.wav
2026-09-28 22:10:48,281316216,-0.1,0,0,17,0.98,20260928_221000.wav
2026-09-28 22:10:51,281316217,-0.1,0,0,16,0.97,20260928_221000.wav
2026-09-28 22:11:00,281316220,-0.1,0,0,17,0.98,20260928_221000.wav
2026-09-28 22:11:03,281316221,-0.2,0,0,16,0.97,20260928_221000.wav
2026-09-28 22:11:39,281316233,-0.1,0,0,18,0.98,20260928_221000.wav
2026-09-28 22:11:42,281316234,-0.1,0,0,17,0.98,20260928_221000.wav
2026-09-28 22:12:03,281316241,-0.1,0,0,17,0.98,20260928_221000.wav
2026-09-28 22:12:18,281316246,-0.1,0,0,16,0.98,20260928_221000.wav
2026-09-28 22:12:24,281316248,+0.0,0,0,16,0.98,20260928_221000.wav
2026-09-28 22:12:54,281316258,+0.0,0,0,17,0.98,20260928_221000.wav
2026-09-28 22:13:03,281316261,-0.1,0,0,18,0.98,20260928_221000.wav
2026-09-28 22:14:03,281316281,+0.0,0,0,17,0.98,20260928_221000.wav
2026-09-28 22:14:12,281316284,-0.1,0,0,17,0.98,20260928_221000.wav
2026-09-28 22:14:21,281316287,-0.1,0,0,17,0.98,20260928_221000.wav
2026-09-28 22:14:39,281316293,+0.0,0,0,16,0.98,20260928_221000.wav
2026-09-28 22:15:03,281316301,+0.0,0,0,18,0.98,20260928_221000.wav
2026-09-28 22:15:36,281316312,+0.0,0,0,15,0.97,20260928_221000.wav
2026-09-28 22:15:39,281316313,+0.0,0,0,16,0.97,20260928_221000.wav
2026-09-28 22:15:42,281316314,-0.2,0,0,17,0.98,20260928_221000.wav
2026-09-28 22:16:03,281316321,+0.1,0,0,18,0.98,20260928_221000.wav
2026-09-28 22:16:12,281316324,+0.0,0,0,16,0.97,20260928_221000.wav
2026-09-28 22:16:51,281316337,+0.0,0,0,16,0.96,20260928_221000.wav
2026-09-28 22:16:54,281316338,+0.0,0,0,16,0.97,20260928_221000.wav
2026-09-28 22:17:00,281316340,-0.1,0,0,16,0.97,20260928_221000.wav
2026-09-28 22:17:03,281316341,+0.1,0,0,17,0.98,20260928_221000.wav
2026-09-28 22:17:12,281316344,+0.1,0,0,16,0.97,20260928_221000.wav
2026-09-28 22:17:39,281316353,+0.0,0,0,16,0.97,20260928_221000.wav
2026-09-28 22:17:57,281316359,+0.1,0,0,16,0.98,20260928_221000.wav
2026-09-28 22:18:00,281316360,-0.1,0,0,17,0.97,20260928_221000.wav
2026-09-28 22:18:03,281316361,+0.0,0,0,17,0.98,20260928_221000.wav
2026-09-28 22:18:24,281316368,+0.0,0,0,17,0.98,20260928_221000.wav
2026-09-28 22:18:30,281316370,+0.1,0,0,16,0.97,20260928_221000.wav
2026-09-28 22:18:36,281316372,+0.2,0,0,16,0.98,20260928_221000.wav
2026-09-28 22:18:57,281316379,+0.1,0,0,17,0.98,20260928_221000.wav
2026-09-28 22:19:03,281316381,+0.0,0,0,17,0.98,20260928_221000.wav
2026-09-28 22:19:12,281316384,+0.1,0,0,17,0.98,20260928_221000.wav
2026-09-28 22:19:15,281316385,+0.1,0,0,17,0.97,20260928_221000.wav
2026-09-28 22:19:18,281316386,+0.0,0,0,15,0.97,20260928_221000.wav
2026-09-28 22:19:27,281316389,+0.0,0,0,17,0.98,20260928_221000.wav
2026-09-28 22:19:48,281316396,+0.0,0,0,14,0.96,20260928_221000.wav
2026-09-28 22:20:03,281316401,+0.4,0,0,14,0.97,20260928_222000.wav
2026-09-28 22:20:15,281316405,+0.0,0,0,19,0.98,20260928_222000.wav
2026-09-28 22:29:03,281316581,+0.2,0,0,22,0.99,20260928_222853.wav
2026-09-28 22:29:18,281316586,+0.0,0,0,18,0.98,20260928_222853.wav
2026-09-28 22:29:27,281316589,+0.0,0,0,19,0.99,20260928_222853.wav
2026-09-28 22:29:42,281316594,+0.0,0,0,18,0.99,20260928_222853.wav
2026-09-28 22:33:24,281316668,-1.2,0,0,20,0.99,20260928_223310.wav
2026-09-28 22:33:27,281316669,-1.1,0,0,18,0.98,20260928_223310.wav
2026-09-28 22:33:36,281316672,-1.2,0,0,17,0.98,20260928_223310.wav
2026-09-28 22:33:45,281316675,-1.2,0,0,16,0.98,20260928_223310.wav
2026-09-28 22:33:54,281316678,+0.0,0,0,18,0.98,20260928_223310.wav
2026-09-28 22:34:00,281316680,+0.2,0,0,18,0.99,20260928_223310.wav
2026-09-28 22:34:12,281316684,+0.0,0,0,17,0.98,20260928_223310.wav
2026-09-28 22:34:15,281316685,+0.1,0,0,17,0.98,20260928_223310.wav
2026-09-28 22:34:21,281316687,+0.1,0,0,17,0.98,20260928_223310.wav
2026-09-28 22:30:03,281316601,+0.4,0,0,19,0.98,20260928_223000.wav
2026-09-28 22:30:18,281316606,-0.0,0,0,18,0.99,20260928_223000.wav
2026-09-28 22:30:30,281316610,-0.1,0,0,16,0.98,20260928_223000.wav
2026-09-28 22:30:48,281316616,+0.1,0,0,17,0.98,20260928_223000.wav
2026-09-28 22:30:54,281316618,-0.0,0,0,17,0.98,20260928_223000.wav
2026-09-28 22:31:03,281316621,-0.0,0,0,18,0.99,20260928_223000.wav
2026-09-28 22:31:15,281316625,+0.0,0,0,17,0.98,20260928_223000.wav
2026-09-28 22:31:21,281316627,+0.1,0,0,16,0.98,20260928_223000.wav
2026-09-28 22:31:30,281316630,-0.1,0,0,16,0.98,20260928_223000.wav
2026-09-28 22:31:42,281316634,+0.0,0,0,17,0.98,20260928_223000.wav
2026-09-28 22:31:51,281316637,+0.0,0,0,16,0.97,20260928_223000.wav
2026-09-28 22:32:03,281316641,+0.0,0,0,18,0.99,20260928_223000.wav
2026-09-28 22:32:12,281316644,-0.1,0,0,18,0.99,20260928_223000.wav
2026-09-28 22:32:15,281316645,+0.1,0,0,18,0.99,20260928_223000.wav
2026-09-28 22:32:18,281316646,+0.0,0,0,17,0.98,20260928_223000.wav
2026-09-28 22:32:24,281316648,+0.0,0,0,18,0.99,20260928_223000.wav
2026-09-28 22:32:27,281316649,+0.0,0,0,17,0.98,20260928_223000.wav
2026-09-28 22:32:30,281316650,+0.0,0,0,17,0.98,20260928_223000.wav
2026-09-28 22:32:39,281316653,+0.1,0,0,18,0.98,20260928_223000.wav
2026-09-28 22:34:36,281316692,+0.4,0,0,11,0.95,20260928_223434.wav
2026-09-28 22:35:03,281316701,+0.0,0,0,16,0.97,20260928_223434.wav
2026-09-28 22:35:18,281316706,+0.0,0,0,19,0.99,20260928_223434.wav
2026-09-28 22:35:30,281316710,-0.1,0,0,18,0.98,20260928_223434.wav
2026-09-28 22:35:45,281316715,+0.0,0,0,13,0.96,20260928_223434.wav
2026-09-28 22:36:12,281316724,-0.2,0,0,16,0.98,20260928_223434.wav
2026-09-28 22:36:42,281316734,-0.2,0,0,17,0.98,20260928_223434.wav
2026-09-28 22:37:00,281316740,-0.1,0,0,16,0.98,20260928_223434.wav
2026-09-28 22:37:03,281316741,+0.1,0,0,16,0.98,20260928_223434.wav
2026-09-28 22:37:36,281316752,+0.0,0,0,17,0.98,20260928_223434.wav
2026-09-28 22:37:39,281316753,-0.1,0,0,15,0.97,20260928_223434.wav
2026-09-28 22:37:42,281316754,+0.0,0,0,15,0.97,20260928_223434.wav
2026-09-28 22:37:48,281316756,-0.1,0,0,15,0.97,20260928_223434.wav
2026-09-28 22:37:51,281316757,+0.0,0,0,16,0.98,20260928_223434.wav
2026-09-28 22:38:03,281316761,-0.1,0,0,16,0.98,20260928_223434.wav
2026-09-28 22:38:09,281316763,-0.1,0,0,16,0.98,20260928_223434.wav
2026-09-28 22:38:18,281316766,+0.0,0,0,16,0.98,20260928_223434.wav
2026-09-28 22:38:27,281316769,-0.1,0,0,16,0.98,20260928_223434.wav
2026-09-28 22:38:30,281316770,+0.0,0,0,17,0.98,20260928_223434.wav
2026-09-28 22:38:39,281316773,+0.0,0,0,17,0.98,20260928_223434.wav
2026-09-28 22:38:57,281316779,+0.0,0,0,16,0.98,20260928_223434.wav
2026-09-28 22:39:03,281316781,+0.0,0,0,16,0.98,20260928_223434.wav
2026-09-28 22:39:27,281316789,+0.0,0,0,18,0.98,20260928_223434.wav
2026-09-28 22:39:36,281316792,+0.0,0,0,15,0.97,20260928_223434.wav
2026-09-28 22:39:48,281316796,+0.0,0,0,18,0.98,20260928_223434.wav
2026-09-28 22:39:51,281316797,+0.1,0,0,15,0.97,20260928_223434.wav
2026-09-28 22:40:03,281316801,+0.3,0,0,20,0.98,20260928_224000.wav
2026-09-28 22:41:00,281316820,-0.0,0,0,18,0.98,20260928_224000.wav
2026-09-28 22:41:03,281316821,-0.0,0,0,17,0.98,20260928_224000.wav
2026-09-28 22:41:27,281316829,-0.0,0,0,16,0.98,20260928_224000.wav
2026-09-28 22:41:39,281316833,-0.1,0,0,16,0.98,20260928_224000.wav
2026-09-28 22:41:42,281316834,-0.0,0,0,15,0.97,20260928_224000.wav
2026-09-28 22:41:48,281316836,-0.0,0,0,17,0.98,20260928_224000.wav
2026-09-28 22:41:54,281316838,-0.1,0,0,16,0.98,20260928_224000.wav
2026-09-28 22:42:00,281316840,-0.0,0,0,16,0.98,20260928_224000.wav
2026-09-28 22:42:03,281316841,-0.1,0,0,18,0.98,20260928_224000.wav
2026-09-28 22:42:18,281316846,-0.1,0,0,17,0.98,20260928_224000.wav
2026-09-28 22:43:03,281316861,+0.1,0,0,14,0.97,20260928_224000.wav
2026-09-28 22:43:30,281316870,-0.0,0,0,14,0.97,20260928_224000.wav
2026-09-28 22:43:36,281316872,+0.1,0,0,15,0.97,20260928_224000.wav
2026-09-28 22:43:42,281316874,+0.1,0,0,15,0.97,20260928_224000.wav
2026-09-28 22:44:03,281316881,-0.0,0,0,16,0.98,20260928_224000.wav
2026-09-28 22:44:15,281316885,+0.1,0,0,18,0.98,20260928_224000.wav
2026-09-28 22:44:45,281316895,+0.0,0,0,17,0.98,20260928_224000.wav
2026-09-28 22:44:48,281316896,+0.1,0,0,16,0.98,20260928_224000.wav
2026-09-28 22:44:51,281316897,-0.1,0,0,15,0.97,20260928_224000.wav
2026-09-28 22:44:54,281316898,-0.1,0,0,16,0.97,20260928_224000.wav
2026-09-28 22:45:03,281316901,+0.0,0,0,17,0.98,20260928_224000.wav
2026-09-28 22:45:24,281316908,+0.0,0,0,19,0.99,20260928_224000.wav
2026-09-28 22:45:39,281316913,+0.0,0,0,17,0.98,20260928_224000.wav
2026-09-28 22:45:45,281316915,+0.1,0,0,17,0.98,20260928_224000.wav
2026-09-28 22:45:57,281316919,-0.1,0,0,15,0.97,20260928_224000.wav
2026-09-28 22:46:03,281316921,+0.0,0,0,16,0.98,20260928_224000.wav
2026-09-28 22:46:18,281316926,+0.1,0,0,17,0.98,20260928_224000.wav
2026-09-28 22:46:24,281316928,+0.1,0,0,16,0.98,20260928_224000.wav
2026-09-28 22:46:39,281316933,+0.1,0,0,18,0.98,20260928_224000.wav
2026-09-28 22:46:42,281316934,+0.1,0,0,16,0.98,20260928_224000.wav
2026-09-28 22:46:54,281316938,+0.0,0,0,18,0.98,20260928_224000.wav
2026-09-28 22:47:03,281316941,+0.0,0,0,16,0.98,20260928_224000.wav
2026-09-28 22:47:30,281316950,+0.1,0,0,18,0.98,20260928_224000.wav
2026-09-28 22:47:39,281316953,+0.1,0,0,18,0.98,20260928_224000.wav
2026-09-28 22:47:48,281316956,+0.0,0,0,17,0.98,20260928_224000.wav
2026-09-28 22:48:03,281316961,+0.1,0,0,16,0.98,20260928_224000.wav
2026-09-28 22:48:24,281316968,+0.2,0,0,15,0.98,20260928_224000.wav
2026-09-28 22:48:30,281316970,+0.0,0,0,15,0.97,20260928_224000.wav
2026-09-28 22:48:45,281316975,+0.1,0,0,15,0.97,20260928_224000.wav
2026-09-28 22:48:48,281316976,+0.2,0,0,15,0.97,20260928_224000.wav
2026-09-28 22:49:03,281316981,+0.1,0,0,16,0.98,20260928_224000.wav
2026-09-28 22:49:09,281316983,+0.1,0,0,16,0.98,20260928_224000.wav
2026-09-28 22:50:03,281317001,-0.2,0,0,18,0.99,20260928_225000.wav
2026-09-28 22:50:24,281317008,+0.0,0,0,17,0.98,20260928_225000.wav
2026-09-28 22:50:42,281317014,-0.1,0,0,16,0.98,20260928_225000.wav
2026-09-28 22:50:48,281317016,-0.1,0,0,16,0.98,20260928_225000.wav
2026-09-28 22:51:03,281317021,-0.2,0,0,18,0.98,20260928_225000.wav
2026-09-28 22:51:12,281317024,-0.2,0,0,17,0.98,20260928_225000.wav
2026-09-28 22:51:18,281317026,-0.1,0,0,18,0.98,20260928_225000.wav
2026-09-28 22:51:27,281317029,-2460.0,0,0,15,0.97,20260928_225000.wav
2026-09-28 22:51:30,281317030,-0.2,0,0,16,0.98,20260928_225000.wav
2026-09-28 22:51:45,281317035,-0.2,0,0,16,0.97,20260928_225000.wav
2026-09-28 22:51:48,281317036,-0.2,0,0,15,0.97,20260928_225000.wav
2026-09-28 22:52:03,281317041,+0.0,0,0,17,0.98,20260928_225000.wav
2026-09-28 22:52:21,281317047,+0.0,0,0,17,0.98,20260928_225000.wav
2026-09-28 22:52:30,281317050,+0.0,0,0,15,0.97,20260928_225000.wav
2026-09-28 22:52:45,281317055,-0.1,0,0,16,0.98,20260928_225000.wav
2026-09-28 22:53:03,281317061,-0.1,0,0,16,0.97,20260928_225000.wav
2026-09-28 22:53:12,281317064,+0.0,0,0,18,0.98,20260928_225000.wav
2026-09-28 22:53:45,281317075,-0.1,0,0,19,0.99,20260928_225000.wav
2026-09-28 22:54:00,281317080,+0.0,0,0,18,0.98,20260928_225000.wav
2026-09-28 22:54:12,281317084,-0.1,0,0,15,0.97,20260928_225000.wav
2026-09-28 22:54:15,281317085,-0.1,0,0,17,0.98,20260928_225000.wav
2026-09-28 22:54:48,281317096,+0.0,0,0,18,0.98,20260928_225000.wav
2026-09-28 22:55:36,281317112,+0.0,0,0,19,0.98,20260928_225000.wav
2026-09-28 22:55:39,281317113,-0.1,0,0,16,0.98,20260928_225000.wav
2026-09-28 22:55:42,281317114,-0.1,0,0,15,0.97,20260928_225000.wav
2026-09-28 22:55:45,281317115,+0.0,0,0,17,0.98,20260928_225000.wav
2026-09-28 22:55:48,281317116,-0.2,0,0,17,0.98,20260928_225000.wav
2026-09-28 22:56:03,281317121,-0.1,0,0,16,0.98,20260928_225000.wav
2026-09-28 22:56:09,281317123,-0.1,0,0,15,0.97,20260928_225000.wav
2026-09-28 22:56:18,281317126,-0.1,0,0,15,0.97,20260928_225000.wav
2026-09-28 22:56:21,281317127,-0.1,0,0,16,0.97,20260928_225000.wav
2026-09-28 22:56:24,281317128,+0.0,0,0,15,0.97,20260928_225000.wav
2026-09-28 22:56:30,281317130,+0.0,0,0,16,0.97,20260928_225000.wav
2026-09-28 22:56:39,281317133,+0.0,0,0,16,0.97,20260928_225000.wav
2026-09-28 22:56:54,281317138,+0.1,0,0,17,0.98,20260928_225000.wav
2026-09-28 22:56:57,281317139,-0.1,0,0,16,0.98,20260928_225000.wav
2026-09-28 22:57:03,281317141,+0.0,0,0,17,0.98,20260928_225000.wav
2026-09-28 22:57:24,281317148,+0.1,0,0,16,0.97,20260928_225000.wav
2026-09-28 22:57:36,281317152,+0.0,0,0,18,0.98,20260928_225000.wav
2026-09-28 22:57:39,281317153,+0.1,0,0,17,0.98,20260928_225000.wav
2026-09-28 22:58:03,281317161,+0.0,0,0,16,0.98,20260928_225000.wav
2026-09-28 22:58:09,281317163,+0.2,0,0,15,0.97,20260928_225000.wav
2026-09-28 22:58:12,281317164,+0.0,0,0,15,0.97,20260928_225000.wav
2026-09-28 22:58:21,281317167,+0.1,0,0,16,0.98,20260928_225000.wav
2026-09-28 22:58:36,281317172,+0.0,0,0,15,0.97,20260928_225000.wav
2026-09-28 22:59:03,281317181,+0.0,0,0,17,0.98,20260928_225000.wav
2026-09-28 22:59:09,281317183,+0.2,0,0,16,0.97,20260928_225000.wav
2026-09-28 22:59:12,281317184,-0.1,0,0,16,0.97,20260928_225000.wav
2026-09-28 22:59:39,281317193,+0.2,0,0,18,0.98,20260928_225000.wav
2026-09-28 23:00:03,281317201,+3.7,0,0,18,0.98,20260928_230000.wav
2026-09-28 23:00:39,281317213,+3.8,0,0,16,0.97,20260928_230000.wav
2026-09-28 23:00:51,281317217,+3.6,0,0,19,0.98,20260928_230000.wav
2026-09-28 23:01:03,281317221,+3.7,0,0,17,0.97,20260928_230000.wav
2026-09-28 23:01:48,281317236,+3.8,0,0,17,0.98,20260928_230000.wav
2026-09-28 23:02:00,281317240,+3.8,0,0,18,0.98,20260928_230000.wav
2026-09-28 23:02:03,281317241,+3.7,0,0,16,0.97,20260928_230000.wav
2026-09-28 23:02:27,281317249,+3.7,0,0,16,0.97,20260928_230000.wav
2026-09-28 23:02:42,281317254,+3.7,0,0,18,0.98,20260928_230000.wav
2026-09-28 23:02:48,281317256,+3.8,0,0,15,0.96,20260928_230000.wav
2026-09-28 23:03:03,281317261,+3.8,0,0,16,0.97,20260928_230000.wav
2026-09-28 23:03:12,281317264,+3.8,0,0,16,0.97,20260928_230000.wav
2026-09-28 23:04:03,281317281,-0.2,0,0,16,0.97,20260928_230000.wav
2026-09-28 23:04:12,281317284,-0.2,0,0,16,0.98,20260928_230000.wav
2026-09-28 23:04:15,281317285,-0.1,0,0,16,0.97,20260928_230000.wav
2026-09-28 23:04:30,281317290,-0.1,0,0,16,0.98,20260928_230000.wav
2026-09-28 23:04:36,281317292,-0.2,0,0,16,0.97,20260928_230000.wav
2026-09-28 23:04:51,281317297,-0.1,0,0,17,0.98,20260928_230000.wav
2026-09-28 23:05:03,281317301,-0.2,0,0,16,0.97,20260928_230000.wav
2026-09-28 23:05:21,281317307,-0.2,0,0,16,0.98,20260928_230000.wav
2026-09-28 23:05:24,281317308,-0.1,0,0,15,0.97,20260928_230000.wav
2026-09-28 23:05:54,281317318,+0.0,0,0,15,0.97,20260928_230000.wav
2026-09-28 23:05:57,281317319,-0.1,0,0,14,0.96,20260928_230000.wav
2026-09-28 23:06:03,281317321,-0.1,0,0,16,0.97,20260928_230000.wav
2026-09-28 23:06:51,281317337,-0.2,0,0,15,0.97,20260928_230000.wav
2026-09-28 23:06:54,281317338,-0.1,0,0,15,0.97,20260928_230000.wav
2026-09-28 23:07:03,281317341,-0.1,0,0,14,0.97,20260928_230000.wav
2026-09-28 23:07:18,281317346,+0.0,0,0,15,0.97,20260928_230000.wav
2026-09-28 23:07:21,281317347,-0.1,0,0,17,0.98,20260928_230000.wav
2026-09-28 23:07:27,281317349,+0.0,0,0,17,0.98,20260928_230000.wav
2026-09-28 23:07:48,281317356,+0.0,0,0,18,0.98,20260928_230000.wav
2026-09-28 23:08:00,281317360,-0.1,0,0,19,0.98,20260928_230000.wav
2026-09-28 23:08:03,281317361,+0.0,0,0,16,0.97,20260928_230000.wav
2026-09-28 23:08:09,281317363,-0.2,0,0,16,0.97,20260928_230000.wav
2026-09-28 23:08:18,281317366,-0.1,0,0,17,0.98,20260928_230000.wav
2026-09-28 23:08:21,281317367,+0.0,0,0,15,0.97,20260928_230000.wav
2026-09-28 23:08:39,281317373,-0.1,0,0,16,0.97,20260928_230000.wav
2026-09-28 23:08:57,281317379,-0.1,0,0,15,0.97,20260928_230000.wav
2026-09-28 23:09:03,281317381,-0.1,0,0,15,0.97,20260928_230000.wav
2026-09-28 23:09:27,281317389,-0.1,0,0,17,0.98,20260928_230000.wav
2026-09-28 23:09:30,281317390,+0.1,0,0,16,0.97,20260928_230000.wav
2026-09-28 23:09:36,281317392,+0.0,0,0,14,0.96,20260928_230000.wav
2026-09-28 23:09:39,281317393,+0.0,0,0,15,0.97,20260928_230000.wav
2026-09-28 23:09:48,281317396,+0.0,0,0,15,0.97,20260928_230000.wav
2026-09-28 23:10:15,281317405,-2.7,0,0,18,0.98,20260928_231000.wav
2026-09-28 23:10:27,281317409,+0.0,3,1,11,0.93,20260928_231000.wav
2026-09-28 23:10:36,281317412,+0.0,0,0,15,0.97,20260928_231000.wav
2026-09-28 23:10:51,281317417,+0.0,0,0,16,0.97,20260928_231000.wav
2026-09-28 23:10:54,281317418,+0.0,0,0,18,0.98,20260928_231000.wav
2026-09-28 23:11:00,281317420,+0.1,0,0,19,0.99,20260928_231000.wav
2026-09-28 23:11:03,281317421,-0.1,0,0,16,0.98,20260928_231000.wav
2026-09-28 23:11:21,281317427,+0.0,0,0,19,0.98,20260928_231000.wav
2026-09-28 23:11:24,281317428,+0.0,0,0,17,0.98,20260928_231000.wav
2026-09-28 23:11:39,281317433,+0.1,0,0,18,0.98,20260928_231000.wav
2026-09-28 23:11:57,281317439,-0.1,0,0,16,0.97,20260928_231000.wav
2026-09-28 23:12:03,281317441,-0.0,0,0,16,0.97,20260928_231000.wav
2026-09-28 23:12:24,281317448,-0.0,0,0,17,0.98,20260928_231000.wav
2026-09-28 23:12:30,281317450,-0.1,0,0,18,0.98,20260928_231000.wav
2026-09-28 23:12:36,281317452,-0.0,0,0,17,0.98,20260928_231000.wav
2026-09-28 23:12:51,281317457,-0.0,0,0,17,0.98,20260928_231000.wav
2026-09-28 23:12:54,281317458,-0.0,0,0,15,0.97,20260928_231000.wav
2026-09-28 23:13:03,281317461,+0.1,0,0,16,0.98,20260928_231000.wav
2026-09-28 23:13:18,281317466,-0.0,0,0,17,0.97,20260928_231000.wav
2026-09-28 23:13:21,281317467,+0.1,0,0,19,0.98,20260928_231000.wav
2026-09-28 23:13:48,281317476,-0.0,0,0,17,0.97,20260928_231000.wav
2026-09-28 23:13:51,281317477,-0.0,0,0,15,0.97,20260928_231000.wav
2026-09-28 23:14:00,281317480,-0.0,0,0,14,0.96,20260928_231000.wav
2026-09-28 23:14:03,281317481,-0.1,0,0,17,0.98,20260928_231000.wav
2026-09-28 23:14:27,281317489,-0.0,0,0,17,0.98,20260928_231000.wav
2026-09-28 23:14:30,281317490,+0.1,0,0,16,0.97,20260928_231000.wav
2026-09-28 23:14:39,281317493,+0.1,0,0,18,0.98,20260928_231000.wav
2026-09-28 23:14:45,281317495,+0.1,0,0,16,0.97,20260928_231000.wav
2026-09-28 23:14:48,281317496,-0.1,0,0,16,0.98,20260928_231000.wav
2026-09-28 23:14:51,281317497,+0.1,0,0,16,0.98,20260928_231000.wav
2026-09-28 23:15:03,281317501,-0.0,0,0,18,0.98,20260928_231000.wav
2026-09-28 23:15:18,281317506,+0.1,0,0,16,0.98,20260928_231000.wav
2026-09-28 23:15:21,281317507,-0.0,0,0,15,0.97,20260928_231000.wav
2026-09-28 23:15:45,281317515,-0.0,0,0,17,0.97,20260928_231000.wav
2026-09-28 23:15:57,281317519,+0.1,0,0,16,0.97,20260928_231000.wav
2026-09-28 23:16:03,281317521,+0.2,0,0,17,0.98,20260928_231000.wav
2026-09-28 23:16:39,281317533,-0.0,0,0,17,0.98,20260928_231000.wav
2026-09-28 23:16:42,281317534,+0.2,0,0,17,0.98,20260928_231000.wav
2026-09-28 23:16:51,281317537,+0.1,0,0,17,0.98,20260928_231000.wav
2026-09-28 23:17:03,281317541,-0.0,0,0,17,0.98,20260928_231000.wav
2026-09-28 23:17:09,281317543,-0.0,0,0,16,0.98,20260928_231000.wav
2026-09-28 23:17:12,281317544,+0.1,0,0,15,0.97,20260928_231000.wav
2026-09-28 23:17:18,281317546,-0.0,0,0,17,0.98,20260928_231000.wav
2026-09-28 23:17:21,281317547,+0.1,0,0,16,0.97,20260928_231000.wav
2026-09-28 23:17:39,281317553,-0.0,0,0,16,0.97,20260928_231000.wav
2026-09-28 23:17:54,281317558,-0.0,0,0,15,0.97,20260928_231000.wav
2026-09-28 23:18:00,281317560,+0.1,0,0,16,0.97,20260928_231000.wav
2026-09-28 23:18:03,281317561,+0.0,0,0,15,0.97,20260928_231000.wav
2026-09-28 23:18:24,281317568,+0.2,0,0,20,0.99,20260928_231000.wav
2026-09-28 23:18:30,281317570,+0.1,0,0,16,0.98,20260928_231000.wav
2026-09-28 23:18:39,281317573,+0.2,0,0,17,0.98,20260928_231000.wav
2026-09-28 23:18:42,281317574,+0.1,0,0,16,0.98,20260928_231000.wav
2026-09-28 23:19:00,281317580,+0.0,0,0,16,0.98,20260928_231000.wav
2026-09-28 23:19:03,281317581,+0.2,0,0,16,0.98,20260928_231000.wav
2026-09-28 23:19:18,281317586,+0.2,0,0,17,0.98,20260928_231000.wav
2026-09-28 23:20:00,281317600,-0.2,1,0,-3,0.52,20260928_232000.wav
2026-09-28 23:20:03,281317601,+0.1,0,0,21,0.98,20260928_232000.wav
2026-09-28 23:20:42,281317614,+0.0,0,0,15,0.96,20260928_232000.wav
2026-09-28 23:21:03,281317621,-0.1,0,0,17,0.97,20260928_232000.wav
2026-09-28 23:21:12,281317624,+0.0,0,0,17,0.97,20260928_232000.wav
2026-09-28 23:21:48,281317636,+0.1,0,0,18,0.98,20260928_232000.wav
2026-09-28 23:21:54,281317638,+0.0,0,0,18,0.97,20260928_232000.wav
2026-09-28 23:22:03,281317641,+0.1,0,0,18,0.98,20260928_232000.wav
2026-09-28 23:22:09,281317643,+0.1,0,0,19,0.98,20260928_232000.wav
2026-09-28 23:22:15,281317645,+0.0,0,0,18,0.97,20260928_232000.wav
2026-09-28 23:22:21,281317647,+0.0,0,0,17,0.97,20260928_232000.wav
2026-09-28 23:22:36,281317652,+0.1,0,0,16,0.97,20260928_232000.wav
2026-09-28 23:22:42,281317654,+0.1,0,0,17,0.97,20260928_232000.wav
2026-09-28 23:22:45,281317655,-0.1,0,0,13,0.95,20260928_232000.wav
2026-09-28 23:23:03,281317661,+0.0,0,0,15,0.96,20260928_232000.wav
2026-09-28 23:23:42,281317674,+0.0,0,0,17,0.97,20260928_232000.wav
2026-09-28 23:23:48,281317676,+0.0,0,0,17,0.97,20260928_232000.wav
2026-09-28 23:24:00,281317680,+0.0,0,0,17,0.97,20260928_232000.wav
2026-09-28 23:24:03,281317681,+0.2,0,0,19,0.98,20260928_232000.wav
2026-09-28 23:24:18,281317686,+0.2,0,0,20,0.98,20260928_232000.wav
2026-09-28 23:24:48,281317696,+0.2,0,0,18,0.98,20260928_232000.wav
2026-09-28 23:25:03,281317701,+0.0,0,0,18,0.98,20260928_232000.wav
2026-09-28 23:25:12,281317704,+0.2,0,0,16,0.97,20260928_232000.wav
2026-09-28 23:25:30,281317710,+0.1,0,0,17,0.98,20260928_232000.wav
2026-09-28 23:25:36,281317712,+0.2,0,0,14,0.97,20260928_232000.wav
2026-09-28 23:25:42,281317714,+0.0,0,0,16,0.97,20260928_232000.wav
2026-09-28 23:25:45,281317715,+0.2,0,0,18,0.98,20260928_232000.wav
2026-09-28 23:26:18,281317726,-0.1,0,0,18,0.99,20260928_232603.wav
2026-09-28 23:26:39,281317733,+0.0,0,0,16,0.98,20260928_232603.wav
2026-09-28 23:26:48,281317736,-0.1,0,0,16,0.98,20260928_232603.wav
2026-09-28 23:27:03,281317741,+0.0,0,0,17,0.98,20260928_232603.wav
2026-09-28 23:27:18,281317746,+0.1,0,0,15,0.97,20260928_232603.wav
2026-09-28 23:27:27,281317749,+0.0,0,0,17,0.98,20260928_232603.wav
2026-09-28 23:27:30,281317750,-0.1,0,0,17,0.98,20260928_232603.wav
2026-09-28 23:27:45,281317755,-0.1,0,0,19,0.99,20260928_232603.wav
2026-09-28 23:28:03,281317761,+0.1,0,0,17,0.98,20260928_232603.wav
2026-09-28 23:28:30,281317770,+0.1,0,0,16,0.98,20260928_232603.wav
2026-09-28 23:28:36,281317772,+0.1,0,0,16,0.98,20260928_232603.wav
2026-09-28 23:29:03,281317781,+0.0,0,0,17,0.98,20260928_232603.wav
2026-09-28 23:29:30,281317790,+0.1,0,0,17,0.98,20260928_232603.wav
2026-09-28 23:30:03,281317801,+0.0,0,0,2,0.69,20260928_233000.wav
2026-09-28 23:30:45,281317815,+0.0,0,0,16,0.98,20260928_233000.wav
2026-09-28 23:31:00,281317820,+0.0,0,0,16,0.98,20260928_233000.wav
2026-09-28 23:31:03,281317821,-0.2,0,0,15,0.97,20260928_233000.wav
2026-09-28 23:31:30,281317830,+0.0,0,0,16,0.98,20260928_233000.wav
2026-09-28 23:31:42,281317834,+0.0,0,0,16,0.98,20260928_233000.wav
2026-09-28 23:31:51,281317837,-0.1,0,0,17,0.98,20260928_233000.wav
2026-09-28 23:32:03,281317841,+0.0,0,0,17,0.98,20260928_233000.wav
2026-09-28 23:32:54,281317858,-0.2,0,0,16,0.98,20260928_233000.wav
2026-09-28 23:33:03,281317861,-0.2,0,0,19,0.99,20260928_233000.wav
2026-09-28 23:33:27,281317869,-0.2,0,0,18,0.99,20260928_233000.wav
2026-09-28 23:33:30,281317870,-0.0,0,0,16,0.98,20260928_233000.wav
2026-09-28 23:33:39,281317873,-0.0,0,0,18,0.98,20260928_233000.wav
2026-09-28 23:33:48,281317876,-0.0,0,0,15,0.98,20260928_233000.wav
2026-09-28 23:33:54,281317878,-0.0,0,0,17,0.98,20260928_233000.wav
2026-09-28 23:34:03,281317881,-0.1,0,0,18,0.99,20260928_233000.wav
2026-09-28 23:34:12,281317884,-0.0,0,0,18,0.98,20260928_233000.wav
2026-09-28 23:34:18,281317886,-0.2,0,0,17,0.98,20260928_233000.wav
2026-09-28 23:34:27,281317889,-0.1,0,0,17,0.98,20260928_233000.wav
2026-09-28 23:34:36,281317892,-0.1,0,0,17,0.98,20260928_233000.wav
2026-09-28 23:34:48,281317896,+0.0,0,0,15,0.98,20260928_233000.wav
2026-09-28 23:34:54,281317898,+0.0,0,0,15,0.98,20260928_233000.wav
2026-09-28 23:35:03,281317901,-0.1,0,0,16,0.98,20260928_233000.wav
2026-09-28 23:35:12,281317904,-0.1,0,0,16,0.98,20260928_233000.wav
2026-09-28 23:35:15,281317905,+0.0,0,0,16,0.98,20260928_233000.wav
2026-09-28 23:35:18,281317906,-0.1,0,0,15,0.97,20260928_233000.wav
2026-09-28 23:35:27,281317909,+0.0,0,0,16,0.98,20260928_233000.wav
2026-09-28 23:35:30,281317910,-0.1,0,0,16,0.98,20260928_233000.wav
2026-09-28 23:35:39,281317913,-0.1,0,0,18,0.98,20260928_233000.wav
2026-09-28 23:35:45,281317915,+0.0,0,0,17,0.98,20260928_233000.wav
2026-09-28 23:35:57,281317919,-0.1,0,0,17,0.98,20260928_233000.wav
2026-09-28 23:36:03,281317921,+0.0,0,0,16,0.98,20260928_233000.wav
2026-09-28 23:36:42,281317934,+0.0,0,0,17,0.98,20260928_233000.wav
2026-09-28 23:36:48,281317936,+0.0,0,0,15,0.97,20260928_233000.wav
2026-09-28 23:37:03,281317941,+0.0,0,0,16,0.98,20260928_233000.wav
2026-09-28 23:37:15,281317945,+0.0,0,0,18,0.98,20260928_233000.wav
2026-09-28 23:37:18,281317946,+0.0,0,0,16,0.98,20260928_233000.wav
2026-09-28 23:37:45,281317955,+0.1,0,0,15,0.97,20260928_233000.wav
2026-09-28 23:37:51,281317957,+0.0,0,0,16,0.98,20260928_233000.wav
2026-09-28 23:38:12,281317964,+0.1,0,0,18,0.98,20260928_233000.wav
2026-09-28 23:38:15,281317965,+0.0,0,0,15,0.97,20260928_233000.wav
2026-09-28 23:38:39,281317973,+0.0,0,0,16,0.98,20260928_233000.wav
2026-09-28 23:38:42,281317974,+0.1,0,0,16,0.98,20260928_233000.wav
2026-09-28 23:38:45,281317975,+0.1,0,0,15,0.97,20260928_233000.wav
2026-09-28 23:39:03,281317981,+0.0,0,0,15,0.97,20260928_233000.wav
2026-09-28 23:39:36,281317992,+0.2,0,0,17,0.98,20260928_233000.wav
2026-09-28 23:39:48,281317996,+0.0,0,0,18,0.98,20260928_233000.wav
2026-09-28 23:39:57,281317999,+0.1,0,0,16,0.98,20260928_233000.wav
2026-09-28 23:39:57,281317999,-0.1,0,0,16,0.98,20260928_234000.wav
2026-09-28 23:40:03,281318001,-0.2,0,0,16,0.98,20260928_234000.wav
2026-09-28 23:40:21,281318007,-0.1,0,0,15,0.97,20260928_234000.wav
2026-09-28 23:40:36,281318012,-0.1,0,0,15,0.97,20260928_234000.wav
2026-09-28 23:40:39,281318013,+0.0,0,0,16,0.98,20260928_234000.wav
2026-09-28 23:40:45,281318015,+0.0,0,0,13,0.96,20260928_234000.wav
2026-09-28 23:40:51,281318017,-0.1,0,0,16,0.98,20260928_234000.wav
2026-09-28 23:41:00,281318020,+0.0,0,0,16,0.98,20260928_234000.wav
2026-09-28 23:41:03,281318021,-0.1,0,0,15,0.97,20260928_234000.wav
2026-09-28 23:41:42,281318034,-0.2,0,0,17,0.98,20260928_234000.wav
2026-09-28 23:41:57,281318039,-0.1,0,0,19,0.99,20260928_234000.wav
2026-09-28 23:42:03,281318041,-0.1,0,0,16,0.98,20260928_234000.wav
2026-09-28 23:42:12,281318044,-0.1,0,0,18,0.98,20260928_234000.wav
2026-09-28 23:42:48,281318056,+0.0,0,0,17,0.98,20260928_234000.wav
2026-09-28 23:43:18,281318066,+0.1,0,0,16,0.98,20260928_234000.wav
2026-09-28 23:43:30,281318070,+0.0,0,0,18,0.98,20260928_234000.wav
2026-09-28 23:43:42,281318074,+0.0,0,0,17,0.98,20260928_234000.wav
2026-09-28 23:43:51,281318077,-0.1,0,0,18,0.98,20260928_234000.wav
2026-09-28 23:44:03,281318081,+0.0,0,0,18,0.98,20260928_234000.wav
2026-09-28 23:44:09,281318083,+0.1,0,0,15,0.97,20260928_234000.wav
2026-09-28 23:44:12,281318084,+0.0,0,0,16,0.97,20260928_234000.wav
2026-09-28 23:44:21,281318087,+0.0,0,0,16,0.98,20260928_234000.wav
2026-09-28 23:44:24,281318088,+0.0,0,0,15,0.97,20260928_234000.wav
2026-09-28 23:44:39,281318093,+0.0,0,0,17,0.98,20260928_234000.wav
2026-09-28 23:45:03,281318101,+0.1,0,0,17,0.98,20260928_234000.wav
2026-09-28 23:45:24,281318108,+0.0,0,0,16,0.97,20260928_234000.wav
2026-09-28 23:45:30,281318110,+0.0,0,0,16,0.98,20260928_234000.wav
2026-09-28 23:45:54,281318118,-0.1,0,0,16,0.98,20260928_234000.wav
2026-09-28 23:46:03,281318121,+0.0,0,0,17,0.98,20260928_234000.wav
2026-09-28 23:46:27,281318129,+0.1,0,0,15,0.97,20260928_234000.wav
2026-09-28 23:46:36,281318132,+0.1,0,0,16,0.98,20260928_234000.wav
2026-09-28 23:46:51,281318137,+0.1,0,0,17,0.98,20260928_234000.wav
2026-09-28 23:47:03,281318141,+0.0,0,0,18,0.98,20260928_234000.wav
2026-09-28 23:47:09,281318143,-0.1,0,0,17,0.98,20260928_234000.wav
2026-09-28 23:47:12,281318144,+0.1,0,0,17,0.98,20260928_234000.wav
2026-09-28 23:47:18,281318146,+0.0,0,0,15,0.97,20260928_234000.wav
2026-09-28 23:47:21,281318147,+0.1,0,0,15,0.97,20260928_234000.wav
2026-09-28 23:47:39,281318153,-0.1,0,0,16,0.97,20260928_234000.wav
2026-09-28 23:48:00,281318160,+0.2,0,0,18,0.98,20260928_234000.wav
2026-09-28 23:48:03,281318161,+0.0,0,0,17,0.98,20260928_234000.wav
2026-09-28 23:48:39,281318173,+0.1,0,0,19,0.98,20260928_234000.wav
2026-09-28 23:48:42,281318174,+0.1,0,0,17,0.98,20260928_234000.wav
2026-09-28 23:48:51,281318177,+0.1,0,0,17,0.98,20260928_234000.wav
2026-09-28 23:48:57,281318179,+0.0,0,0,17,0.98,20260928_234000.wav
2026-09-28 23:49:18,281318186,+0.1,0,0,19,0.98,20260928_234000.wav
2026-09-28 23:49:27,281318189,+0.0,0,0,16,0.98,20260928_234000.wav
2026-09-28 23:49:36,281318192,+0.1,0,0,17,0.98,20260928_234000.wav
2026-09-28 23:49:48,281318196,+0.1,0,0,14,0.97,20260928_234000.wav
2026-09-28 23:49:54,281318198,+0.2,0,0,16,0.97,20260928_234000.wav
2026-09-28 23:50:00,281318200,-0.1,0,0,13,0.96,20260928_235000.wav
2026-09-28 23:50:03,281318201,-0.1,0,0,15,0.97,20260928_235000.wav
2026-09-28 23:50:27,281318209,-0.1,0,0,14,0.97,20260928_235000.wav
2026-09-28 23:50:39,281318213,-0.1,0,0,16,0.97,20260928_235000.wav
2026-09-28 23:50:48,281318216,+0.0,0,0,17,0.98,20260928_235000.wav
2026-09-28 23:50:57,281318219,+0.0,0,0,15,0.97,20260928_235000.wav
2026-09-28 23:51:00,281318220,-0.1,0,0,16,0.98,20260928_235000.wav
2026-09-28 23:51:03,281318221,+0.0,0,0,16,0.97,20260928_235000.wav
2026-09-28 23:51:12,281318224,+0.0,0,0,17,0.98,20260928_235000.wav
2026-09-28 23:51:30,281318230,-0.1,0,0,15,0.97,20260928_235000.wav
2026-09-28 23:51:48,281318236,-0.1,0,0,17,0.97,20260928_235000.wav
2026-09-28 23:52:03,281318241,+0.0,0,0,15,0.97,20260928_235000.wav
2026-09-28 23:52:15,281318245,+0.0,0,0,16,0.97,20260928_235000.wav
2026-09-28 23:52:18,281318246,-0.2,0,0,15,0.97,20260928_235000.wav
2026-09-28 23:52:30,281318250,+0.0,0,0,15,0.97,20260928_235000.wav
2026-09-28 23:53:03,281318261,-0.1,0,0,15,0.97,20260928_235000.wav
2026-09-28 23:53:18,281318266,-0.1,0,0,16,0.97,20260928_235000.wav
2026-09-28 23:53:24,281318268,+0.1,0,0,18,0.98,20260928_235000.wav
2026-09-28 23:53:39,281318273,+0.1,0,0,18,0.98,20260928_235000.wav
2026-09-28 23:53:42,281318274,-0.1,0,0,16,0.97,20260928_235000.wav
2026-09-28 23:54:00,281318280,+0.1,0,0,17,0.98,20260928_235000.wav
2026-09-28 23:54:03,281318281,+0.0,0,0,18,0.98,20260928_235000.wav
2026-09-28 23:54:12,281318284,+0.0,0,0,18,0.98,20260928_235000.wav
2026-09-28 23:54:18,281318286,+0.1,0,0,14,0.97,20260928_235000.wav
2026-09-28 23:54:57,281318299,+0.1,0,0,18,0.98,20260928_235000.wav
2026-09-28 23:55:03,281318301,+0.1,0,0,18,0.98,20260928_235000.wav
2026-09-28 23:55:30,281318310,+0.0,0,0,17,0.98,20260928_235000.wav
2026-09-28 23:55:42,281318314,+0.1,0,0,18,0.98,20260928_235000.wav
2026-09-28 23:56:03,281318321,+0.0,0,0,19,0.99,20260928_235000.wav
2026-09-28 23:56:09,281318323,+0.0,0,0,17,0.98,20260928_235000.wav
2026-09-28 23:56:12,281318324,+0.0,0,0,15,0.97,20260928_235000.wav
2026-09-28 23:56:21,281318327,+0.1,0,0,18,0.98,20260928_235000.wav
2026-09-28 23:56:39,281318333,+0.1,0,0,16,0.98,20260928_235000.wav
2026-09-28 23:56:54,281318338,+0.0,0,0,15,0.97,20260928_235000.wav
2026-09-28 23:57:24,281318348,+0.2,0,0,20,0.99,20260928_235704.wav
2026-09-28 23:57:36,281318352,-0.1,0,0,17,0.98,20260928_235704.wav
2026-09-28 23:57:42,281318354,+0.0,0,0,17,0.98,20260928_235704.wav
2026-09-28 23:57:51,281318357,-0.2,0,0,16,0.98,20260928_235704.wav
2026-09-28 23:58:03,281318361,+0.0,0,0,15,0.97,20260928_235704.wav
2026-09-28 23:58:18,281318366,+0.0,0,0,18,0.98,20260928_235704.wav
2026-09-28 23:58:27,281318369,+0.1,0,0,16,0.98,20260928_235704.wav
2026-09-28 23:58:48,281318376,+0.0,0,0,17,0.98,20260928_235704.wav
2026-09-28 23:58:51,281318377,+0.1,0,0,17,0.98,20260928_235704.wav
2026-09-28 23:58:54,281318378,+0.0,0,0,15,0.97,20260928_235704.wav
2026-09-28 23:59:03,281318381,-0.1,0,0,17,0.98,20260928_235704.wav
2026-09-28 23:59:15,281318385,+0.1,0,0,17,0.98,20260928_235704.wav
2026-09-28 23:59:42,281318394,-0.0,0,0,18,0.98,20260928_235704.wav
2026-09-29 00:00:03,281318401,-0.0,0,0,3,0.73,20260929_000000.wav
2026-09-29 00:00:27,281318409,-0.2,0,0,19,0.98,20260929_000000.wav
2026-09-29 00:00:36,281318412,-0.3,0,0,15,0.98,20260929_000000.wav
2026-09-29 00:00:42,281318414,-0.3,0,0,16,0.97,20260929_000000.wav
2026-09-29 00:00:45,281318415,-0.3,0,0,19,0.99,20260929_000000.wav
2026-09-29 00:01:00,281318420,-0.2,0,0,17,0.98,20260929_000000.wav
2026-09-29 00:01:03,281318421,-0.1,0,0,18,0.98,20260929_000000.wav
2026-09-29 00:01:12,281318424,-0.1,0,0,15,0.97,20260929_000000.wav
2026-09-29 00:01:42,281318434,-0.2,0,0,16,0.98,20260929_000000.wav
2026-09-29 00:01:45,281318435,-0.1,0,0,16,0.98,20260929_000000.wav
2026-09-29 00:01:48,281318436,-0.3,0,0,16,0.98,20260929_000000.wav
2026-09-29 00:01:51,281318437,-0.2,0,0,16,0.97,20260929_000000.wav
2026-09-29 00:02:00,281318440,-0.1,0,0,17,0.98,20260929_000000.wav
2026-09-29 00:02:03,281318441,-0.3,0,0,16,0.97,20260929_000000.wav
2026-09-29 00:02:39,281318453,+0.0,0,0,18,0.98,20260929_000000.wav
2026-09-29 00:02:45,281318455,-0.1,0,0,17,0.98,20260929_000000.wav
2026-09-29 00:02:54,281318458,+0.0,0,0,17,0.98,20260929_000000.wav
2026-09-29 00:02:57,281318459,-0.1,0,0,15,0.97,20260929_000000.wav
2026-09-29 00:03:03,281318461,+0.0,0,0,16,0.98,20260929_000000.wav
2026-09-29 00:03:24,281318468,-0.1,0,0,18,0.98,20260929_000000.wav
2026-09-29 00:03:27,281318469,+0.0,0,0,17,0.98,20260929_000000.wav
2026-09-29 00:03:30,281318470,-0.1,0,0,16,0.98,20260929_000000.wav
2026-09-29 00:03:39,281318473,-0.1,0,0,16,0.98,20260929_000000.wav
2026-09-29 00:03:45,281318475,-0.1,0,0,15,0.97,20260929_000000.wav
2026-09-29 00:03:57,281318479,+0.0,0,0,15,0.96,20260929_000000.wav
2026-09-29 00:04:03,281318481,-0.1,0,0,17,0.98,20260929_000000.wav
2026-09-29 00:04:15,281318485,+0.1,0,0,18,0.98,20260929_000000.wav
2026-09-29 00:04:42,281318494,-0.2,0,0,15,0.97,20260929_000000.wav
2026-09-29 00:04:51,281318497,+0.0,0,0,16,0.98,20260929_000000.wav
2026-09-29 00:05:03,281318501,+0.1,0,0,18,0.98,20260929_000000.wav
2026-09-29 00:05:09,281318503,+0.1,0,0,18,0.98,20260929_000000.wav
2026-09-29 00:05:21,281318507,-0.1,0,0,12,0.95,20260929_000000.wav
2026-09-29 00:05:39,281318513,+0.0,0,0,16,0.97,20260929_000000.wav
2026-09-29 00:06:00,281318520,+0.0,0,0,15,0.97,20260929_000000.wav
2026-09-29 00:06:03,281318521,+0.1,0,0,17,0.98,20260929_000000.wav
2026-09-29 00:06:24,281318528,+0.0,0,0,16,0.98,20260929_000000.wav
2026-09-29 00:06:27,281318529,+0.1,0,0,16,0.98,20260929_000000.wav
2026-09-29 00:06:39,281318533,+0.0,0,0,16,0.97,20260929_000000.wav
2026-09-29 00:06:48,281318536,-0.1,0,0,18,0.98,20260929_000000.wav
2026-09-29 00:06:57,281318539,+0.0,0,0,17,0.98,20260929_000000.wav
2026-09-29 00:07:03,281318541,+0.0,0,0,17,0.98,20260929_000000.wav
2026-09-29 00:07:12,281318544,+0.0,0,0,16,0.98,20260929_000000.wav
2026-09-29 00:07:15,281318545,+0.2,0,0,16,0.98,20260929_000000.wav
2026-09-29 00:07:18,281318546,+0.0,0,0,15,0.97,20260929_000000.wav
2026-09-29 00:07:36,281318552,+0.0,0,0,16,0.98,20260929_000000.wav
2026-09-29 00:07:51,281318557,+0.1,0,0,18,0.98,20260929_000000.wav
2026-09-29 00:08:03,281318561,+0.2,0,0,18,0.98,20260929_000000.wav
2026-09-29 00:08:18,281318566,+0.1,0,0,16,0.98,20260929_000000.wav
2026-09-29 00:08:24,281318568,+0.1,0,0,17,0.98,20260929_000000.wav
2026-09-29 00:08:30,281318570,+0.0,0,0,17,0.98,20260929_000000.wav
2026-09-29 00:08:42,281318574,+0.2,0,0,18,0.98,20260929_000000.wav
2026-09-29 00:08:48,281318576,+0.1,0,0,16,0.98,20260929_000000.wav
2026-09-29 00:09:03,281318581,+0.1,0,0,17,0.98,20260929_000000.wav
2026-09-29 00:09:12,281318584,+0.1,0,0,17,0.98,20260929_000000.wav
2026-09-29 00:09:18,281318586,+0.1,0,0,16,0.98,20260929_000000.wav
2026-09-29 00:09:27,281318589,+0.0,0,0,16,0.98,20260929_000000.wav
2026-09-29 00:09:45,281318595,+0.2,0,0,16,0.98,20260929_000000.wav
2026-09-29 00:10:12,281318604,+0.1,0,0,21,0.99,20260929_001000.wav
2026-09-29 00:10:21,281318607,+0.1,0,0,19,0.99,20260929_001000.wav
2026-09-29 00:10:30,281318610,+0.0,0,0,16,0.97,20260929_001000.wav
2026-09-29 00:10:36,281318612,-0.0,0,0,19,0.98,20260929_001000.wav
2026-09-29 00:10:45,281318615,+0.1,0,0,16,0.97,20260929_001000.wav
2026-09-29 00:10:51,281318617,-0.0,0,0,16,0.97,20260929_001000.wav
2026-09-29 00:11:03,281318621,-0.0,0,0,17,0.98,20260929_001000.wav
2026-09-29 00:11:12,281318624,-0.1,0,0,17,0.98,20260929_001000.wav
2026-09-29 00:11:39,281318633,-0.0,0,0,17,0.97,20260929_001000.wav
2026-09-29 00:11:42,281318634,-0.0,0,0,17,0.98,20260929_001000.wav
2026-09-29 00:11:45,281318635,-0.1,0,0,17,0.98,20260929_001000.wav
2026-09-29 00:11:54,281318638,-0.1,0,0,18,0.98,20260929_001000.wav
2026-09-29 00:12:03,281318641,-0.0,0,0,16,0.97,20260929_001000.wav
2026-09-29 00:12:24,281318648,-0.0,0,0,17,0.98,20260929_001000.wav
2026-09-29 00:12:54,281318658,+0.1,0,0,17,0.98,20260929_001000.wav
2026-09-29 00:13:03,281318661,-0.0,0,0,16,0.98,20260929_001000.wav
2026-09-29 00:13:36,281318672,-0.0,0,0,17,0.98,20260929_001000.wav
2026-09-29 00:13:42,281318674,-0.0,0,0,17,0.98,20260929_001000.wav
2026-09-29 00:13:45,281318675,-0.0,0,0,17,0.98,20260929_001000.wav
2026-09-29 00:13:48,281318676,+0.1,0,0,17,0.97,20260929_001000.wav
2026-09-29 00:14:03,281318681,-0.0,0,0,18,0.98,20260929_001000.wav
2026-09-29 00:14:15,281318685,+0.1,0,0,16,0.97,20260929_001000.wav
2026-09-29 00:14:27,281318689,-0.0,0,0,16,0.97,20260929_001000.wav
2026-09-29 00:14:51,281318697,-0.0,0,0,16,0.97,20260929_001000.wav
2026-09-29 00:14:54,281318698,+0.1,0,0,17,0.98,20260929_001000.wav
2026-09-29 00:15:00,281318700,-0.0,0,0,17,0.98,20260929_001000.wav
2026-09-29 00:15:03,281318701,+0.1,0,0,17,0.98,20260929_001000.wav
2026-09-29 00:15:24,281318708,-0.0,0,0,18,0.98,20260929_001000.wav
2026-09-29 00:16:03,281318721,-0.0,0,0,18,0.98,20260929_001000.wav
2026-09-29 00:16:18,281318726,-0.0,0,0,16,0.98,20260929_001000.wav
2026-09-29 00:16:24,281318728,+0.2,0,0,16,0.98,20260929_001000.wav
2026-09-29 00:16:42,281318734,+0.1,0,0,15,0.97,20260929_001000.wav
2026-09-29 00:16:54,281318738,+0.1,0,0,17,0.97,20260929_001000.wav
2026-09-29 00:17:03,281318741,+0.1,0,0,17,0.98,20260929_001000.wav
2026-09-29 00:17:12,281318744,+0.1,0,0,17,0.98,20260929_001000.wav
2026-09-29 00:17:18,281318746,+0.1,0,0,17,0.97,20260929_001000.wav
2026-09-29 00:17:24,281318748,-0.0,0,0,17,0.98,20260929_001000.wav
2026-09-29 00:17:27,281318749,+0.2,0,0,17,0.98,20260929_001000.wav
2026-09-29 00:17:39,281318753,-0.0,0,0,17,0.98,20260929_001000.wav
2026-09-29 00:17:42,281318754,+0.1,0,0,16,0.97,20260929_001000.wav
2026-09-29 00:17:45,281318755,+0.1,0,0,18,0.98,20260929_001000.wav
2026-09-29 00:18:03,281318761,+0.0,0,0,17,0.98,20260929_001000.wav
2026-09-29 00:18:36,281318772,-0.1,0,0,17,0.98,20260929_001000.wav
2026-09-29 00:18:45,281318775,+0.0,0,0,16,0.97,20260929_001000.wav
2026-09-29 00:18:54,281318778,+0.0,0,0,18,0.98,20260929_001000.wav
2026-09-29 00:19:03,281318781,+0.1,0,0,16,0.96,20260929_001000.wav
2026-09-29 00:19:42,281318794,+0.1,0,0,17,0.97,20260929_001000.wav
2026-09-29 00:19:51,281318797,+0.2,0,0,17,0.96,20260929_001000.wav
2026-09-29 00:20:03,281318801,+0.1,0,0,18,0.97,20260929_002000.wav
2026-09-29 00:20:12,281318804,+0.1,0,0,16,0.97,20260929_002000.wav
2026-09-29 00:20:18,281318806,-0.0,0,0,16,0.97,20260929_002000.wav
2026-09-29 00:21:00,281318820,+0.1,0,0,16,0.97,20260929_002000.wav
2026-09-29 00:21:03,281318821,-0.0,0,0,17,0.97,20260929_002000.wav
2026-09-29 00:21:36,281318832,+0.1,0,0,17,0.97,20260929_002000.wav
2026-09-29 00:21:39,281318833,-0.1,0,0,15,0.97,20260929_002000.wav
2026-09-29 00:21:54,281318838,-0.0,0,0,17,0.98,20260929_002000.wav
2026-09-29 00:22:03,281318841,-0.0,0,0,19,0.98,20260929_002000.wav
2026-09-29 00:22:15,281318845,-0.1,0,0,13,0.96,20260929_002000.wav
2026-09-29 00:22:27,281318849,-0.0,0,0,12,0.95,20260929_002000.wav
2026-09-29 00:22:36,281318852,-0.1,0,0,16,0.97,20260929_002000.wav
2026-09-29 00:22:48,281318856,-0.0,0,0,16,0.97,20260929_002000.wav
2026-09-29 00:22:54,281318858,-0.1,0,0,16,0.97,20260929_002000.wav
2026-09-29 00:23:03,281318861,-0.1,0,0,19,0.98,20260929_002000.wav
2026-09-29 00:23:18,281318866,-0.0,0,0,16,0.97,20260929_002000.wav
2026-09-29 00:23:39,281318873,-0.0,0,0,16,0.97,20260929_002000.wav
2026-09-29 00:24:03,281318881,-0.1,0,0,19,0.98,20260929_002000.wav
2026-09-29 00:25:03,281318901,+0.1,0,0,15,0.96,20260929_002000.wav
2026-09-29 00:25:36,281318912,+0.1,0,0,15,0.97,20260929_002000.wav
2026-09-29 00:25:42,281318914,+0.2,0,0,16,0.97,20260929_002000.wav
2026-09-29 00:25:45,281318915,+0.1,0,0,15,0.97,20260929_002000.wav
2026-09-29 00:26:03,281318921,+0.0,0,0,15,0.97,20260929_002000.wav
2026-09-29 00:26:15,281318925,+0.2,0,0,17,0.96,20260929_002000.wav
2026-09-29 00:26:27,281318929,+0.0,0,0,16,0.97,20260929_002000.wav
2026-09-29 00:26:39,281318933,+0.1,0,0,13,0.95,20260929_002000.wav
2026-09-29 00:26:45,281318935,+0.1,0,0,16,0.96,20260929_002000.wav
2026-09-29 00:26:48,281318936,+0.0,0,0,16,0.97,20260929_002000.wav
2026-09-29 00:26:51,281318937,+0.0,0,0,14,0.96,20260929_002000.wav
2026-09-29 00:26:54,281318938,+0.1,0,0,16,0.97,20260929_002000.wav
2026-09-29 00:27:03,281318941,+0.0,0,0,15,0.97,20260929_002000.wav
2026-09-29 00:27:15,281318945,+0.0,0,0,18,0.98,20260929_002706.wav
2026-09-29 00:27:18,281318946,+0.0,0,0,17,0.98,20260929_002706.wav
2026-09-29 00:27:21,281318947,-0.1,0,0,14,0.96,20260929_002706.wav
2026-09-29 00:27:39,281318953,+0.0,0,0,15,0.95,20260929_002706.wav
2026-09-29 00:28:03,281318961,+0.0,0,0,15,0.96,20260929_002706.wav
2026-09-29 00:28:30,281318970,-0.1,0,0,18,0.97,20260929_002706.wav
2026-09-29 00:29:03,281318981,+0.1,0,0,17,0.98,20260929_002706.wav
2026-09-29 00:29:15,281318985,-0.0,0,0,18,0.98,20260929_002706.wav
2026-09-29 00:29:18,281318986,+0.1,0,0,17,0.97,20260929_002706.wav
2026-09-29 00:29:39,281318993,-0.0,0,0,16,0.97,20260929_002706.wav
2026-09-29 00:29:45,281318995,-0.0,0,0,17,0.98,20260929_002706.wav
2026-09-29 00:29:57,281318999,+0.2,0,0,15,0.96,20260929_002706.wav
2026-09-29 00:30:03,281319001,+0.2,0,0,11,0.92,20260929_003000.wav
2026-09-29 00:30:12,281319004,-0.0,0,0,18,0.97,20260929_003000.wav
2026-09-29 00:30:15,281319005,-0.1,0,0,20,0.99,20260929_003000.wav
2026-09-29 00:30:42,281319014,-0.1,0,0,16,0.97,20260929_003000.wav
2026-09-29 00:30:48,281319016,-0.2,0,0,17,0.98,20260929_003000.wav
2026-09-29 00:30:57,281319019,-0.1,0,0,18,0.97,20260929_003000.wav
2026-09-29 00:31:03,281319021,-0.1,0,0,17,0.98,20260929_003000.wav
2026-09-29 00:31:15,281319025,-0.1,0,0,16,0.98,20260929_003000.wav
2026-09-29 00:31:21,281319027,-0.0,0,0,16,0.98,20260929_003000.wav
2026-09-29 00:31:36,281319032,-0.0,0,0,17,0.96,20260929_003000.wav
2026-09-29 00:31:45,281319035,-0.0,0,0,16,0.98,20260929_003000.wav
2026-09-29 00:31:51,281319037,-0.0,0,0,17,0.98,20260929_003000.wav
2026-09-29 00:32:03,281319041,-0.2,0,0,17,0.98,20260929_003000.wav
2026-09-29 00:32:18,281319046,-0.1,0,0,19,0.98,20260929_003000.wav
2026-09-29 00:32:45,281319055,+0.1,0,0,19,0.99,20260929_003000.wav
2026-09-29 00:32:54,281319058,+0.0,0,0,17,0.98,20260929_003000.wav
2026-09-29 00:33:00,281319060,+0.1,0,0,17,0.98,20260929_003000.wav
2026-09-29 00:33:03,281319061,-0.1,0,0,17,0.98,20260929_003000.wav
2026-09-29 00:33:12,281319064,+0.0,0,0,17,0.98,20260929_003000.wav
2026-09-29 00:33:24,281319068,+0.1,0,0,17,0.98,20260929_003000.wav
2026-09-29 00:33:30,281319070,+0.1,0,0,21,0.99,20260929_003000.wav
2026-09-29 00:33:36,281319072,+0.0,0,0,18,0.98,20260929_003000.wav
2026-09-29 00:33:45,281319075,+0.1,0,0,16,0.97,20260929_003000.wav
2026-09-29 00:34:03,281319081,+0.1,0,0,18,0.98,20260929_003000.wav
2026-09-29 00:34:36,281319092,-0.1,0,0,18,0.98,20260929_003000.wav
2026-09-29 00:34:39,281319093,+0.1,0,0,16,0.98,20260929_003000.wav
2026-09-29 00:34:48,281319096,+0.1,0,0,17,0.98,20260929_003000.wav
2026-09-29 00:34:51,281319097,-0.1,0,0,17,0.98,20260929_003000.wav
2026-09-29 00:35:00,281319100,-0.1,0,0,16,0.97,20260929_003000.wav
2026-09-29 00:35:03,281319101,+0.1,0,0,17,0.98,20260929_003000.wav
2026-09-29 00:35:39,281319113,+0.0,0,0,17,0.97,20260929_003000.wav
2026-09-29 00:35:48,281319116,+0.1,0,0,14,0.96,20260929_003000.wav
2026-09-29 00:36:03,281319121,+0.0,0,0,17,0.98,20260929_003000.wav
2026-09-29 00:36:18,281319126,+0.0,0,0,15,0.96,20260929_003000.wav
2026-09-29 00:36:21,281319127,+0.1,0,0,17,0.98,20260929_003000.wav
2026-09-29 00:36:30,281319130,+0.0,0,0,16,0.98,20260929_003000.wav
2026-09-29 00:36:39,281319133,-0.1,0,0,17,0.98,20260929_003000.wav
2026-09-29 00:36:45,281319135,+0.0,0,0,16,0.98,20260929_003000.wav
2026-09-29 00:37:03,281319141,-0.1,0,0,18,0.98,20260929_003000.wav
2026-09-29 00:37:30,281319150,+0.1,0,0,17,0.98,20260929_003000.wav
2026-09-29 00:37:39,281319153,+0.0,0,0,16,0.98,20260929_003000.wav
2026-09-29 00:37:42,281319154,+0.0,0,0,17,0.97,20260929_003000.wav
2026-09-29 00:38:03,281319161,+0.0,0,0,17,0.98,20260929_003000.wav
2026-09-29 00:38:12,281319164,-0.1,0,0,16,0.97,20260929_003000.wav
2026-09-29 00:38:42,281319174,-0.1,0,0,16,0.97,20260929_003000.wav
2026-09-29 00:39:03,281319181,+0.2,0,0,14,0.96,20260929_003000.wav
2026-09-29 00:39:36,281319192,-0.1,0,0,19,0.99,20260929_003000.wav
2026-09-29 00:39:48,281319196,+0.0,0,0,17,0.97,20260929_003000.wav
2026-09-29 00:40:03,281319201,-0.2,0,0,12,0.93,20260929_004000.wav
2026-09-29 00:40:39,281319213,-0.3,0,0,14,0.97,20260929_004000.wav
2026-09-29 00:40:45,281319215,-0.3,0,0,15,0.96,20260929_004000.wav
2026-09-29 00:41:03,281319221,-0.3,0,0,12,0.95,20260929_004000.wav
2026-09-29 00:41:09,281319223,-0.1,0,0,16,0.98,20260929_004000.wav
2026-09-29 00:41:21,281319227,-0.1,0,0,13,0.95,20260929_004000.wav
2026-09-29 00:41:24,281319228,-0.1,0,0,13,0.95,20260929_004000.wav
2026-09-29 00:41:27,281319229,-0.2,0,0,17,0.97,20260929_004000.wav
2026-09-29 00:41:30,281319230,-0.0,0,0,17,0.97,20260929_004000.wav
2026-09-29 00:41:57,281319239,-0.2,0,0,16,0.97,20260929_004000.wav
2026-09-29 00:42:03,281319241,-0.1,0,0,14,0.96,20260929_004000.wav
2026-09-29 00:42:24,281319248,-0.0,0,0,15,0.96,20260929_004000.wav
2026-09-29 00:42:39,281319253,-0.0,0,0,16,0.97,20260929_004000.wav
2026-09-29 00:42:51,281319257,-0.1,0,0,17,0.98,20260929_004000.wav
2026-09-29 00:42:54,281319258,-0.2,0,0,15,0.97,20260929_004000.wav
2026-09-29 00:43:03,281319261,-0.1,0,0,13,0.96,20260929_004000.wav
2026-09-29 00:43:15,281319265,-0.1,0,0,13,0.96,20260929_004000.wav
2026-09-29 00:43:21,281319267,-0.0,0,0,16,0.98,20260929_004000.wav
2026-09-29 00:43:27,281319269,-0.0,0,0,16,0.98,20260929_004000.wav
2026-09-29 00:43:48,281319276,-0.1,0,0,16,0.98,20260929_004000.wav
2026-09-29 00:43:51,281319277,+0.1,0,0,16,0.97,20260929_004000.wav
2026-09-29 00:43:54,281319278,-0.1,0,0,16,0.97,20260929_004000.wav
2026-09-29 00:44:00,281319280,+0.0,0,0,15,0.97,20260929_004000.wav
2026-09-29 00:44:03,281319281,-0.1,0,0,14,0.97,20260929_004000.wav
2026-09-29 00:44:24,281319288,+0.0,0,0,18,0.99,20260929_004000.wav
2026-09-29 00:44:39,281319293,+0.1,0,0,18,0.98,20260929_004000.wav
2026-09-29 00:44:45,281319295,+0.0,0,0,16,0.97,20260929_004000.wav
2026-09-29 00:44:48,281319296,+0.0,0,0,15,0.97,20260929_004000.wav
2026-09-29 00:44:51,281319297,+0.0,0,0,16,0.98,20260929_004000.wav
2026-09-29 00:45:00,281319300,+0.0,0,0,16,0.97,20260929_004000.wav
2026-09-29 00:45:03,281319301,+0.0,0,0,15,0.97,20260929_004000.wav
2026-09-29 00:45:21,281319307,+0.0,0,0,16,0.97,20260929_004000.wav
2026-09-29 00:45:30,281319310,-0.1,0,0,16,0.98,20260929_004000.wav
2026-09-29 00:45:39,281319313,+0.0,0,0,17,0.98,20260929_004000.wav
2026-09-29 00:45:45,281319315,-0.1,0,0,15,0.97,20260929_004000.wav
2026-09-29 00:46:00,281319320,+0.0,0,0,19,0.99,20260929_004000.wav
2026-09-29 00:46:03,281319321,+0.1,0,0,18,0.99,20260929_004000.wav
2026-09-29 00:46:15,281319325,+0.0,0,0,16,0.98,20260929_004000.wav
2026-09-29 00:46:24,281319328,+0.0,0,0,18,0.98,20260929_004000.wav
2026-09-29 00:46:54,281319338,+0.1,0,0,16,0.98,20260929_004000.wav
2026-09-29 00:47:03,281319341,+0.0,0,0,17,0.98,20260929_004000.wav
2026-09-29 00:47:27,281319349,+0.1,0,0,16,0.98,20260929_004000.wav
2026-09-29 00:47:39,281319353,+0.2,0,0,16,0.97,20260929_004000.wav
2026-09-29 00:47:48,281319356,+0.2,0,0,13,0.96,20260929_004000.wav
2026-09-29 00:48:00,281319360,+0.1,0,0,14,0.96,20260929_004000.wav
2026-09-29 00:48:03,281319361,+0.1,0,0,16,0.97,20260929_004000.wav
2026-09-29 00:48:18,281319366,+0.1,0,0,17,0.97,20260929_004000.wav
2026-09-29 00:48:45,281319375,+0.1,0,0,17,0.98,20260929_004000.wav
2026-09-29 00:48:57,281319379,+0.2,0,0,18,0.98,20260929_004000.wav
2026-09-29 00:49:03,281319381,-0.0,0,0,17,0.98,20260929_004000.wav
2026-09-29 00:49:15,281319385,+0.2,0,0,19,0.99,20260929_004000.wav
2026-09-29 00:49:21,281319387,+0.2,0,0,17,0.98,20260929_004000.wav
2026-09-29 00:49:45,281319395,+0.2,0,0,19,0.98,20260929_004000.wav
2026-09-29 00:50:03,281319401,+0.0,0,0,18,0.99,20260929_005000.wav
2026-09-29 00:50:18,281319406,+0.1,0,0,16,0.98,20260929_005000.wav
2026-09-29 00:50:30,281319410,-0.1,0,0,18,0.98,20260929_005000.wav
2026-09-29 00:51:00,281319420,-0.1,0,0,16,0.98,20260929_005000.wav
2026-09-29 00:51:03,281319421,-0.1,0,0,15,0.97,20260929_005000.wav
2026-09-29 00:51:27,281319429,+0.0,0,0,19,0.99,20260929_005000.wav
2026-09-29 00:51:30,281319430,+0.0,0,0,18,0.98,20260929_005000.wav
2026-09-29 00:51:51,281319437,+0.0,0,0,16,0.97,20260929_005000.wav
2026-09-29 00:51:54,281319438,+0.0,0,0,16,0.98,20260929_005000.wav
2026-09-29 00:52:00,281319440,+0.0,0,0,16,0.97,20260929_005000.wav
2026-09-29 00:52:03,281319441,+0.0,0,0,16,0.98,20260929_005000.wav
2026-09-29 00:52:09,281319443,+0.0,0,0,17,0.98,20260929_005000.wav
2026-09-29 00:52:27,281319449,+0.0,0,0,18,0.98,20260929_005000.wav
2026-09-29 00:52:36,281319452,-0.1,0,0,15,0.97,20260929_005000.wav
2026-09-29 00:52:48,281319456,+0.1,0,0,18,0.98,20260929_005000.wav
2026-09-29 00:52:51,281319457,+0.0,0,0,16,0.98,20260929_005000.wav
2026-09-29 00:53:00,281319460,+0.0,0,0,18,0.99,20260929_005000.wav
2026-09-29 00:53:03,281319461,+0.0,0,0,16,0.98,20260929_005000.wav
2026-09-29 00:53:18,281319466,+0.0,0,0,16,0.98,20260929_005000.wav
2026-09-29 00:53:24,281319468,+0.0,0,0,16,0.98,20260929_005000.wav
2026-09-29 00:53:39,281319473,+0.0,0,0,16,0.98,20260929_005000.wav
2026-09-29 00:53:42,281319474,-0.1,0,0,15,0.97,20260929_005000.wav
2026-09-29 00:53:45,281319475,+0.1,0,0,16,0.98,20260929_005000.wav
2026-09-29 00:53:54,281319478,+0.0,0,0,16,0.98,20260929_005000.wav
2026-09-29 00:54:03,281319481,-0.1,0,0,17,0.98,20260929_005000.wav
2026-09-29 00:54:15,281319485,+0.0,0,0,16,0.98,20260929_005000.wav
2026-09-29 00:54:24,281319488,+0.1,0,0,16,0.98,20260929_005000.wav
2026-09-29 00:54:42,281319494,+0.1,0,0,16,0.98,20260929_005000.wav
2026-09-29 00:54:45,281319495,-0.1,0,0,18,0.99,20260929_005000.wav
2026-09-29 00:55:03,281319501,+0.1,0,0,16,0.98,20260929_005000.wav
2026-09-29 00:55:36,281319512,+0.1,0,0,16,0.98,20260929_005000.wav
2026-09-29 00:55:42,281319514,+0.0,0,0,16,0.98,20260929_005000.wav
2026-09-29 00:55:48,281319516,+0.0,0,0,16,0.98,20260929_005000.wav
2026-09-29 00:56:03,281319521,+0.0,0,0,18,0.99,20260929_005000.wav
2026-09-29 00:56:45,281319535,+0.0,0,0,18,0.99,20260929_005000.wav
2026-09-29 00:57:03,281319541,+0.1,0,0,17,0.98,20260929_005000.wav
2026-09-29 00:57:15,281319545,+0.1,0,0,17,0.98,20260929_005000.wav
2026-09-29 00:57:18,281319546,+0.0,0,0,16,0.98,20260929_005000.wav
2026-09-29 00:58:00,281319560,+0.2,0,0,17,0.98,20260929_005000.wav
2026-09-29 00:58:03,281319561,+0.1,0,0,14,0.97,20260929_005000.wav
2026-09-29 00:58:18,281319566,+0.2,0,0,18,0.98,20260929_005000.wav
2026-09-29 00:58:30,281319570,+0.1,0,0,18,0.98,20260929_005000.wav
2026-09-29 00:58:39,281319573,+0.1,0,0,17,0.98,20260929_005000.wav
2026-09-29 00:59:03,281319581,+0.1,0,0,16,0.98,20260929_005000.wav
2026-09-29 00:59:45,281319595,+0.2,0,0,19,0.99,20260929_005000.wav
2026-09-29 00:59:48,281319596,+0.2,0,0,17,0.98,20260929_005000.wav
2026-09-29 01:00:03,281319601,-0.0,0,0,18,0.98,20260929_010000.wav
2026-09-29 01:00:15,281319605,-0.1,0,0,17,0.98,20260929_010000.wav
2026-09-29 01:00:39,281319613,-0.1,0,0,18,0.98,20260929_010000.wav
2026-09-29 01:00:54,281319618,-0.2,0,0,15,0.97,20260929_010000.wav
2026-09-29 01:00:57,281319619,-0.0,0,0,15,0.97,20260929_010000.wav
2026-09-29 01:01:03,281319621,-0.2,0,0,16,0.97,20260929_010000.wav
2026-09-29 01:01:42,281319634,-0.1,0,0,17,0.98,20260929_010000.wav
2026-09-29 01:01:51,281319637,-0.1,0,0,17,0.98,20260929_010000.wav
2026-09-29 01:01:54,281319638,+0.0,0,0,15,0.97,20260929_010000.wav
2026-09-29 01:02:03,281319641,+0.0,0,0,16,0.98,20260929_010000.wav
2026-09-29 01:02:15,281319645,-0.1,0,0,15,0.97,20260929_010000.wav
2026-09-29 01:02:39,281319653,+0.0,0,0,16,0.98,20260929_010000.wav
2026-09-29 01:02:42,281319654,+0.0,0,0,15,0.97,20260929_010000.wav
2026-09-29 01:02:45,281319655,+0.0,0,0,16,0.98,20260929_010000.wav
2026-09-29 01:03:03,281319661,-0.1,0,0,16,0.98,20260929_010000.wav
2026-09-29 01:03:12,281319664,+0.0,0,0,16,0.98,20260929_010000.wav
2026-09-29 01:03:27,281319669,-0.1,0,0,15,0.97,20260929_010000.wav
2026-09-29 01:03:48,281319676,+0.0,0,0,19,0.98,20260929_010000.wav
2026-09-29 01:04:03,281319681,+0.1,0,0,16,0.98,20260929_010000.wav
2026-09-29 01:04:39,281319693,+0.0,0,0,17,0.98,20260929_010000.wav
2026-09-29 01:05:00,281319700,+0.1,0,0,18,0.98,20260929_010000.wav
2026-09-29 01:05:03,281319701,+0.0,0,0,16,0.98,20260929_010000.wav
2026-09-29 01:05:09,281319703,+0.0,0,0,18,0.98,20260929_010000.wav
2026-09-29 01:05:12,281319704,+0.0,0,0,16,0.98,20260929_010000.wav
2026-09-29 01:06:00,281319720,+0.1,0,0,17,0.98,20260929_010000.wav
2026-09-29 01:06:03,281319721,+0.0,0,0,16,0.98,20260929_010000.wav
2026-09-29 01:06:24,281319728,+0.1,0,0,17,0.98,20260929_010000.wav
2026-09-29 01:06:30,281319730,-0.1,0,0,18,0.98,20260929_010000.wav
2026-09-29 01:06:51,281319737,+0.2,0,0,15,0.97,20260929_010000.wav
2026-09-29 01:07:03,281319741,+0.1,0,0,15,0.97,20260929_010000.wav
2026-09-29 01:07:09,281319743,+0.2,0,0,18,0.98,20260929_010000.wav
2026-09-29 01:07:48,281319756,+0.1,0,0,17,0.98,20260929_010000.wav
2026-09-29 01:07:54,281319758,+0.2,0,0,19,0.98,20260929_010000.wav
2026-09-29 01:08:03,281319761,+0.2,0,0,20,0.99,20260929_010000.wav
2026-09-29 01:08:12,281319764,+0.1,0,0,17,0.98,20260929_010000.wav
2026-09-29 01:08:15,281319765,+0.2,0,0,15,0.97,20260929_010000.wav
2026-09-29 01:08:18,281319766,-0.0,0,0,16,0.97,20260929_010000.wav
2026-09-29 01:08:24,281319768,+0.2,0,0,16,0.98,20260929_010000.wav
2026-09-29 01:08:27,281319769,+0.1,0,0,17,0.97,20260929_010000.wav
2026-09-29 01:08:42,281319774,+0.2,0,0,18,0.98,20260929_010000.wav
2026-09-29 01:08:45,281319775,+0.2,0,0,16,0.98,20260929_010000.wav
2026-09-29 01:08:54,281319778,+0.2,0,0,16,0.98,20260929_010000.wav
2026-09-29 01:09:00,281319780,-0.0,0,0,16,0.98,20260929_010000.wav
2026-09-29 01:09:03,281319781,+0.1,0,0,16,0.98,20260929_010000.wav
2026-09-29 01:09:12,281319784,+0.1,0,0,18,0.98,20260929_010000.wav
2026-09-29 01:09:15,281319785,+0.1,0,0,18,0.98,20260929_010000.wav
2026-09-29 01:09:24,281319788,+0.2,0,0,17,0.98,20260929_010000.wav
2026-09-29 01:09:36,281319792,+0.2,0,0,16,0.97,20260929_010000.wav
2026-09-29 01:09:42,281319794,+0.2,0,0,17,0.98,20260929_010000.wav
2026-09-29 01:09:48,281319796,+0.1,0,0,16,0.98,20260929_010000.wav
2026-09-29 01:09:57,281319799,+0.1,0,0,17,0.98,20260929_010000.wav
2026-09-29 01:09:57,281319799,-0.2,0,0,17,0.98,20260929_011000.wav
2026-09-29 01:10:03,281319801,-0.1,0,0,17,0.98,20260929_011000.wav
2026-09-29 01:10:36,281319812,+0.0,0,0,17,0.97,20260929_011000.wav
2026-09-29 01:10:39,281319813,-0.2,0,0,15,0.97,20260929_011000.wav
2026-09-29 01:10:51,281319817,+0.0,0,0,18,0.98,20260929_011000.wav
2026-09-29 01:11:00,281319820,-0.1,0,0,16,0.98,20260929_011000.wav
2026-09-29 01:11:03,281319821,-0.2,0,0,16,0.97,20260929_011000.wav
2026-09-29 01:11:39,281319833,+0.0,0,0,17,0.98,20260929_011000.wav
2026-09-29 01:11:42,281319834,-0.2,0,0,16,0.98,20260929_011000.wav
2026-09-29 01:12:03,281319841,+0.0,0,0,16,0.97,20260929_011000.wav
2026-09-29 01:12:18,281319846,+0.0,0,0,16,0.98,20260929_011000.wav
2026-09-29 01:12:27,281319849,-0.1,0,0,16,0.97,20260929_011000.wav
2026-09-29 01:12:57,281319859,+0.0,0,0,18,0.98,20260929_011000.wav
2026-09-29 01:13:03,281319861,+0.0,0,0,16,0.98,20260929_011000.wav
2026-09-29 01:13:12,281319864,+0.0,0,0,18,0.98,20260929_011000.wav
2026-09-29 01:13:15,281319865,-0.1,0,0,16,0.98,20260929_011000.wav
2026-09-29 01:13:42,281319874,+0.0,0,0,16,0.98,20260929_011000.wav
2026-09-29 01:13:45,281319875,-0.1,0,0,16,0.98,20260929_011000.wav
2026-09-29 01:13:51,281319877,-0.1,0,0,16,0.97,20260929_011000.wav
2026-09-29 01:14:03,281319881,+0.0,0,0,15,0.97,20260929_011000.wav
2026-09-29 01:14:15,281319885,-0.1,0,0,16,0.98,20260929_011000.wav
2026-09-29 01:14:39,281319893,-0.1,0,0,17,0.98,20260929_011000.wav
2026-09-29 01:14:45,281319895,-0.1,0,0,15,0.97,20260929_011000.wav
2026-09-29 01:14:48,281319896,+0.0,0,0,15,0.97,20260929_011000.wav
2026-09-29 01:15:03,281319901,+0.0,0,0,17,0.98,20260929_011000.wav
2026-09-29 01:15:18,281319906,+0.1,0,0,17,0.98,20260929_011000.wav
2026-09-29 01:16:03,281319921,+0.0,0,0,15,0.97,20260929_011000.wav
2026-09-29 01:16:30,281319930,+0.1,0,0,16,0.97,20260929_011000.wav
2026-09-29 01:16:39,281319933,+0.0,0,0,15,0.97,20260929_011000.wav
2026-09-29 01:16:54,281319938,+0.0,0,0,18,0.98,20260929_011000.wav
2026-09-29 01:17:03,281319941,-0.1,0,0,13,0.96,20260929_011000.wav
2026-09-29 01:17:12,281319944,+0.0,0,0,18,0.98,20260929_011000.wav
2026-09-29 01:17:18,281319946,-0.1,0,0,17,0.97,20260929_011000.wav
2026-09-29 01:17:24,281319948,+0.0,0,0,14,0.96,20260929_011000.wav
2026-09-29 01:17:39,281319953,+0.1,0,0,16,0.97,20260929_011000.wav
2026-09-29 01:17:42,281319954,+0.0,0,0,16,0.97,20260929_011000.wav
2026-09-29 01:17:54,281319958,+0.1,0,0,16,0.97,20260929_011000.wav
2026-09-29 01:18:00,281319960,+0.1,0,0,15,0.97,20260929_011000.wav
2026-09-29 01:18:03,281319961,+0.0,0,0,16,0.97,20260929_011000.wav
2026-09-29 01:18:12,281319964,+0.0,0,0,16,0.97,20260929_011000.wav
2026-09-29 01:18:15,281319965,+0.1,0,0,16,0.97,20260929_011000.wav
2026-09-29 01:18:24,281319968,+0.1,0,0,15,0.97,20260929_011000.wav
2026-09-29 01:19:03,281319981,+0.1,0,0,18,0.98,20260929_011000.wav
2026-09-29 01:19:42,281319994,+0.1,0,0,17,0.98,20260929_011000.wav
2026-09-29 01:20:00,281320000,+0.0,0,0,14,0.96,20260929_012000.wav
2026-09-29 01:20:03,281320001,+0.0,0,0,19,0.98,20260929_012000.wav
2026-09-29 01:20:12,281320004,-0.1,0,0,16,0.97,20260929_012000.wav
2026-09-29 01:20:18,281320006,+0.0,0,0,16,0.97,20260929_012000.wav
2026-09-29 01:20:21,281320007,-0.1,0,0,15,0.97,20260929_012000.wav
2026-09-29 01:20:30,281320010,-0.2,0,0,17,0.98,20260929_012000.wav
2026-09-29 01:20:54,281320018,-0.1,0,0,17,0.98,20260929_012000.wav
2026-09-29 01:21:03,281320021,-0.1,0,0,16,0.97,20260929_012000.wav
2026-09-29 01:21:24,281320028,-0.2,0,0,15,0.97,20260929_012000.wav
2026-09-29 01:21:39,281320033,-0.1,0,0,17,0.98,20260929_012000.wav
2026-09-29 01:21:42,281320034,-0.0,0,0,17,0.97,20260929_012000.wav
2026-09-29 01:21:48,281320036,-0.1,0,0,15,0.97,20260929_012000.wav
2026-09-29 01:21:54,281320038,-0.2,0,0,18,0.98,20260929_012000.wav
2026-09-29 01:22:00,281320040,-0.1,0,0,18,0.98,20260929_012000.wav
2026-09-29 01:22:03,281320041,-0.1,0,0,16,0.97,20260929_012000.wav
2026-09-29 01:22:27,281320049,-0.0,0,0,18,0.98,20260929_012000.wav
2026-09-29 01:22:54,281320058,-0.0,0,0,17,0.97,20260929_012000.wav
2026-09-29 01:23:03,281320061,-0.1,0,0,16,0.97,20260929_012000.wav
2026-09-29 01:23:15,281320065,+0.1,0,0,18,0.98,20260929_012000.wav
2026-09-29 01:23:39,281320073,+0.1,0,0,18,0.97,20260929_012000.wav
2026-09-29 01:23:51,281320077,+0.0,0,0,18,0.98,20260929_012000.wav
2026-09-29 01:24:03,281320081,+0.1,0,0,18,0.98,20260929_012000.wav
2026-09-29 01:24:18,281320086,+0.1,0,0,17,0.98,20260929_012000.wav
2026-09-29 01:24:21,281320087,-0.1,0,0,15,0.97,20260929_012000.wav
2026-09-29 01:24:24,281320088,+0.0,0,0,16,0.97,20260929_012000.wav
2026-09-29 01:24:39,281320093,+0.1,0,0,16,0.97,20260929_012000.wav
2026-09-29 01:24:45,281320095,-0.1,0,0,17,0.98,20260929_012000.wav
2026-09-29 01:25:00,281320100,-0.1,0,0,17,0.98,20260929_012000.wav
2026-09-29 01:25:03,281320101,+0.0,0,0,17,0.97,20260929_012000.wav
2026-09-29 01:25:15,281320105,-0.1,0,0,17,0.97,20260929_012000.wav
2026-09-29 01:25:24,281320108,+0.0,0,0,17,0.98,20260929_012000.wav
2026-09-29 01:25:30,281320110,-0.1,0,0,15,0.97,20260929_012000.wav
2026-09-29 01:25:39,281320113,-0.1,0,0,18,0.98,20260929_012000.wav
2026-09-29 01:25:51,281320117,+0.1,0,0,16,0.97,20260929_012000.wav
2026-09-29 01:25:54,281320118,-0.1,0,0,17,0.97,20260929_012000.wav
2026-09-29 01:26:03,281320121,+0.0,0,0,16,0.97,20260929_012000.wav
2026-09-29 01:26:39,281320133,+0.1,0,0,15,0.97,20260929_012000.wav
2026-09-29 01:26:54,281320138,+0.2,0,0,17,0.97,20260929_012000.wav
2026-09-29 01:26:57,281320139,-0.1,0,0,17,0.97,20260929_012000.wav
2026-09-29 01:27:00,281320140,+0.0,0,0,16,0.97,20260929_012000.wav
2026-09-29 01:27:03,281320141,+0.1,0,0,15,0.96,20260929_012000.wav
2026-09-29 01:27:12,281320144,+0.0,0,0,17,0.97,20260929_012000.wav
2026-09-29 01:27:27,281320149,+0.1,0,0,17,0.98,20260929_012000.wav
2026-09-29 01:27:57,281320159,+0.1,0,0,17,0.97,20260929_012000.wav
2026-09-29 01:28:00,281320160,+0.0,0,0,18,0.98,20260929_012000.wav
2026-09-29 01:28:03,281320161,+0.1,0,0,17,0.97,20260929_012000.wav
2026-09-29 01:28:09,281320163,-0.0,0,0,15,0.97,20260929_012000.wav
2026-09-29 01:28:15,281320165,-0.0,0,0,16,0.97,20260929_012000.wav
2026-09-29 01:28:36,281320172,+0.2,0,0,15,0.97,20260929_012000.wav
2026-09-29 01:28:42,281320174,+0.1,0,0,15,0.97,20260929_012000.wav
2026-09-29 01:29:03,281320181,-0.0,0,0,16,0.98,20260929_012000.wav
2026-09-29 01:29:12,281320184,+0.1,0,0,15,0.97,20260929_012000.wav
2026-09-29 01:29:18,281320186,+0.1,0,0,17,0.98,20260929_012000.wav
2026-09-29 01:29:30,281320190,+0.2,0,0,17,0.97,20260929_012000.wav
2026-09-29 01:29:39,281320193,+0.1,0,0,15,0.96,20260929_012000.wav
2026-09-29 01:30:03,281320201,-0.0,0,0,18,0.98,20260929_013000.wav
2026-09-29 01:30:24,281320208,-0.0,0,0,17,0.98,20260929_013000.wav
2026-09-29 01:30:39,281320213,-0.0,0,0,17,0.97,20260929_013000.wav
2026-09-29 01:30:42,281320214,-0.1,0,0,15,0.97,20260929_013000.wav
2026-09-29 01:30:51,281320217,-0.1,0,0,17,0.97,20260929_013000.wav
2026-09-29 01:30:57,281320219,+0.1,0,0,15,0.97,20260929_013000.wav
2026-09-29 01:31:03,281320221,-0.1,0,0,17,0.98,20260929_013000.wav
2026-09-29 01:31:15,281320225,-0.1,0,0,15,0.97,20260929_013000.wav
2026-09-29 01:31:18,281320226,-0.1,0,0,15,0.97,20260929_013000.wav
2026-09-29 01:31:27,281320229,-0.1,0,0,15,0.97,20260929_013000.wav
2026-09-29 01:31:36,281320232,-0.0,0,0,16,0.97,20260929_013000.wav
2026-09-29 01:31:51,281320237,+0.0,0,0,16,0.97,20260929_013000.wav
2026-09-29 01:32:03,281320241,-0.1,0,0,15,0.97,20260929_013000.wav
2026-09-29 01:32:15,281320245,+0.1,0,0,17,0.97,20260929_013000.wav
2026-09-29 01:32:24,281320248,+0.0,0,0,16,0.97,20260929_013000.wav
2026-09-29 01:32:39,281320253,+0.0,0,0,17,0.97,20260929_013000.wav
2026-09-29 01:32:51,281320257,-0.1,0,0,16,0.97,20260929_013000.wav
2026-09-29 01:32:54,281320258,+0.0,0,0,15,0.97,20260929_013000.wav
2026-09-29 01:33:03,281320261,-0.1,0,0,15,0.96,20260929_013000.wav
2026-09-29 01:33:15,281320265,-0.1,0,0,15,0.97,20260929_013000.wav
2026-09-29 01:33:18,281320266,+0.0,0,0,14,0.96,20260929_013000.wav
2026-09-29 01:33:45,281320275,+0.0,0,0,17,0.97,20260929_013000.wav
2026-09-29 01:34:03,281320281,+0.0,0,0,18,0.98,20260929_013000.wav
2026-09-29 01:34:24,281320288,+0.0,0,0,18,0.97,20260929_013000.wav
2026-09-29 01:35:03,281320301,+0.0,0,0,16,0.97,20260929_013000.wav
2026-09-29 01:35:15,281320305,+0.1,0,0,18,0.97,20260929_013000.wav
2026-09-29 01:35:30,281320310,-0.1,0,0,14,0.96,20260929_013000.wav
2026-09-29 01:35:48,281320316,+0.1,0,0,17,0.97,20260929_013000.wav
2026-09-29 01:36:03,281320321,+0.1,0,0,15,0.96,20260929_013000.wav
2026-09-29 01:36:45,281320335,+0.1,0,0,17,0.97,20260929_013000.wav
2026-09-29 01:37:00,281320340,+0.1,0,0,15,0.97,20260929_013000.wav
2026-09-29 01:37:03,281320341,+0.0,0,0,18,0.97,20260929_013000.wav
2026-09-29 01:37:09,281320343,+0.1,0,0,17,0.98,20260929_013000.wav
2026-09-29 01:37:24,281320348,+0.1,0,0,16,0.97,20260929_013000.wav
2026-09-29 01:37:30,281320350,+0.1,0,0,16,0.97,20260929_013000.wav
2026-09-29 01:37:42,281320354,+0.1,0,0,16,0.97,20260929_013000.wav
2026-09-29 01:37:51,281320357,+0.0,0,0,16,0.97,20260929_013000.wav
2026-09-29 01:38:03,281320361,+0.2,0,0,19,0.98,20260929_013000.wav
2026-09-29 01:38:30,281320370,+0.2,0,0,18,0.98,20260929_013000.wav
2026-09-29 01:38:39,281320373,+0.1,0,0,16,0.97,20260929_013000.wav
2026-09-29 01:38:57,281320379,+0.2,0,0,17,0.97,20260929_013000.wav
2026-09-29 01:39:03,281320381,+0.1,0,0,19,0.98,20260929_013000.wav
2026-09-29 01:39:18,281320386,+0.2,0,0,18,0.97,20260929_013000.wav
2026-09-29 01:39:30,281320390,+0.3,0,0,17,0.97,20260929_013000.wav
2026-09-29 01:39:45,281320395,+0.2,0,0,17,0.97,20260929_013000.wav
2026-09-29 01:40:03,281320401,+0.2,3,1,12,0.96,20260929_014000.wav
2026-09-29 01:40:12,281320404,-0.1,0,0,16,0.97,20260929_014000.wav
2026-09-29 01:40:24,281320408,-0.1,0,0,18,0.98,20260929_014000.wav
2026-09-29 01:40:30,281320410,-0.0,0,0,18,0.98,20260929_014000.wav
2026-09-29 01:40:54,281320418,-0.1,0,0,17,0.98,20260929_014000.wav
2026-09-29 01:41:03,281320421,-0.1,0,0,17,0.98,20260929_014000.wav
2026-09-29 01:41:18,281320426,-0.1,0,0,17,0.98,20260929_014000.wav
2026-09-29 01:41:21,281320427,-0.2,0,0,16,0.97,20260929_014000.wav
2026-09-29 01:41:27,281320429,-0.1,0,0,17,0.98,20260929_014000.wav
2026-09-29 01:41:30,281320430,-0.2,0,0,18,0.98,20260929_014000.wav
2026-09-29 01:41:54,281320438,-0.1,0,0,17,0.98,20260929_014000.wav
2026-09-29 01:42:03,281320441,-0.1,0,0,18,0.99,20260929_014000.wav
2026-09-29 01:42:24,281320448,-0.1,0,0,17,0.98,20260929_014000.wav
2026-09-29 01:42:42,281320454,-0.2,0,0,17,0.98,20260929_014000.wav
2026-09-29 01:42:51,281320457,-0.2,0,0,17,0.98,20260929_014000.wav
2026-09-29 01:42:57,281320459,-0.2,0,0,18,0.98,20260929_014000.wav
2026-09-29 01:43:03,281320461,+0.0,0,0,17,0.98,20260929_014000.wav
2026-09-29 01:43:18,281320466,+0.0,0,0,19,0.98,20260929_014000.wav
2026-09-29 01:43:27,281320469,+0.0,0,0,16,0.97,20260929_014000.wav
2026-09-29 01:43:36,281320472,+0.0,0,0,18,0.98,20260929_014000.wav
2026-09-29 01:43:51,281320477,+0.1,0,0,17,0.98,20260929_014000.wav
2026-09-29 01:44:03,281320481,-0.1,0,0,18,0.98,20260929_014000.wav
2026-09-29 01:44:18,281320486,-0.1,0,0,15,0.97,20260929_014000.wav
2026-09-29 01:44:30,281320490,+0.0,0,0,17,0.98,20260929_014000.wav
2026-09-29 01:45:03,281320501,+0.1,0,0,19,0.98,20260929_014000.wav
2026-09-29 01:45:36,281320512,+0.1,0,0,16,0.97,20260929_014000.wav
2026-09-29 01:46:03,281320521,+0.0,0,0,18,0.98,20260929_014000.wav
2026-09-29 01:46:48,281320536,+0.2,0,0,16,0.97,20260929_014000.wav
2026-09-29 01:46:54,281320538,+0.1,0,0,16,0.97,20260929_014000.wav
2026-09-29 01:47:00,281320540,+0.0,0,0,17,0.98,20260929_014000.wav
2026-09-29 01:47:03,281320541,+0.1,0,0,17,0.98,20260929_014000.wav
2026-09-29 01:47:15,281320545,+0.0,0,0,15,0.97,20260929_014000.wav
2026-09-29 01:47:45,281320555,+0.1,0,0,17,0.98,20260929_014000.wav
2026-09-29 01:47:51,281320557,+0.1,0,0,19,0.99,20260929_014000.wav
2026-09-29 01:48:03,281320561,+0.0,0,0,16,0.98,20260929_014000.wav
2026-09-29 01:48:21,281320567,+0.0,0,0,18,0.98,20260929_014000.wav
2026-09-29 01:48:24,281320568,+0.1,0,0,16,0.98,20260929_014000.wav
2026-09-29 01:48:45,281320575,+0.1,0,0,16,0.98,20260929_014000.wav
2026-09-29 01:48:57,281320579,+0.2,0,0,15,0.97,20260929_014000.wav
2026-09-29 01:49:00,281320580,+0.0,0,0,16,0.98,20260929_014000.wav
2026-09-29 01:49:03,281320581,+0.1,0,0,15,0.97,20260929_014000.wav
2026-09-29 01:49:15,281320585,+0.1,0,0,18,0.98,20260929_014000.wav
2026-09-29 01:49:18,281320586,-0.1,0,0,16,0.98,20260929_014000.wav
2026-09-29 01:49:42,281320594,+0.0,0,0,17,0.98,20260929_014000.wav
2026-09-29 01:49:54,281320598,+0.1,0,0,15,0.97,20260929_014000.wav
2026-09-29 01:50:03,281320601,+0.4,0,0,13,0.96,20260929_015000.wav
2026-09-29 01:50:09,281320603,+0.1,0,0,19,0.98,20260929_015000.wav
2026-09-29 01:50:12,281320604,+0.1,0,0,17,0.97,20260929_015000.wav
2026-09-29 01:50:39,281320613,+0.1,0,0,19,0.98,20260929_015000.wav
2026-09-29 01:50:54,281320618,+0.1,0,0,17,0.97,20260929_015000.wav
2026-09-29 01:51:03,281320621,+0.0,0,0,18,0.97,20260929_015000.wav
2026-09-29 01:51:24,281320628,+0.0,0,0,17,0.98,20260929_015000.wav
2026-09-29 01:51:39,281320633,+0.1,0,0,15,0.97,20260929_015000.wav
2026-09-29 01:51:48,281320636,+0.2,0,0,18,0.98,20260929_015000.wav
2026-09-29 01:52:03,281320641,+0.1,0,0,17,0.97,20260929_015000.wav
2026-09-29 01:52:27,281320649,+0.2,0,0,17,0.97,20260929_015000.wav
2026-09-29 01:52:36,281320652,+0.2,0,0,18,0.98,20260929_015000.wav
2026-09-29 01:52:48,281320656,+0.1,0,0,15,0.97,20260929_015000.wav
2026-09-29 01:52:51,281320657,+0.2,0,0,16,0.97,20260929_015000.wav
2026-09-29 01:52:54,281320658,+0.1,0,0,16,0.97,20260929_015000.wav
2026-09-29 01:53:00,281320660,+0.2,0,0,16,0.97,20260929_015000.wav
2026-09-29 01:53:03,281320661,+0.1,0,0,16,0.97,20260929_015000.wav
2026-09-29 01:53:15,281320665,+0.2,0,0,16,0.97,20260929_015000.wav
2026-09-29 01:53:18,281320666,+0.1,0,0,17,0.97,20260929_015000.wav
2026-09-29 01:53:24,281320668,+0.3,0,0,17,0.97,20260929_015000.wav
2026-09-29 01:53:27,281320669,+0.1,0,0,18,0.98,20260929_015000.wav
2026-09-29 01:53:39,281320673,+0.2,0,0,17,0.97,20260929_015000.wav
2026-09-29 01:53:42,281320674,+0.1,0,0,17,0.97,20260929_015000.wav
2026-09-29 01:53:45,281320675,+0.1,0,0,16,0.97,20260929_015000.wav
2026-09-29 01:53:57,281320679,+0.1,0,0,16,0.97,20260929_015000.wav
2026-09-29 01:54:00,281320680,+0.1,0,0,16,0.97,20260929_015000.wav
2026-09-29 01:54:03,281320681,+0.2,0,0,14,0.96,20260929_015000.wav
2026-09-29 01:54:15,281320685,+0.2,0,0,18,0.98,20260929_015000.wav
2026-09-29 01:54:36,281320692,+0.2,0,0,16,0.97,20260929_015000.wav
2026-09-29 01:54:42,281320694,+0.1,0,0,16,0.97,20260929_015000.wav
2026-09-29 01:54:54,281320698,-2.4,0,0,16,0.97,20260929_015000.wav
2026-09-29 01:55:03,281320701,-2.4,0,0,16,0.97,20260929_015000.wav
2026-09-29 01:55:12,281320704,-2.4,0,0,19,0.98,20260929_015000.wav
2026-09-29 01:55:15,281320705,-2.5,0,0,16,0.97,20260929_015000.wav
2026-09-29 01:55:21,281320707,-2.4,0,0,13,0.96,20260929_015000.wav
2026-09-29 01:55:36,281320712,-2.4,0,0,15,0.97,20260929_015000.wav
2026-09-29 01:55:39,281320713,-2.4,0,0,18,0.98,20260929_015000.wav
2026-09-29 01:55:42,281320714,-2.5,0,0,17,0.97,20260929_015000.wav
2026-09-29 01:55:45,281320715,-2.5,0,0,18,0.98,20260929_015000.wav
2026-09-29 01:55:48,281320716,-2.4,0,0,17,0.98,20260929_015000.wav
2026-09-29 01:55:51,281320717,-2.5,0,0,15,0.96,20260929_015000.wav
2026-09-29 01:56:03,281320721,-2.5,0,0,18,0.98,20260929_015000.wav
2026-09-29 01:56:09,281320723,-2.5,0,0,15,0.97,20260929_015000.wav
2026-09-29 01:56:18,281320726,-2.4,0,0,16,0.97,20260929_015000.wav
2026-09-29 01:56:21,281320727,-2.5,0,0,14,0.97,20260929_015000.wav
2026-09-29 01:56:54,281320738,-2.5,0,0,18,0.98,20260929_015000.wav
2026-09-29 01:57:00,281320740,-2.5,0,0,15,0.97,20260929_015000.wav
2026-09-29 01:57:03,281320741,-2.6,0,0,15,0.97,20260929_015000.wav
2026-09-29 01:57:30,281320750,-2.4,0,0,17,0.97,20260929_015000.wav
2026-09-29 01:57:48,281320756,-2.3,0,0,16,0.97,20260929_015000.wav
2026-09-29 01:57:51,281320757,-2.3,0,0,17,0.98,20260929_015000.wav
2026-09-29 01:58:03,281320761,-2402.4,0,0,15,0.97,20260929_015000.wav
2026-09-29 01:58:27,281320769,-2.3,0,0,17,0.97,20260929_015000.wav
2026-09-29 01:58:48,281320776,-2.5,0,0,15,0.97,20260929_015000.wav
2026-09-29 01:58:54,281320778,-2.4,0,0,16,0.97,20260929_015000.wav
2026-09-29 01:59:03,281320781,-2.3,0,0,15,0.97,20260929_015000.wav
2026-09-29 01:59:09,281320783,-2.3,0,0,15,0.97,20260929_015000.wav
2026-09-29 01:59:12,281320784,-2.4,0,0,15,0.97,20260929_015000.wav
2026-09-29 01:59:39,281320793,-2.3,0,0,17,0.98,20260929_015000.wav
2026-09-29 01:59:54,281320798,-2.3,0,0,16,0.97,20260929_015000.wav
2026-09-29 01:59:57,281320799,-2.3,0,0,17,0.98,20260929_015000.wav
2026-09-29 02:00:03,281320801,+0.2,0,0,20,0.99,20260929_020000.wav
2026-09-29 02:00:24,281320808,-0.0,0,0,17,0.98,20260929_020000.wav
2026-09-29 02:00:27,281320809,-0.2,0,0,16,0.98,20260929_020000.wav
2026-09-29 02:00:36,281320812,-0.1,0,0,17,0.98,20260929_020000.wav
2026-09-29 02:00:39,281320813,-0.1,0,0,16,0.98,20260929_020000.wav
2026-09-29 02:00:42,281320814,-0.1,0,0,18,0.98,20260929_020000.wav
2026-09-29 02:00:48,281320816,-0.1,0,0,18,0.98,20260929_020000.wav
2026-09-29 02:00:57,281320819,-0.1,0,0,18,0.98,20260929_020000.wav
2026-09-29 02:01:03,281320821,-0.0,0,0,16,0.97,20260929_020000.wav
2026-09-29 02:01:15,281320825,-0.1,0,0,19,0.99,20260929_020000.wav
2026-09-29 02:01:18,281320826,-0.0,0,0,19,0.99,20260929_020000.wav
2026-09-29 02:01:27,281320829,-0.0,0,0,18,0.98,20260929_020000.wav
2026-09-29 02:01:36,281320832,-0.0,0,0,18,0.98,20260929_020000.wav
2026-09-29 02:01:54,281320838,-0.0,0,0,17,0.98,20260929_020000.wav
2026-09-29 02:02:00,281320840,-0.1,0,0,17,0.98,20260929_020000.wav
2026-09-29 02:02:03,281320841,-0.0,0,0,17,0.98,20260929_020000.wav
2026-09-29 02:02:09,281320843,-0.0,0,0,15,0.97,20260929_020000.wav
2026-09-29 02:02:12,281320844,-0.0,0,0,15,0.97,20260929_020000.wav
2026-09-29 02:02:18,281320846,-0.0,0,0,16,0.98,20260929_020000.wav
2026-09-29 02:02:21,281320847,-0.1,0,0,17,0.98,20260929_020000.wav
2026-09-29 02:02:24,281320848,-0.1,0,0,16,0.98,20260929_020000.wav
2026-09-29 02:02:27,281320849,-0.0,0,0,16,0.97,20260929_020000.wav
2026-09-29 02:02:39,281320853,-0.1,0,0,19,0.99,20260929_020000.wav
2026-09-29 02:02:54,281320858,+0.1,0,0,17,0.98,20260929_020000.wav
2026-09-29 02:03:03,281320861,+0.1,0,0,19,0.99,20260929_020000.wav
2026-09-29 02:03:24,281320868,-0.1,0,0,16,0.98,20260929_020000.wav
2026-09-29 02:03:36,281320872,-0.0,0,0,18,0.97,20260929_020000.wav
2026-09-29 02:03:39,281320873,-0.1,0,0,16,0.98,20260929_020000.wav
2026-09-29 02:03:42,281320874,+0.1,0,0,18,0.98,20260929_020000.wav
2026-09-29 02:03:57,281320879,+0.2,0,0,18,0.98,20260929_020000.wav
2026-09-29 02:04:03,281320881,+0.1,0,0,19,0.98,20260929_020000.wav
2026-09-29 02:04:21,281320887,+0.1,0,0,17,0.98,20260929_020000.wav
2026-09-29 02:04:51,281320897,+0.2,0,0,16,0.98,20260929_020000.wav
2026-09-29 02:04:54,281320898,+0.0,0,0,20,0.99,20260929_020000.wav
2026-09-29 02:05:03,281320901,+0.0,0,0,17,0.98,20260929_020000.wav
2026-09-29 02:05:24,281320908,+0.1,0,0,15,0.97,20260929_020000.wav
2026-09-29 02:05:30,281320910,+0.2,0,0,16,0.98,20260929_020000.wav
2026-09-29 02:06:03,281320921,+0.0,0,0,17,0.98,20260929_020000.wav
2026-09-29 02:06:18,281320926,+0.0,0,0,16,0.98,20260929_020000.wav
2026-09-29 02:06:39,281320933,+0.2,0,0,17,0.98,20260929_020000.wav
2026-09-29 02:06:54,281320938,+0.1,0,0,17,0.98,20260929_020000.wav
2026-09-29 02:07:00,281320940,+0.0,0,0,16,0.97,20260929_020000.wav
2026-09-29 02:07:03,281320941,+0.1,0,0,16,0.97,20260929_020000.wav
2026-09-29 02:07:21,281320947,+0.0,0,0,16,0.98,20260929_020000.wav
2026-09-29 02:07:39,281320953,+0.2,0,0,18,0.98,20260929_020000.wav
2026-09-29 02:07:42,281320954,+0.1,0,0,15,0.97,20260929_020000.wav
2026-09-29 02:07:51,281320957,+0.1,0,0,15,0.97,20260929_020000.wav
2026-09-29 02:07:54,281320958,+0.2,0,0,15,0.97,20260929_020000.wav
2026-09-29 02:08:03,281320961,+0.1,0,0,14,0.96,20260929_020000.wav
2026-09-29 02:08:12,281320964,+0.2,0,0,14,0.97,20260929_020000.wav
2026-09-29 02:08:15,281320965,-0.0,0,0,15,0.97,20260929_020000.wav
2026-09-29 02:08:18,281320966,+0.1,0,0,15,0.97,20260929_020000.wav
2026-09-29 02:08:39,281320973,+0.1,0,0,18,0.98,20260929_020000.wav
2026-09-29 02:08:57,281320979,+0.3,0,0,16,0.98,20260929_020000.wav
2026-09-29 02:09:12,281320984,+0.2,0,0,16,0.98,20260929_020000.wav
2026-09-29 02:09:15,281320985,-0.0,0,0,15,0.96,20260929_020000.wav
2026-09-29 02:09:48,281320996,+0.1,0,0,17,0.98,20260929_020000.wav
2026-09-29 02:10:03,281321001,-0.1,0,0,17,0.98,20260929_021000.wav
2026-09-29 02:10:36,281321012,-0.1,0,0,15,0.96,20260929_021000.wav
2026-09-29 02:10:42,281321014,-0.1,0,0,16,0.98,20260929_021000.wav
2026-09-29 02:10:51,281321017,+0.0,0,0,16,0.97,20260929_021000.wav
2026-09-29 02:11:00,281321020,+0.1,0,0,16,0.98,20260929_021000.wav
2026-09-29 02:11:03,281321021,-0.1,0,0,15,0.97,20260929_021000.wav
2026-09-29 02:11:39,281321033,+0.0,0,0,17,0.98,20260929_021000.wav
2026-09-29 02:11:54,281321038,+0.1,0,0,16,0.97,20260929_021000.wav
2026-09-29 02:12:03,281321041,+0.2,0,0,17,0.98,20260929_021000.wav
2026-09-29 02:12:24,281321048,+0.0,0,0,16,0.97,20260929_021000.wav
2026-09-29 02:12:30,281321050,-0.2,0,0,18,0.98,20260929_021000.wav
2026-09-29 02:12:48,281321056,-0.1,0,0,17,0.98,20260929_021000.wav
2026-09-29 02:13:03,281321061,-0.1,0,0,17,0.97,20260929_021000.wav
2026-09-29 02:13:18,281321066,+0.0,0,0,16,0.97,20260929_021000.wav
2026-09-29 02:13:30,281321070,+0.0,0,0,17,0.98,20260929_021000.wav
2026-09-29 02:14:03,281321081,-0.1,0,0,17,0.98,20260929_021000.wav
2026-09-29 02:14:09,281321083,-0.1,0,0,16,0.98,20260929_021000.wav
2026-09-29 02:14:12,281321084,-0.2,0,0,16,0.98,20260929_021000.wav
2026-09-29 02:14:57,281321099,-0.1,0,0,16,0.98,20260929_021000.wav
2026-09-29 02:15:03,281321101,+0.0,0,0,16,0.98,20260929_021000.wav
2026-09-29 02:15:27,281321109,+0.1,0,0,17,0.98,20260929_021000.wav
2026-09-29 02:15:30,281321110,+0.0,0,0,16,0.98,20260929_021000.wav
2026-09-29 02:15:42,281321114,+0.1,0,0,18,0.98,20260929_021000.wav
2026-09-29 02:15:51,281321117,+0.0,0,0,18,0.99,20260929_021000.wav
2026-09-29 02:16:03,281321121,-0.1,0,0,17,0.98,20260929_021000.wav
2026-09-29 02:16:12,281321124,+0.0,0,0,18,0.98,20260929_021000.wav
2026-09-29 02:16:27,281321129,+0.0,0,0,19,0.98,20260929_021000.wav
2026-09-29 02:16:36,281321132,+0.1,0,0,17,0.98,20260929_021000.wav
2026-09-29 02:16:51,281321137,+0.1,0,0,17,0.98,20260929_021000.wav
2026-09-29 02:17:03,281321141,+0.0,0,0,17,0.98,20260929_021000.wav
2026-09-29 02:17:27,281321149,-0.1,0,0,19,0.99,20260929_021000.wav
2026-09-29 02:17:48,281321156,+0.1,0,0,18,0.98,20260929_021000.wav
2026-09-29 02:18:00,281321160,+0.1,0,0,16,0.98,20260929_021000.wav
2026-09-29 02:18:03,281321161,+0.2,0,0,15,0.97,20260929_021000.wav
2026-09-29 02:18:12,281321164,+0.2,0,0,15,0.97,20260929_021000.wav
2026-09-29 02:18:18,281321166,+0.1,0,0,16,0.98,20260929_021000.wav
2026-09-29 02:18:27,281321169,+0.1,0,0,16,0.98,20260929_021000.wav
2026-09-29 02:18:30,281321170,+0.0,0,0,15,0.97,20260929_021000.wav
2026-09-29 02:18:48,281321176,-0.1,0,0,17,0.98,20260929_021000.wav
2026-09-29 02:18:57,281321179,+0.0,0,0,17,0.98,20260929_021000.wav
2026-09-29 02:19:03,281321181,+0.0,0,0,17,0.98,20260929_021000.wav
2026-09-29 02:19:36,281321192,+0.1,0,0,19,0.99,20260929_021000.wav
2026-09-29 02:19:42,281321194,+0.0,0,0,16,0.98,20260929_021000.wav
2026-09-29 02:19:45,281321195,+0.1,0,0,15,0.97,20260929_021000.wav
2026-09-29 02:20:03,281321201,-0.1,0,0,20,0.99,20260929_022000.wav
2026-09-29 02:20:09,281321203,+0.0,0,0,17,0.98,20260929_022000.wav
2026-09-29 02:20:12,281321204,-0.1,0,0,16,0.98,20260929_022000.wav
2026-09-29 02:20:30,281321210,-0.2,0,0,17,0.98,20260929_022000.wav
2026-09-29 02:20:39,281321213,-0.2,0,0,16,0.97,20260929_022000.wav
2026-09-29 02:20:54,281321218,-0.2,0,0,17,0.98,20260929_022000.wav
2026-09-29 02:21:00,281321220,-0.1,0,0,15,0.97,20260929_022000.wav
2026-09-29 02:21:03,281321221,-0.1,0,0,17,0.97,20260929_022000.wav
2026-09-29 02:21:24,281321228,-0.1,0,0,16,0.98,20260929_022000.wav
2026-09-29 02:21:39,281321233,-0.1,0,0,17,0.98,20260929_022000.wav
2026-09-29 02:21:51,281321237,-0.1,0,0,16,0.98,20260929_022000.wav
2026-09-29 02:22:03,281321241,-0.2,0,0,16,0.98,20260929_022000.wav
2026-09-29 02:22:09,281321243,-0.1,0,0,16,0.98,20260929_022000.wav
2026-09-29 02:22:18,281321246,-0.2,0,0,16,0.98,20260929_022000.wav
2026-09-29 02:22:36,281321252,-0.1,0,0,16,0.98,20260929_022000.wav
2026-09-29 02:22:48,281321256,+0.0,0,0,15,0.97,20260929_022000.wav
2026-09-29 02:22:51,281321257,-0.1,0,0,15,0.97,20260929_022000.wav
2026-09-29 02:23:03,281321261,+0.1,0,0,16,0.98,20260929_022000.wav
2026-09-29 02:23:24,281321268,-0.1,0,0,13,0.96,20260929_022000.wav
2026-09-29 02:23:39,281321273,-0.1,0,0,16,0.98,20260929_022000.wav
2026-09-29 02:23:42,281321274,+0.0,0,0,17,0.98,20260929_022000.wav
2026-09-29 02:23:45,281321275,+0.0,0,0,15,0.97,20260929_022000.wav
2026-09-29 02:24:03,281321281,+0.0,0,0,19,0.99,20260929_022000.wav
2026-09-29 02:24:12,281321284,+0.0,0,0,16,0.98,20260929_022000.wav
2026-09-29 02:24:24,281321288,+0.1,0,0,17,0.98,20260929_022000.wav
2026-09-29 02:24:27,281321289,-0.1,0,0,16,0.98,20260929_022000.wav
2026-09-29 02:24:36,281321292,+0.0,0,0,16,0.98,20260929_022000.wav
2026-09-29 02:25:03,281321301,+0.1,0,0,16,0.97,20260929_022000.wav
2026-09-29 02:25:18,281321306,+0.1,0,0,17,0.98,20260929_022000.wav
2026-09-29 02:25:21,281321307,+0.0,0,0,17,0.98,20260929_022000.wav
2026-09-29 02:25:36,281321312,+0.0,0,0,15,0.97,20260929_022000.wav
2026-09-29 02:25:48,281321316,+0.0,0,0,15,0.97,20260929_022000.wav
2026-09-29 02:26:03,281321321,+0.0,0,0,17,0.98,20260929_022000.wav
2026-09-29 02:26:15,281321325,+0.2,0,0,18,0.98,20260929_022000.wav
2026-09-29 02:26:39,281321333,+0.1,0,0,17,0.98,20260929_022000.wav
2026-09-29 02:27:03,281321341,-1.2,0,0,19,0.98,20260929_022000.wav
2026-09-29 02:27:15,281321345,-1.2,0,0,18,0.98,20260929_022000.wav
2026-09-29 02:27:24,281321348,-1.3,0,0,15,0.96,20260929_022000.wav
2026-09-29 02:27:42,281321354,-1.1,0,0,18,0.98,20260929_022000.wav
2026-09-29 02:27:48,281321356,-1.2,0,0,15,0.96,20260929_022000.wav
2026-09-29 02:28:03,281321361,-1.2,0,0,16,0.97,20260929_022000.wav
2026-09-29 02:28:36,281321372,+0.1,0,0,17,0.98,20260929_022000.wav
2026-09-29 02:28:39,281321373,+0.2,0,0,17,0.98,20260929_022000.wav
2026-09-29 02:28:42,281321374,+0.1,0,0,15,0.97,20260929_022000.wav
2026-09-29 02:28:48,281321376,+0.2,0,0,16,0.98,20260929_022000.wav
2026-09-29 02:28:51,281321377,+0.1,0,0,17,0.98,20260929_022000.wav
2026-09-29 02:29:03,281321381,+0.2,0,0,17,0.98,20260929_022000.wav
2026-09-29 02:29:27,281321389,+0.3,0,0,15,0.97,20260929_022000.wav
2026-09-29 02:29:48,281321396,+0.1,0,0,16,0.98,20260929_022000.wav
2026-09-29 02:30:03,281321401,-0.2,0,0,19,0.99,20260929_023000.wav
2026-09-29 02:30:18,281321406,-0.2,0,0,17,0.98,20260929_023000.wav
2026-09-29 02:30:30,281321410,+0.0,0,0,17,0.98,20260929_023000.wav
2026-09-29 02:30:45,281321415,-0.1,0,0,17,0.98,20260929_023000.wav
2026-09-29 02:30:48,281321416,-0.1,0,0,18,0.98,20260929_023000.wav
2026-09-29 02:30:57,281321419,-0.1,0,0,16,0.97,20260929_023000.wav
2026-09-29 02:31:03,281321421,+0.0,0,0,15,0.97,20260929_023000.wav
2026-09-29 02:31:15,281321425,-2420.1,0,0,18,0.98,20260929_023000.wav
2026-09-29 02:31:30,281321430,-0.1,0,0,14,0.97,20260929_023000.wav
2026-09-29 02:31:42,281321434,+0.0,0,0,16,0.97,20260929_023000.wav
2026-09-29 02:31:51,281321437,+0.0,0,0,17,0.98,20260929_023000.wav
2026-09-29 02:32:03,281321441,-0.2,0,0,16,0.98,20260929_023000.wav
2026-09-29 02:32:15,281321445,+0.0,0,0,18,0.98,20260929_023000.wav
2026-09-29 02:32:39,281321453,-0.1,0,0,16,0.97,20260929_023000.wav
2026-09-29 02:32:45,281321455,-0.1,0,0,18,0.98,20260929_023000.wav
2026-09-29 02:32:54,281321458,-0.1,0,0,15,0.97,20260929_023000.wav
2026-09-29 02:33:03,281321461,+0.0,0,0,16,0.98,20260929_023000.wav
2026-09-29 02:33:15,281321465,-0.2,0,0,17,0.98,20260929_023000.wav
2026-09-29 02:33:42,281321474,+0.0,0,0,15,0.97,20260929_023000.wav
2026-09-29 02:34:03,281321481,-0.1,0,0,16,0.97,20260929_023000.wav
2026-09-29 02:34:36,281321492,-0.1,0,0,15,0.97,20260929_023000.wav
2026-09-29 02:34:39,281321493,+0.0,0,0,17,0.98,20260929_023000.wav
2026-09-29 02:34:45,281321495,-0.1,0,0,16,0.97,20260929_023000.wav
2026-09-29 02:34:48,281321496,+0.0,0,0,16,0.97,20260929_023000.wav
2026-09-29 02:34:51,281321497,+0.0,0,0,15,0.97,20260929_023000.wav
2026-09-29 02:35:00,281321500,-0.1,0,0,15,0.97,20260929_023000.wav
2026-09-29 02:35:03,281321501,+0.1,0,0,15,0.97,20260929_023000.wav
2026-09-29 02:35:27,281321509,+0.0,0,0,19,0.98,20260929_023000.wav
2026-09-29 02:35:42,281321514,+0.0,0,0,16,0.97,20260929_023000.wav
2026-09-29 02:36:00,281321520,+0.1,0,0,17,0.98,20260929_023000.wav
2026-09-29 02:36:03,281321521,+0.0,0,0,18,0.98,20260929_023000.wav
2026-09-29 02:36:15,281321525,+0.1,0,0,15,0.97,20260929_023000.wav
2026-09-29 02:36:36,281321532,+0.0,0,0,19,0.98,20260929_023000.wav
2026-09-29 02:37:00,281321540,+0.0,0,0,16,0.97,20260929_023000.wav
2026-09-29 02:37:03,281321541,+0.0,0,0,14,0.96,20260929_023000.wav
2026-09-29 02:37:15,281321545,+0.1,0,0,19,0.98,20260929_023000.wav
2026-09-29 02:37:36,281321552,+0.2,0,0,17,0.97,20260929_023000.wav
2026-09-29 02:37:42,281321554,+0.1,0,0,17,0.98,20260929_023000.wav
2026-09-29 02:37:48,281321556,+0.0,0,0,18,0.98,20260929_023000.wav
2026-09-29 02:37:51,281321557,+0.1,0,0,16,0.97,20260929_023000.wav
2026-09-29 02:38:03,281321561,+0.1,0,0,16,0.97,20260929_023000.wav
2026-09-29 02:38:12,281321564,+0.0,0,0,18,0.98,20260929_023000.wav
2026-09-29 02:38:18,281321566,+0.1,0,0,16,0.97,20260929_023000.wav
2026-09-29 02:38:21,281321567,+0.0,0,0,16,0.97,20260929_023000.wav
2026-09-29 02:39:03,281321581,+0.1,0,0,16,0.97,20260929_023000.wav
2026-09-29 02:39:36,281321592,+0.2,0,0,17,0.97,20260929_023000.wav
2026-09-29 02:39:42,281321594,+0.0,0,0,18,0.98,20260929_023000.wav
2026-09-29 02:40:03,281321601,+0.0,0,0,17,0.98,20260929_024000.wav
2026-09-29 02:40:36,281321612,+0.0,0,0,18,0.98,20260929_024000.wav
2026-09-29 02:40:48,281321616,-0.1,0,0,17,0.98,20260929_024000.wav
2026-09-29 02:40:51,281321617,+0.0,0,0,15,0.97,20260929_024000.wav
2026-09-29 02:41:03,281321621,-0.2,0,0,17,0.98,20260929_024000.wav
2026-09-29 02:41:18,281321626,-0.2,0,0,17,0.98,20260929_024000.wav
2026-09-29 02:41:24,281321628,+0.0,0,0,16,0.98,20260929_024000.wav
2026-09-29 02:41:27,281321629,-0.2,0,0,15,0.97,20260929_024000.wav
2026-09-29 02:41:54,281321638,+0.0,0,0,17,0.97,20260929_024000.wav
2026-09-29 02:41:57,281321639,-0.1,0,0,17,0.98,20260929_024000.wav
2026-09-29 02:42:03,281321641,+0.0,0,0,17,0.97,20260929_024000.wav
2026-09-29 02:42:12,281321644,-0.1,0,0,14,0.96,20260929_024000.wav
2026-09-29 02:42:18,281321646,+0.0,0,0,14,0.96,20260929_024000.wav
2026-09-29 02:42:30,281321650,+0.0,0,0,18,0.98,20260929_024000.wav
2026-09-29 02:42:57,281321659,-0.1,0,0,16,0.98,20260929_024000.wav
2026-09-29 02:43:03,281321661,+0.0,0,0,19,0.98,20260929_024000.wav
2026-09-29 02:43:09,281321663,+0.0,0,0,16,0.98,20260929_024000.wav
2026-09-29 02:43:12,281321664,-0.1,0,0,16,0.97,20260929_024000.wav
2026-09-29 02:43:18,281321666,+0.0,0,0,17,0.98,20260929_024000.wav
2026-09-29 02:43:21,281321667,-0.1,0,0,16,0.98,20260929_024000.wav
2026-09-29 02:43:42,281321674,+0.0,0,0,17,0.98,20260929_024000.wav
2026-09-29 02:43:45,281321675,-0.1,0,0,17,0.98,20260929_024000.wav
2026-09-29 02:44:03,281321681,+0.0,0,0,16,0.97,20260929_024000.wav
2026-09-29 02:44:15,281321685,+0.0,0,0,16,0.98,20260929_024000.wav
2026-09-29 02:44:30,281321690,+0.0,0,0,16,0.98,20260929_024000.wav
2026-09-29 02:44:45,281321695,+0.1,0,0,19,0.98,20260929_024000.wav
2026-09-29 02:44:48,281321696,+0.0,0,0,16,0.97,20260929_024000.wav
2026-09-29 02:44:51,281321697,-0.1,0,0,15,0.97,20260929_024000.wav
2026-09-29 02:44:54,281321698,+0.0,0,0,15,0.97,20260929_024000.wav
2026-09-29 02:44:57,281321699,-0.1,0,0,18,0.98,20260929_024000.wav
2026-09-29 02:45:03,281321701,+0.0,0,0,17,0.97,20260929_024000.wav
2026-09-29 02:45:39,281321713,+0.1,0,0,16,0.97,20260929_024000.wav
2026-09-29 02:45:45,281321715,+0.0,0,0,16,0.97,20260929_024000.wav
2026-09-29 02:46:03,281321721,+0.1,0,0,17,0.98,20260929_024000.wav
2026-09-29 02:46:30,281321730,+0.2,0,0,15,0.97,20260929_024000.wav
2026-09-29 02:46:39,281321733,+0.1,0,0,16,0.97,20260929_024000.wav
2026-09-29 02:46:42,281321734,+0.0,0,0,17,0.98,20260929_024000.wav
2026-09-29 02:46:54,281321738,+0.0,0,0,16,0.97,20260929_024000.wav
2026-09-29 02:47:03,281321741,+0.1,0,0,17,0.97,20260929_024000.wav
2026-09-29 02:47:15,281321745,+0.1,0,0,16,0.97,20260929_024000.wav
2026-09-29 02:47:39,281321753,+0.0,0,0,16,0.97,20260929_024000.wav
2026-09-29 02:47:45,281321755,+0.0,0,0,15,0.97,20260929_024000.wav
2026-09-29 02:47:48,281321756,+0.0,0,0,16,0.97,20260929_024000.wav
2026-09-29 02:47:51,281321757,+0.1,0,0,16,0.97,20260929_024000.wav
2026-09-29 02:48:03,281321761,+0.1,0,0,16,0.97,20260929_024000.wav
2026-09-29 02:48:15,281321765,+0.1,0,0,16,0.98,20260929_024000.wav
2026-09-29 02:48:21,281321767,+0.2,0,0,16,0.96,20260929_024000.wav
2026-09-29 02:49:03,281321781,+0.1,0,0,16,0.97,20260929_024000.wav
2026-09-29 02:49:39,281321793,+0.1,0,0,16,0.97,20260929_024000.wav
2026-09-29 02:49:42,281321794,+0.1,0,0,15,0.97,20260929_024000.wav
2026-09-29 02:49:54,281321798,+0.0,0,0,17,0.98,20260929_024000.wav
2026-09-29 02:50:03,281321801,-0.1,0,0,19,0.98,20260929_025000.wav
2026-09-29 02:50:30,281321810,-0.0,0,0,18,0.98,20260929_025000.wav
2026-09-29 02:50:45,281321815,-0.1,0,0,17,0.98,20260929_025000.wav
2026-09-29 02:50:57,281321819,-0.0,0,0,17,0.97,20260929_025000.wav
2026-09-29 02:51:03,281321821,-0.0,0,0,16,0.97,20260929_025000.wav
2026-09-29 02:51:30,281321830,+0.1,0,0,18,0.98,20260929_025000.wav
2026-09-29 02:51:48,281321836,+0.0,0,0,18,0.98,20260929_025000.wav
2026-09-29 02:52:03,281321841,+0.0,0,0,16,0.98,20260929_025000.wav
2026-09-29 02:52:39,281321853,+0.1,0,0,16,0.97,20260929_025000.wav
2026-09-29 02:52:45,281321855,+0.0,0,0,18,0.98,20260929_025000.wav
2026-09-29 02:52:48,281321856,+0.1,0,0,16,0.97,20260929_025000.wav
2026-09-29 02:52:51,281321857,-0.1,0,0,15,0.97,20260929_025000.wav
2026-09-29 02:53:00,281321860,+0.0,0,0,16,0.97,20260929_025000.wav
2026-09-29 02:53:03,281321861,+0.0,0,0,15,0.97,20260929_025000.wav
2026-09-29 02:53:15,281321865,+0.0,0,0,15,0.97,20260929_025000.wav
2026-09-29 02:53:45,281321875,+0.0,0,0,14,0.97,20260929_025000.wav
2026-09-29 02:53:48,281321876,+0.2,0,0,17,0.97,20260929_025000.wav
2026-09-29 02:54:03,281321881,+0.1,0,0,16,0.97,20260929_025000.wav
2026-09-29 02:54:15,281321885,+0.0,0,0,16,0.97,20260929_025000.wav
2026-09-29 02:54:18,281321886,+0.1,0,0,16,0.97,20260929_025000.wav
2026-09-29 02:54:21,281321887,+0.0,0,0,15,0.97,20260929_025000.wav
2026-09-29 02:54:30,281321890,-0.1,0,0,16,0.97,20260929_025000.wav
2026-09-29 02:54:45,281321895,-0.1,0,0,17,0.98,20260929_025000.wav
2026-09-29 02:55:03,281321901,+0.1,0,0,16,0.97,20260929_025000.wav
2026-09-29 02:55:24,281321908,-0.1,0,0,16,0.97,20260929_025000.wav
2026-09-29 02:55:42,281321914,+0.1,0,0,18,0.98,20260929_025000.wav
2026-09-29 02:55:51,281321917,+0.2,0,0,16,0.97,20260929_025000.wav
2026-09-29 02:56:03,281321921,+0.0,0,0,16,0.97,20260929_025000.wav
2026-09-29 02:56:39,281321933,+0.1,0,0,15,0.97,20260929_025000.wav
2026-09-29 02:56:42,281321934,+0.0,0,0,15,0.96,20260929_025000.wav
2026-09-29 02:56:48,281321936,+0.0,0,0,15,0.97,20260929_025000.wav
2026-09-29 02:57:00,281321940,+0.2,0,0,19,0.98,20260929_025000.wav
2026-09-29 02:57:03,281321941,+0.0,0,0,16,0.97,20260929_025000.wav
2026-09-29 02:57:12,281321944,+0.1,0,0,14,0.97,20260929_025000.wav
2026-09-29 02:57:18,281321946,+0.0,0,0,14,0.96,20260929_025000.wav
2026-09-29 02:57:24,281321948,+0.1,0,0,15,0.96,20260929_025000.wav
2026-09-29 02:57:48,281321956,+0.0,0,0,18,0.98,20260929_025000.wav
2026-09-29 02:58:03,281321961,+0.1,0,0,18,0.98,20260929_025000.wav
2026-09-29 02:58:18,281321966,+0.2,0,0,17,0.97,20260929_025000.wav
2026-09-29 02:58:42,281321974,+0.2,0,0,15,0.97,20260929_025000.wav
2026-09-29 02:58:45,281321975,+0.1,0,0,14,0.96,20260929_025000.wav
2026-09-29 02:58:51,281321977,+0.1,0,0,15,0.97,20260929_025000.wav
2026-09-29 02:59:03,281321981,+0.2,0,0,14,0.96,20260929_025000.wav
2026-09-29 02:59:12,281321984,+0.2,0,0,17,0.97,20260929_025000.wav
2026-09-29 02:59:24,281321988,+0.2,0,0,18,0.98,20260929_025000.wav
2026-09-29 02:59:30,281321990,+0.0,0,0,16,0.97,20260929_025000.wav
2026-09-29 02:59:39,281321993,+0.1,0,0,16,0.97,20260929_025000.wav
2026-09-29 02:59:45,281321995,+0.1,0,0,15,0.97,20260929_025000.wav
2026-09-29 03:00:03,281322001,-0.1,0,0,15,0.96,20260929_030000.wav
2026-09-29 03:00:12,281322004,-0.1,0,0,19,0.97,20260929_030000.wav
2026-09-29 03:00:42,281322014,-0.1,0,0,17,0.97,20260929_030000.wav
2026-09-29 03:00:48,281322016,-0.2,0,0,16,0.97,20260929_030000.wav
2026-09-29 03:01:00,281322020,-0.1,0,0,19,0.98,20260929_030000.wav
2026-09-29 03:01:03,281322021,-0.2,0,0,15,0.97,20260929_030000.wav
2026-09-29 03:01:09,281322023,-0.1,0,0,17,0.97,20260929_030000.wav
2026-09-29 03:01:42,281322034,-0.1,0,0,16,0.97,20260929_030000.wav
2026-09-29 03:01:48,281322036,-0.1,0,0,15,0.97,20260929_030000.wav
2026-09-29 03:01:51,281322037,-0.1,0,0,15,0.97,20260929_030000.wav
2026-09-29 03:02:03,281322041,+0.0,0,0,18,0.97,20260929_030000.wav
2026-09-29 03:02:48,281322056,+0.1,0,0,15,0.97,20260929_030000.wav
2026-09-29 03:03:03,281322061,+0.0,0,0,17,0.97,20260929_030000.wav
2026-09-29 03:03:27,281322069,+0.0,0,0,16,0.97,20260929_030000.wav
2026-09-29 03:03:30,281322070,-0.1,0,0,15,0.96,20260929_030000.wav
2026-09-29 03:03:45,281322075,-0.1,0,0,14,0.96,20260929_030000.wav
2026-09-29 03:04:00,281322080,-0.2,0,0,16,0.97,20260929_030000.wav
2026-09-29 03:04:03,281322081,-0.1,0,0,16,0.96,20260929_030000.wav
2026-09-29 03:04:09,281322083,-0.2,0,0,17,0.97,20260929_030000.wav
2026-09-29 03:04:36,281322092,+0.0,0,0,17,0.97,20260929_030000.wav
2026-09-29 03:04:51,281322097,+0.1,0,0,19,0.98,20260929_030000.wav
2026-09-29 03:05:03,281322101,-0.1,0,0,17,0.97,20260929_030000.wav
2026-09-29 03:05:12,281322104,+0.0,0,0,19,0.98,20260929_030000.wav
2026-09-29 03:05:24,281322108,+0.0,0,0,17,0.97,20260929_030000.wav
2026-09-29 03:05:39,281322113,+0.1,0,0,18,0.98,20260929_030000.wav
2026-09-29 03:06:03,281322121,+0.1,0,0,19,0.98,20260929_030000.wav
2026-09-29 03:06:24,281322128,+0.1,0,0,16,0.97,20260929_030000.wav
2026-09-29 03:06:30,281322130,+0.0,0,0,17,0.97,20260929_030000.wav
2026-09-29 03:06:36,281322132,-0.1,0,0,18,0.98,20260929_030000.wav
2026-09-29 03:06:48,281322136,+0.1,0,0,17,0.98,20260929_030000.wav
2026-09-29 03:06:54,281322138,+0.1,0,0,16,0.96,20260929_030000.wav
2026-09-29 03:07:03,281322141,+0.1,0,0,16,0.97,20260929_030000.wav
2026-09-29 03:07:51,281322157,+0.1,0,0,18,0.98,20260929_030000.wav
2026-09-29 03:08:00,281322160,+0.1,0,0,17,0.98,20260929_030000.wav
2026-09-29 03:08:03,281322161,+0.0,0,0,16,0.97,20260929_030000.wav
2026-09-29 03:08:48,281322176,+0.1,0,0,17,0.98,20260929_030000.wav
2026-09-29 03:09:03,281322181,+0.1,0,0,17,0.98,20260929_030000.wav
2026-09-29 03:09:18,281322186,+0.2,0,0,18,0.98,20260929_030000.wav
2026-09-29 03:09:27,281322189,+0.1,0,0,17,0.98,20260929_030000.wav
2026-09-29 03:09:45,281322195,+0.0,0,0,17,0.97,20260929_030000.wav
2026-09-29 03:09:48,281322196,+0.0,0,0,15,0.96,20260929_030000.wav
2026-09-29 03:10:03,281322201,-0.1,0,0,18,0.98,20260929_031000.wav
2026-09-29 03:10:18,281322206,-0.1,0,0,16,0.97,20260929_031000.wav
2026-09-29 03:10:36,281322212,+0.0,0,0,16,0.97,20260929_031000.wav
2026-09-29 03:10:42,281322214,-0.2,0,0,17,0.97,20260929_031000.wav
2026-09-29 03:10:45,281322215,+0.0,0,0,16,0.98,20260929_031000.wav
2026-09-29 03:11:03,281322221,-0.1,0,0,18,0.98,20260929_031000.wav
2026-09-29 03:11:42,281322234,-0.1,0,0,18,0.98,20260929_031000.wav
2026-09-29 03:11:57,281322239,+0.0,0,0,16,0.97,20260929_031000.wav
2026-09-29 03:12:00,281322240,-0.1,0,0,16,0.97,20260929_031000.wav
2026-09-29 03:12:03,281322241,+0.0,0,0,15,0.97,20260929_031000.wav
2026-09-29 03:12:45,281322255,+0.0,0,0,15,0.97,20260929_031000.wav
2026-09-29 03:12:48,281322256,-0.1,0,0,17,0.97,20260929_031000.wav
2026-09-29 03:13:03,281322261,-0.2,0,0,16,0.97,20260929_031000.wav
2026-09-29 03:13:12,281322264,-0.1,0,0,18,0.98,20260929_031000.wav
2026-09-29 03:13:30,281322270,+0.0,0,0,16,0.97,20260929_031000.wav
2026-09-29 03:13:36,281322272,-0.2,0,0,17,0.97,20260929_031000.wav
2026-09-29 03:13:45,281322275,+0.0,0,0,17,0.98,20260929_031000.wav
2026-09-29 03:14:03,281322281,+0.0,0,0,18,0.98,20260929_031000.wav
2026-09-29 03:14:09,281322283,+0.0,0,0,15,0.97,20260929_031000.wav
2026-09-29 03:14:21,281322287,-0.1,0,0,17,0.97,20260929_031000.wav
2026-09-29 03:14:24,281322288,-0.1,0,0,16,0.97,20260929_031000.wav
2026-09-29 03:14:27,281322289,+0.0,0,0,16,0.97,20260929_031000.wav
2026-09-29 03:14:54,281322298,-0.1,0,0,16,0.97,20260929_031000.wav
2026-09-29 03:15:00,281322300,+0.0,0,0,16,0.97,20260929_031000.wav
2026-09-29 03:15:03,281322301,+0.0,0,0,16,0.97,20260929_031000.wav
2026-09-29 03:15:24,281322308,+0.1,0,0,17,0.98,20260929_031000.wav
2026-09-29 03:15:30,281322310,+0.0,0,0,15,0.97,20260929_031000.wav
2026-09-29 03:15:39,281322313,+0.1,0,0,18,0.98,20260929_031000.wav
2026-09-29 03:15:54,281322318,+0.1,0,0,19,0.98,20260929_031000.wav
2026-09-29 03:15:57,281322319,+0.0,0,0,16,0.97,20260929_031000.wav
2026-09-29 03:16:03,281322321,+0.1,0,0,15,0.97,20260929_031000.wav
2026-09-29 03:16:15,281322325,-0.1,0,0,16,0.97,20260929_031000.wav
2026-09-29 03:16:21,281322327,+0.0,0,0,16,0.97,20260929_031000.wav
2026-09-29 03:16:36,281322332,+0.1,0,0,17,0.97,20260929_031000.wav
2026-09-29 03:16:48,281322336,+0.1,0,0,18,0.98,20260929_031000.wav
2026-09-29 03:17:03,281322341,+0.0,0,0,18,0.98,20260929_031000.wav
2026-09-29 03:17:27,281322349,+0.0,0,0,17,0.98,20260929_031000.wav
2026-09-29 03:17:57,281322359,+0.0,0,0,16,0.98,20260929_031000.wav
2026-09-29 03:18:00,281322360,+0.1,0,0,16,0.98,20260929_031000.wav
2026-09-29 03:18:03,281322361,+0.1,0,0,16,0.98,20260929_031000.wav
2026-09-29 03:18:18,281322366,+0.2,0,0,17,0.98,20260929_031000.wav
2026-09-29 03:18:21,281322367,+0.0,0,0,17,0.97,20260929_031000.wav
2026-09-29 03:18:27,281322369,+0.1,0,0,17,0.98,20260929_031000.wav
2026-09-29 03:18:39,281322373,+0.1,0,0,16,0.97,20260929_031000.wav
2026-09-29 03:19:00,281322380,+0.1,0,0,19,0.98,20260929_031000.wav
2026-09-29 03:19:03,281322381,+0.1,0,0,18,0.98,20260929_031000.wav
2026-09-29 03:19:12,281322384,+0.2,0,0,19,0.98,20260929_031000.wav
2026-09-29 03:19:24,281322388,+0.0,0,0,17,0.98,20260929_031000.wav
2026-09-29 03:19:30,281322390,+0.2,0,0,16,0.98,20260929_031000.wav
2026-09-29 03:19:39,281322393,+0.1,0,0,18,0.98,20260929_031000.wav
2026-09-29 03:19:42,281322394,+0.2,0,0,17,0.98,20260929_031000.wav
2026-09-29 03:19:51,281322397,+0.1,0,0,17,0.98,20260929_031000.wav
2026-09-29 03:20:03,281322401,-0.1,0,0,16,0.97,20260929_032000.wav
2026-09-29 03:20:15,281322405,-0.2,0,0,17,0.98,20260929_032000.wav
2026-09-29 03:20:30,281322410,-0.3,0,0,16,0.97,20260929_032000.wav
2026-09-29 03:20:39,281322413,-0.2,0,0,17,0.98,20260929_032000.wav
2026-09-29 03:20:45,281322415,-0.2,0,0,16,0.97,20260929_032000.wav
2026-09-29 03:20:51,281322417,-0.1,0,0,17,0.98,20260929_032000.wav
2026-09-29 03:21:03,281322421,-0.1,0,0,16,0.98,20260929_032000.wav
2026-09-29 03:21:15,281322425,-0.1,0,0,17,0.98,20260929_032000.wav
2026-09-29 03:21:45,281322435,+0.0,0,0,19,0.98,20260929_032000.wav
2026-09-29 03:22:03,281322441,+0.0,0,0,16,0.98,20260929_032000.wav
2026-09-29 03:22:12,281322444,-0.1,0,0,16,0.97,20260929_032000.wav
2026-09-29 03:22:42,281322454,+0.0,0,0,17,0.98,20260929_032000.wav
2026-09-29 03:22:51,281322457,+0.0,0,0,16,0.98,20260929_032000.wav
2026-09-29 03:23:03,281322461,-0.1,0,0,17,0.98,20260929_032000.wav
2026-09-29 03:23:48,281322476,+0.0,0,0,18,0.98,20260929_032000.wav
2026-09-29 03:24:03,281322481,+0.1,0,0,17,0.98,20260929_032000.wav
2026-09-29 03:24:18,281322486,+0.0,0,0,18,0.98,20260929_032000.wav
2026-09-29 03:24:30,281322490,-0.1,0,0,16,0.97,20260929_032000.wav
2026-09-29 03:24:45,281322495,+0.0,0,0,17,0.98,20260929_032000.wav
2026-09-29 03:24:54,281322498,-0.1,0,0,17,0.98,20260929_032000.wav
2026-09-29 03:25:03,281322501,-0.1,0,0,16,0.98,20260929_032000.wav
2026-09-29 03:25:42,281322514,+0.0,0,0,16,0.97,20260929_032000.wav
2026-09-29 03:25:51,281322517,+0.0,0,0,15,0.97,20260929_032000.wav
2026-09-29 03:25:54,281322518,+0.0,0,0,16,0.97,20260929_032000.wav
2026-09-29 03:26:03,281322521,+0.1,0,0,17,0.98,20260929_032000.wav
2026-09-29 03:26:18,281322526,+0.1,0,0,17,0.98,20260929_032000.wav
2026-09-29 03:26:24,281322528,+0.0,0,0,17,0.98,20260929_032000.wav
2026-09-29 03:26:48,281322536,+0.0,0,0,16,0.98,20260929_032000.wav
2026-09-29 03:27:00,281322540,+0.1,0,0,17,0.98,20260929_032000.wav
2026-09-29 03:27:03,281322541,-0.1,0,0,16,0.97,20260929_032000.wav
2026-09-29 03:27:30,281322550,+0.0,0,0,17,0.98,20260929_032000.wav
2026-09-29 03:28:00,281322560,+0.0,0,0,18,0.98,20260929_032000.wav
2026-09-29 03:28:03,281322561,+0.1,0,0,18,0.98,20260929_032000.wav
2026-09-29 03:28:09,281322563,+0.0,0,0,17,0.98,20260929_032000.wav
2026-09-29 03:28:51,281322577,+0.1,0,0,18,0.98,20260929_032000.wav
2026-09-29 03:29:03,281322581,+0.1,0,0,16,0.98,20260929_032000.wav
2026-09-29 03:29:39,281322593,+0.1,0,0,16,0.98,20260929_032000.wav
2026-09-29 03:29:45,281322595,+0.0,0,0,15,0.97,20260929_032000.wav
2026-09-29 03:30:03,281322601,-0.2,0,0,18,0.98,20260929_033000.wav
2026-09-29 03:30:18,281322606,-0.2,0,0,18,0.98,20260929_033000.wav
2026-09-29 03:30:27,281322609,-0.2,0,0,18,0.98,20260929_033000.wav
2026-09-29 03:30:57,281322619,-0.1,0,0,18,0.98,20260929_033000.wav
2026-09-29 03:31:03,281322621,-0.1,0,0,17,0.98,20260929_033000.wav
2026-09-29 03:31:18,281322626,-0.0,0,0,17,0.98,20260929_033000.wav
2026-09-29 03:31:24,281322628,-0.1,0,0,18,0.98,20260929_033000.wav
2026-09-29 03:31:30,281322630,-0.2,0,0,17,0.98,20260929_033000.wav
2026-09-29 03:31:39,281322633,-0.1,0,0,18,0.98,20260929_033000.wav
2026-09-29 03:32:03,281322641,-0.1,0,0,16,0.97,20260929_033000.wav
2026-09-29 03:32:15,281322645,-0.0,0,0,17,0.98,20260929_033000.wav
2026-09-29 03:32:24,281322648,+0.1,0,0,17,0.98,20260929_033000.wav
2026-09-29 03:32:30,281322650,-0.1,0,0,18,0.98,20260929_033000.wav
2026-09-29 03:32:39,281322653,-0.0,0,0,18,0.98,20260929_033000.wav
2026-09-29 03:32:42,281322654,-0.1,0,0,16,0.98,20260929_033000.wav
2026-09-29 03:32:45,281322655,-0.1,0,0,18,0.98,20260929_033000.wav
2026-09-29 03:33:03,281322661,-0.0,0,0,16,0.98,20260929_033000.wav
2026-09-29 03:33:15,281322665,-0.0,0,0,16,0.98,20260929_033000.wav
2026-09-29 03:33:42,281322674,-0.0,0,0,19,0.99,20260929_033000.wav
2026-09-29 03:33:45,281322675,+0.1,0,0,16,0.98,20260929_033000.wav
2026-09-29 03:34:00,281322680,+0.1,0,0,15,0.97,20260929_033000.wav
2026-09-29 03:34:03,281322681,+0.0,0,0,16,0.98,20260929_033000.wav
2026-09-29 03:34:36,281322692,+0.0,0,0,17,0.98,20260929_033000.wav
2026-09-29 03:34:39,281322693,+0.0,0,0,16,0.98,20260929_033000.wav
2026-09-29 03:34:48,281322696,+0.1,0,0,17,0.98,20260929_033000.wav
2026-09-29 03:34:51,281322697,+0.1,0,0,16,0.98,20260929_033000.wav
2026-09-29 03:35:03,281322701,+0.0,0,0,18,0.98,20260929_033000.wav
2026-09-29 03:35:15,281322705,+0.1,0,0,18,0.98,20260929_033000.wav
2026-09-29 03:35:24,281322708,+0.1,0,0,17,0.98,20260929_033000.wav
2026-09-29 03:35:45,281322715,+0.1,0,0,17,0.98,20260929_033000.wav
2026-09-29 03:35:57,281322719,+0.0,0,0,16,0.98,20260929_033000.wav
2026-09-29 03:36:03,281322721,+0.1,0,0,16,0.98,20260929_033000.wav
2026-09-29 03:36:12,281322724,+0.1,0,0,18,0.99,20260929_033000.wav
2026-09-29 03:36:27,281322729,+0.1,0,0,16,0.97,20260929_033000.wav
2026-09-29 03:36:45,281322735,+0.1,0,0,16,0.98,20260929_033000.wav
2026-09-29 03:36:48,281322736,+0.0,0,0,16,0.98,20260929_033000.wav
2026-09-29 03:37:03,281322741,+0.1,0,0,18,0.98,20260929_033000.wav
2026-09-29 03:37:12,281322744,+0.0,0,0,19,0.99,20260929_033000.wav
2026-09-29 03:37:21,281322747,-2460.0,0,0,18,0.98,20260929_033000.wav
2026-09-29 03:37:36,281322752,+0.1,0,0,17,0.98,20260929_033000.wav
2026-09-29 03:37:39,281322753,+0.1,0,0,16,0.97,20260929_033000.wav
2026-09-29 03:37:48,281322756,+0.1,0,0,17,0.98,20260929_033000.wav
2026-09-29 03:37:51,281322757,+0.0,0,0,18,0.98,20260929_033000.wav
2026-09-29 03:38:03,281322761,+0.2,0,0,17,0.98,20260929_033000.wav
2026-09-29 03:38:12,281322764,+0.2,0,0,17,0.98,20260929_033000.wav
2026-09-29 03:38:15,281322765,-0.0,0,0,16,0.98,20260929_033000.wav
2026-09-29 03:38:42,281322774,+0.1,0,0,17,0.98,20260929_033000.wav
2026-09-29 03:38:45,281322775,+0.2,0,0,17,0.98,20260929_033000.wav
2026-09-29 03:39:03,281322781,+0.2,0,0,17,0.98,20260929_033000.wav
2026-09-29 03:39:30,281322790,+0.2,0,0,16,0.98,20260929_033000.wav
2026-09-29 03:39:36,281322792,+0.1,0,0,17,0.98,20260929_033000.wav
2026-09-29 03:39:42,281322794,-0.0,0,0,19,0.99,20260929_033000.wav
2026-09-29 03:39:48,281322796,+0.2,0,0,16,0.98,20260929_033000.wav
2026-09-29 03:39:57,281322799,+0.1,0,0,18,0.98,20260929_033000.wav
2026-09-29 03:39:57,281322799,+0.0,0,0,18,0.98,20260929_034000.wav
2026-09-29 03:40:03,281322801,-0.2,0,0,18,0.98,20260929_034000.wav
2026-09-29 03:40:39,281322813,+0.0,0,0,16,0.97,20260929_034000.wav
2026-09-29 03:40:48,281322816,-0.1,0,0,17,0.98,20260929_034000.wav
2026-09-29 03:41:03,281322821,-0.1,0,0,16,0.98,20260929_034000.wav
2026-09-29 03:41:15,281322825,-0.2,0,0,19,0.99,20260929_034000.wav
2026-09-29 03:41:48,281322836,+0.0,0,0,17,0.98,20260929_034000.wav
2026-09-29 03:42:03,281322841,+0.0,0,0,17,0.98,20260929_034000.wav
2026-09-29 03:42:15,281322845,-0.1,0,0,17,0.98,20260929_034000.wav
2026-09-29 03:42:18,281322846,-0.1,0,0,16,0.97,20260929_034000.wav
2026-09-29 03:43:00,281322860,-2480.1,0,0,19,0.99,20260929_034000.wav
2026-09-29 03:43:03,281322861,+0.0,0,0,15,0.97,20260929_034000.wav
2026-09-29 03:43:42,281322874,+0.0,0,0,18,0.98,20260929_034000.wav
2026-09-29 03:43:54,281322878,+0.0,0,0,17,0.98,20260929_034000.wav
2026-09-29 03:44:03,281322881,+0.0,0,0,15,0.97,20260929_034000.wav
2026-09-29 03:44:09,281322883,-0.1,0,0,15,0.97,20260929_034000.wav
2026-09-29 03:44:57,281322899,+0.1,0,0,17,0.98,20260929_034000.wav
2026-09-29 03:45:03,281322901,-0.1,0,0,17,0.98,20260929_034000.wav
2026-09-29 03:45:39,281322913,+0.0,0,0,18,0.98,20260929_034000.wav
2026-09-29 03:45:48,281322916,+0.0,0,0,17,0.98,20260929_034000.wav
2026-09-29 03:45:51,281322917,+0.1,0,0,16,0.97,20260929_034000.wav
2026-09-29 03:46:00,281322920,+0.0,0,0,14,0.97,20260929_034000.wav
2026-09-29 03:46:03,281322921,+0.0,0,0,15,0.97,20260929_034000.wav
2026-09-29 03:46:51,281322937,+0.1,0,0,16,0.98,20260929_034000.wav
2026-09-29 03:47:00,281322940,+0.1,0,0,18,0.99,20260929_034000.wav
2026-09-29 03:47:03,281322941,+0.0,0,0,18,0.99,20260929_034000.wav
2026-09-29 03:47:09,281322943,+0.1,0,0,15,0.97,20260929_034000.wav
2026-09-29 03:47:12,281322944,+0.0,0,0,17,0.98,20260929_034000.wav
2026-09-29 03:47:21,281322947,+0.1,0,0,17,0.98,20260929_034000.wav
2026-09-29 03:47:24,281322948,+0.1,0,0,16,0.98,20260929_034000.wav
2026-09-29 03:48:03,281322961,+0.1,0,0,17,0.98,20260929_034000.wav
2026-09-29 03:48:48,281322976,+0.1,0,0,17,0.98,20260929_034000.wav
2026-09-29 03:48:51,281322977,+0.0,0,0,17,0.98,20260929_034000.wav
2026-09-29 03:49:03,281322981,+0.0,0,0,17,0.98,20260929_034000.wav
2026-09-29 03:49:27,281322989,+0.0,0,0,18,0.98,20260929_034000.wav
2026-09-29 03:49:36,281322992,-0.1,0,0,15,0.97,20260929_034000.wav
2026-09-29 03:49:48,281322996,+0.1,0,0,16,0.98,20260929_034000.wav
2026-09-29 03:49:54,281322998,+0.1,0,0,17,0.98,20260929_034000.wav
2026-09-29 03:50:03,281323001,+0.0,0,0,18,0.98,20260929_035000.wav
2026-09-29 03:50:18,281323006,+0.0,0,0,17,0.98,20260929_035000.wav
2026-09-29 03:50:24,281323008,+0.0,0,0,15,0.97,20260929_035000.wav
2026-09-29 03:50:27,281323009,-0.1,0,0,18,0.98,20260929_035000.wav
2026-09-29 03:50:39,281323013,-0.1,0,0,15,0.97,20260929_035000.wav
2026-09-29 03:50:48,281323016,+0.0,0,0,18,0.98,20260929_035000.wav
2026-09-29 03:51:00,281323020,-0.1,0,0,16,0.98,20260929_035000.wav
2026-09-29 03:51:03,281323021,+0.0,0,0,15,0.97,20260929_035000.wav
2026-09-29 03:51:18,281323026,+0.0,0,0,17,0.97,20260929_035000.wav
2026-09-29 03:51:30,281323030,-0.1,0,0,16,0.98,20260929_035000.wav
2026-09-29 03:51:57,281323039,+0.1,0,0,17,0.98,20260929_035000.wav
2026-09-29 03:52:03,281323041,+0.0,0,0,15,0.97,20260929_035000.wav
2026-09-29 03:52:18,281323046,-0.1,0,0,19,0.98,20260929_035000.wav
2026-09-29 03:52:21,281323047,+0.0,0,0,16,0.98,20260929_035000.wav
2026-09-29 03:52:30,281323050,+0.0,0,0,17,0.98,20260929_035000.wav
2026-09-29 03:52:36,281323052,+0.1,0,0,16,0.97,20260929_035000.wav
2026-09-29 03:52:51,281323057,+0.1,0,0,17,0.98,20260929_035000.wav
2026-09-29 03:53:18,281323066,+0.0,0,0,15,0.97,20260929_035000.wav
2026-09-29 03:53:21,281323067,+0.1,0,0,15,0.97,20260929_035000.wav
2026-09-29 03:53:24,281323068,+0.0,0,0,15,0.97,20260929_035000.wav
2026-09-29 03:53:57,281323079,-0.0,0,0,16,0.98,20260929_035000.wav
2026-09-29 03:54:03,281323081,-0.0,0,0,15,0.98,20260929_035000.wav
2026-09-29 03:54:27,281323089,-0.0,0,0,17,0.98,20260929_035000.wav
2026-09-29 03:54:36,281323092,-0.0,0,0,17,0.98,20260929_035000.wav
2026-09-29 03:54:39,281323093,+0.1,0,0,17,0.98,20260929_035000.wav
2026-09-29 03:54:48,281323096,+0.1,0,0,16,0.98,20260929_035000.wav
2026-09-29 03:54:54,281323098,+0.2,0,0,18,0.98,20260929_035000.wav
2026-09-29 03:55:03,281323101,+0.1,0,0,16,0.97,20260929_035000.wav
2026-09-29 03:55:27,281323109,+0.2,0,0,17,0.98,20260929_035000.wav
2026-09-29 03:55:48,281323116,+0.1,0,0,17,0.98,20260929_035000.wav
2026-09-29 03:55:51,281323117,+0.1,0,0,15,0.97,20260929_035000.wav
2026-09-29 03:55:54,281323118,-0.0,0,0,16,0.98,20260929_035000.wav
2026-09-29 03:56:00,281323120,-0.0,0,0,16,0.98,20260929_035000.wav
2026-09-29 03:56:03,281323121,+0.1,0,0,15,0.97,20260929_035000.wav
2026-09-29 03:56:15,281323125,+0.1,0,0,16,0.98,20260929_035000.wav
2026-09-29 03:56:39,281323133,-0.0,0,0,16,0.98,20260929_035000.wav
2026-09-29 03:56:42,281323134,+0.1,0,0,17,0.98,20260929_035000.wav
2026-09-29 03:57:03,281323141,-0.0,0,0,17,0.98,20260929_035000.wav
2026-09-29 03:57:15,281323145,+0.1,0,0,17,0.98,20260929_035000.wav
2026-09-29 03:57:30,281323150,+0.2,0,0,16,0.97,20260929_035000.wav
2026-09-29 03:57:42,281323154,+0.1,0,0,16,0.98,20260929_035000.wav
2026-09-29 03:57:45,281323155,-0.0,0,0,15,0.96,20260929_035000.wav
2026-09-29 03:58:03,281323161,+0.2,0,0,15,0.97,20260929_035000.wav
2026-09-29 03:58:12,281323164,+0.1,0,0,16,0.98,20260929_035000.wav
2026-09-29 03:58:42,281323174,+0.2,0,0,16,0.97,20260929_035000.wav
2026-09-29 03:58:48,281323176,+0.2,0,0,17,0.98,20260929_035000.wav
2026-09-29 03:58:51,281323177,+0.2,0,0,17,0.98,20260929_035000.wav
2026-09-29 03:59:03,281323181,+0.2,0,0,18,0.98,20260929_035000.wav
2026-09-29 03:59:18,281323186,+0.1,0,0,17,0.98,20260929_035000.wav
2026-09-29 03:59:21,281323187,+0.3,0,0,19,0.98,20260929_035000.wav
2026-09-29 04:00:00,281323200,+0.1,0,0,22,0.99,20260929_040000.wav
2026-09-29 04:00:03,281323201,-0.1,0,0,17,0.98,20260929_040000.wav
2026-09-29 04:00:36,281323212,-0.2,0,0,15,0.97,20260929_040000.wav
2026-09-29 04:00:39,281323213,+0.0,0,0,17,0.98,20260929_040000.wav
2026-09-29 04:00:42,281323214,-0.1,0,0,16,0.98,20260929_040000.wav
2026-09-29 04:00:48,281323216,-0.1,0,0,15,0.97,20260929_040000.wav
2026-09-29 04:00:51,281323217,-0.1,0,0,18,0.98,20260929_040000.wav
2026-09-29 04:01:03,281323221,+0.0,0,0,14,0.97,20260929_040000.wav
2026-09-29 04:01:54,281323238,-0.2,0,0,18,0.98,20260929_040000.wav
2026-09-29 04:02:03,281323241,-0.1,0,0,17,0.98,20260929_040000.wav
2026-09-29 04:02:18,281323246,-0.1,0,0,17,0.98,20260929_040000.wav
2026-09-29 04:02:39,281323253,-0.1,0,0,15,0.97,20260929_040000.wav
2026-09-29 04:02:48,281323256,+0.0,0,0,17,0.98,20260929_040000.wav
2026-09-29 04:03:00,281323260,+0.0,0,0,17,0.98,20260929_040000.wav
2026-09-29 04:03:03,281323261,+0.0,0,0,14,0.97,20260929_040000.wav
2026-09-29 04:03:12,281323264,-0.1,0,0,16,0.97,20260929_040000.wav
2026-09-29 04:03:18,281323266,+0.0,0,0,15,0.97,20260929_040000.wav
2026-09-29 04:03:30,281323270,-0.1,0,0,15,0.97,20260929_040000.wav
2026-09-29 04:03:45,281323275,-0.1,0,0,14,0.97,20260929_040000.wav
2026-09-29 04:03:48,281323276,+0.1,0,0,16,0.98,20260929_040000.wav
2026-09-29 04:04:00,281323280,-0.0,0,0,17,0.98,20260929_040000.wav
2026-09-29 04:04:03,281323281,+0.1,0,0,17,0.98,20260929_040000.wav
2026-09-29 04:04:09,281323283,-0.0,0,0,15,0.97,20260929_040000.wav
2026-09-29 04:04:45,281323295,+0.1,0,0,15,0.97,20260929_040000.wav
2026-09-29 04:05:03,281323301,-2439.9,0,0,15,0.97,20260929_040000.wav
2026-09-29 04:05:27,281323309,-0.0,0,0,18,0.98,20260929_040000.wav
2026-09-29 04:05:39,281323313,+0.1,0,0,15,0.97,20260929_040000.wav
2026-09-29 04:05:42,281323314,-0.0,0,0,15,0.97,20260929_040000.wav
2026-09-29 04:06:00,281323320,-0.1,0,0,17,0.98,20260929_040000.wav
2026-09-29 04:06:03,281323321,+0.2,0,0,16,0.97,20260929_040000.wav
2026-09-29 04:06:24,281323328,+0.1,0,0,17,0.98,20260929_040000.wav
2026-09-29 04:06:45,281323335,+0.1,0,0,18,0.98,20260929_040000.wav
2026-09-29 04:06:57,281323339,+0.1,0,0,17,0.98,20260929_040000.wav
2026-09-29 04:07:03,281323341,-0.0,0,0,16,0.97,20260929_040000.wav
2026-09-29 04:07:30,281323350,+0.1,0,0,15,0.97,20260929_040000.wav
2026-09-29 04:07:36,281323352,+0.1,0,0,16,0.97,20260929_040000.wav
2026-09-29 04:08:03,281323361,+0.2,0,0,19,0.98,20260929_040000.wav
2026-09-29 04:08:27,281323369,+0.2,0,0,17,0.98,20260929_040000.wav
2026-09-29 04:08:39,281323373,+0.0,0,0,16,0.98,20260929_040000.wav
2026-09-29 04:08:54,281323378,+0.0,0,0,17,0.98,20260929_040000.wav
2026-09-29 04:09:00,281323380,+0.1,0,0,17,0.98,20260929_040000.wav
2026-09-29 04:09:03,281323381,+0.0,0,0,16,0.97,20260929_040000.wav
2026-09-29 04:09:51,281323397,+0.0,0,0,18,0.98,20260929_040000.wav
2026-09-29 04:10:03,281323401,-0.1,0,0,19,0.98,20260929_041000.wav
2026-09-29 04:10:27,281323409,-0.1,0,0,17,0.98,20260929_041000.wav
2026-09-29 04:10:54,281323418,-0.2,0,0,20,0.98,20260929_041000.wav
2026-09-29 04:11:03,281323421,-0.2,0,0,14,0.96,20260929_041000.wav
2026-09-29 04:11:24,281323428,-0.0,0,0,17,0.97,20260929_041000.wav
2026-09-29 04:11:51,281323437,-0.1,0,0,15,0.97,20260929_041000.wav
2026-09-29 04:12:03,281323441,+0.0,0,0,16,0.97,20260929_041000.wav
2026-09-29 04:12:24,281323448,-0.2,0,0,16,0.98,20260929_041000.wav
2026-09-29 04:12:45,281323455,+0.0,0,0,18,0.98,20260929_041000.wav
2026-09-29 04:12:54,281323458,-0.1,0,0,17,0.98,20260929_041000.wav
2026-09-29 04:12:57,281323459,-0.1,0,0,14,0.97,20260929_041000.wav
2026-09-29 04:13:03,281323461,-0.2,0,0,15,0.97,20260929_041000.wav
2026-09-29 04:13:24,281323468,+0.0,0,0,15,0.97,20260929_041000.wav
2026-09-29 04:13:39,281323473,+0.1,0,0,15,0.97,20260929_041000.wav
2026-09-29 04:13:42,281323474,-0.1,0,0,16,0.97,20260929_041000.wav
2026-09-29 04:13:51,281323477,-0.1,0,0,15,0.97,20260929_041000.wav
2026-09-29 04:14:03,281323481,+0.1,0,0,18,0.98,20260929_041000.wav
2026-09-29 04:14:18,281323486,+0.0,0,0,15,0.97,20260929_041000.wav
2026-09-29 04:14:30,281323490,-0.1,0,0,17,0.97,20260929_041000.wav
2026-09-29 04:14:42,281323494,+0.0,0,0,15,0.97,20260929_041000.wav
2026-09-29 04:14:45,281323495,+0.0,0,0,15,0.96,20260929_041000.wav
2026-09-29 04:15:03,281323501,-0.1,0,0,18,0.98,20260929_041000.wav
2026-09-29 04:15:12,281323504,-0.1,0,0,16,0.98,20260929_041000.wav
2026-09-29 04:15:15,281323505,+0.0,0,0,18,0.98,20260929_041000.wav
2026-09-29 04:15:24,281323508,+0.1,0,0,15,0.96,20260929_041000.wav
2026-09-29 04:15:30,281323510,+0.0,0,0,16,0.97,20260929_041000.wav
2026-09-29 04:15:45,281323515,+0.0,0,0,18,0.98,20260929_041000.wav
2026-09-29 04:15:48,281323516,+0.1,0,0,17,0.97,20260929_041000.wav
2026-09-29 04:15:54,281323518,+0.0,0,0,15,0.97,20260929_041000.wav
2026-09-29 04:16:03,281323521,+0.1,0,0,17,0.97,20260929_041000.wav
2026-09-29 04:16:21,281323527,+0.1,0,0,17,0.97,20260929_041000.wav
2026-09-29 04:16:39,281323533,+0.0,0,0,18,0.97,20260929_041000.wav
2026-09-29 04:16:42,281323534,+0.0,0,0,15,0.97,20260929_041000.wav
2026-09-29 04:16:48,281323536,+0.0,0,0,17,0.98,20260929_041000.wav
2026-09-29 04:16:51,281323537,+0.0,0,0,15,0.97,20260929_041000.wav
2026-09-29 04:17:00,281323540,+0.1,0,0,14,0.97,20260929_041000.wav
2026-09-29 04:17:03,281323541,-0.1,0,0,15,0.97,20260929_041000.wav
2026-09-29 04:17:45,281323555,+0.0,0,0,18,0.98,20260929_041000.wav
2026-09-29 04:18:03,281323561,+0.1,0,0,16,0.97,20260929_041000.wav
2026-09-29 04:18:57,281323579,-1.3,0,0,18,0.98,20260929_041000.wav
2026-09-29 04:19:03,281323581,-1.3,0,0,16,0.97,20260929_041000.wav
2026-09-29 04:20:03,281323601,+1.4,0,0,24,0.99,20260929_042000.wav
2026-09-29 04:20:57,281323619,+1.1,0,0,17,0.98,20260929_042000.wav
2026-09-29 04:21:03,281323621,+1.1,0,0,15,0.97,20260929_042000.wav
2026-09-29 04:22:03,281323641,+0.0,0,0,19,0.98,20260929_042000.wav
2026-09-29 04:23:03,281323661,+0.0,0,0,17,0.98,20260929_042000.wav
2026-09-29 04:24:03,281323681,+0.0,0,0,17,0.98,20260929_042000.wav
2026-09-29 04:25:03,281323701,+0.0,0,0,17,0.98,20260929_042000.wav
2026-09-29 04:25:54,281323718,+0.0,0,0,16,0.97,20260929_042000.wav
2026-09-29 04:26:03,281323721,+0.0,0,0,16,0.98,20260929_042000.wav
2026-09-29 04:26:39,281323733,+0.1,0,0,16,0.98,20260929_042000.wav
2026-09-29 04:26:45,281323735,-0.1,0,0,16,0.98,20260929_042000.wav
2026-09-29 04:26:48,281323736,+0.1,0,0,15,0.97,20260929_042000.wav
2026-09-29 04:26:51,281323737,+0.0,0,0,16,0.98,20260929_042000.wav
2026-09-29 04:26:54,281323738,-0.1,0,0,17,0.98,20260929_042000.wav
2026-09-29 04:26:57,281323739,+0.1,0,0,16,0.98,20260929_042000.wav
2026-09-29 04:27:03,281323741,+0.1,0,0,16,0.98,20260929_042000.wav
2026-09-29 04:28:03,281323761,+0.1,0,0,18,0.99,20260929_042000.wav
2026-09-29 04:28:42,281323774,+0.1,0,0,17,0.97,20260929_042000.wav
2026-09-29 04:28:54,281323778,+0.0,0,0,16,0.97,20260929_042000.wav
2026-09-29 04:29:03,281323781,+0.0,0,0,17,0.98,20260929_042000.wav
2026-09-29 04:30:57,281323819,-0.1,0,0,17,0.97,20260929_043000.wav
2026-09-29 04:31:00,281323820,-0.1,0,0,16,0.97,20260929_043000.wav
2026-09-29 04:31:03,281323821,-0.1,0,0,18,0.97,20260929_043000.wav
2026-09-29 04:31:21,281323827,-0.2,0,0,17,0.97,20260929_043000.wav
2026-09-29 04:31:30,281323830,-0.1,0,0,15,0.97,20260929_043000.wav
2026-09-29 04:31:42,281323834,+0.1,0,0,18,0.98,20260929_043000.wav
2026-09-29 04:31:45,281323835,-0.1,0,0,17,0.97,20260929_043000.wav
2026-09-29 04:31:51,281323837,+0.0,0,0,16,0.97,20260929_043000.wav
2026-09-29 04:32:03,281323841,-0.1,0,0,16,0.97,20260929_043000.wav
2026-09-29 04:33:03,281323861,+0.0,0,0,15,0.97,20260929_043000.wav
2026-09-29 04:34:03,281323881,+0.1,0,0,16,0.97,20260929_043000.wav
2026-09-29 04:35:03,281323901,+0.0,0,0,16,0.97,20260929_043000.wav
2026-09-29 04:36:03,281323921,+0.0,0,0,16,0.97,20260929_043000.wav
2026-09-29 04:37:00,281323940,+0.0,0,0,16,0.97,20260929_043000.wav
2026-09-29 04:37:03,281323941,+0.1,0,0,16,0.97,20260929_043000.wav
2026-09-29 04:38:03,281323961,+0.1,0,0,16,0.97,20260929_043000.wav
2026-09-29 04:39:03,281323981,+0.1,0,0,18,0.98,20260929_043000.wav
2026-09-29 04:39:39,281323993,+0.2,0,0,16,0.97,20260929_043000.wav
2026-09-29 04:39:42,281323994,+0.1,0,0,16,0.97,20260929_043000.wav
2026-09-29 04:39:54,281323998,+0.2,0,0,17,0.98,20260929_043000.wav
2026-09-29 04:40:03,281324001,-0.0,0,0,18,0.98,20260929_044000.wav
2026-09-29 04:41:00,281324020,-0.0,0,0,22,0.98,20260929_044050.wav
2026-09-29 04:41:03,281324021,-0.2,0,0,17,0.97,20260929_044050.wav
2026-09-29 04:41:15,281324025,-0.1,0,0,16,0.97,20260929_044050.wav
2026-09-29 04:41:27,281324029,-0.3,0,0,16,0.97,20260929_044050.wav
2026-09-29 04:41:39,281324033,-0.1,0,0,16,0.97,20260929_044050.wav
2026-09-29 04:41:48,281324036,-0.1,0,0,16,0.97,20260929_044050.wav
2026-09-29 04:42:03,281324041,-0.1,0,0,18,0.97,20260929_044050.wav
2026-09-29 04:43:03,281324061,+0.0,0,0,16,0.97,20260929_044050.wav
2026-09-29 04:43:42,281324074,+0.0,0,0,18,0.98,20260929_044050.wav
2026-09-29 04:43:54,281324078,-0.2,0,0,18,0.98,20260929_044050.wav
2026-09-29 04:44:03,281324081,-0.1,0,0,17,0.97,20260929_044050.wav
2026-09-29 04:44:45,281324095,+0.1,0,0,18,0.97,20260929_044050.wav
2026-09-29 04:45:03,281324101,-0.1,0,0,18,0.98,20260929_044050.wav
2026-09-29 04:45:18,281324106,-0.1,0,0,15,0.97,20260929_044050.wav
2026-09-29 04:45:21,281324107,+0.0,0,0,15,0.96,20260929_044050.wav
2026-09-29 04:45:24,281324108,-0.1,0,0,18,0.97,20260929_044050.wav
2026-09-29 04:45:30,281324110,+0.1,0,0,17,0.97,20260929_044050.wav
2026-09-29 04:45:45,281324115,+0.1,0,0,17,0.97,20260929_044050.wav
2026-09-29 04:46:03,281324121,+0.0,0,0,16,0.97,20260929_044050.wav
2026-09-29 04:46:30,281324130,-0.1,0,0,16,0.97,20260929_044050.wav
2026-09-29 04:46:39,281324133,+0.0,0,0,17,0.97,20260929_044050.wav
2026-09-29 04:46:42,281324134,-0.1,0,0,16,0.97,20260929_044050.wav
2026-09-29 04:46:51,281324137,-0.1,0,0,17,0.97,20260929_044050.wav
2026-09-29 04:47:03,281324141,+0.1,0,0,18,0.98,20260929_044050.wav
2026-09-29 04:47:27,281324149,+0.1,0,0,15,0.97,20260929_044050.wav
2026-09-29 04:47:39,281324153,-0.1,0,0,16,0.97,20260929_044050.wav
2026-09-29 04:47:42,281324154,+0.0,0,0,17,0.98,20260929_044050.wav
2026-09-29 04:47:48,281324156,+0.0,0,0,18,0.97,20260929_044050.wav
2026-09-29 04:47:57,281324159,+0.1,0,0,18,0.98,20260929_044050.wav
2026-09-29 04:48:03,281324161,-0.1,0,0,16,0.97,20260929_044050.wav
2026-09-29 04:48:12,281324164,+0.1,0,0,17,0.97,20260929_044050.wav
2026-09-29 04:48:18,281324166,-0.1,0,0,17,0.97,20260929_044050.wav
2026-09-29 04:48:27,281324169,+0.0,0,0,16,0.97,20260929_044050.wav
2026-09-29 04:48:48,281324176,+0.0,0,0,17,0.97,20260929_044050.wav
2026-09-29 04:48:57,281324179,+0.0,0,0,19,0.98,20260929_044050.wav
2026-09-29 04:49:03,281324181,+0.0,0,0,16,0.97,20260929_044050.wav
2026-09-29 04:49:21,281324187,+0.0,0,0,17,0.97,20260929_044050.wav
2026-09-29 04:49:45,281324195,+0.0,0,0,18,0.98,20260929_044050.wav
2026-09-29 04:49:51,281324197,+0.0,0,0,16,0.97,20260929_044050.wav
2026-09-29 04:50:03,281324201,+0.0,0,0,2,0.69,20260929_045000.wav
2026-09-29 04:50:09,281324203,-0.1,0,0,21,0.99,20260929_045000.wav
2026-09-29 04:50:39,281324213,-0.2,0,0,17,0.97,20260929_045000.wav
2026-09-29 04:50:54,281324218,-0.1,0,0,15,0.97,20260929_045000.wav
2026-09-29 04:51:03,281324221,-0.1,0,0,18,0.98,20260929_045000.wav
2026-09-29 04:51:39,281324233,-0.1,0,0,18,0.98,20260929_045000.wav
2026-09-29 04:51:48,281324236,-0.1,0,0,16,0.97,20260929_045000.wav
2026-09-29 04:51:51,281324237,-0.1,0,0,16,0.97,20260929_045000.wav
2026-09-29 04:51:54,281324238,+0.0,0,0,17,0.98,20260929_045000.wav
2026-09-29 04:51:57,281324239,-0.1,0,0,16,0.97,20260929_045000.wav
2026-09-29 04:52:03,281324241,-0.2,0,0,15,0.97,20260929_045000.wav
2026-09-29 04:52:21,281324247,-0.1,0,0,17,0.98,20260929_045000.wav
2026-09-29 04:52:27,281324249,-0.1,0,0,17,0.97,20260929_045000.wav
2026-09-29 04:52:36,281324252,-0.1,0,0,17,0.97,20260929_045000.wav
2026-09-29 04:53:03,281324261,+0.0,0,0,17,0.98,20260929_045000.wav
2026-09-29 04:53:12,281324264,+0.0,0,0,16,0.97,20260929_045000.wav
2026-09-29 04:53:18,281324266,+0.0,0,0,16,0.97,20260929_045000.wav
2026-09-29 04:53:27,281324269,+0.1,0,0,17,0.98,20260929_045000.wav
2026-09-29 04:53:39,281324273,-0.1,0,0,16,0.97,20260929_045000.wav
2026-09-29 04:54:00,281324280,+0.0,0,0,18,0.98,20260929_045000.wav
2026-09-29 04:54:03,281324281,-0.1,0,0,18,0.98,20260929_045000.wav
2026-09-29 04:54:30,281324290,+0.0,0,0,17,0.97,20260929_045000.wav
2026-09-29 04:54:36,281324292,-0.1,0,0,18,0.98,20260929_045000.wav
2026-09-29 04:54:48,281324296,+0.0,0,0,18,0.98,20260929_045000.wav
2026-09-29 04:55:03,281324301,+0.1,0,0,17,0.98,20260929_045000.wav
2026-09-29 04:55:12,281324304,+0.0,0,0,17,0.98,20260929_045000.wav
2026-09-29 04:55:21,281324307,+0.0,0,0,17,0.97,20260929_045000.wav
2026-09-29 04:55:27,281324309,+0.1,0,0,16,0.97,20260929_045000.wav
2026-09-29 04:55:36,281324312,+0.0,0,0,17,0.98,20260929_045000.wav
2026-09-29 04:55:51,281324317,+0.1,0,0,17,0.98,20260929_045000.wav
2026-09-29 04:56:00,281324320,+0.0,0,0,17,0.98,20260929_045000.wav
2026-09-29 04:56:18,281324326,-0.1,0,0,17,0.98,20260929_045000.wav
2026-09-29 04:56:24,281324328,+0.0,0,0,17,0.98,20260929_045000.wav
2026-09-29 04:56:30,281324330,+0.0,0,0,18,0.98,20260929_045000.wav
2026-09-29 04:56:54,281324338,+0.1,0,0,17,0.98,20260929_045000.wav
2026-09-29 04:56:57,281324339,+0.0,0,0,17,0.98,20260929_045000.wav
2026-09-29 04:57:03,281324341,+0.0,0,0,17,0.97,20260929_045000.wav
2026-09-29 04:57:24,281324348,+0.1,0,0,18,0.97,20260929_045000.wav
2026-09-29 04:57:27,281324349,+0.0,0,0,17,0.98,20260929_045000.wav
2026-09-29 04:57:36,281324352,+0.0,0,0,18,0.97,20260929_045000.wav
2026-09-29 04:57:39,281324353,+0.0,0,0,16,0.97,20260929_045000.wav
2026-09-29 04:57:42,281324354,+0.0,0,0,16,0.97,20260929_045000.wav
2026-09-29 04:57:51,281324357,+0.0,0,0,17,0.98,20260929_045000.wav
2026-09-29 04:57:54,281324358,+0.0,0,0,17,0.98,20260929_045000.wav
2026-09-29 04:58:00,281324360,-0.1,0,0,17,0.97,20260929_045000.wav
2026-09-29 04:58:03,281324361,+0.1,0,0,16,0.97,20260929_045000.wav
2026-09-29 04:58:09,281324363,+0.0,0,0,18,0.98,20260929_045000.wav
2026-09-29 04:58:18,281324366,+0.1,0,0,17,0.98,20260929_045000.wav
2026-09-29 04:59:03,281324381,+0.1,0,0,17,0.98,20260929_045000.wav
2026-09-29 04:59:12,281324384,+0.0,0,0,18,0.98,20260929_045000.wav
2026-09-29 04:59:18,281324386,+0.1,0,0,17,0.98,20260929_045000.wav
2026-09-29 04:59:39,281324393,+0.1,0,0,17,0.98,20260929_045000.wav
2026-09-29 05:00:03,281324401,+0.0,0,0,17,0.98,20260929_050000.wav
2026-09-29 05:00:15,281324405,-0.2,0,0,18,0.98,20260929_050000.wav
2026-09-29 05:00:48,281324416,-0.1,0,0,18,0.98,20260929_050000.wav
2026-09-29 05:01:03,281324421,-0.2,0,0,17,0.97,20260929_050000.wav
2026-09-29 05:01:42,281324434,-0.1,0,0,17,0.97,20260929_050000.wav
2026-09-29 05:01:45,281324435,-0.1,0,0,16,0.97,20260929_050000.wav
2026-09-29 05:01:48,281324436,+0.0,0,0,16,0.97,20260929_050000.wav
2026-09-29 05:01:51,281324437,-0.2,0,0,16,0.97,20260929_050000.wav
2026-09-29 05:02:00,281324440,-0.1,0,0,17,0.98,20260929_050000.wav
2026-09-29 05:02:03,281324441,+0.0,0,0,16,0.97,20260929_050000.wav
2026-09-29 05:02:27,281324449,+0.0,0,0,19,0.98,20260929_050000.wav
2026-09-29 05:02:42,281324454,+0.0,0,0,18,0.98,20260929_050000.wav
2026-09-29 05:02:45,281324455,-0.1,0,0,18,0.98,20260929_050000.wav
2026-09-29 05:03:03,281324461,-0.1,0,0,17,0.98,20260929_050000.wav
2026-09-29 05:03:15,281324465,+0.1,0,0,17,0.98,20260929_050000.wav
2026-09-29 05:03:30,281324470,+0.0,0,0,17,0.97,20260929_050000.wav
2026-09-29 05:03:45,281324475,+0.0,0,0,18,0.98,20260929_050000.wav
2026-09-29 05:03:54,281324478,+0.1,0,0,18,0.98,20260929_050000.wav
2026-09-29 05:03:57,281324479,-0.0,0,0,17,0.98,20260929_050000.wav
2026-09-29 05:04:03,281324481,+0.1,0,0,16,0.97,20260929_050000.wav
2026-09-29 05:04:15,281324485,-0.1,0,0,16,0.97,20260929_050000.wav
2026-09-29 05:04:18,281324486,-0.0,0,0,17,0.97,20260929_050000.wav
2026-09-29 05:04:21,281324487,-0.0,0,0,16,0.97,20260929_050000.wav
2026-09-29 05:04:36,281324492,+0.1,0,0,17,0.98,20260929_050000.wav
2026-09-29 05:04:48,281324496,-0.0,0,0,19,0.98,20260929_050000.wav
2026-09-29 05:05:03,281324501,-0.0,0,0,18,0.98,20260929_050000.wav
2026-09-29 05:05:18,281324506,-0.0,0,0,18,0.98,20260929_050000.wav
2026-09-29 05:05:39,281324513,+0.1,0,0,16,0.97,20260929_050000.wav
2026-09-29 05:06:00,281324520,-0.1,0,0,16,0.98,20260929_050000.wav
2026-09-29 05:06:03,281324521,+0.1,0,0,17,0.98,20260929_050000.wav
2026-09-29 05:06:36,281324532,+0.1,0,0,17,0.98,20260929_050000.wav
2026-09-29 05:06:39,281324533,-0.0,0,0,16,0.97,20260929_050000.wav
2026-09-29 05:06:48,281324536,-0.1,0,0,18,0.98,20260929_050000.wav
2026-09-29 05:06:51,281324537,+0.2,0,0,17,0.98,20260929_050000.wav
2026-09-29 05:07:03,281324541,-0.0,0,0,16,0.97,20260929_050000.wav
2026-09-29 05:07:48,281324556,+0.2,0,0,17,0.98,20260929_050000.wav
2026-09-29 05:08:03,281324561,+0.2,0,0,18,0.98,20260929_050000.wav
2026-09-29 05:08:18,281324566,+0.1,0,0,16,0.98,20260929_050000.wav
2026-09-29 05:08:24,281324568,-0.0,0,0,16,0.97,20260929_050000.wav
2026-09-29 05:08:27,281324569,+0.1,0,0,17,0.98,20260929_050000.wav
2026-09-29 05:08:30,281324570,-0.0,0,0,16,0.97,20260929_050000.wav
2026-09-29 05:08:39,281324573,-0.0,0,0,17,0.98,20260929_050000.wav
2026-09-29 05:08:42,281324574,+0.1,0,0,17,0.98,20260929_050000.wav
2026-09-29 05:08:54,281324578,+0.1,0,0,16,0.97,20260929_050000.wav
2026-09-29 05:09:00,281324580,+0.2,0,0,17,0.98,20260929_050000.wav
2026-09-29 05:09:03,281324581,-0.0,0,0,16,0.97,20260929_050000.wav
2026-09-29 05:09:45,281324595,+0.1,0,0,18,0.98,20260929_050000.wav
2026-09-29 05:10:00,281324600,-0.3,1,0,11,0.94,20260929_051000.wav
2026-09-29 05:10:03,281324601,+0.0,0,0,16,0.97,20260929_051000.wav
2026-09-29 05:10:18,281324606,-0.1,0,0,17,0.98,20260929_051000.wav
2026-09-29 05:10:36,281324612,-0.1,0,0,17,0.98,20260929_051000.wav
2026-09-29 05:10:42,281324614,-0.3,0,0,16,0.97,20260929_051000.wav
2026-09-29 05:10:45,281324615,+0.0,0,0,19,0.98,20260929_051000.wav
2026-09-29 05:10:51,281324617,-0.1,0,0,18,0.98,20260929_051000.wav
2026-09-29 05:11:03,281324621,-0.2,0,0,17,0.98,20260929_051000.wav
2026-09-29 05:11:12,281324624,-0.2,0,0,16,0.98,20260929_051000.wav
2026-09-29 05:11:39,281324633,-0.1,0,0,16,0.97,20260929_051000.wav
2026-09-29 05:11:42,281324634,-0.1,0,0,17,0.98,20260929_051000.wav
2026-09-29 05:11:57,281324639,+0.0,0,0,17,0.98,20260929_051000.wav
2026-09-29 05:12:00,281324640,-0.2,0,0,17,0.98,20260929_051000.wav
2026-09-29 05:12:03,281324641,-0.1,0,0,18,0.98,20260929_051000.wav
2026-09-29 05:12:12,281324644,-0.1,0,0,17,0.98,20260929_051000.wav
2026-09-29 05:12:15,281324645,-0.1,0,0,17,0.98,20260929_051000.wav
2026-09-29 05:12:24,281324648,-0.2,0,0,16,0.97,20260929_051000.wav
2026-09-29 05:12:30,281324650,+0.0,0,0,16,0.98,20260929_051000.wav
2026-09-29 05:12:48,281324656,-0.1,0,0,18,0.98,20260929_051000.wav
2026-09-29 05:13:00,281324660,-0.1,0,0,16,0.98,20260929_051000.wav
2026-09-29 05:13:03,281324661,-0.1,0,0,17,0.98,20260929_051000.wav
2026-09-29 05:13:09,281324663,+0.0,0,0,16,0.97,20260929_051000.wav
2026-09-29 05:13:12,281324664,-0.1,0,0,15,0.97,20260929_051000.wav
2026-09-29 05:13:15,281324665,-0.1,0,0,16,0.98,20260929_051000.wav
2026-09-29 05:13:18,281324666,+0.0,0,0,18,0.98,20260929_051000.wav
2026-09-29 05:13:21,281324667,-0.2,0,0,17,0.98,20260929_051000.wav
2026-09-29 05:13:36,281324672,-0.1,0,0,17,0.98,20260929_051000.wav
2026-09-29 05:13:45,281324675,-0.1,0,0,18,0.98,20260929_051000.wav
2026-09-29 05:14:00,281324680,+0.0,0,0,17,0.98,20260929_051000.wav
2026-09-29 05:14:03,281324681,-0.1,0,0,16,0.98,20260929_051000.wav
2026-09-29 05:14:18,281324686,-0.1,0,0,18,0.98,20260929_051000.wav
2026-09-29 05:14:27,281324689,-2460.1,0,0,17,0.98,20260929_051000.wav
2026-09-29 05:14:30,281324690,+0.0,0,0,18,0.98,20260929_051000.wav
2026-09-29 05:14:39,281324693,+0.0,0,0,17,0.98,20260929_051000.wav
2026-09-29 05:14:48,281324696,+0.0,0,0,16,0.98,20260929_051000.wav
2026-09-29 05:14:54,281324698,+0.0,0,0,18,0.98,20260929_051000.wav
2026-09-29 05:14:57,281324699,-0.1,0,0,17,0.98,20260929_051000.wav
2026-09-29 05:15:03,281324701,+0.0,0,0,16,0.98,20260929_051000.wav
2026-09-29 05:15:18,281324706,-0.1,0,0,20,0.99,20260929_051000.wav
2026-09-29 05:15:27,281324709,+0.0,0,0,16,0.98,20260929_051000.wav
2026-09-29 05:15:48,281324716,-0.1,0,0,17,0.98,20260929_051000.wav
2026-09-29 05:15:57,281324719,+0.0,0,0,17,0.98,20260929_051000.wav
2026-09-29 05:16:03,281324721,-0.1,0,0,16,0.97,20260929_051000.wav
2026-09-29 05:16:18,281324726,+0.0,0,0,16,0.98,20260929_051000.wav
2026-09-29 05:16:45,281324735,+0.0,0,0,17,0.98,20260929_051000.wav
2026-09-29 05:16:51,281324737,+0.0,0,0,16,0.98,20260929_051000.wav
2026-09-29 05:17:03,281324741,-0.1,0,0,15,0.97,20260929_051000.wav
2026-09-29 05:17:12,281324744,+0.0,0,0,18,0.98,20260929_051000.wav
2026-09-29 05:17:27,281324749,+0.1,0,0,16,0.98,20260929_051000.wav
2026-09-29 05:17:30,281324750,+0.1,0,0,17,0.98,20260929_051000.wav
2026-09-29 05:17:42,281324754,+0.0,0,0,17,0.98,20260929_051000.wav
2026-09-29 05:17:45,281324755,+0.1,0,0,17,0.98,20260929_051000.wav
2026-09-29 05:18:03,281324761,+0.1,0,0,16,0.98,20260929_051000.wav
2026-09-29 05:18:12,281324764,+0.0,0,0,16,0.97,20260929_051000.wav
2026-09-29 05:18:36,281324772,+0.0,0,0,18,0.98,20260929_051000.wav
2026-09-29 05:18:42,281324774,+0.1,0,0,19,0.99,20260929_051000.wav
2026-09-29 05:18:45,281324775,+0.0,0,0,18,0.98,20260929_051000.wav
2026-09-29 05:18:48,281324776,+0.0,0,0,17,0.98,20260929_051000.wav
2026-09-29 05:18:57,281324779,+0.1,0,0,16,0.98,20260929_051000.wav
2026-09-29 05:19:03,281324781,-0.1,0,0,17,0.98,20260929_051000.wav
2026-09-29 05:19:15,281324785,+0.1,0,0,17,0.98,20260929_051000.wav
2026-09-29 05:19:36,281324792,+0.0,0,0,16,0.98,20260929_051000.wav
2026-09-29 05:19:39,281324793,+0.1,0,0,16,0.98,20260929_051000.wav
2026-09-29 05:20:48,281324816,+2.5,0,0,16,0.97,20260929_052000.wav
2026-09-29 05:20:51,281324817,+2.4,0,0,16,0.97,20260929_052000.wav
2026-09-29 05:20:57,281324819,+2.5,0,0,15,0.97,20260929_052000.wav
2026-09-29 05:21:00,281324820,+2.5,0,0,17,0.98,20260929_052000.wav
2026-09-29 05:21:03,281324821,+2.5,0,0,16,0.97,20260929_052000.wav
2026-09-29 05:21:18,281324826,+2.5,0,0,19,0.98,20260929_052000.wav
2026-09-29 05:21:21,281324827,+2.5,0,0,15,0.97,20260929_052000.wav
2026-09-29 05:21:45,281324835,+2.5,0,0,16,0.97,20260929_052000.wav
2026-09-29 05:22:03,281324841,+1.4,3,0,15,0.97,20260929_052000.wav
2026-09-29 05:22:12,281324844,-0.1,0,0,17,0.98,20260929_052000.wav
2026-09-29 05:22:39,281324853,+0.0,0,0,17,0.98,20260929_052000.wav
2026-09-29 05:22:51,281324857,-0.2,0,0,16,0.98,20260929_052000.wav
2026-09-29 05:22:54,281324858,+0.0,0,0,16,0.98,20260929_052000.wav
2026-09-29 05:23:03,281324861,+0.0,0,0,18,0.98,20260929_052000.wav
2026-09-29 05:23:27,281324869,+0.0,0,0,17,0.98,20260929_052000.wav
2026-09-29 05:23:30,281324870,-0.1,0,0,16,0.97,20260929_052000.wav
2026-09-29 05:23:51,281324877,+0.0,0,0,16,0.98,20260929_052000.wav
2026-09-29 05:23:54,281324878,-0.1,0,0,15,0.97,20260929_052000.wav
2026-09-29 05:24:00,281324880,+0.0,0,0,16,0.97,20260929_052000.wav
2026-09-29 05:24:03,281324881,-0.1,0,0,16,0.97,20260929_052000.wav
2026-09-29 05:24:15,281324885,+0.0,0,0,16,0.98,20260929_052000.wav
2026-09-29 05:24:18,281324886,+0.0,0,0,15,0.97,20260929_052000.wav
2026-09-29 05:24:21,281324887,-0.1,0,0,17,0.98,20260929_052000.wav
2026-09-29 05:24:39,281324893,+0.0,0,0,17,0.98,20260929_052000.wav
2026-09-29 05:24:57,281324899,+0.0,0,0,17,0.98,20260929_052000.wav
2026-09-29 05:25:00,281324900,-0.2,0,0,17,0.98,20260929_052000.wav
2026-09-29 05:25:03,281324901,+0.0,0,0,17,0.98,20260929_052000.wav
2026-09-29 05:25:09,281324903,-0.1,0,0,18,0.99,20260929_052000.wav
2026-09-29 05:25:18,281324906,+0.0,0,0,18,0.98,20260929_052000.wav
2026-09-29 05:25:24,281324908,-0.1,0,0,16,0.98,20260929_052000.wav
2026-09-29 05:25:30,281324910,+0.0,0,0,17,0.98,20260929_052000.wav
2026-09-29 05:25:51,281324917,+0.0,0,0,18,0.98,20260929_052000.wav
2026-09-29 05:25:54,281324918,+0.0,0,0,16,0.98,20260929_052000.wav
2026-09-29 05:26:03,281324921,+0.0,0,0,17,0.98,20260929_052000.wav
2026-09-29 05:26:18,281324926,+0.1,0,0,19,0.98,20260929_052000.wav
2026-09-29 05:26:24,281324928,-0.1,0,0,18,0.99,20260929_052000.wav
2026-09-29 05:26:30,281324930,+0.0,0,0,17,0.98,20260929_052000.wav
2026-09-29 05:26:39,281324933,+0.0,0,0,17,0.98,20260929_052000.wav
2026-09-29 05:26:48,281324936,+0.0,0,0,16,0.98,20260929_052000.wav
2026-09-29 05:27:00,281324940,+0.0,0,0,17,0.98,20260929_052000.wav
2026-09-29 05:27:03,281324941,+0.1,0,0,16,0.98,20260929_052000.wav
2026-09-29 05:27:18,281324946,+0.0,0,0,16,0.97,20260929_052000.wav
2026-09-29 05:27:27,281324949,-0.1,0,0,16,0.97,20260929_052000.wav
2026-09-29 05:27:30,281324950,+0.0,0,0,16,0.98,20260929_052000.wav
2026-09-29 05:27:45,281324955,+0.0,0,0,16,0.97,20260929_052000.wav
2026-09-29 05:27:48,281324956,-0.1,0,0,16,0.98,20260929_052000.wav
2026-09-29 05:28:03,281324961,+0.1,0,0,18,0.98,20260929_052000.wav
2026-09-29 05:28:12,281324964,+0.1,0,0,17,0.98,20260929_052000.wav
2026-09-29 05:28:15,281324965,+0.0,0,0,16,0.97,20260929_052000.wav
2026-09-29 05:28:42,281324974,+0.1,0,0,17,0.98,20260929_052000.wav
2026-09-29 05:28:45,281324975,+0.1,0,0,16,0.97,20260929_052000.wav
2026-09-29 05:29:03,281324981,+0.1,0,0,17,0.98,20260929_052000.wav
2026-09-29 05:29:18,281324986,+0.0,0,0,17,0.98,20260929_052000.wav
2026-09-29 05:29:24,281324988,+0.0,0,0,16,0.97,20260929_052000.wav
2026-09-29 05:29:27,281324989,+0.0,0,0,16,0.98,20260929_052000.wav
2026-09-29 05:30:03,281325001,-0.0,0,0,19,0.99,20260929_053000.wav
2026-09-29 05:30:18,281325006,-0.1,0,0,18,0.98,20260929_053000.wav
2026-09-29 05:30:57,281325019,-0.1,0,0,17,0.98,20260929_053000.wav
2026-09-29 05:31:03,281325021,-0.1,0,0,15,0.97,20260929_053000.wav
2026-09-29 05:31:21,281325027,-0.1,0,0,16,0.98,20260929_053000.wav
2026-09-29 05:31:36,281325032,-0.1,0,0,19,0.99,20260929_053000.wav
2026-09-29 05:31:51,281325037,-0.1,0,0,17,0.98,20260929_053000.wav
2026-09-29 05:32:03,281325041,+0.0,0,0,17,0.98,20260929_053000.wav
2026-09-29 05:32:09,281325043,+0.0,0,0,17,0.98,20260929_053000.wav
2026-09-29 05:32:12,281325044,-0.1,0,0,17,0.98,20260929_053000.wav
2026-09-29 05:32:39,281325053,-0.1,0,0,18,0.98,20260929_053000.wav
2026-09-29 05:32:57,281325059,+0.0,0,0,16,0.98,20260929_053000.wav
2026-09-29 05:33:03,281325061,+0.0,0,0,17,0.98,20260929_053000.wav
2026-09-29 05:33:27,281325069,+0.1,0,0,18,0.98,20260929_053000.wav
2026-09-29 05:33:39,281325073,-0.1,0,0,16,0.98,20260929_053000.wav
2026-09-29 05:33:42,281325074,+0.1,0,0,15,0.97,20260929_053000.wav
2026-09-29 05:33:48,281325076,-0.1,0,0,17,0.98,20260929_053000.wav
2026-09-29 05:34:03,281325081,-0.0,0,0,18,0.99,20260929_053000.wav
2026-09-29 05:34:12,281325084,-0.0,0,0,17,0.98,20260929_053000.wav
2026-09-29 05:34:27,281325089,-0.0,0,0,16,0.98,20260929_053000.wav
2026-09-29 05:34:48,281325096,-0.1,0,0,16,0.98,20260929_053000.wav
2026-09-29 05:34:54,281325098,-0.0,0,0,17,0.98,20260929_053000.wav
2026-09-29 05:35:00,281325100,+0.1,0,0,17,0.98,20260929_053000.wav
2026-09-29 05:35:03,281325101,-0.1,0,0,15,0.97,20260929_053000.wav
2026-09-29 05:35:09,281325103,-0.0,0,0,17,0.98,20260929_053000.wav
2026-09-29 05:35:18,281325106,-0.0,0,0,17,0.98,20260929_053000.wav
2026-09-29 05:35:21,281325107,+0.1,0,0,17,0.98,20260929_053000.wav
2026-09-29 05:36:03,281325121,+0.1,0,0,17,0.98,20260929_053000.wav
2026-09-29 05:36:36,281325132,-0.1,0,0,16,0.98,20260929_053000.wav
2026-09-29 05:36:39,281325133,+0.1,0,0,16,0.98,20260929_053000.wav
2026-09-29 05:36:42,281325134,-0.0,0,0,14,0.97,20260929_053000.wav
2026-09-29 05:36:48,281325136,+0.1,0,0,16,0.97,20260929_053000.wav
2026-09-29 05:37:00,281325140,-0.0,0,0,17,0.98,20260929_053000.wav
2026-09-29 05:37:03,281325141,+0.1,0,0,16,0.98,20260929_053000.wav
2026-09-29 05:37:18,281325146,+0.2,0,0,16,0.98,20260929_053000.wav
2026-09-29 05:37:21,281325147,-0.0,0,0,15,0.97,20260929_053000.wav
2026-09-29 05:37:36,281325152,-0.0,0,0,16,0.98,20260929_053000.wav
2026-09-29 05:37:48,281325156,+0.1,0,0,17,0.98,20260929_053000.wav
2026-09-29 05:38:00,281325160,-0.0,0,0,17,0.98,20260929_053000.wav
2026-09-29 05:38:03,281325161,+0.1,0,0,18,0.98,20260929_053000.wav
2026-09-29 05:38:09,281325163,+0.1,0,0,17,0.98,20260929_053000.wav
2026-09-29 05:38:12,281325164,+0.1,0,0,16,0.98,20260929_053000.wav
2026-09-29 05:38:39,281325173,+0.0,0,0,16,0.98,20260929_053000.wav
2026-09-29 05:38:57,281325179,+0.1,0,0,17,0.98,20260929_053000.wav
2026-09-29 05:39:03,281325181,+0.0,0,0,17,0.98,20260929_053000.wav
2026-09-29 05:39:24,281325188,+0.1,0,0,17,0.98,20260929_053000.wav
2026-09-29 05:39:27,281325189,+0.1,0,0,16,0.98,20260929_053000.wav
2026-09-29 05:39:30,281325190,+0.1,0,0,16,0.98,20260929_053000.wav
2026-09-29 05:39:39,281325193,+0.1,0,0,16,0.97,20260929_053000.wav
2026-09-29 05:39:48,281325196,+0.1,0,0,16,0.98,20260929_053000.wav
2026-09-29 05:39:51,281325197,+0.1,0,0,16,0.98,20260929_053000.wav
2026-09-29 05:40:03,281325201,+4.9,0,0,16,0.97,20260929_054000.wav
2026-09-29 05:40:36,281325212,+1.1,0,0,16,0.98,20260929_054000.wav
2026-09-29 05:40:51,281325217,+1.1,0,0,18,0.98,20260929_054000.wav
2026-09-29 05:41:03,281325221,+1.0,0,0,18,0.98,20260929_054000.wav
2026-09-29 05:41:09,281325223,+1.0,0,0,17,0.98,20260929_054000.wav
2026-09-29 05:41:12,281325224,+0.9,0,0,16,0.98,20260929_054000.wav
2026-09-29 05:41:24,281325228,+1.1,0,0,17,0.98,20260929_054000.wav
2026-09-29 05:41:30,281325230,+1.1,0,0,18,0.98,20260929_054000.wav
2026-09-29 05:41:57,281325239,+1.0,0,0,16,0.97,20260929_054000.wav
2026-09-29 05:42:03,281325241,+1.1,0,0,17,0.98,20260929_054000.wav
2026-09-29 05:42:36,281325252,+1.0,0,0,19,0.98,20260929_054000.wav
2026-09-29 05:42:39,281325253,+1.1,0,0,16,0.98,20260929_054000.wav
2026-09-29 05:42:57,281325259,+1.2,0,0,17,0.98,20260929_054000.wav
2026-09-29 05:43:03,281325261,+1.0,0,0,18,0.98,20260929_054000.wav
2026-09-29 05:43:12,281325264,+1.2,0,0,17,0.98,20260929_054000.wav
2026-09-29 05:43:21,281325267,+1.2,0,0,18,0.98,20260929_054000.wav
2026-09-29 05:43:36,281325272,+1.2,0,0,18,0.98,20260929_054000.wav
2026-09-29 05:43:51,281325277,+1.1,0,0,16,0.97,20260929_054000.wav
2026-09-29 05:43:54,281325278,+1.1,0,0,16,0.97,20260929_054000.wav
2026-09-29 05:44:03,281325281,+1.1,0,0,16,0.97,20260929_054000.wav
2026-09-29 05:44:15,281325285,-0.2,0,0,18,0.98,20260929_054000.wav
2026-09-29 05:44:51,281325297,-0.1,0,0,19,0.98,20260929_054000.wav
2026-09-29 05:45:00,281325300,-0.1,0,0,17,0.98,20260929_054000.wav
2026-09-29 05:45:03,281325301,-0.2,0,0,16,0.97,20260929_054000.wav
2026-09-29 05:45:30,281325310,-0.2,0,0,18,0.98,20260929_054000.wav
2026-09-29 05:45:45,281325315,-0.3,0,0,18,0.98,20260929_054000.wav
2026-09-29 05:45:54,281325318,-0.1,0,0,18,0.98,20260929_054000.wav
2026-09-29 05:45:57,281325319,-0.1,0,0,16,0.97,20260929_054000.wav
2026-09-29 05:46:03,281325321,-0.1,0,0,17,0.98,20260929_054000.wav
2026-09-29 05:46:15,281325325,-0.2,0,0,17,0.98,20260929_054000.wav
2026-09-29 05:46:24,281325328,-0.2,0,0,17,0.98,20260929_054000.wav
2026-09-29 05:46:30,281325330,-0.1,0,0,16,0.97,20260929_054000.wav
2026-09-29 05:46:39,281325333,-0.2,0,0,16,0.97,20260929_054000.wav
2026-09-29 05:46:42,281325334,-0.1,0,0,17,0.97,20260929_054000.wav
2026-09-29 05:46:54,281325338,-0.1,0,0,15,0.97,20260929_054000.wav
2026-09-29 05:47:03,281325341,-0.2,0,0,15,0.97,20260929_054000.wav
2026-09-29 05:47:18,281325346,-0.2,0,0,18,0.98,20260929_054000.wav
2026-09-29 05:47:24,281325348,-0.1,0,0,18,0.98,20260929_054000.wav
2026-09-29 05:47:30,281325350,-0.1,0,0,17,0.97,20260929_054000.wav
2026-09-29 05:47:45,281325355,-0.1,0,0,17,0.98,20260929_054000.wav
2026-09-29 05:48:03,281325361,+0.0,0,0,16,0.98,20260929_054000.wav
2026-09-29 05:48:36,281325372,-0.1,0,0,18,0.98,20260929_054000.wav
2026-09-29 05:48:57,281325379,+0.0,0,0,16,0.97,20260929_054000.wav
2026-09-29 05:49:00,281325380,-0.1,0,0,16,0.97,20260929_054000.wav
2026-09-29 05:49:03,281325381,-0.1,0,0,18,0.98,20260929_054000.wav
2026-09-29 05:49:15,281325385,+0.0,0,0,17,0.97,20260929_054000.wav
2026-09-29 05:49:39,281325393,-0.1,0,0,17,0.98,20260929_054000.wav
2026-09-29 05:50:18,281325406,-1.0,1,0,7,0.84,20260929_055000.wav
2026-09-29 05:50:24,281325408,-0.9,3,0,7,0.85,20260929_055000.wav
2026-09-29 05:50:54,281325418,-1.1,1,0,7,0.84,20260929_055000.wav
2026-09-29 05:51:12,281325424,-1.0,1,0,7,0.84,20260929_055000.wav
2026-09-29 05:51:24,281325428,-0.9,0,1,7,0.85,20260929_055000.wav
2026-09-29 05:51:48,281325436,-0.7,0,0,8,0.86,20260929_055000.wav
2026-09-29 05:51:54,281325438,-1.0,0,0,7,0.85,20260929_055000.wav
2026-09-29 05:52:03,281325441,-0.9,3,0,7,0.84,20260929_055000.wav
2026-09-29 05:52:15,281325445,-0.9,1,0,6,0.83,20260929_055000.wav
2026-09-29 05:52:21,281325447,-0.7,1,0,7,0.84,20260929_055000.wav
2026-09-29 05:52:36,281325452,-0.7,0,0,7,0.84,20260929_055000.wav
2026-09-29 05:52:45,281325455,-0.7,1,0,6,0.83,20260929_055000.wav
2026-09-29 05:53:03,281325461,-1.0,1,0,7,0.86,20260929_055000.wav
2026-09-29 05:53:39,281325473,+0.2,0,0,23,0.98,20260929_055000.wav
2026-09-29 05:54:03,281325481,+0.1,0,0,19,0.98,20260929_055000.wav
2026-09-29 05:54:24,281325488,+0.0,0,0,18,0.98,20260929_055000.wav
2026-09-29 05:54:39,281325493,+0.0,0,0,18,0.98,20260929_055000.wav
2026-09-29 05:54:42,281325494,+0.0,0,0,15,0.97,20260929_055000.wav
2026-09-29 05:54:48,281325496,-0.1,0,0,16,0.97,20260929_055000.wav
2026-09-29 05:54:57,281325499,+0.0,0,0,15,0.97,20260929_055000.wav
2026-09-29 05:55:03,281325501,-0.1,0,0,16,0.98,20260929_055000.wav
2026-09-29 05:55:36,281325512,+0.0,0,0,17,0.98,20260929_055000.wav
2026-09-29 05:55:54,281325518,+0.1,0,0,17,0.97,20260929_055000.wav
2026-09-29 05:56:03,281325521,+0.1,0,0,18,0.98,20260929_055000.wav
2026-09-29 05:56:18,281325526,+0.1,0,0,16,0.97,20260929_055000.wav
2026-09-29 05:56:27,281325529,+0.1,0,0,15,0.97,20260929_055000.wav
2026-09-29 05:56:30,281325530,+0.0,0,0,15,0.97,20260929_055000.wav
2026-09-29 05:56:42,281325534,+0.1,0,0,18,0.98,20260929_055000.wav
2026-09-29 05:56:48,281325536,+0.0,0,0,16,0.98,20260929_055000.wav
2026-09-29 05:56:54,281325538,+0.0,0,0,17,0.98,20260929_055000.wav
2026-09-29 05:57:03,281325541,+0.0,0,0,16,0.97,20260929_055000.wav
2026-09-29 05:57:12,281325544,+0.0,0,0,16,0.97,20260929_055000.wav
2026-09-29 05:57:18,281325546,+0.0,0,0,15,0.97,20260929_055000.wav
2026-09-29 05:57:24,281325548,+0.1,0,0,15,0.97,20260929_055000.wav
2026-09-29 05:57:57,281325559,+0.1,0,0,19,0.98,20260929_055000.wav
2026-09-29 05:58:00,281325560,+0.0,0,0,15,0.97,20260929_055000.wav
2026-09-29 05:58:03,281325561,+0.1,0,0,15,0.97,20260929_055000.wav
2026-09-29 05:58:15,281325565,+0.0,0,0,16,0.98,20260929_055000.wav
2026-09-29 05:58:18,281325566,+0.1,0,0,16,0.97,20260929_055000.wav
2026-09-29 05:58:42,281325574,+0.2,0,0,17,0.98,20260929_055000.wav
2026-09-29 05:59:03,281325581,+0.0,0,0,17,0.98,20260929_055000.wav
2026-09-29 05:59:15,281325585,+0.2,0,0,16,0.97,20260929_055000.wav
2026-09-29 05:59:18,281325586,+0.0,0,0,17,0.98,20260929_055000.wav
2026-09-29 05:59:30,281325590,+0.2,0,0,15,0.97,20260929_055000.wav
2026-09-29 05:59:42,281325594,+0.1,0,0,15,0.97,20260929_055000.wav
2026-09-29 06:00:00,281325600,-0.3,2,0,11,0.94,20260929_060000.wav
2026-09-29 06:00:03,281325601,-0.1,0,0,16,0.97,20260929_060000.wav
2026-09-29 06:00:15,281325605,-0.2,0,0,15,0.97,20260929_060000.wav
2026-09-29 06:00:30,281325610,-0.2,0,0,17,0.98,20260929_060000.wav
2026-09-29 06:00:45,281325615,-0.2,0,0,17,0.98,20260929_060000.wav
2026-09-29 06:00:48,281325616,-0.2,0,0,18,0.98,20260929_060000.wav
2026-09-29 06:01:03,281325621,-0.2,0,0,17,0.98,20260929_060000.wav
2026-09-29 06:01:39,281325633,-0.1,0,0,17,0.98,20260929_060000.wav
2026-09-29 06:01:42,281325634,-0.2,0,0,16,0.97,20260929_060000.wav
2026-09-29 06:02:03,281325641,+0.0,0,0,17,0.97,20260929_060000.wav
2026-09-29 06:02:27,281325649,+0.0,0,0,16,0.97,20260929_060000.wav
2026-09-29 06:02:39,281325653,-0.2,0,0,17,0.98,20260929_060000.wav
2026-09-29 06:02:48,281325656,-0.1,0,0,17,0.97,20260929_060000.wav
2026-09-29 06:03:03,281325661,-0.2,0,0,18,0.98,20260929_060000.wav
2026-09-29 06:03:45,281325675,-0.1,0,0,16,0.97,20260929_060000.wav
2026-09-29 06:03:48,281325676,+0.0,0,0,15,0.96,20260929_060000.wav
2026-09-29 06:03:57,281325679,-0.1,0,0,16,0.97,20260929_060000.wav
2026-09-29 06:04:03,281325681,+0.0,0,0,18,0.97,20260929_060000.wav
2026-09-29 06:04:30,281325690,-0.1,0,0,17,0.97,20260929_060000.wav
2026-09-29 06:04:51,281325697,+0.0,0,0,18,0.97,20260929_060000.wav
2026-09-29 06:05:03,281325701,-0.1,0,0,16,0.97,20260929_060000.wav
2026-09-29 06:05:18,281325706,+0.0,0,0,17,0.97,20260929_060000.wav
2026-09-29 06:05:39,281325713,+0.1,0,0,18,0.98,20260929_060000.wav
2026-09-29 06:05:48,281325716,+0.0,0,0,19,0.98,20260929_060000.wav
2026-09-29 06:05:54,281325718,+0.0,0,0,16,0.97,20260929_060000.wav
2026-09-29 06:06:03,281325721,+0.1,0,0,17,0.97,20260929_060000.wav
2026-09-29 06:06:24,281325728,+0.0,0,0,17,0.98,20260929_060000.wav
2026-09-29 06:06:27,281325729,+0.0,0,0,16,0.97,20260929_060000.wav
2026-09-29 06:06:48,281325736,+0.0,0,0,16,0.97,20260929_060000.wav
2026-09-29 06:07:03,281325741,+0.0,0,0,18,0.97,20260929_060000.wav
2026-09-29 06:07:12,281325744,+0.0,0,0,17,0.97,20260929_060000.wav
2026-09-29 06:07:18,281325746,+0.1,0,0,17,0.97,20260929_060000.wav
2026-09-29 06:07:42,281325754,+0.0,0,0,18,0.98,20260929_060000.wav
2026-09-29 06:08:03,281325761,-0.0,0,0,17,0.97,20260929_060000.wav
2026-09-29 06:08:15,281325765,+0.1,0,0,18,0.97,20260929_060000.wav
2026-09-29 06:08:39,281325773,+0.1,0,0,17,0.97,20260929_060000.wav
2026-09-29 06:08:51,281325777,-0.0,0,0,16,0.97,20260929_060000.wav
2026-09-29 06:09:03,281325781,+0.1,0,0,17,0.98,20260929_060000.wav
2026-09-29 06:09:18,281325786,+0.2,0,0,17,0.97,20260929_060000.wav
2026-09-29 06:09:21,281325787,-0.0,0,0,15,0.97,20260929_060000.wav
2026-09-29 06:09:45,281325795,+0.1,0,0,19,0.98,20260929_060000.wav
2026-09-29 06:10:03,281325801,-0.2,0,0,16,0.97,20260929_061000.wav
2026-09-29 06:10:42,281325814,-0.2,0,0,18,0.98,20260929_061000.wav
2026-09-29 06:10:54,281325818,-0.1,0,0,17,0.98,20260929_061000.wav
2026-09-29 06:11:03,281325821,-0.1,0,0,17,0.97,20260929_061000.wav
2026-09-29 06:11:18,281325826,-0.1,0,0,16,0.97,20260929_061000.wav
2026-09-29 06:12:03,281325841,-0.1,0,0,18,0.98,20260929_061000.wav
2026-09-29 06:12:12,281325844,-0.1,0,0,18,0.98,20260929_061000.wav
2026-09-29 06:12:48,281325856,+0.0,0,0,17,0.97,20260929_061000.wav
2026-09-29 06:13:03,281325861,-0.1,0,0,16,0.97,20260929_061000.wav
2026-09-29 06:13:45,281325875,+0.0,0,0,18,0.98,20260929_061000.wav
2026-09-29 06:13:51,281325877,-0.1,0,0,16,0.97,20260929_061000.wav
2026-09-29 06:14:03,281325881,+0.0,0,0,16,0.97,20260929_061000.wav
2026-09-29 06:14:24,281325888,-0.1,0,0,17,0.97,20260929_061000.wav
2026-09-29 06:14:39,281325893,-0.1,0,0,18,0.98,20260929_061000.wav
2026-09-29 06:14:48,281325896,-0.1,0,0,18,0.98,20260929_061000.wav
2026-09-29 06:15:03,281325901,-0.1,0,0,17,0.97,20260929_061000.wav
2026-09-29 06:15:18,281325906,+0.0,0,0,17,0.97,20260929_061000.wav
2026-09-29 06:15:21,281325907,+0.0,0,0,16,0.97,20260929_061000.wav
2026-09-29 06:15:39,281325913,+0.0,0,0,16,0.97,20260929_061000.wav
2026-09-29 06:15:45,281325915,-0.1,0,0,17,0.97,20260929_061000.wav
2026-09-29 06:15:57,281325919,+0.1,0,0,16,0.97,20260929_061000.wav
2026-09-29 06:16:03,281325921,+0.0,0,0,15,0.97,20260929_061000.wav
2026-09-29 06:16:18,281325926,+0.0,0,0,17,0.97,20260929_061000.wav
2026-09-29 06:16:30,281325930,+0.1,0,0,17,0.97,20260929_061000.wav
2026-09-29 06:16:39,281325933,+0.0,0,0,18,0.98,20260929_061000.wav
2026-09-29 06:16:42,281325934,-0.1,0,0,16,0.97,20260929_061000.wav
2026-09-29 06:16:54,281325938,+0.1,0,0,17,0.98,20260929_061000.wav
2026-09-29 06:17:03,281325941,+0.0,0,0,17,0.98,20260929_061000.wav
2026-09-29 06:17:09,281325943,+0.1,0,0,18,0.98,20260929_061000.wav
2026-09-29 06:17:18,281325946,+0.1,0,0,16,0.97,20260929_061000.wav
2026-09-29 06:17:21,281325947,+0.0,0,0,17,0.97,20260929_061000.wav
2026-09-29 06:17:27,281325949,+0.1,0,0,17,0.98,20260929_061000.wav
2026-09-29 06:17:57,281325959,+0.1,0,0,18,0.97,20260929_061000.wav
2026-09-29 06:18:03,281325961,+0.0,0,0,16,0.97,20260929_061000.wav
2026-09-29 06:18:27,281325969,+0.0,0,0,18,0.98,20260929_061000.wav
2026-09-29 06:18:30,281325970,+0.1,0,0,17,0.98,20260929_061000.wav
2026-09-29 06:18:39,281325973,+0.1,0,0,19,0.98,20260929_061000.wav
2026-09-29 06:18:42,281325974,+0.0,0,0,18,0.98,20260929_061000.wav
2026-09-29 06:18:48,281325976,+0.1,0,0,16,0.97,20260929_061000.wav
2026-09-29 06:19:03,281325981,+0.1,0,0,18,0.98,20260929_061000.wav
2026-09-29 06:19:12,281325984,+0.1,0,0,16,0.97,20260929_061000.wav
2026-09-29 06:19:36,281325992,+0.2,0,0,16,0.97,20260929_061000.wav
2026-09-29 06:19:54,281325998,-1.2,0,0,15,0.98,20260929_061000.wav
2026-09-29 06:20:03,281326001,+0.0,0,0,21,0.98,20260929_062000.wav
2026-09-29 06:20:15,281326005,+0.0,0,0,17,0.97,20260929_062000.wav
2026-09-29 06:20:24,281326008,-0.1,0,0,15,0.96,20260929_062000.wav
2026-09-29 06:20:27,281326009,-0.2,0,0,16,0.97,20260929_062000.wav
2026-09-29 06:20:30,281326010,-0.1,0,0,17,0.97,20260929_062000.wav
2026-09-29 06:20:45,281326015,+0.0,0,0,17,0.97,20260929_062000.wav
2026-09-29 06:20:51,281326017,-0.1,0,0,16,0.97,20260929_062000.wav
2026-09-29 06:21:03,281326021,-0.1,0,0,17,0.97,20260929_062000.wav
2026-09-29 06:21:21,281326027,-0.2,0,0,18,0.98,20260929_062000.wav
2026-09-29 06:21:30,281326030,-0.1,0,0,15,0.97,20260929_062000.wav
2026-09-29 06:21:39,281326033,-0.1,0,0,14,0.96,20260929_062000.wav
2026-09-29 06:21:45,281326035,-0.1,0,0,16,0.97,20260929_062000.wav
2026-09-29 06:21:54,281326038,-0.2,0,0,15,0.96,20260929_062000.wav
2026-09-29 06:22:03,281326041,-0.1,0,0,16,0.97,20260929_062000.wav
2026-09-29 06:22:09,281326043,-0.1,0,0,16,0.97,20260929_062000.wav
2026-09-29 06:22:15,281326045,+0.0,0,0,16,0.97,20260929_062000.wav
2026-09-29 06:22:21,281326047,-0.1,0,0,14,0.96,20260929_062000.wav
2026-09-29 06:22:39,281326053,-0.1,0,0,17,0.97,20260929_062000.wav
2026-09-29 06:22:51,281326057,+0.0,0,0,16,0.97,20260929_062000.wav
2026-09-29 06:23:03,281326061,+0.0,0,0,18,0.98,20260929_062000.wav
2026-09-29 06:23:30,281326070,+0.0,0,0,17,0.98,20260929_062000.wav
2026-09-29 06:23:39,281326073,+0.0,0,0,17,0.97,20260929_062000.wav
2026-09-29 06:23:48,281326076,+0.0,0,0,17,0.97,20260929_062000.wav
2026-09-29 06:24:00,281326080,+0.0,0,0,16,0.97,20260929_062000.wav
2026-09-29 06:24:03,281326081,+0.0,0,0,16,0.97,20260929_062000.wav
2026-09-29 06:24:18,281326086,-0.1,0,0,18,0.98,20260929_062000.wav
2026-09-29 06:24:45,281326095,+0.0,0,0,16,0.97,20260929_062000.wav
2026-09-29 06:24:48,281326096,-0.1,0,0,15,0.97,20260929_062000.wav
2026-09-29 06:25:03,281326101,+0.0,0,0,17,0.97,20260929_062000.wav
2026-09-29 06:25:09,281326103,+0.0,0,0,17,0.97,20260929_062000.wav
2026-09-29 06:25:36,281326112,+0.1,0,0,18,0.98,20260929_062000.wav
2026-09-29 06:25:45,281326115,+0.1,0,0,17,0.98,20260929_062000.wav
2026-09-29 06:26:03,281326121,+0.0,0,0,18,0.98,20260929_062000.wav
2026-09-29 06:26:42,281326134,+0.1,0,0,17,0.98,20260929_062000.wav
2026-09-29 06:26:45,281326135,+0.0,0,0,16,0.97,20260929_062000.wav
2026-09-29 06:26:57,281326139,+0.1,0,0,18,0.98,20260929_062000.wav
2026-09-29 06:27:03,281326141,+0.0,0,0,17,0.97,20260929_062000.wav
2026-09-29 06:27:12,281326144,+0.1,0,0,16,0.97,20260929_062000.wav
2026-09-29 06:27:27,281326149,+0.1,0,0,19,0.98,20260929_062000.wav
2026-09-29 06:27:36,281326152,+0.1,0,0,16,0.97,20260929_062000.wav
2026-09-29 06:27:42,281326154,+0.1,0,0,17,0.97,20260929_062000.wav
2026-09-29 06:27:48,281326156,+0.0,0,0,18,0.98,20260929_062000.wav
2026-09-29 06:28:03,281326161,+0.0,0,0,16,0.97,20260929_062000.wav
2026-09-29 06:28:36,281326172,+0.1,0,0,18,0.98,20260929_062000.wav
2026-09-29 06:28:45,281326175,+0.2,0,0,18,0.98,20260929_062000.wav
2026-09-29 06:28:48,281326176,+0.0,0,0,16,0.97,20260929_062000.wav
2026-09-29 06:29:03,281326181,+0.1,0,0,18,0.98,20260929_062000.wav
2026-09-29 06:29:09,281326183,+0.2,0,0,17,0.98,20260929_062000.wav
2026-09-29 06:29:21,281326187,+0.1,0,0,18,0.98,20260929_062000.wav
2026-09-29 06:29:24,281326188,+0.2,0,0,16,0.97,20260929_062000.wav
2026-09-29 06:29:27,281326189,+0.0,0,0,16,0.97,20260929_062000.wav
2026-09-29 06:29:39,281326193,+0.2,0,0,17,0.98,20260929_062000.wav
2026-09-29 06:30:51,281326217,-0.1,0,0,18,0.98,20260929_063000.wav
2026-09-29 06:30:54,281326218,+0.0,0,0,15,0.97,20260929_063000.wav
2026-09-29 06:31:03,281326221,+0.0,0,0,17,0.98,20260929_063000.wav
2026-09-29 06:31:15,281326225,-0.1,0,0,17,0.98,20260929_063000.wav
2026-09-29 06:31:27,281326229,-0.1,0,0,17,0.98,20260929_063000.wav
2026-09-29 06:31:36,281326232,+0.0,0,0,18,0.98,20260929_063000.wav
2026-09-29 06:31:48,281326236,+0.0,0,0,17,0.98,20260929_063000.wav
2026-09-29 06:32:03,281326241,+0.1,0,0,18,0.98,20260929_063000.wav
2026-09-29 06:32:15,281326245,-0.1,0,0,17,0.98,20260929_063000.wav
2026-09-29 06:32:39,281326253,+0.0,0,0,16,0.98,20260929_063000.wav
2026-09-29 06:32:45,281326255,-0.1,0,0,17,0.98,20260929_063000.wav
2026-09-29 06:32:48,281326256,+0.0,0,0,17,0.98,20260929_063000.wav
2026-09-29 06:33:03,281326261,+0.0,0,0,17,0.98,20260929_063000.wav
2026-09-29 06:34:03,281326281,-0.1,0,0,18,0.98,20260929_063000.wav
2026-09-29 06:34:51,281326297,-0.0,0,0,17,0.98,20260929_063000.wav
2026-09-29 06:34:54,281326298,+0.1,0,0,17,0.98,20260929_063000.wav
2026-09-29 06:35:03,281326301,-0.0,0,0,14,0.97,20260929_063000.wav
2026-09-29 06:35:15,281326305,-0.0,0,0,19,0.98,20260929_063000.wav
2026-09-29 06:36:03,281326321,+0.2,0,0,19,0.98,20260929_063000.wav
2026-09-29 06:36:18,281326326,+0.2,0,0,16,0.97,20260929_063000.wav
2026-09-29 06:36:21,281326327,-0.0,0,0,15,0.97,20260929_063000.wav
2026-09-29 06:36:27,281326329,+0.1,0,0,16,0.97,20260929_063000.wav
2026-09-29 06:36:39,281326333,+0.1,0,0,16,0.98,20260929_063000.wav
2026-09-29 06:36:45,281326335,-0.0,0,0,16,0.97,20260929_063000.wav
2026-09-29 06:37:00,281326340,-0.0,0,0,15,0.97,20260929_063000.wav
2026-09-29 06:37:03,281326341,-0.0,0,0,17,0.98,20260929_063000.wav
2026-09-29 06:37:12,281326344,+0.2,0,0,18,0.98,20260929_063000.wav
2026-09-29 06:37:30,281326350,+0.2,0,0,18,0.98,20260929_063000.wav
2026-09-29 06:37:42,281326354,+0.1,0,0,17,0.98,20260929_063000.wav
2026-09-29 06:37:54,281326358,+0.1,0,0,19,0.98,20260929_063000.wav
2026-09-29 06:38:03,281326361,+0.1,0,0,16,0.97,20260929_063000.wav
2026-09-29 06:38:27,281326369,+0.1,0,0,19,0.98,20260929_063000.wav
2026-09-29 06:38:39,281326373,+0.2,0,0,17,0.98,20260929_063000.wav
2026-09-29 06:38:48,281326376,+0.2,0,0,18,0.98,20260929_063000.wav
2026-09-29 06:38:57,281326379,+0.1,0,0,17,0.98,20260929_063000.wav
2026-09-29 06:39:03,281326381,+0.2,0,0,16,0.98,20260929_063000.wav
2026-09-29 06:39:18,281326386,+0.2,0,0,17,0.98,20260929_063000.wav
2026-09-29 06:39:30,281326390,+0.1,0,0,18,0.98,20260929_063000.wav
2026-09-29 06:40:03,281326401,+0.1,0,0,23,0.99,20260929_064000.wav
2026-09-29 06:40:09,281326403,-0.1,0,0,18,0.98,20260929_064000.wav
2026-09-29 06:40:42,281326414,+0.0,0,0,16,0.98,20260929_064000.wav
2026-09-29 06:41:03,281326421,-0.1,0,0,16,0.98,20260929_064000.wav
2026-09-29 06:41:09,281326423,-0.2,0,0,17,0.98,20260929_064000.wav
2026-09-29 06:41:18,281326426,-0.1,0,0,18,0.98,20260929_064000.wav
2026-09-29 06:41:27,281326429,+0.0,0,0,16,0.98,20260929_064000.wav
2026-09-29 06:41:30,281326430,-0.1,0,0,16,0.98,20260929_064000.wav
2026-09-29 06:41:39,281326433,-0.2,0,0,18,0.98,20260929_064000.wav
2026-09-29 06:41:54,281326438,-0.2,0,0,16,0.98,20260929_064000.wav
2026-09-29 06:42:03,281326441,-0.2,0,0,17,0.98,20260929_064000.wav
2026-09-29 06:42:24,281326448,+0.0,0,0,18,0.98,20260929_064000.wav
2026-09-29 06:42:51,281326457,-0.1,0,0,18,0.98,20260929_064000.wav
2026-09-29 06:42:57,281326459,-0.1,0,0,18,0.98,20260929_064000.wav
2026-09-29 06:43:00,281326460,-0.1,0,0,17,0.98,20260929_064000.wav
2026-09-29 06:43:03,281326461,-0.1,0,0,16,0.98,20260929_064000.wav
2026-09-29 06:43:18,281326466,+0.0,0,0,18,0.98,20260929_064000.wav
2026-09-29 06:43:48,281326476,+0.0,0,0,17,0.98,20260929_064000.wav
2026-09-29 06:43:51,281326477,+0.0,0,0,15,0.97,20260929_064000.wav
2026-09-29 06:43:54,281326478,-0.1,0,0,16,0.98,20260929_064000.wav
2026-09-29 06:44:00,281326480,+0.0,0,0,16,0.98,20260929_064000.wav
2026-09-29 06:44:03,281326481,-0.1,0,0,16,0.97,20260929_064000.wav
2026-09-29 06:44:18,281326486,-0.1,0,0,17,0.98,20260929_064000.wav
2026-09-29 06:44:39,281326493,-0.1,0,0,17,0.98,20260929_064000.wav
2026-09-29 06:44:42,281326494,-0.1,0,0,16,0.98,20260929_064000.wav
2026-09-29 06:44:48,281326496,-0.1,0,0,18,0.98,20260929_064000.wav
2026-09-29 06:45:03,281326501,-0.1,0,0,17,0.98,20260929_064000.wav
2026-09-29 06:45:12,281326504,-0.1,0,0,17,0.98,20260929_064000.wav
2026-09-29 06:45:54,281326518,+0.0,0,0,17,0.98,20260929_064000.wav
2026-09-29 06:46:03,281326521,+0.1,0,0,19,0.98,20260929_064000.wav
2026-09-29 06:46:09,281326523,-0.1,0,0,19,0.99,20260929_064000.wav
2026-09-29 06:46:45,281326535,+0.1,0,0,17,0.98,20260929_064000.wav
2026-09-29 06:47:03,281326541,-0.1,0,0,18,0.98,20260929_064000.wav
2026-09-29 06:47:12,281326544,+0.0,0,0,17,0.98,20260929_064000.wav
2026-09-29 06:47:15,281326545,+0.1,0,0,16,0.98,20260929_064000.wav
2026-09-29 06:47:18,281326546,-0.1,0,0,16,0.97,20260929_064000.wav
2026-09-29 06:47:24,281326548,+0.1,0,0,16,0.98,20260929_064000.wav
2026-09-29 06:47:27,281326549,+0.0,0,0,16,0.98,20260929_064000.wav
2026-09-29 06:47:42,281326554,+0.0,0,0,17,0.98,20260929_064000.wav
2026-09-29 06:47:45,281326555,+0.1,0,0,18,0.98,20260929_064000.wav
2026-09-29 06:48:03,281326561,+0.2,0,0,18,0.98,20260929_064000.wav
2026-09-29 06:48:12,281326564,+0.1,0,0,16,0.98,20260929_064000.wav
2026-09-29 06:48:15,281326565,+0.0,0,0,18,0.98,20260929_064000.wav
2026-09-29 06:48:24,281326568,+0.0,0,0,18,0.99,20260929_064000.wav
2026-09-29 06:48:30,281326570,+0.0,0,0,17,0.98,20260929_064000.wav
2026-09-29 06:48:36,281326572,+0.1,0,0,16,0.98,20260929_064000.wav
2026-09-29 06:48:45,281326575,+0.1,0,0,16,0.98,20260929_064000.wav
2026-09-29 06:48:54,281326578,+0.0,0,0,17,0.98,20260929_064000.wav
2026-09-29 06:48:57,281326579,+0.1,0,0,17,0.98,20260929_064000.wav
2026-09-29 06:49:03,281326581,+0.0,0,0,16,0.98,20260929_064000.wav
2026-09-29 06:49:18,281326586,+0.1,0,0,19,0.99,20260929_064000.wav
2026-09-29 06:49:42,281326594,+0.0,0,0,17,0.98,20260929_064000.wav
2026-09-29 06:49:48,281326596,+0.2,0,0,16,0.98,20260929_064000.wav
2026-09-29 06:50:03,281326601,-0.0,0,0,18,0.98,20260929_065000.wav
2026-09-29 06:50:18,281326606,-0.1,0,0,18,0.99,20260929_065000.wav
2026-09-29 06:50:24,281326608,-0.1,0,0,17,0.98,20260929_065000.wav
2026-09-29 06:50:30,281326610,-0.2,0,0,18,0.98,20260929_065000.wav
2026-09-29 06:50:42,281326614,-0.1,0,0,17,0.98,20260929_065000.wav
2026-09-29 06:50:57,281326619,-0.0,0,0,17,0.98,20260929_065000.wav
2026-09-29 06:51:03,281326621,-0.2,0,0,18,0.98,20260929_065000.wav
2026-09-29 06:51:12,281326624,-0.1,0,0,17,0.98,20260929_065000.wav
2026-09-29 06:51:24,281326628,-0.1,0,0,16,0.98,20260929_065000.wav
2026-09-29 06:51:45,281326635,-0.1,0,0,16,0.98,20260929_065000.wav
2026-09-29 06:51:57,281326639,-0.0,0,0,16,0.97,20260929_065000.wav
2026-09-29 06:52:03,281326641,-0.0,0,0,18,0.98,20260929_065000.wav
2026-09-29 06:52:12,281326644,-0.0,0,0,16,0.98,20260929_065000.wav
2026-09-29 06:52:15,281326645,-0.1,0,0,17,0.98,20260929_065000.wav
2026-09-29 06:52:18,281326646,-0.0,0,0,16,0.98,20260929_065000.wav
2026-09-29 06:52:30,281326650,-0.1,0,0,16,0.98,20260929_065000.wav
2026-09-29 06:52:36,281326652,-0.0,0,0,17,0.98,20260929_065000.wav
2026-09-29 06:52:51,281326657,-0.0,0,0,18,0.98,20260929_065000.wav
2026-09-29 06:53:03,281326661,-0.1,0,0,16,0.98,20260929_065000.wav
2026-09-29 06:53:15,281326665,-0.0,0,0,16,0.98,20260929_065000.wav
2026-09-29 06:53:39,281326673,-0.0,0,0,16,0.98,20260929_065000.wav
2026-09-29 06:53:48,281326676,+0.0,0,0,15,0.97,20260929_065000.wav
2026-09-29 06:53:51,281326677,-0.1,0,0,17,0.98,20260929_065000.wav
2026-09-29 06:54:03,281326681,+0.0,0,0,17,0.98,20260929_065000.wav
2026-09-29 06:54:18,281326686,+0.1,0,0,17,0.98,20260929_065000.wav
2026-09-29 06:54:21,281326687,+0.0,0,0,17,0.98,20260929_065000.wav
2026-09-29 06:54:45,281326695,-0.1,0,0,16,0.98,20260929_065000.wav
2026-09-29 06:55:03,281326701,-2460.0,0,0,16,0.98,20260929_065000.wav
2026-09-29 06:55:42,281326714,+0.0,0,0,16,0.98,20260929_065000.wav
2026-09-29 06:55:51,281326717,+0.0,0,0,18,0.99,20260929_065000.wav
2026-09-29 06:55:54,281326718,+0.1,0,0,17,0.98,20260929_065000.wav
2026-09-29 06:56:03,281326721,+0.1,0,0,16,0.98,20260929_065000.wav
2026-09-29 06:56:12,281326724,+0.0,0,0,16,0.98,20260929_065000.wav
2026-09-29 06:56:15,281326725,+0.0,0,0,16,0.98,20260929_065000.wav
2026-09-29 06:56:18,281326726,+0.1,0,0,16,0.98,20260929_065000.wav
2026-09-29 06:56:27,281326729,+0.2,0,0,16,0.98,20260929_065000.wav
2026-09-29 06:56:30,281326730,+0.0,0,0,17,0.98,20260929_065000.wav
2026-09-29 06:56:42,281326734,+0.1,0,0,18,0.98,20260929_065000.wav
2026-09-29 06:56:57,281326739,+0.0,0,0,17,0.98,20260929_065000.wav
2026-09-29 06:57:00,281326740,+0.1,0,0,16,0.98,20260929_065000.wav
2026-09-29 06:57:03,281326741,+0.0,0,0,18,0.98,20260929_065000.wav
2026-09-29 06:57:24,281326748,+0.1,0,0,16,0.98,20260929_065000.wav
2026-09-29 06:57:27,281326749,+0.0,0,0,17,0.98,20260929_065000.wav
2026-09-29 06:57:30,281326750,+0.1,0,0,15,0.97,20260929_065000.wav
2026-09-29 06:57:36,281326752,+0.0,0,0,17,0.98,20260929_065000.wav
2026-09-29 06:57:54,281326758,+0.1,0,0,16,0.98,20260929_065000.wav
2026-09-29 06:58:03,281326761,+0.1,0,0,18,0.98,20260929_065000.wav
2026-09-29 06:58:09,281326763,+0.1,0,0,18,0.98,20260929_065000.wav
2026-09-29 06:58:18,281326766,+0.1,0,0,18,0.98,20260929_065000.wav
2026-09-29 06:58:21,281326767,+0.1,0,0,17,0.98,20260929_065000.wav
2026-09-29 06:58:36,281326772,+0.2,0,0,17,0.98,20260929_065000.wav
2026-09-29 06:58:39,281326773,+0.0,0,0,16,0.98,20260929_065000.wav
2026-09-29 06:58:42,281326774,+0.1,0,0,16,0.98,20260929_065000.wav
2026-09-29 06:58:48,281326776,+0.1,0,0,17,0.98,20260929_065000.wav
2026-09-29 06:58:51,281326777,+0.2,0,0,17,0.98,20260929_065000.wav
2026-09-29 06:59:00,281326780,+0.2,0,0,17,0.98,20260929_065000.wav
2026-09-29 06:59:03,281326781,+0.0,0,0,18,0.98,20260929_065000.wav
2026-09-29 06:59:21,281326787,-1.2,0,0,19,0.98,20260929_065000.wav
2026-09-29 06:59:24,281326788,-1.1,0,0,14,0.96,20260929_065000.wav
2026-09-29 06:59:39,281326793,-1.1,0,0,18,0.98,20260929_065000.wav
2026-09-29 07:00:03,281326801,+0.2,0,0,24,0.99,20260929_070000.wav
2026-09-29 07:00:48,281326816,-0.1,0,0,16,0.98,20260929_070000.wav
2026-09-29 07:00:54,281326818,-0.0,0,0,17,0.98,20260929_070000.wav
2026-09-29 07:00:57,281326819,-0.1,0,0,19,0.99,20260929_070000.wav
2026-09-29 07:01:03,281326821,-0.1,0,0,18,0.98,20260929_070000.wav
2026-09-29 07:01:15,281326825,-0.1,0,0,16,0.98,20260929_070000.wav
2026-09-29 07:01:18,281326826,-0.0,0,0,18,0.98,20260929_070000.wav
2026-09-29 07:01:21,281326827,-0.1,0,0,18,0.98,20260929_070000.wav
2026-09-29 07:01:27,281326829,-0.0,0,0,16,0.97,20260929_070000.wav
2026-09-29 07:01:48,281326836,-0.0,0,0,17,0.98,20260929_070000.wav
2026-09-29 07:01:51,281326837,-0.0,0,0,16,0.98,20260929_070000.wav
2026-09-29 07:02:03,281326841,-0.0,0,0,18,0.98,20260929_070000.wav
2026-09-29 07:02:18,281326846,-0.1,0,0,17,0.98,20260929_070000.wav
2026-09-29 07:02:24,281326848,-0.0,0,0,17,0.98,20260929_070000.wav
2026-09-29 07:02:57,281326859,-0.0,0,0,17,0.98,20260929_070000.wav
2026-09-29 07:03:00,281326860,-0.0,0,0,17,0.98,20260929_070000.wav
2026-09-29 07:03:03,281326861,+0.1,0,0,16,0.98,20260929_070000.wav
2026-09-29 07:03:27,281326869,-0.0,0,0,19,0.99,20260929_070000.wav
2026-09-29 07:03:30,281326870,-0.0,0,0,17,0.98,20260929_070000.wav
2026-09-29 07:03:45,281326875,-0.0,0,0,16,0.97,20260929_070000.wav
2026-09-29 07:04:03,281326881,-0.1,0,0,16,0.98,20260929_070000.wav
2026-09-29 07:04:09,281326883,+0.0,0,0,16,0.98,20260929_070000.wav
2026-09-29 07:04:21,281326887,+0.0,0,0,17,0.98,20260929_070000.wav
2026-09-29 07:04:30,281326890,+0.1,0,0,17,0.98,20260929_070000.wav
2026-09-29 07:04:42,281326894,+0.0,0,0,16,0.98,20260929_070000.wav
2026-09-29 07:04:51,281326897,+0.0,0,0,17,0.98,20260929_070000.wav
2026-09-29 07:05:03,281326901,+0.1,0,0,17,0.98,20260929_070000.wav
2026-09-29 07:05:18,281326906,+0.1,0,0,18,0.98,20260929_070000.wav
2026-09-29 07:06:00,281326920,+0.2,0,0,18,0.98,20260929_070000.wav
2026-09-29 07:06:03,281326921,+0.0,0,0,16,0.98,20260929_070000.wav
2026-09-29 07:06:27,281326929,+0.1,0,0,17,0.98,20260929_070000.wav
2026-09-29 07:06:30,281326930,+0.0,0,0,15,0.97,20260929_070000.wav
2026-09-29 07:06:36,281326932,+0.0,0,0,15,0.98,20260929_070000.wav
2026-09-29 07:06:39,281326933,+0.1,0,0,16,0.97,20260929_070000.wav
2026-09-29 07:06:48,281326936,+0.2,0,0,17,0.98,20260929_070000.wav
2026-09-29 07:06:51,281326937,+0.1,0,0,17,0.98,20260929_070000.wav
2026-09-29 07:07:03,281326941,+0.0,0,0,16,0.98,20260929_070000.wav
2026-09-29 07:07:12,281326944,+0.1,0,0,17,0.98,20260929_070000.wav
2026-09-29 07:07:51,281326957,+0.1,0,0,17,0.98,20260929_070000.wav
2026-09-29 07:08:03,281326961,+0.2,0,0,18,0.98,20260929_070000.wav
2026-09-29 07:08:18,281326966,+0.2,0,0,16,0.98,20260929_070000.wav
2026-09-29 07:08:27,281326969,+0.2,0,0,16,0.97,20260929_070000.wav
2026-09-29 07:08:39,281326973,+0.1,0,0,16,0.98,20260929_070000.wav
2026-09-29 07:08:48,281326976,+0.1,0,0,18,0.98,20260929_070000.wav
2026-09-29 07:09:00,281326980,+0.1,0,0,16,0.98,20260929_070000.wav
2026-09-29 07:09:03,281326981,+0.1,0,0,17,0.98,20260929_070000.wav
2026-09-29 07:09:30,281326990,+0.3,0,0,17,0.98,20260929_070000.wav
2026-09-29 07:09:48,281326996,+0.2,0,0,16,0.97,20260929_070000.wav
2026-09-29 07:10:03,281327001,-0.0,0,0,17,0.98,20260929_071000.wav
2026-09-29 07:10:21,281327007,-0.1,0,0,16,0.97,20260929_071000.wav
2026-09-29 07:10:30,281327010,-0.2,0,0,17,0.98,20260929_071000.wav
2026-09-29 07:10:36,281327012,-0.0,0,0,16,0.97,20260929_071000.wav
2026-09-29 07:11:03,281327021,-0.2,0,0,18,0.98,20260929_071000.wav
2026-09-29 07:11:18,281327026,-0.1,0,0,16,0.97,20260929_071000.wav
2026-09-29 07:11:24,281327028,-0.0,0,0,18,0.98,20260929_071000.wav
2026-09-29 07:11:27,281327029,-0.2,0,0,17,0.98,20260929_071000.wav
2026-09-29 07:11:45,281327035,-0.1,0,0,17,0.98,20260929_071000.wav
2026-09-29 07:11:54,281327038,-0.1,0,0,17,0.98,20260929_071000.wav
2026-09-29 07:12:03,281327041,-0.1,0,0,17,0.98,20260929_071000.wav
2026-09-29 07:12:12,281327044,-0.0,0,0,18,0.98,20260929_071000.wav
2026-09-29 07:12:15,281327045,-0.1,0,0,15,0.97,20260929_071000.wav
2026-09-29 07:12:24,281327048,-0.1,0,0,16,0.97,20260929_071000.wav
2026-09-29 07:12:42,281327054,-0.1,0,0,17,0.98,20260929_071000.wav
2026-09-29 07:12:45,281327055,-0.0,0,0,16,0.98,20260929_071000.wav
2026-09-29 07:12:54,281327058,-0.0,0,0,19,0.98,20260929_071000.wav
2026-09-29 07:12:57,281327059,-0.2,0,0,18,0.98,20260929_071000.wav
2026-09-29 07:13:03,281327061,-0.0,0,0,16,0.98,20260929_071000.wav
2026-09-29 07:13:18,281327066,-0.0,0,0,17,0.98,20260929_071000.wav
2026-09-29 07:13:42,281327074,-0.0,0,0,18,0.98,20260929_071000.wav
2026-09-29 07:13:48,281327076,+0.0,0,0,16,0.98,20260929_071000.wav
2026-09-29 07:14:03,281327081,-0.1,0,0,17,0.98,20260929_071000.wav
2026-09-29 07:14:09,281327083,-0.1,0,0,17,0.98,20260929_071000.wav
2026-09-29 07:14:12,281327084,-0.1,0,0,15,0.97,20260929_071000.wav
2026-09-29 07:14:18,281327086,-0.2,0,0,16,0.98,20260929_071000.wav
2026-09-29 07:14:21,281327087,+0.0,0,0,18,0.98,20260929_071000.wav
2026-09-29 07:14:39,281327093,+0.0,0,0,16,0.97,20260929_071000.wav
2026-09-29 07:14:54,281327098,-0.1,0,0,16,0.97,20260929_071000.wav
2026-09-29 07:15:03,281327101,+0.0,0,0,16,0.97,20260929_071000.wav
2026-09-29 07:15:24,281327108,-0.1,0,0,18,0.98,20260929_071000.wav
2026-09-29 07:15:27,281327109,+0.1,0,0,18,0.98,20260929_071000.wav
2026-09-29 07:15:36,281327112,+0.0,0,0,18,0.98,20260929_071000.wav
2026-09-29 07:15:51,281327117,+0.1,0,0,18,0.98,20260929_071000.wav
2026-09-29 07:16:03,281327121,+0.0,0,0,15,0.97,20260929_071000.wav
2026-09-29 07:16:18,281327126,+0.0,0,0,16,0.98,20260929_071000.wav
2026-09-29 07:16:27,281327129,+0.0,0,0,17,0.98,20260929_071000.wav
2026-09-29 07:16:36,281327132,-0.1,0,0,16,0.97,20260929_071000.wav
2026-09-29 07:16:48,281327136,+0.1,0,0,14,0.97,20260929_071000.wav
2026-09-29 07:16:51,281327137,+0.0,0,0,17,0.98,20260929_071000.wav
2026-09-29 07:16:54,281327138,-0.1,0,0,17,0.98,20260929_071000.wav
2026-09-29 07:17:03,281327141,+0.0,0,0,16,0.97,20260929_071000.wav
2026-09-29 07:17:15,281327145,+0.1,0,0,17,0.98,20260929_071000.wav
2026-09-29 07:17:24,281327148,+0.0,0,0,16,0.98,20260929_071000.wav
2026-09-29 07:17:42,281327154,+0.0,0,0,17,0.98,20260929_071000.wav
2026-09-29 07:17:45,281327155,+0.1,0,0,15,0.97,20260929_071000.wav
2026-09-29 07:18:03,281327161,+0.1,0,0,16,0.97,20260929_071000.wav
2026-09-29 07:18:30,281327170,+0.1,0,0,17,0.98,20260929_071000.wav
2026-09-29 07:18:36,281327172,+0.1,0,0,17,0.98,20260929_071000.wav
2026-09-29 07:18:42,281327174,+0.1,0,0,15,0.97,20260929_071000.wav
2026-09-29 07:18:45,281327175,+0.0,0,0,16,0.97,20260929_071000.wav
2026-09-29 07:18:48,281327176,+0.0,0,0,16,0.98,20260929_071000.wav
2026-09-29 07:18:54,281327178,+0.0,0,0,17,0.98,20260929_071000.wav
2026-09-29 07:19:03,281327181,+0.0,0,0,17,0.98,20260929_071000.wav
2026-09-29 07:19:09,281327183,+0.1,0,0,17,0.98,20260929_071000.wav
2026-09-29 07:19:21,281327187,+0.1,0,0,15,0.97,20260929_071000.wav
2026-09-29 07:19:39,281327193,+0.2,0,0,16,0.98,20260929_071000.wav
2026-09-29 07:19:45,281327195,+0.1,0,0,16,0.97,20260929_071000.wav
2026-09-29 07:19:48,281327196,+0.1,0,0,17,0.98,20260929_071000.wav
2026-09-29 07:19:51,281327197,+0.0,0,0,16,0.97,20260929_071000.wav
2026-09-29 07:20:00,281327200,+0.0,0,0,12,0.96,20260929_072000.wav
2026-09-29 07:20:03,281327201,-0.2,0,0,19,0.98,20260929_072000.wav
2026-09-29 07:20:21,281327207,-0.1,0,0,18,0.98,20260929_072000.wav
2026-09-29 07:20:30,281327210,-0.2,0,0,17,0.98,20260929_072000.wav
2026-09-29 07:20:39,281327213,-0.2,0,0,17,0.98,20260929_072000.wav
2026-09-29 07:20:57,281327219,-0.1,0,0,16,0.97,20260929_072000.wav
2026-09-29 07:21:03,281327221,-0.1,0,0,17,0.98,20260929_072000.wav
2026-09-29 07:21:27,281327229,+0.0,0,0,17,0.98,20260929_072000.wav
2026-09-29 07:21:30,281327230,-0.1,0,0,16,0.97,20260929_072000.wav
2026-09-29 07:21:36,281327232,+0.0,0,0,17,0.98,20260929_072000.wav
2026-09-29 07:21:39,281327233,-0.1,0,0,15,0.97,20260929_072000.wav
2026-09-29 07:21:48,281327236,+0.0,0,0,18,0.98,20260929_072000.wav
2026-09-29 07:21:51,281327237,-0.2,0,0,16,0.98,20260929_072000.wav
2026-09-29 07:21:54,281327238,-0.1,0,0,16,0.97,20260929_072000.wav
2026-09-29 07:21:57,281327239,+0.0,0,0,16,0.97,20260929_072000.wav
2026-09-29 07:22:03,281327241,-0.1,0,0,18,0.98,20260929_072000.wav
2026-09-29 07:22:09,281327243,+0.0,0,0,16,0.97,20260929_072000.wav
2026-09-29 07:22:12,281327244,-0.1,0,0,17,0.98,20260929_072000.wav
2026-09-29 07:22:21,281327247,-0.1,0,0,17,0.98,20260929_072000.wav
2026-09-29 07:22:27,281327249,+0.0,0,0,16,0.97,20260929_072000.wav
2026-09-29 07:22:36,281327252,+0.0,0,0,16,0.97,20260929_072000.wav
2026-09-29 07:22:48,281327256,+0.0,0,0,17,0.98,20260929_072000.wav
2026-09-29 07:22:54,281327258,-0.1,0,0,17,0.98,20260929_072000.wav
2026-09-29 07:23:03,281327261,-0.2,0,0,18,0.98,20260929_072000.wav
2026-09-29 07:23:24,281327268,+0.0,0,0,17,0.98,20260929_072000.wav
2026-09-29 07:23:27,281327269,+0.0,0,0,18,0.98,20260929_072000.wav
2026-09-29 07:23:30,281327270,-0.1,0,0,15,0.97,20260929_072000.wav
2026-09-29 07:23:39,281327273,+0.0,0,0,16,0.97,20260929_072000.wav
2026-09-29 07:23:45,281327275,+0.0,0,0,15,0.97,20260929_072000.wav
2026-09-29 07:23:51,281327277,-0.1,0,0,17,0.98,20260929_072000.wav
2026-09-29 07:23:54,281327278,+0.1,0,0,16,0.97,20260929_072000.wav
2026-09-29 07:24:00,281327280,-0.1,0,0,18,0.98,20260929_072000.wav
2026-09-29 07:24:03,281327281,+0.1,0,0,16,0.97,20260929_072000.wav
2026-09-29 07:24:15,281327285,-0.1,0,0,17,0.98,20260929_072000.wav
2026-09-29 07:24:21,281327287,+0.0,0,0,17,0.98,20260929_072000.wav
2026-09-29 07:24:27,281327289,+0.1,0,0,17,0.97,20260929_072000.wav
2026-09-29 07:24:30,281327290,+0.0,0,0,16,0.97,20260929_072000.wav
2026-09-29 07:24:45,281327295,+0.1,0,0,17,0.98,20260929_072000.wav
2026-09-29 07:24:57,281327299,-0.1,0,0,16,0.98,20260929_072000.wav
2026-09-29 07:25:00,281327300,+0.0,0,0,16,0.98,20260929_072000.wav
2026-09-29 07:25:03,281327301,+0.0,0,0,16,0.97,20260929_072000.wav
2026-09-29 07:25:15,281327305,+0.0,0,0,16,0.97,20260929_072000.wav
2026-09-29 07:25:42,281327314,+0.1,0,0,17,0.98,20260929_072000.wav
2026-09-29 07:25:51,281327317,+0.0,0,0,16,0.98,20260929_072000.wav
2026-09-29 07:26:03,281327321,+0.0,0,0,16,0.97,20260929_072000.wav
2026-09-29 07:26:15,281327325,+0.0,0,0,17,0.98,20260929_072000.wav
2026-09-29 07:26:39,281327333,+0.0,0,0,18,0.98,20260929_072000.wav
2026-09-29 07:26:45,281327335,+0.1,0,0,18,0.98,20260929_072000.wav
2026-09-29 07:26:54,281327338,+0.0,0,0,15,0.97,20260929_072000.wav
2026-09-29 07:27:03,281327341,+0.0,0,0,19,0.98,20260929_072000.wav
2026-09-29 07:27:15,281327345,+0.1,0,0,17,0.98,20260929_072000.wav
2026-09-29 07:27:18,281327346,+0.0,0,0,16,0.98,20260929_072000.wav
2026-09-29 07:27:24,281327348,+0.0,0,0,16,0.97,20260929_072000.wav
2026-09-29 07:27:45,281327355,+0.2,0,0,18,0.98,20260929_072000.wav
2026-09-29 07:28:03,281327361,+0.1,0,0,15,0.97,20260929_072000.wav
2026-09-29 07:28:18,281327366,+0.1,0,0,16,0.97,20260929_072000.wav
2026-09-29 07:28:24,281327368,+0.2,0,0,18,0.98,20260929_072000.wav
2026-09-29 07:28:51,281327377,+0.1,0,0,18,0.98,20260929_072000.wav
2026-09-29 07:29:03,281327381,+0.2,0,0,19,0.98,20260929_072000.wav
2026-09-29 07:29:12,281327384,+0.1,0,0,16,0.97,20260929_072000.wav
2026-09-29 07:29:15,281327385,+0.0,0,0,16,0.97,20260929_072000.wav
2026-09-29 07:29:18,281327386,+0.2,0,0,15,0.97,20260929_072000.wav
2026-09-29 07:29:27,281327389,+0.1,0,0,16,0.97,20260929_072000.wav
2026-09-29 07:29:42,281327394,+0.1,0,0,17,0.98,20260929_072000.wav
2026-09-29 07:29:45,281327395,+0.1,0,0,17,0.98,20260929_072000.wav
2026-09-29 07:30:03,281327401,-0.2,0,0,19,0.98,20260929_073000.wav
2026-09-29 07:30:15,281327405,-0.1,0,0,17,0.98,20260929_073000.wav
2026-09-29 07:30:24,281327408,-0.1,0,0,17,0.97,20260929_073000.wav
2026-09-29 07:30:36,281327412,-0.1,0,0,18,0.97,20260929_073000.wav
2026-09-29 07:30:42,281327414,-0.2,0,0,15,0.97,20260929_073000.wav
2026-09-29 07:30:45,281327415,-0.0,0,0,15,0.97,20260929_073000.wav
2026-09-29 07:30:48,281327416,-0.2,0,0,15,0.97,20260929_073000.wav
2026-09-29 07:30:57,281327419,-0.2,0,0,16,0.97,20260929_073000.wav
2026-09-29 07:31:03,281327421,-0.2,0,0,15,0.96,20260929_073000.wav
2026-09-29 07:31:42,281327434,-0.1,0,0,15,0.96,20260929_073000.wav
2026-09-29 07:31:48,281327436,-0.1,0,0,16,0.97,20260929_073000.wav
2026-09-29 07:31:51,281327437,-0.2,0,0,15,0.97,20260929_073000.wav
2026-09-29 07:32:00,281327440,-0.2,0,0,15,0.97,20260929_073000.wav
2026-09-29 07:32:03,281327441,+0.0,0,0,16,0.97,20260929_073000.wav
2026-09-29 07:32:18,281327446,+0.0,0,0,17,0.98,20260929_073000.wav
2026-09-29 07:32:48,281327456,+0.0,0,0,19,0.98,20260929_073000.wav
2026-09-29 07:32:57,281327459,+0.0,0,0,17,0.97,20260929_073000.wav
2026-09-29 07:33:00,281327460,-0.2,0,0,15,0.97,20260929_073000.wav
2026-09-29 07:33:03,281327461,-0.1,0,0,14,0.96,20260929_073000.wav
2026-09-29 07:33:30,281327470,-0.1,0,0,17,0.97,20260929_073000.wav
2026-09-29 07:33:45,281327475,+0.0,0,0,17,0.97,20260929_073000.wav
2026-09-29 07:34:03,281327481,-0.1,0,0,16,0.97,20260929_073000.wav
2026-09-29 07:34:12,281327484,-0.1,0,0,17,0.97,20260929_073000.wav
2026-09-29 07:34:15,281327485,+0.0,0,0,18,0.98,20260929_073000.wav
2026-09-29 07:34:30,281327490,+0.0,0,0,17,0.97,20260929_073000.wav
2026-09-29 07:34:36,281327492,+0.0,0,0,18,0.97,20260929_073000.wav
2026-09-29 07:34:42,281327494,-0.1,0,0,15,0.97,20260929_073000.wav
2026-09-29 07:34:51,281327497,-0.1,0,0,15,0.97,20260929_073000.wav
2026-09-29 07:35:03,281327501,+0.0,0,0,16,0.97,20260929_073000.wav
2026-09-29 07:35:15,281327505,+0.0,0,0,15,0.97,20260929_073000.wav
2026-09-29 07:35:39,281327513,+0.0,0,0,17,0.97,20260929_073000.wav
2026-09-29 07:35:48,281327516,+0.1,0,0,16,0.97,20260929_073000.wav
2026-09-29 07:35:51,281327517,-0.1,0,0,17,0.97,20260929_073000.wav
2026-09-29 07:36:03,281327521,+0.1,0,0,15,0.97,20260929_073000.wav
2026-09-29 07:36:15,281327525,-0.1,0,0,16,0.97,20260929_073000.wav
2026-09-29 07:36:18,281327526,+0.1,0,0,16,0.97,20260929_073000.wav
2026-09-29 07:36:45,281327535,+0.0,0,0,18,0.98,20260929_073000.wav
2026-09-29 07:37:03,281327541,+0.0,0,0,15,0.97,20260929_073000.wav
2026-09-29 07:37:39,281327553,+0.1,0,0,16,0.97,20260929_073000.wav
2026-09-29 07:37:51,281327557,-0.1,0,0,16,0.97,20260929_073000.wav
2026-09-29 07:37:54,281327558,+0.1,0,0,16,0.97,20260929_073000.wav
2026-09-29 07:38:03,281327561,+0.1,0,0,16,0.97,20260929_073000.wav
2026-09-29 07:38:12,281327564,+0.0,0,0,17,0.97,20260929_073000.wav
2026-09-29 07:38:15,281327565,+0.0,0,0,18,0.98,20260929_073000.wav
2026-09-29 07:38:18,281327566,+0.1,0,0,16,0.97,20260929_073000.wav
2026-09-29 07:38:45,281327575,+0.0,0,0,18,0.98,20260929_073000.wav
2026-09-29 07:38:54,281327578,+0.0,0,0,16,0.97,20260929_073000.wav
2026-09-29 07:39:03,281327581,+0.1,0,0,17,0.97,20260929_073000.wav
2026-09-29 07:39:30,281327590,+0.1,0,0,17,0.97,20260929_073000.wav
2026-09-29 07:39:42,281327594,+0.1,0,0,16,0.97,20260929_073000.wav
2026-09-29 07:40:03,281327601,-0.1,0,0,19,0.98,20260929_074000.wav
2026-09-29 07:40:09,281327603,+0.0,0,0,17,0.97,20260929_074000.wav
2026-09-29 07:40:45,281327615,-0.1,0,0,17,0.98,20260929_074000.wav
2026-09-29 07:40:48,281327616,+0.0,0,0,17,0.97,20260929_074000.wav
2026-09-29 07:41:03,281327621,+0.0,0,0,16,0.97,20260929_074000.wav
2026-09-29 07:41:15,281327625,-0.1,0,0,18,0.98,20260929_074000.wav
2026-09-29 07:41:51,281327637,+0.0,0,0,17,0.98,20260929_074000.wav
2026-09-29 07:41:57,281327639,-0.1,0,0,17,0.97,20260929_074000.wav
2026-09-29 07:42:03,281327641,-0.1,0,0,16,0.97,20260929_074000.wav
2026-09-29 07:42:15,281327645,+0.1,0,0,16,0.98,20260929_074000.wav
2026-09-29 07:42:18,281327646,-0.1,0,0,16,0.97,20260929_074000.wav
2026-09-29 07:42:27,281327649,-0.2,0,0,16,0.97,20260929_074000.wav
2026-09-29 07:43:03,281327661,+0.1,0,0,16,0.98,20260929_074000.wav
2026-09-29 07:43:12,281327664,+0.0,0,0,17,0.98,20260929_074000.wav
2026-09-29 07:44:03,281327681,+0.0,0,0,18,0.98,20260929_074000.wav
2026-09-29 07:44:18,281327686,-0.1,0,0,17,0.98,20260929_074000.wav
2026-09-29 07:44:39,281327693,+0.1,0,0,17,0.98,20260929_074000.wav
2026-09-29 07:44:42,281327694,+0.0,0,0,15,0.97,20260929_074000.wav
2026-09-29 07:44:54,281327698,+0.1,0,0,17,0.98,20260929_074000.wav
2026-09-29 07:44:57,281327699,-0.1,0,0,17,0.98,20260929_074000.wav
2026-09-29 07:45:00,281327700,+0.0,0,0,16,0.97,20260929_074000.wav
2026-09-29 07:45:03,281327701,+0.1,0,0,17,0.98,20260929_074000.wav
2026-09-29 07:45:15,281327705,+0.0,0,0,17,0.98,20260929_074000.wav
2026-09-29 07:45:36,281327712,+0.0,0,0,17,0.97,20260929_074000.wav
2026-09-29 07:45:42,281327714,+0.1,0,0,16,0.97,20260929_074000.wav
2026-09-29 07:46:00,281327720,+0.0,0,0,16,0.98,20260929_074000.wav
2026-09-29 07:46:03,281327721,+0.0,0,0,16,0.97,20260929_074000.wav
2026-09-29 07:46:12,281327724,+0.1,0,0,18,0.98,20260929_074000.wav
2026-09-29 07:46:18,281327726,-0.1,0,0,17,0.97,20260929_074000.wav
2026-09-29 07:46:36,281327732,+0.1,0,0,17,0.97,20260929_074000.wav
2026-09-29 07:46:39,281327733,+0.1,0,0,17,0.98,20260929_074000.wav
2026-09-29 07:46:45,281327735,+0.2,0,0,16,0.97,20260929_074000.wav
2026-09-29 07:46:51,281327737,+0.0,0,0,17,0.98,20260929_074000.wav
2026-09-29 07:47:00,281327740,+0.1,0,0,17,0.98,20260929_074000.wav
2026-09-29 07:47:03,281327741,+0.1,0,0,17,0.98,20260929_074000.wav
2026-09-29 07:47:24,281327748,+0.1,0,0,17,0.98,20260929_074000.wav
2026-09-29 07:47:39,281327753,+0.0,0,0,17,0.98,20260929_074000.wav
2026-09-29 07:48:03,281327761,+0.1,0,0,17,0.98,20260929_074000.wav
2026-09-29 07:48:54,281327778,+0.2,0,0,17,0.98,20260929_074000.wav
2026-09-29 07:49:00,281327780,+0.1,0,0,17,0.98,20260929_074000.wav
2026-09-29 07:49:03,281327781,+0.2,0,0,17,0.98,20260929_074000.wav
2026-09-29 07:49:12,281327784,+0.1,0,0,17,0.98,20260929_074000.wav
2026-09-29 07:49:30,281327790,+0.1,0,0,17,0.98,20260929_074000.wav
2026-09-29 07:49:39,281327793,+0.1,0,0,16,0.97,20260929_074000.wav
2026-09-29 07:49:42,281327794,+0.2,0,0,16,0.97,20260929_074000.wav
2026-09-29 07:49:54,281327798,+0.1,0,0,17,0.98,20260929_074000.wav
2026-09-29 07:50:03,281327801,-0.2,0,0,17,0.98,20260929_075000.wav
2026-09-29 07:50:09,281327803,-0.2,0,0,16,0.97,20260929_075000.wav
2026-09-29 07:50:12,281327804,-0.2,0,0,16,0.97,20260929_075000.wav
2026-09-29 07:50:30,281327810,+0.0,0,0,16,0.98,20260929_075000.wav
2026-09-29 07:51:03,281327821,-0.1,0,0,17,0.98,20260929_075000.wav
2026-09-29 07:51:24,281327828,-0.1,0,0,16,0.97,20260929_075000.wav
2026-09-29 07:51:36,281327832,-0.1,0,0,18,0.98,20260929_075000.wav
2026-09-29 07:51:39,281327833,-0.2,0,0,17,0.98,20260929_075000.wav
2026-09-29 07:51:42,281327834,-0.1,0,0,17,0.98,20260929_075000.wav
2026-09-29 07:51:54,281327838,-0.2,0,0,16,0.98,20260929_075000.wav
2026-09-29 07:52:00,281327840,-0.1,0,0,16,0.98,20260929_075000.wav
2026-09-29 07:52:03,281327841,-0.2,0,0,16,0.97,20260929_075000.wav
2026-09-29 07:52:21,281327847,-0.1,0,0,18,0.98,20260929_075000.wav
2026-09-29 07:52:36,281327852,-0.2,0,0,17,0.98,20260929_075000.wav
2026-09-29 07:52:51,281327857,-0.1,0,0,17,0.98,20260929_075000.wav
2026-09-29 07:53:03,281327861,+0.0,0,0,19,0.99,20260929_075000.wav
2026-09-29 07:53:15,281327865,-0.1,0,0,18,0.98,20260929_075000.wav
2026-09-29 07:53:39,281327873,-0.2,0,0,17,0.98,20260929_075000.wav
2026-09-29 07:53:48,281327876,-0.2,0,0,17,0.98,20260929_075000.wav
2026-09-29 07:53:51,281327877,+0.0,0,0,19,0.98,20260929_075000.wav
2026-09-29 07:53:57,281327879,-0.2,0,0,18,0.98,20260929_075000.wav
2026-09-29 07:54:03,281327881,-0.1,0,0,17,0.98,20260929_075000.wav
2026-09-29 07:54:15,281327885,+0.0,0,0,17,0.98,20260929_075000.wav
2026-09-29 07:54:18,281327886,-0.1,0,0,18,0.98,20260929_075000.wav
2026-09-29 07:54:27,281327889,-0.1,0,0,17,0.98,20260929_075000.wav
2026-09-29 07:54:39,281327893,+0.0,0,0,16,0.97,20260929_075000.wav
2026-09-29 07:55:03,281327901,+0.0,0,0,17,0.98,20260929_075000.wav
2026-09-29 07:55:18,281327906,-0.1,0,0,16,0.98,20260929_075000.wav
2026-09-29 07:55:21,281327907,+0.0,0,0,17,0.98,20260929_075000.wav
2026-09-29 07:55:24,281327908,-0.1,0,0,17,0.98,20260929_075000.wav
2026-09-29 07:55:51,281327917,+0.0,0,0,17,0.98,20260929_075000.wav
2026-09-29 07:56:03,281327921,+0.0,0,0,18,0.98,20260929_075000.wav
2026-09-29 07:56:09,281327923,+0.1,0,0,17,0.98,20260929_075000.wav
2026-09-29 07:56:39,281327933,-0.1,0,0,16,0.97,20260929_075000.wav
2026-09-29 07:57:00,281327940,-0.1,0,0,17,0.98,20260929_075000.wav
2026-09-29 07:57:03,281327941,+0.0,0,0,18,0.98,20260929_075000.wav
2026-09-29 07:57:24,281327948,+0.0,0,0,18,0.98,20260929_075000.wav
2026-09-29 07:57:36,281327952,+0.0,0,0,16,0.97,20260929_075000.wav
2026-09-29 07:57:39,281327953,+0.1,0,0,16,0.98,20260929_075000.wav
2026-09-29 07:58:00,281327960,+0.0,0,0,18,0.98,20260929_075000.wav
2026-09-29 07:58:03,281327961,+0.1,0,0,17,0.98,20260929_075000.wav
2026-09-29 07:58:09,281327963,+0.0,0,0,17,0.98,20260929_075000.wav
2026-09-29 07:58:27,281327969,+0.1,0,0,18,0.98,20260929_075000.wav
2026-09-29 07:58:36,281327972,+0.1,0,0,17,0.98,20260929_075000.wav
2026-09-29 07:58:51,281327977,+0.1,0,0,17,0.98,20260929_075000.wav
2026-09-29 07:58:54,281327978,+0.0,0,0,18,0.98,20260929_075000.wav
2026-09-29 07:59:03,281327981,+0.0,0,0,17,0.98,20260929_075000.wav
2026-09-29 07:59:09,281327983,+0.1,0,0,18,0.98,20260929_075000.wav
2026-09-29 07:59:12,281327984,+0.0,0,0,17,0.98,20260929_075000.wav
2026-09-29 07:59:18,281327986,+0.0,0,0,18,0.98,20260929_075000.wav
2026-09-29 07:59:21,281327987,+0.0,0,0,18,0.98,20260929_075000.wav
2026-09-29 07:59:39,281327993,+0.1,0,0,17,0.98,20260929_075000.wav
2026-09-29 07:59:54,281327998,+0.0,0,0,19,0.98,20260929_075000.wav
2026-09-29 08:00:03,281328001,-0.1,0,0,19,0.98,20260929_080000.wav
2026-09-29 08:00:30,281328010,-0.1,0,0,19,0.98,20260929_080000.wav
2026-09-29 08:00:39,281328013,-0.1,0,0,17,0.98,20260929_080000.wav
2026-09-29 08:00:57,281328019,-0.1,0,0,17,0.98,20260929_080000.wav
2026-09-29 08:01:03,281328021,-0.1,0,0,16,0.97,20260929_080000.wav
2026-09-29 08:01:15,281328025,-0.1,0,0,16,0.97,20260929_080000.wav
2026-09-29 08:01:36,281328032,-0.1,0,0,16,0.98,20260929_080000.wav
2026-09-29 08:01:51,281328037,+0.0,0,0,16,0.98,20260929_080000.wav
2026-09-29 08:02:03,281328041,-0.1,0,0,18,0.98,20260929_080000.wav
2026-09-29 08:02:09,281328043,-0.1,0,0,16,0.97,20260929_080000.wav
2026-09-29 08:02:30,281328050,+0.0,0,0,17,0.98,20260929_080000.wav
2026-09-29 08:02:54,281328058,+0.0,0,0,18,0.98,20260929_080000.wav
2026-09-29 08:03:00,281328060,-0.2,0,0,17,0.98,20260929_080000.wav
2026-09-29 08:03:03,281328061,+0.0,0,0,19,0.98,20260929_080000.wav
2026-09-29 08:03:24,281328068,-0.1,0,0,16,0.98,20260929_080000.wav
2026-09-29 08:03:48,281328076,-0.1,0,0,17,0.98,20260929_080000.wav
2026-09-29 08:03:51,281328077,+0.0,0,0,16,0.98,20260929_080000.wav
2026-09-29 08:04:03,281328081,-0.1,0,0,16,0.97,20260929_080000.wav
2026-09-29 08:04:27,281328089,-0.1,0,0,16,0.98,20260929_080000.wav
2026-09-29 08:04:51,281328097,+0.0,0,0,16,0.98,20260929_080000.wav
2026-09-29 08:04:54,281328098,-0.1,0,0,17,0.98,20260929_080000.wav
2026-09-29 08:05:03,281328101,+0.0,0,0,18,0.98,20260929_080000.wav
2026-09-29 08:05:24,281328108,+0.0,0,0,18,0.98,20260929_080000.wav
2026-09-29 08:05:45,281328115,+0.0,0,0,18,0.98,20260929_080000.wav
2026-09-29 08:05:57,281328119,+0.0,0,0,17,0.98,20260929_080000.wav
2026-09-29 08:06:03,281328121,+0.1,0,0,16,0.98,20260929_080000.wav
2026-09-29 08:06:15,281328125,+0.0,0,0,16,0.98,20260929_080000.wav
2026-09-29 08:06:21,281328127,+0.0,0,0,16,0.98,20260929_080000.wav
2026-09-29 08:06:27,281328129,+0.1,0,0,15,0.97,20260929_080000.wav
2026-09-29 08:06:45,281328135,+0.1,0,0,18,0.99,20260929_080000.wav
2026-09-29 08:06:54,281328138,+0.0,0,0,17,0.98,20260929_080000.wav
2026-09-29 08:07:03,281328141,+0.0,0,0,17,0.98,20260929_080000.wav
2026-09-29 08:07:51,281328157,+0.0,0,0,18,0.98,20260929_080000.wav
2026-09-29 08:07:54,281328158,+0.0,0,0,18,0.98,20260929_080000.wav
2026-09-29 08:08:03,281328161,-0.0,0,0,17,0.98,20260929_080000.wav
2026-09-29 08:08:12,281328164,+0.1,0,0,18,0.98,20260929_080000.wav
2026-09-29 08:08:24,281328168,-0.0,0,0,16,0.98,20260929_080000.wav
2026-09-29 08:08:27,281328169,+0.1,0,0,16,0.98,20260929_080000.wav
2026-09-29 08:08:39,281328173,+0.1,0,0,16,0.98,20260929_080000.wav
2026-09-29 08:08:54,281328178,+0.1,0,0,15,0.97,20260929_080000.wav
2026-09-29 08:09:03,281328181,+0.1,0,0,18,0.98,20260929_080000.wav
2026-09-29 08:09:27,281328189,+0.2,0,0,17,0.98,20260929_080000.wav
2026-09-29 08:09:36,281328192,+0.1,0,0,16,0.98,20260929_080000.wav
2026-09-29 08:09:39,281328193,-0.0,0,0,17,0.98,20260929_080000.wav
2026-09-29 08:09:42,281328194,+0.1,0,0,16,0.97,20260929_080000.wav
2026-09-29 08:09:48,281328196,-0.0,0,0,17,0.98,20260929_080000.wav
2026-09-29 08:09:57,281328199,+0.1,0,0,16,0.97,20260929_080000.wav
2026-09-29 08:09:57,281328199,-0.1,0,0,16,0.97,20260929_081000.wav
2026-09-29 08:10:03,281328201,-0.2,0,0,18,0.98,20260929_081000.wav
2026-09-29 08:10:15,281328205,-0.1,0,0,16,0.98,20260929_081000.wav
2026-09-29 08:10:27,281328209,-0.1,0,0,16,0.98,20260929_081000.wav
2026-09-29 08:10:36,281328212,-0.1,0,0,16,0.98,20260929_081000.wav
2026-09-29 08:10:51,281328217,-0.1,0,0,18,0.98,20260929_081000.wav
2026-09-29 08:11:00,281328220,-0.1,0,0,17,0.98,20260929_081000.wav
2026-09-29 08:11:03,281328221,-0.1,0,0,18,0.98,20260929_081000.wav
2026-09-29 08:11:30,281328230,+0.0,0,0,16,0.98,20260929_081000.wav
2026-09-29 08:11:39,281328233,+0.0,0,0,16,0.98,20260929_081000.wav
2026-09-29 08:11:48,281328236,-0.1,0,0,17,0.98,20260929_081000.wav
2026-09-29 08:11:54,281328238,+0.0,0,0,17,0.98,20260929_081000.wav
2026-09-29 08:12:03,281328241,+0.0,0,0,16,0.98,20260929_081000.wav
2026-09-29 08:12:18,281328246,+0.0,0,0,17,0.98,20260929_081000.wav
2026-09-29 08:12:24,281328248,+0.0,0,0,16,0.98,20260929_081000.wav
2026-09-29 08:12:45,281328255,-0.1,0,0,19,0.99,20260929_081000.wav
2026-09-29 08:12:48,281328256,-0.1,0,0,17,0.98,20260929_081000.wav
2026-09-29 08:13:00,281328260,-0.1,0,0,16,0.98,20260929_081000.wav
2026-09-29 08:13:03,281328261,-0.1,0,0,16,0.98,20260929_081000.wav
2026-09-29 08:13:18,281328266,-0.1,0,0,18,0.99,20260929_081000.wav
2026-09-29 08:13:21,281328267,+0.0,0,0,18,0.99,20260929_081000.wav
2026-09-29 08:13:36,281328272,-0.1,0,0,16,0.98,20260929_081000.wav
2026-09-29 08:14:03,281328281,+0.0,0,0,17,0.98,20260929_081000.wav
2026-09-29 08:14:18,281328286,+0.0,0,0,18,0.99,20260929_081000.wav
2026-09-29 08:14:39,281328293,-0.1,0,0,18,0.98,20260929_081000.wav
2026-09-29 08:14:48,281328296,+0.0,0,0,18,0.99,20260929_081000.wav
2026-09-29 08:15:00,281328300,+0.1,0,0,16,0.98,20260929_081000.wav
2026-09-29 08:15:03,281328301,+0.0,0,0,15,0.97,20260929_081000.wav
2026-09-29 08:15:12,281328304,+0.1,0,0,16,0.98,20260929_081000.wav
2026-09-29 08:15:18,281328306,+0.0,0,0,17,0.98,20260929_081000.wav
2026-09-29 08:15:45,281328315,+0.0,0,0,16,0.98,20260929_081000.wav
2026-09-29 08:15:48,281328316,+0.0,0,0,16,0.98,20260929_081000.wav
2026-09-29 08:16:03,281328321,+0.1,0,0,17,0.98,20260929_081000.wav
2026-09-29 08:16:30,281328330,+0.1,0,0,16,0.98,20260929_081000.wav
2026-09-29 08:16:36,281328332,+0.0,0,0,17,0.98,20260929_081000.wav
2026-09-29 08:16:42,281328334,+0.1,0,0,15,0.98,20260929_081000.wav
2026-09-29 08:16:51,281328337,+0.1,0,0,15,0.97,20260929_081000.wav
2026-09-29 08:17:03,281328341,+0.0,0,0,17,0.98,20260929_081000.wav
2026-09-29 08:17:15,281328345,+0.1,0,0,18,0.98,20260929_081000.wav
2026-09-29 08:17:39,281328353,+0.0,0,0,16,0.97,20260929_081000.wav
2026-09-29 08:18:00,281328360,+0.2,0,0,17,0.98,20260929_081000.wav
2026-09-29 08:18:03,281328361,+0.0,0,0,16,0.97,20260929_081000.wav
2026-09-29 08:18:15,281328365,+0.1,0,0,17,0.98,20260929_081000.wav
2026-09-29 08:18:18,281328366,+0.1,0,0,15,0.97,20260929_081000.wav
2026-09-29 08:18:27,281328369,+0.0,0,0,16,0.98,20260929_081000.wav
2026-09-29 08:18:30,281328370,+0.1,0,0,17,0.98,20260929_081000.wav
2026-09-29 08:18:39,281328373,+0.1,0,0,15,0.97,20260929_081000.wav
2026-09-29 08:19:03,281328381,+0.1,0,0,18,0.98,20260929_081000.wav
2026-09-29 08:19:30,281328390,+0.1,0,0,16,0.98,20260929_081000.wav
2026-09-29 08:19:42,281328394,+0.2,0,0,17,0.98,20260929_081000.wav
2026-09-29 08:20:03,281328401,+4.1,0,0,18,0.98,20260929_082000.wav
2026-09-29 08:20:15,281328405,+3.9,0,0,17,0.98,20260929_082000.wav
2026-09-29 08:20:18,281328406,+4.0,0,0,16,0.98,20260929_082000.wav
2026-09-29 08:20:24,281328408,+4.1,0,0,17,0.98,20260929_082000.wav
2026-09-29 08:20:27,281328409,+4.1,0,0,16,0.98,20260929_082000.wav
2026-09-29 08:20:30,281328410,+3.9,0,0,16,0.98,20260929_082000.wav
2026-09-29 08:20:42,281328414,+4.1,0,0,16,0.98,20260929_082000.wav
2026-09-29 08:21:03,281328421,+4.1,0,0,18,0.99,20260929_082000.wav
2026-09-29 08:21:12,281328424,+4.1,0,0,19,0.99,20260929_082000.wav
2026-09-29 08:21:15,281328425,+4.0,0,0,16,0.97,20260929_082000.wav
2026-09-29 08:21:45,281328435,+0.2,1,0,2,0.65,20260929_082000.wav
2026-09-29 08:22:00,281328440,+0.0,0,0,16,0.98,20260929_082000.wav
2026-09-29 08:22:03,281328441,+0.2,0,0,17,0.98,20260929_082000.wav
2026-09-29 08:22:12,281328444,+0.2,0,0,16,0.98,20260929_082000.wav
2026-09-29 08:22:15,281328445,+0.0,0,0,16,0.98,20260929_082000.wav
2026-09-29 08:22:21,281328447,+0.1,0,0,15,0.97,20260929_082000.wav
2026-09-29 08:22:36,281328452,+0.2,0,0,16,0.98,20260929_082000.wav
2026-09-29 08:22:39,281328453,+0.1,0,0,16,0.98,20260929_082000.wav
2026-09-29 08:22:45,281328455,+0.1,0,0,17,0.98,20260929_082000.wav
2026-09-29 08:23:00,281328460,+0.2,0,0,17,0.98,20260929_082000.wav
2026-09-29 08:23:03,281328461,+0.1,0,0,16,0.98,20260929_082000.wav
2026-09-29 08:23:15,281328465,+0.2,0,0,17,0.98,20260929_082000.wav
2026-09-29 08:23:18,281328466,+0.0,0,0,17,0.98,20260929_082000.wav
2026-09-29 08:23:27,281328469,+0.2,0,0,18,0.98,20260929_082000.wav
2026-09-29 08:23:30,281328470,+0.2,0,0,16,0.98,20260929_082000.wav
2026-09-29 08:23:39,281328473,+0.1,0,0,17,0.98,20260929_082000.wav
2026-09-29 08:23:42,281328474,+0.1,0,0,18,0.98,20260929_082000.wav
2026-09-29 08:24:03,281328481,+0.1,0,0,15,0.97,20260929_082000.wav
2026-09-29 08:24:15,281328485,+0.3,0,0,17,0.98,20260929_082000.wav
2026-09-29 08:24:48,281328496,-1.2,0,0,18,0.98,20260929_082000.wav
2026-09-29 08:25:03,281328501,-1.1,0,0,18,0.98,20260929_082000.wav
2026-09-29 08:25:15,281328505,-1.1,0,0,17,0.98,20260929_082000.wav
2026-09-29 08:25:42,281328514,-1.1,0,0,17,0.98,20260929_082000.wav
2026-09-29 08:25:45,281328515,-1.2,0,0,15,0.97,20260929_082000.wav
2026-09-29 08:25:48,281328516,-1.1,0,0,15,0.97,20260929_082000.wav
2026-09-29 08:26:03,281328521,-0.9,0,0,15,0.97,20260929_082000.wav
2026-09-29 08:26:30,281328530,-1.1,0,0,18,0.98,20260929_082000.wav
2026-09-29 08:26:39,281328533,-1.1,0,0,17,0.98,20260929_082000.wav
2026-09-29 08:26:45,281328535,-1.1,0,0,18,0.98,20260929_082000.wav
2026-09-29 08:27:03,281328541,-1.1,0,0,18,0.98,20260929_082000.wav
2026-09-29 08:27:15,281328545,-1.0,0,0,18,0.98,20260929_082000.wav
2026-09-29 08:27:18,281328546,-1.1,0,0,16,0.97,20260929_082000.wav
2026-09-29 08:27:21,281328547,-1.0,0,0,16,0.97,20260929_082000.wav
2026-09-29 08:27:39,281328553,-1.1,0,0,17,0.98,20260929_082000.wav
2026-09-29 08:27:45,281328555,-0.9,0,0,17,0.97,20260929_082000.wav
2026-09-29 08:28:03,281328561,-1.0,0,0,16,0.97,20260929_082000.wav
2026-09-29 08:28:24,281328568,-0.9,0,0,17,0.98,20260929_082000.wav
2026-09-29 08:28:39,281328573,-1.0,0,0,17,0.98,20260929_082000.wav
2026-09-29 08:28:51,281328577,-1.0,0,0,17,0.98,20260929_082000.wav
2026-09-29 08:28:54,281328578,-1.0,0,0,15,0.97,20260929_082000.wav
2026-09-29 08:29:03,281328581,-0.9,0,0,16,0.97,20260929_082000.wav
2026-09-29 08:29:09,281328583,-1.0,0,0,16,0.98,20260929_082000.wav
2026-09-29 08:29:18,281328586,-0.9,0,0,15,0.97,20260929_082000.wav
2026-09-29 08:29:21,281328587,-1.0,0,0,16,0.97,20260929_082000.wav
2026-09-29 08:29:27,281328589,-0.9,0,0,15,0.97,20260929_082000.wav
2026-09-29 08:29:30,281328590,-1.0,0,0,16,0.97,20260929_082000.wav
2026-09-29 08:29:39,281328593,-1.1,0,0,16,0.97,20260929_082000.wav
2026-09-29 08:29:57,281328599,-1.0,0,0,17,0.97,20260929_082000.wav
2026-09-29 08:29:57,281328599,+0.9,0,0,18,0.98,20260929_083000.wav
2026-09-29 08:30:03,281328601,+1.2,0,0,22,0.99,20260929_083000.wav
2026-09-29 08:30:36,281328612,+1.1,0,0,17,0.98,20260929_083000.wav
2026-09-29 08:30:51,281328617,+1.1,0,0,18,0.98,20260929_083000.wav
2026-09-29 08:30:57,281328619,+1.0,0,0,15,0.97,20260929_083000.wav
2026-09-29 08:31:00,281328620,+1.1,0,0,16,0.98,20260929_083000.wav
2026-09-29 08:31:03,281328621,+1.1,0,0,14,0.97,20260929_083000.wav
2026-09-29 08:31:09,281328623,+1.2,0,0,18,0.98,20260929_083000.wav
2026-09-29 08:31:15,281328625,+1.0,0,0,17,0.98,20260929_083000.wav
2026-09-29 08:31:18,281328626,+1.1,0,0,17,0.98,20260929_083000.wav
2026-09-29 08:31:36,281328632,+1.1,0,0,18,0.98,20260929_083000.wav
2026-09-29 08:31:48,281328636,+1.2,0,0,17,0.98,20260929_083000.wav
2026-09-29 08:31:51,281328637,+1.1,0,0,16,0.98,20260929_083000.wav
2026-09-29 08:31:54,281328638,+1.1,0,0,16,0.97,20260929_083000.wav
2026-09-29 08:32:00,281328640,+1.0,0,0,14,0.97,20260929_083000.wav
2026-09-29 08:32:03,281328641,+1.2,0,0,16,0.98,20260929_083000.wav
2026-09-29 08:32:12,281328644,+1.2,0,0,16,0.97,20260929_083000.wav
2026-09-29 08:32:24,281328648,+1.0,0,0,15,0.97,20260929_083000.wav
2026-09-29 08:32:39,281328653,-0.2,0,0,19,0.98,20260929_083000.wav
2026-09-29 08:33:03,281328661,-0.2,0,0,17,0.97,20260929_083000.wav
2026-09-29 08:33:24,281328668,-0.1,0,0,17,0.97,20260929_083000.wav
2026-09-29 08:33:27,281328669,-0.2,0,0,18,0.98,20260929_083000.wav
2026-09-29 08:33:30,281328670,-0.1,0,0,15,0.97,20260929_083000.wav
2026-09-29 08:33:36,281328672,-0.2,0,0,17,0.97,20260929_083000.wav
2026-09-29 08:33:42,281328674,-0.2,0,0,17,0.97,20260929_083000.wav
2026-09-29 08:33:54,281328678,-0.1,0,0,16,0.97,20260929_083000.wav
2026-09-29 08:34:03,281328681,-0.1,0,0,18,0.98,20260929_083000.wav
2026-09-29 08:34:12,281328684,-0.1,0,0,17,0.98,20260929_083000.wav
2026-09-29 08:34:18,281328686,-0.1,0,0,17,0.98,20260929_083000.wav
2026-09-29 08:34:21,281328687,-0.1,0,0,17,0.97,20260929_083000.wav
2026-09-29 08:34:51,281328697,-0.1,0,0,18,0.98,20260929_083000.wav
2026-09-29 08:35:03,281328701,-0.2,0,0,17,0.98,20260929_083000.wav
2026-09-29 08:35:15,281328705,+0.0,0,0,17,0.98,20260929_083000.wav
2026-09-29 08:35:45,281328715,+0.0,0,0,17,0.98,20260929_083000.wav
2026-09-29 08:35:51,281328717,-0.2,0,0,16,0.97,20260929_083000.wav
2026-09-29 08:35:54,281328718,+0.0,0,0,17,0.98,20260929_083000.wav
2026-09-29 08:36:00,281328720,-0.1,0,0,16,0.97,20260929_083000.wav
2026-09-29 08:36:03,281328721,+0.0,0,0,16,0.97,20260929_083000.wav
2026-09-29 08:36:18,281328726,+0.0,0,0,16,0.98,20260929_083000.wav
2026-09-29 08:36:30,281328730,-0.2,0,0,18,0.98,20260929_083000.wav
2026-09-29 08:37:03,281328741,-0.1,0,0,18,0.98,20260929_083000.wav
2026-09-29 08:37:12,281328744,-0.1,0,0,17,0.98,20260929_083000.wav
2026-09-29 08:37:18,281328746,-0.2,0,0,18,0.98,20260929_083000.wav
2026-09-29 08:37:30,281328750,+0.0,0,0,17,0.98,20260929_083000.wav
2026-09-29 08:37:42,281328754,-0.1,0,0,18,0.98,20260929_083000.wav
2026-09-29 08:37:51,281328757,-0.1,0,0,17,0.97,20260929_083000.wav
2026-09-29 08:37:54,281328758,+0.0,0,0,16,0.97,20260929_083000.wav
2026-09-29 08:38:03,281328761,+0.0,0,0,16,0.97,20260929_083000.wav
2026-09-29 08:38:18,281328766,+0.0,0,0,17,0.98,20260929_083000.wav
2026-09-29 08:38:48,281328776,+0.0,0,0,16,0.97,20260929_083000.wav
2026-09-29 08:38:54,281328778,-0.1,0,0,17,0.98,20260929_083000.wav
2026-09-29 08:38:57,281328779,+0.0,0,0,16,0.97,20260929_083000.wav
2026-09-29 08:39:03,281328781,-0.1,0,0,16,0.97,20260929_083000.wav
2026-09-29 08:39:12,281328784,+0.0,0,0,17,0.98,20260929_083000.wav
2026-09-29 08:39:18,281328786,-0.1,0,0,16,0.97,20260929_083000.wav
2026-09-29 08:40:42,281328814,-0.0,0,0,17,0.98,20260929_084000.wav
2026-09-29 08:40:45,281328815,-0.2,0,0,17,0.98,20260929_084000.wav
2026-09-29 08:40:51,281328817,-0.1,0,0,16,0.98,20260929_084000.wav
2026-09-29 08:41:03,281328821,-0.0,0,0,15,0.97,20260929_084000.wav
2026-09-29 08:41:39,281328833,-0.1,0,0,18,0.98,20260929_084000.wav
2026-09-29 08:42:03,281328841,-0.1,0,0,15,0.97,20260929_084000.wav
2026-09-29 08:42:18,281328846,-0.0,0,0,17,0.98,20260929_084000.wav
2026-09-29 08:42:24,281328848,+0.1,0,0,18,0.98,20260929_084000.wav
2026-09-29 08:42:39,281328853,-0.0,0,0,16,0.97,20260929_084000.wav
2026-09-29 08:43:03,281328861,-0.0,0,0,16,0.97,20260929_084000.wav
2026-09-29 08:43:30,281328870,-0.0,0,0,16,0.97,20260929_084000.wav
2026-09-29 08:43:39,281328873,-0.0,0,0,16,0.97,20260929_084000.wav
2026-09-29 08:44:03,281328881,+0.0,0,0,18,0.98,20260929_084000.wav
2026-09-29 08:44:54,281328898,+0.0,0,0,16,0.98,20260929_084000.wav
2026-09-29 08:44:57,281328899,+0.1,0,0,16,0.97,20260929_084000.wav
2026-09-29 08:45:03,281328901,+0.0,0,0,16,0.97,20260929_084000.wav
2026-09-29 08:45:12,281328904,+0.1,0,0,16,0.97,20260929_084000.wav
2026-09-29 08:45:45,281328915,+0.1,0,0,16,0.97,20260929_084000.wav
2026-09-29 08:45:48,281328916,-0.1,0,0,16,0.97,20260929_084000.wav
2026-09-29 08:46:03,281328921,+0.1,0,0,14,0.97,20260929_084000.wav
2026-09-29 08:46:30,281328930,-0.1,0,0,17,0.98,20260929_084000.wav
2026-09-29 08:46:42,281328934,+0.1,0,0,16,0.98,20260929_084000.wav
2026-09-29 08:46:51,281328937,+0.1,0,0,16,0.97,20260929_084000.wav
2026-09-29 08:47:03,281328941,+0.0,0,0,15,0.97,20260929_084000.wav
2026-09-29 08:47:39,281328953,+0.2,0,0,17,0.98,20260929_084000.wav
2026-09-29 08:47:57,281328959,+0.1,0,0,18,0.98,20260929_084000.wav
2026-09-29 08:48:03,281328961,+0.2,0,0,17,0.98,20260929_084000.wav
2026-09-29 08:48:15,281328965,-0.0,0,0,16,0.98,20260929_084000.wav
2026-09-29 08:49:03,281328981,+0.1,0,0,15,0.97,20260929_084000.wav
2026-09-29 08:49:12,281328984,-0.0,0,0,16,0.98,20260929_084000.wav
2026-09-29 08:49:21,281328987,-0.0,0,0,17,0.98,20260929_084000.wav
2026-09-29 08:49:24,281328988,+0.2,0,0,15,0.97,20260929_084000.wav
2026-09-29 08:49:30,281328990,-0.0,0,0,14,0.96,20260929_084000.wav
2026-09-29 08:49:39,281328993,+0.1,0,0,15,0.97,20260929_084000.wav
2026-09-29 08:49:42,281328994,+0.1,0,0,16,0.97,20260929_084000.wav
2026-09-29 08:50:15,281329005,+0.0,0,0,17,0.98,20260929_085000.wav
2026-09-29 08:50:45,281329015,-0.1,0,0,17,0.98,20260929_085000.wav
2026-09-29 08:50:48,281329016,+0.0,0,0,15,0.97,20260929_085000.wav
2026-09-29 08:50:51,281329017,-0.1,0,0,14,0.96,20260929_085000.wav
2026-09-29 08:50:54,281329018,-0.2,0,0,15,0.97,20260929_085000.wav
2026-09-29 08:51:00,281329020,-0.1,0,0,18,0.98,20260929_085000.wav
2026-09-29 08:51:03,281329021,-0.1,0,0,16,0.97,20260929_085000.wav
2026-09-29 08:51:18,281329026,-0.1,0,0,17,0.98,20260929_085000.wav
2026-09-29 08:51:21,281329027,+0.1,0,0,15,0.97,20260929_085000.wav
2026-09-29 08:51:30,281329030,+0.1,0,0,16,0.97,20260929_085000.wav
2026-09-29 08:51:39,281329033,+0.0,0,0,17,0.97,20260929_085000.wav
2026-09-29 08:51:45,281329035,+0.0,0,0,16,0.97,20260929_085000.wav
2026-09-29 08:52:00,281329040,+0.0,0,0,16,0.97,20260929_085000.wav
2026-09-29 08:52:03,281329041,+0.0,0,0,16,0.97,20260929_085000.wav
2026-09-29 08:52:09,281329043,+0.1,0,0,15,0.97,20260929_085000.wav
2026-09-29 08:52:18,281329046,+0.1,0,0,16,0.97,20260929_085000.wav
2026-09-29 08:52:24,281329048,+0.0,0,0,15,0.97,20260929_085000.wav
2026-09-29 08:52:30,281329050,-0.1,0,0,16,0.97,20260929_085000.wav
2026-09-29 08:52:42,281329054,+0.1,0,0,15,0.97,20260929_085000.wav
2026-09-29 08:52:51,281329057,+0.1,0,0,16,0.97,20260929_085000.wav
2026-09-29 08:52:54,281329058,-0.1,0,0,17,0.97,20260929_085000.wav
2026-09-29 08:53:03,281329061,-0.1,0,0,15,0.97,20260929_085000.wav
2026-09-29 08:53:12,281329064,+0.0,0,0,18,0.98,20260929_085000.wav
2026-09-29 08:53:24,281329068,+0.1,0,0,19,0.98,20260929_085000.wav
2026-09-29 08:53:42,281329074,+0.0,0,0,16,0.97,20260929_085000.wav
2026-09-29 08:54:03,281329081,+0.1,0,0,17,0.97,20260929_085000.wav
2026-09-29 08:54:15,281329085,+0.1,0,0,18,0.98,20260929_085000.wav
2026-09-29 08:54:45,281329095,+2.6,0,0,19,0.99,20260929_085433.wav
2026-09-29 08:54:48,281329096,+2.5,0,0,17,0.98,20260929_085433.wav
2026-09-29 08:54:57,281329099,+2.4,0,0,16,0.98,20260929_085433.wav
2026-09-29 08:55:03,281329101,+2.5,0,0,16,0.98,20260929_085433.wav
2026-09-29 08:55:18,281329106,+2.5,0,0,16,0.98,20260929_085433.wav
2026-09-29 08:55:39,281329113,+2.4,0,0,18,0.99,20260929_085433.wav
2026-09-29 08:55:51,281329117,-0.1,0,0,18,0.98,20260929_085433.wav
2026-09-29 08:56:03,281329121,-0.1,0,0,17,0.98,20260929_085433.wav
2026-09-29 08:56:18,281329126,+1.1,0,0,16,0.98,20260929_085433.wav
2026-09-29 08:56:27,281329129,+1.1,0,0,16,0.98,20260929_085433.wav
2026-09-29 08:56:48,281329136,+1.3,0,0,18,0.98,20260929_085433.wav
2026-09-29 08:57:03,281329141,+0.0,0,0,19,0.98,20260929_085433.wav
2026-09-29 08:57:18,281329146,+0.0,0,0,17,0.98,20260929_085433.wav
2026-09-29 08:57:48,281329156,-0.1,0,0,17,0.98,20260929_085433.wav
2026-09-29 08:58:00,281329160,+0.0,0,0,18,0.98,20260929_085433.wav
2026-09-29 08:58:03,281329161,-0.1,0,0,17,0.98,20260929_085433.wav
2026-09-29 08:58:12,281329164,-0.1,0,0,17,0.98,20260929_085433.wav
2026-09-29 08:58:15,281329165,+0.0,0,0,15,0.97,20260929_085433.wav
2026-09-29 08:58:42,281329174,-0.1,0,0,18,0.98,20260929_085433.wav
2026-09-29 08:59:03,281329181,+0.0,0,0,17,0.98,20260929_085433.wav
2026-09-29 08:59:12,281329184,+0.0,0,0,17,0.98,20260929_085433.wav
2026-09-29 08:59:24,281329188,-0.1,0,0,18,0.98,20260929_085433.wav
2026-09-29 08:59:39,281329193,+0.0,0,0,18,0.98,20260929_085433.wav
2026-09-29 08:59:42,281329194,-0.1,0,0,17,0.98,20260929_085433.wav
2026-09-29 08:59:57,281329199,-0.1,0,0,17,0.98,20260929_085433.wav
2026-09-29 09:00:03,281329201,+8.2,0,0,9,0.92,20260929_090000.wav
2026-09-29 09:00:12,281329204,+7.8,0,0,19,0.98,20260929_090000.wav
2026-09-29 09:00:36,281329212,+7.8,0,0,16,0.98,20260929_090000.wav
2026-09-29 09:00:42,281329214,+7.7,0,0,16,0.98,20260929_090000.wav
2026-09-29 09:00:48,281329216,+7.7,0,0,16,0.98,20260929_090000.wav
2026-09-29 09:00:54,281329218,+7.7,0,0,16,0.98,20260929_090000.wav
2026-09-29 09:01:03,281329221,+7.7,0,0,17,0.98,20260929_090000.wav
2026-09-29 09:01:12,281329224,+7.8,0,0,17,0.98,20260929_090000.wav
2026-09-29 09:01:15,281329225,+7.6,0,0,18,0.98,20260929_090000.wav
2026-09-29 09:01:21,281329227,+7.7,0,0,16,0.97,20260929_090000.wav
2026-09-29 09:01:45,281329235,+7.8,0,0,17,0.98,20260929_090000.wav
2026-09-29 09:01:48,281329236,+7.7,0,0,17,0.98,20260929_090000.wav
2026-09-29 09:02:03,281329241,+7.7,0,0,19,0.99,20260929_090000.wav
2026-09-29 09:02:21,281329247,+7.7,0,0,17,0.98,20260929_090000.wav
2026-09-29 09:03:03,281329261,+1.3,0,0,20,0.99,20260929_090000.wav
2026-09-29 09:03:24,281329268,+1.3,0,0,17,0.98,20260929_090000.wav
2026-09-29 09:03:48,281329276,+1.3,0,0,20,0.98,20260929_090000.wav
2026-09-29 09:04:27,281329289,+0.0,0,0,17,0.98,20260929_090000.wav
2026-09-29 09:04:36,281329292,+0.0,0,0,17,0.98,20260929_090000.wav
2026-09-29 09:04:48,281329296,-0.2,0,0,15,0.97,20260929_090000.wav
2026-09-29 09:04:51,281329297,+0.0,0,0,16,0.98,20260929_090000.wav
2026-09-29 09:04:54,281329298,+0.0,0,0,14,0.96,20260929_090000.wav
2026-09-29 09:05:00,281329300,+0.0,0,0,17,0.98,20260929_090000.wav
2026-09-29 09:05:03,281329301,-0.2,0,0,15,0.97,20260929_090000.wav
2026-09-29 09:05:18,281329306,+0.0,0,0,17,0.98,20260929_090000.wav
2026-09-29 09:05:30,281329310,+0.0,0,0,18,0.98,20260929_090000.wav
2026-09-29 09:05:45,281329315,-0.1,0,0,17,0.98,20260929_090000.wav
2026-09-29 09:06:03,281329321,-0.2,0,0,17,0.98,20260929_090000.wav
2026-09-29 09:06:12,281329324,-0.1,0,0,18,0.98,20260929_090000.wav
2026-09-29 09:06:36,281329332,+0.0,0,0,18,0.98,20260929_090000.wav
2026-09-29 09:06:48,281329336,-0.1,0,0,17,0.98,20260929_090000.wav
2026-09-29 09:06:57,281329339,-0.1,0,0,17,0.98,20260929_090000.wav
2026-09-29 09:07:03,281329341,+0.0,0,0,17,0.98,20260929_090000.wav
2026-09-29 09:07:36,281329352,-0.1,0,0,17,0.98,20260929_090000.wav
2026-09-29 09:07:39,281329353,+0.1,0,0,17,0.98,20260929_090000.wav
2026-09-29 09:07:42,281329354,+0.0,0,0,16,0.97,20260929_090000.wav
2026-09-29 09:07:48,281329356,+0.0,0,0,16,0.98,20260929_090000.wav
2026-09-29 09:08:03,281329361,+0.0,0,0,17,0.98,20260929_090000.wav
2026-09-29 09:08:15,281329365,-0.1,0,0,17,0.98,20260929_090000.wav
2026-09-29 09:08:27,281329369,+0.0,0,0,17,0.98,20260929_090000.wav
2026-09-29 09:09:03,281329381,+0.0,0,0,15,0.97,20260929_090000.wav
2026-09-29 09:09:15,281329385,-0.1,0,0,17,0.98,20260929_090000.wav
2026-09-29 09:09:21,281329387,+0.1,0,0,16,0.98,20260929_090000.wav
2026-09-29 09:09:39,281329393,+0.1,0,0,17,0.98,20260929_090000.wav
2026-09-29 09:10:03,281329401,+0.1,0,0,22,0.99,20260929_091000.wav
2026-09-29 09:10:12,281329404,-0.1,0,0,18,0.99,20260929_091000.wav
2026-09-29 09:10:24,281329408,-0.1,0,0,18,0.98,20260929_091000.wav
2026-09-29 09:10:39,281329413,-0.1,0,0,18,0.98,20260929_091000.wav
2026-09-29 09:10:51,281329417,+0.0,0,0,17,0.98,20260929_091000.wav
2026-09-29 09:10:54,281329418,-0.1,0,0,15,0.97,20260929_091000.wav
2026-09-29 09:11:03,281329421,-0.1,0,0,16,0.98,20260929_091000.wav
2026-09-29 09:11:24,281329428,+0.0,0,0,18,0.98,20260929_091000.wav
2026-09-29 09:11:30,281329430,+0.0,0,0,16,0.98,20260929_091000.wav
2026-09-29 09:11:39,281329433,+0.0,0,0,17,0.98,20260929_091000.wav
2026-09-29 09:11:42,281329434,-0.2,0,0,17,0.98,20260929_091000.wav
2026-09-29 09:12:03,281329441,+0.0,0,0,17,0.98,20260929_091000.wav
2026-09-29 09:12:45,281329455,-0.1,0,0,17,0.98,20260929_091000.wav
2026-09-29 09:13:00,281329460,-0.1,0,0,18,0.98,20260929_091000.wav
2026-09-29 09:13:03,281329461,+0.0,0,0,15,0.97,20260929_091000.wav
2026-09-29 09:13:09,281329463,-0.1,0,0,18,0.98,20260929_091000.wav
2026-09-29 09:13:36,281329472,+0.1,0,0,17,0.98,20260929_091000.wav
2026-09-29 09:13:42,281329474,+0.0,0,0,17,0.98,20260929_091000.wav
2026-09-29 09:13:51,281329477,-0.0,0,0,17,0.98,20260929_091000.wav
2026-09-29 09:14:03,281329481,-0.1,0,0,17,0.98,20260929_091000.wav
2026-09-29 09:14:24,281329488,-0.0,0,0,17,0.98,20260929_091000.wav
2026-09-29 09:15:03,281329501,-0.1,0,0,17,0.98,20260929_091000.wav
2026-09-29 09:15:12,281329504,-0.0,0,0,16,0.98,20260929_091000.wav
2026-09-29 09:15:18,281329506,-0.0,0,0,17,0.98,20260929_091000.wav
2026-09-29 09:15:45,281329515,-0.0,0,0,16,0.97,20260929_091000.wav
2026-09-29 09:15:48,281329516,-0.0,0,0,17,0.98,20260929_091000.wav
2026-09-29 09:16:03,281329521,+0.1,0,0,17,0.98,20260929_091000.wav
2026-09-29 09:16:15,281329525,-0.0,0,0,17,0.98,20260929_091000.wav
2026-09-29 09:16:21,281329527,-0.0,0,0,16,0.98,20260929_091000.wav
2026-09-29 09:16:30,281329530,-0.0,0,0,16,0.98,20260929_091000.wav
2026-09-29 09:16:36,281329532,-0.0,0,0,16,0.98,20260929_091000.wav
2026-09-29 09:16:51,281329537,+0.1,0,0,15,0.97,20260929_091000.wav
2026-09-29 09:17:03,281329541,+0.1,0,0,16,0.97,20260929_091000.wav
2026-09-29 09:17:18,281329546,+0.1,0,0,16,0.98,20260929_091000.wav
2026-09-29 09:17:27,281329549,+0.2,0,0,16,0.98,20260929_091000.wav
2026-09-29 09:17:54,281329558,+0.1,0,0,17,0.98,20260929_091000.wav
2026-09-29 09:18:03,281329561,+0.1,0,0,17,0.98,20260929_091000.wav
2026-09-29 09:18:24,281329568,+0.1,0,0,16,0.98,20260929_091000.wav
2026-09-29 09:18:36,281329572,+0.2,0,0,16,0.98,20260929_091000.wav
2026-09-29 09:18:39,281329573,+0.1,0,0,16,0.98,20260929_091000.wav
2026-09-29 09:18:42,281329574,+0.0,0,0,16,0.98,20260929_091000.wav
2026-09-29 09:18:48,281329576,+0.1,0,0,17,0.98,20260929_091000.wav
2026-09-29 09:18:54,281329578,+0.2,0,0,16,0.97,20260929_091000.wav
2026-09-29 09:19:03,281329581,+0.2,0,0,16,0.98,20260929_091000.wav
2026-09-29 09:19:18,281329586,+0.2,0,0,17,0.98,20260929_091000.wav
2026-09-29 09:19:27,281329589,+0.1,0,0,16,0.97,20260929_091000.wav
2026-09-29 09:19:48,281329596,+0.2,0,0,17,0.97,20260929_091000.wav
2026-09-29 09:19:51,281329597,+0.1,0,0,16,0.98,20260929_091000.wav
2026-09-29 09:19:54,281329598,+0.1,0,0,16,0.97,20260929_091000.wav
2026-09-29 09:20:03,281329601,-0.0,0,0,17,0.97,20260929_092000.wav
2026-09-29 09:20:09,281329603,-0.1,0,0,18,0.98,20260929_092000.wav
2026-09-29 09:20:12,281329604,-0.0,0,0,16,0.98,20260929_092000.wav
2026-09-29 09:20:18,281329606,-0.0,0,0,15,0.97,20260929_092000.wav
2026-09-29 09:20:39,281329613,-0.1,0,0,16,0.98,20260929_092000.wav
2026-09-29 09:20:54,281329618,-0.0,0,0,17,0.98,20260929_092000.wav
2026-09-29 09:21:03,281329621,-0.1,0,0,17,0.98,20260929_092000.wav
2026-09-29 09:21:24,281329628,-0.0,0,0,18,0.98,20260929_092000.wav
2026-09-29 09:21:39,281329633,+0.0,0,0,17,0.98,20260929_092000.wav
2026-09-29 09:21:42,281329634,-0.1,0,0,16,0.98,20260929_092000.wav
2026-09-29 09:21:48,281329636,+0.0,0,0,15,0.97,20260929_092000.wav
2026-09-29 09:21:54,281329638,+0.0,0,0,18,0.98,20260929_092000.wav
2026-09-29 09:22:03,281329641,+0.0,0,0,15,0.97,20260929_092000.wav
2026-09-29 09:22:18,281329646,+0.1,0,0,17,0.98,20260929_092000.wav
2026-09-29 09:22:21,281329647,+0.0,0,0,15,0.97,20260929_092000.wav
2026-09-29 09:22:27,281329649,+0.0,0,0,14,0.96,20260929_092000.wav
2026-09-29 09:22:36,281329652,+0.0,0,0,16,0.98,20260929_092000.wav
2026-09-29 09:22:48,281329656,+0.0,0,0,16,0.97,20260929_092000.wav
2026-09-29 09:22:51,281329657,+0.0,0,0,15,0.97,20260929_092000.wav
2026-09-29 09:22:54,281329658,-0.1,0,0,15,0.97,20260929_092000.wav
2026-09-29 09:23:00,281329660,+0.0,0,0,15,0.96,20260929_092000.wav
2026-09-29 09:23:03,281329661,-0.1,0,0,14,0.97,20260929_092000.wav
2026-09-29 09:23:09,281329663,+0.0,0,0,17,0.98,20260929_092000.wav
2026-09-29 09:23:21,281329667,+0.1,0,0,17,0.98,20260929_092000.wav
2026-09-29 09:23:24,281329668,-0.1,0,0,16,0.97,20260929_092000.wav
2026-09-29 09:24:00,281329680,+0.2,0,0,14,0.96,20260929_092000.wav
2026-09-29 09:24:03,281329681,-0.0,0,0,17,0.98,20260929_092000.wav
2026-09-29 09:24:36,281329692,-0.0,0,0,18,0.98,20260929_092000.wav
2026-09-29 09:24:42,281329694,+0.1,0,0,17,0.97,20260929_092000.wav
2026-09-29 09:24:48,281329696,+0.1,0,0,16,0.97,20260929_092000.wav
2026-09-29 09:25:03,281329701,+0.1,0,0,16,0.98,20260929_092000.wav
2026-09-29 09:25:48,281329716,-0.0,0,0,17,0.98,20260929_092000.wav
2026-09-29 09:25:51,281329717,+0.2,0,0,16,0.97,20260929_092000.wav
2026-09-29 09:25:54,281329718,+0.1,0,0,16,0.97,20260929_092000.wav
2026-09-29 09:26:03,281329721,-0.0,0,0,16,0.97,20260929_092000.wav
2026-09-29 09:26:09,281329723,+0.1,0,0,17,0.97,20260929_092000.wav
2026-09-29 09:26:24,281329728,+0.2,0,0,17,0.98,20260929_092000.wav
2026-09-29 09:27:03,281329741,+0.2,0,0,19,0.98,20260929_092000.wav
2026-09-29 09:27:30,281329750,+0.1,0,0,17,0.98,20260929_092000.wav
2026-09-29 09:27:48,281329756,+0.1,0,0,17,0.98,20260929_092000.wav
2026-09-29 09:27:54,281329758,-0.0,0,0,17,0.98,20260929_092000.wav
2026-09-29 09:28:03,281329761,-0.0,0,0,18,0.98,20260929_092000.wav
2026-09-29 09:28:12,281329764,+0.1,0,0,17,0.98,20260929_092000.wav
2026-09-29 09:28:21,281329767,+0.2,0,0,15,0.97,20260929_092000.wav
2026-09-29 09:28:27,281329769,+0.1,0,0,15,0.97,20260929_092000.wav
2026-09-29 09:28:48,281329776,+0.2,0,0,17,0.98,20260929_092000.wav
2026-09-29 09:29:00,281329780,+0.1,0,0,17,0.98,20260929_092000.wav
2026-09-29 09:29:12,281329784,-2.5,0,0,17,0.98,20260929_092000.wav
2026-09-29 09:29:15,281329785,-2.4,0,0,16,0.98,20260929_092000.wav
2026-09-29 09:29:24,281329788,-2.4,0,0,18,0.98,20260929_092000.wav
2026-09-29 09:29:42,281329794,-2.4,0,0,18,0.98,20260929_092000.wav
2026-09-29 09:30:12,281329804,+5.1,0,0,18,0.98,20260929_093000.wav
2026-09-29 09:30:15,281329805,+5.2,0,0,17,0.97,20260929_093000.wav
2026-09-29 09:30:42,281329814,+0.1,0,0,21,0.99,20260929_093000.wav
2026-09-29 09:30:45,281329815,-0.2,0,0,19,0.98,20260929_093000.wav
2026-09-29 09:30:48,281329816,-0.1,0,0,17,0.98,20260929_093000.wav
2026-09-29 09:31:03,281329821,-0.2,0,0,16,0.98,20260929_093000.wav
2026-09-29 09:31:42,281329834,-0.2,0,0,17,0.98,20260929_093000.wav
2026-09-29 09:31:45,281329835,-0.1,0,0,17,0.98,20260929_093000.wav
2026-09-29 09:31:48,281329836,-0.1,0,0,16,0.97,20260929_093000.wav
2026-09-29 09:32:03,281329841,-0.1,0,0,18,0.98,20260929_093000.wav
2026-09-29 09:32:12,281329844,+0.0,0,0,18,0.98,20260929_093000.wav
2026-09-29 09:32:18,281329846,-0.1,0,0,17,0.98,20260929_093000.wav
2026-09-29 09:32:57,281329859,-0.1,0,0,18,0.98,20260929_093000.wav
2026-09-29 09:33:03,281329861,-0.1,0,0,17,0.98,20260929_093000.wav
2026-09-29 09:33:27,281329869,-0.1,0,0,16,0.98,20260929_093000.wav
2026-09-29 09:33:36,281329872,-0.1,0,0,17,0.98,20260929_093000.wav
2026-09-29 09:33:39,281329873,+0.0,0,0,17,0.98,20260929_093000.wav
2026-09-29 09:33:54,281329878,+0.0,0,0,18,0.98,20260929_093000.wav
2026-09-29 09:34:03,281329881,+0.0,0,0,16,0.98,20260929_093000.wav
2026-09-29 09:34:21,281329887,+0.0,0,0,18,0.98,20260929_093000.wav
2026-09-29 09:34:27,281329889,-0.1,0,0,15,0.97,20260929_093000.wav
2026-09-29 09:34:48,281329896,-0.1,0,0,18,0.98,20260929_093000.wav
2026-09-29 09:35:03,281329901,-0.1,0,0,17,0.98,20260929_093000.wav
2026-09-29 09:35:18,281329906,+0.0,0,0,16,0.98,20260929_093000.wav
2026-09-29 09:35:21,281329907,-0.1,0,0,16,0.98,20260929_093000.wav
2026-09-29 09:35:54,281329918,-0.1,0,0,18,0.98,20260929_093000.wav
2026-09-29 09:36:00,281329920,-0.1,0,0,18,0.98,20260929_093000.wav
2026-09-29 09:36:03,281329921,+0.0,0,0,17,0.98,20260929_093000.wav
2026-09-29 09:36:27,281329929,+0.0,0,0,18,0.98,20260929_093000.wav
2026-09-29 09:36:42,281329934,-0.1,0,0,18,0.98,20260929_093000.wav
2026-09-29 09:36:48,281329936,+0.0,0,0,17,0.98,20260929_093000.wav
2026-09-29 09:37:03,281329941,+0.0,0,0,16,0.98,20260929_093000.wav
2026-09-29 09:37:36,281329952,+0.0,0,0,17,0.98,20260929_093000.wav
2026-09-29 09:37:51,281329957,+0.1,0,0,18,0.98,20260929_093000.wav
2026-09-29 09:37:54,281329958,-0.1,0,0,17,0.98,20260929_093000.wav
2026-09-29 09:38:00,281329960,+0.0,0,0,16,0.98,20260929_093000.wav
2026-09-29 09:38:03,281329961,+0.0,0,0,17,0.98,20260929_093000.wav
2026-09-29 09:38:27,281329969,+0.0,0,0,18,0.98,20260929_093000.wav
2026-09-29 09:38:39,281329973,+0.1,0,0,16,0.98,20260929_093000.wav
2026-09-29 09:38:42,281329974,+0.0,0,0,16,0.97,20260929_093000.wav
2026-09-29 09:38:48,281329976,+0.0,0,0,16,0.98,20260929_093000.wav
2026-09-29 09:39:03,281329981,+0.1,0,0,17,0.98,20260929_093000.wav
2026-09-29 09:39:12,281329984,+0.2,0,0,18,0.99,20260929_093000.wav
2026-09-29 09:39:18,281329986,+0.0,0,0,17,0.98,20260929_093000.wav
2026-09-29 09:39:24,281329988,+0.0,0,0,17,0.98,20260929_093000.wav
2026-09-29 09:39:48,281329996,+0.0,0,0,18,0.98,20260929_093000.wav
2026-09-29 09:39:57,281329999,+0.1,0,0,16,0.98,20260929_093000.wav
2026-09-29 09:39:57,281329999,-0.1,0,0,16,0.97,20260929_094000.wav
2026-09-29 09:40:18,281330006,-0.1,0,0,16,0.97,20260929_094000.wav
2026-09-29 09:40:36,281330012,-0.1,0,0,17,0.98,20260929_094000.wav
2026-09-29 09:40:42,281330014,-0.2,0,0,16,0.97,20260929_094000.wav
2026-09-29 09:40:45,281330015,-0.1,0,0,17,0.97,20260929_094000.wav
2026-09-29 09:41:03,281330021,-0.2,0,0,17,0.97,20260929_094000.wav
2026-09-29 09:41:09,281330023,-0.1,0,0,16,0.97,20260929_094000.wav
2026-09-29 09:41:12,281330024,-0.3,0,0,16,0.97,20260929_094000.wav
2026-09-29 09:41:21,281330027,-0.2,0,0,17,0.98,20260929_094000.wav
2026-09-29 09:41:39,281330033,-0.1,0,0,17,0.97,20260929_094000.wav
2026-09-29 09:42:03,281330041,-0.2,0,0,16,0.97,20260929_094000.wav
2026-09-29 09:42:27,281330049,-0.1,0,0,16,0.97,20260929_094000.wav
2026-09-29 09:42:48,281330056,-0.1,0,0,17,0.97,20260929_094000.wav
2026-09-29 09:42:51,281330057,-0.2,0,0,15,0.97,20260929_094000.wav
2026-09-29 09:43:00,281330060,-0.1,0,0,17,0.97,20260929_094000.wav
2026-09-29 09:43:03,281330061,+0.0,0,0,17,0.98,20260929_094000.wav
2026-09-29 09:43:12,281330064,+0.0,0,0,17,0.97,20260929_094000.wav
2026-09-29 09:43:21,281330067,-0.2,0,0,15,0.96,20260929_094000.wav
2026-09-29 09:43:51,281330077,+0.0,0,0,18,0.98,20260929_094000.wav
2026-09-29 09:43:54,281330078,-0.1,0,0,17,0.98,20260929_094000.wav
2026-09-29 09:44:03,281330081,-0.1,0,0,18,0.98,20260929_094000.wav
2026-09-29 09:44:42,281330094,+0.0,0,0,18,0.98,20260929_094000.wav
2026-09-29 09:45:03,281330101,-0.1,0,0,18,0.98,20260929_094000.wav
2026-09-29 09:45:12,281330104,+0.0,0,0,17,0.97,20260929_094000.wav
2026-09-29 09:45:45,281330115,+0.0,0,0,16,0.97,20260929_094000.wav
2026-09-29 09:45:48,281330116,+0.0,0,0,16,0.97,20260929_094000.wav
2026-09-29 09:45:57,281330119,-0.1,0,0,17,0.97,20260929_094000.wav
2026-09-29 09:46:03,281330121,+0.1,0,0,17,0.98,20260929_094000.wav
2026-09-29 09:46:21,281330127,+0.0,0,0,18,0.98,20260929_094000.wav
2026-09-29 09:46:36,281330132,+0.0,0,0,16,0.97,20260929_094000.wav
2026-09-29 09:46:39,281330133,-0.1,0,0,16,0.97,20260929_094000.wav
2026-09-29 09:46:45,281330135,+0.1,0,0,18,0.98,20260929_094000.wav
2026-09-29 09:46:51,281330137,+0.1,0,0,16,0.97,20260929_094000.wav
2026-09-29 09:47:00,281330140,+0.1,0,0,17,0.98,20260929_094000.wav
2026-09-29 09:47:03,281330141,-0.1,0,0,16,0.97,20260929_094000.wav
2026-09-29 09:47:18,281330146,+0.0,0,0,18,0.98,20260929_094000.wav
2026-09-29 09:47:24,281330148,+0.1,0,0,16,0.97,20260929_094000.wav
2026-09-29 09:47:39,281330153,+0.0,0,0,16,0.97,20260929_094000.wav
2026-09-29 09:47:48,281330156,+0.1,0,0,16,0.97,20260929_094000.wav
2026-09-29 09:47:57,281330159,+0.1,0,0,17,0.97,20260929_094000.wav
2026-09-29 09:48:03,281330161,-0.1,0,0,16,0.97,20260929_094000.wav
2026-09-29 09:48:18,281330166,-0.1,0,0,16,0.97,20260929_094000.wav
2026-09-29 09:48:45,281330175,+0.0,0,0,18,0.98,20260929_094000.wav
2026-09-29 09:48:48,281330176,+0.1,0,0,16,0.97,20260929_094000.wav
2026-09-29 09:48:54,281330178,+0.1,0,0,16,0.97,20260929_094000.wav
2026-09-29 09:48:57,281330179,+0.0,0,0,16,0.97,20260929_094000.wav
2026-09-29 09:49:03,281330181,+0.0,0,0,16,0.97,20260929_094000.wav
2026-09-29 09:49:15,281330185,+0.0,0,0,17,0.97,20260929_094000.wav
2026-09-29 09:49:30,281330190,+0.1,0,0,17,0.98,20260929_094000.wav
2026-09-29 09:49:45,281330195,+0.2,0,0,17,0.98,20260929_094000.wav
2026-09-29 09:49:51,281330197,+0.0,0,0,16,0.97,20260929_094000.wav
2026-09-29 09:50:03,281330201,-0.1,0,0,17,0.98,20260929_095000.wav
2026-09-29 09:50:15,281330205,-0.1,0,0,18,0.98,20260929_095000.wav
2026-09-29 09:50:30,281330210,-0.3,0,0,17,0.98,20260929_095000.wav
2026-09-29 09:50:45,281330215,-0.1,0,0,17,0.98,20260929_095000.wav
2026-09-29 09:51:00,281330220,-0.0,0,0,17,0.98,20260929_095000.wav
2026-09-29 09:51:03,281330221,-0.2,0,0,18,0.98,20260929_095000.wav
2026-09-29 09:51:18,281330226,-0.1,0,0,17,0.98,20260929_095000.wav
2026-09-29 09:51:21,281330227,-0.2,0,0,16,0.97,20260929_095000.wav
2026-09-29 09:51:39,281330233,+0.0,0,0,16,0.96,20260929_095000.wav
2026-09-29 09:52:00,281330240,-0.2,0,0,18,0.98,20260929_095000.wav
2026-09-29 09:52:03,281330241,+0.0,0,0,17,0.97,20260929_095000.wav
2026-09-29 09:52:24,281330248,-0.2,0,0,18,0.98,20260929_095000.wav
2026-09-29 09:52:42,281330254,-0.1,0,0,17,0.98,20260929_095000.wav
2026-09-29 09:52:54,281330258,+0.0,0,0,16,0.98,20260929_095000.wav
2026-09-29 09:53:03,281330261,-0.1,0,0,16,0.97,20260929_095000.wav
2026-09-29 09:53:12,281330264,-0.1,0,0,18,0.98,20260929_095000.wav
2026-09-29 09:53:18,281330266,+0.0,0,0,18,0.98,20260929_095000.wav
2026-09-29 09:53:27,281330269,+0.0,0,0,18,0.98,20260929_095000.wav
2026-09-29 09:53:30,281330270,-0.1,0,0,17,0.98,20260929_095000.wav
2026-09-29 09:53:39,281330273,-0.1,0,0,16,0.97,20260929_095000.wav
2026-09-29 09:53:42,281330274,-0.1,0,0,17,0.98,20260929_095000.wav
2026-09-29 09:53:45,281330275,+0.0,0,0,17,0.98,20260929_095000.wav
2026-09-29 09:53:54,281330278,+0.0,0,0,16,0.98,20260929_095000.wav
2026-09-29 09:54:03,281330281,+0.0,0,0,17,0.98,20260929_095000.wav
2026-09-29 09:54:12,281330284,+0.1,0,0,17,0.98,20260929_095000.wav
2026-09-29 09:54:24,281330288,-0.1,0,0,16,0.97,20260929_095000.wav
2026-09-29 09:54:27,281330289,-0.2,0,0,17,0.98,20260929_095000.wav
2026-09-29 09:54:42,281330294,+0.0,0,0,18,0.98,20260929_095000.wav
2026-09-29 09:54:45,281330295,-0.1,0,0,16,0.97,20260929_095000.wav
2026-09-29 09:54:57,281330299,-0.1,0,0,17,0.98,20260929_095000.wav
2026-09-29 09:55:00,281330300,+0.1,0,0,16,0.98,20260929_095000.wav
2026-09-29 09:55:03,281330301,+0.0,0,0,15,0.97,20260929_095000.wav
2026-09-29 09:55:12,281330304,+0.1,0,0,18,0.98,20260929_095000.wav
2026-09-29 09:55:15,281330305,-0.1,0,0,17,0.98,20260929_095000.wav
2026-09-29 09:55:36,281330312,+0.0,0,0,17,0.98,20260929_095000.wav
2026-09-29 09:55:39,281330313,+0.0,0,0,16,0.98,20260929_095000.wav
2026-09-29 09:55:45,281330315,+0.0,0,0,16,0.97,20260929_095000.wav
2026-09-29 09:56:03,281330321,+0.1,0,0,16,0.97,20260929_095000.wav
2026-09-29 09:56:18,281330326,-0.1,0,0,17,0.98,20260929_095000.wav
2026-09-29 09:56:24,281330328,+0.0,0,0,18,0.98,20260929_095000.wav
2026-09-29 09:56:39,281330333,+0.0,0,0,17,0.98,20260929_095000.wav
2026-09-29 09:56:42,281330334,+0.1,0,0,17,0.98,20260929_095000.wav
2026-09-29 09:56:57,281330339,+0.0,0,0,16,0.97,20260929_095000.wav
2026-09-29 09:57:03,281330341,-0.1,0,0,17,0.97,20260929_095000.wav
2026-09-29 09:57:15,281330345,+0.1,0,0,17,0.98,20260929_095000.wav
2026-09-29 09:57:42,281330354,+0.1,0,0,17,0.98,20260929_095000.wav
2026-09-29 09:57:48,281330356,+0.0,0,0,18,0.98,20260929_095000.wav
2026-09-29 09:57:54,281330358,+0.0,0,0,17,0.98,20260929_095000.wav
2026-09-29 09:58:03,281330361,+0.0,0,0,16,0.98,20260929_095000.wav
2026-09-29 09:58:39,281330373,+0.1,0,0,19,0.98,20260929_095000.wav
2026-09-29 09:58:45,281330375,+0.1,0,0,17,0.98,20260929_095000.wav
2026-09-29 09:58:48,281330376,+0.1,0,0,16,0.97,20260929_095000.wav
2026-09-29 09:59:00,281330380,+0.1,0,0,17,0.97,20260929_095000.wav
2026-09-29 09:59:03,281330381,+0.0,0,0,17,0.98,20260929_095000.wav
2026-09-29 09:59:15,281330385,+0.1,0,0,17,0.98,20260929_095000.wav
2026-09-29 09:59:27,281330389,+0.1,0,0,16,0.97,20260929_095000.wav
2026-09-29 09:59:39,281330393,+0.0,0,0,16,0.98,20260929_095000.wav
2026-09-29 09:59:45,281330395,+0.0,0,0,17,0.98,20260929_095000.wav
2026-09-29 09:59:51,281330397,+0.1,0,0,17,0.98,20260929_095000.wav
2026-09-29 09:59:54,281330398,+0.0,0,0,16,0.97,20260929_095000.wav
2026-09-29 09:59:57,281330399,+0.2,0,0,16,0.98,20260929_095000.wav
2026-09-29 09:59:57,281330399,+0.1,0,0,16,0.98,20260929_100000.wav
2026-09-29 10:00:00,281330400,-0.1,0,0,10,0.93,20260929_100000.wav
2026-09-29 10:00:03,281330401,+0.1,0,0,17,0.98,20260929_100000.wav
2026-09-29 10:00:18,281330406,+0.0,0,0,17,0.98,20260929_100000.wav
2026-09-29 10:00:21,281330407,+0.0,0,0,16,0.98,20260929_100000.wav
2026-09-29 10:00:24,281330408,-0.1,0,0,16,0.98,20260929_100000.wav
2026-09-29 10:00:27,281330409,+0.0,0,0,16,0.97,20260929_100000.wav
2026-09-29 10:00:39,281330413,+0.0,0,0,16,0.98,20260929_100000.wav
2026-09-29 10:00:57,281330419,+0.0,0,0,16,0.97,20260929_100000.wav
2026-09-29 10:01:03,281330421,-0.1,0,0,17,0.98,20260929_100000.wav
2026-09-29 10:01:12,281330424,+0.0,0,0,17,0.98,20260929_100000.wav
2026-09-29 10:01:18,281330426,+0.0,0,0,17,0.98,20260929_100000.wav
2026-09-29 10:01:24,281330428,+0.0,0,0,17,0.98,20260929_100000.wav
2026-09-29 10:02:03,281330441,+0.1,0,0,16,0.98,20260929_100000.wav
2026-09-29 10:02:15,281330445,+0.1,0,0,17,0.98,20260929_100000.wav
2026-09-29 10:02:39,281330453,+0.1,0,0,16,0.98,20260929_100000.wav
2026-09-29 10:02:42,281330454,+0.1,0,0,17,0.98,20260929_100000.wav
2026-09-29 10:02:45,281330455,+0.0,0,0,16,0.97,20260929_100000.wav
2026-09-29 10:03:00,281330460,-0.1,0,0,16,0.97,20260929_100000.wav
2026-09-29 10:03:03,281330461,+0.1,0,0,17,0.98,20260929_100000.wav
2026-09-29 10:03:36,281330472,+0.1,0,0,18,0.98,20260929_100000.wav
2026-09-29 10:04:03,281330481,+0.1,0,0,17,0.98,20260929_100000.wav
2026-09-29 10:04:21,281330487,+0.1,0,0,16,0.98,20260929_100000.wav
2026-09-29 10:04:39,281330493,+0.1,0,0,18,0.98,20260929_100000.wav
2026-09-29 10:04:42,281330494,+0.1,0,0,16,0.97,20260929_100000.wav
2026-09-29 10:05:00,281330500,+0.2,0,0,17,0.98,20260929_100000.wav
2026-09-29 10:05:03,281330501,-0.0,0,0,16,0.97,20260929_100000.wav
2026-09-29 10:05:12,281330504,+0.1,0,0,16,0.98,20260929_100000.wav
2026-09-29 10:05:18,281330506,+0.1,0,0,16,0.97,20260929_100000.wav
2026-09-29 10:05:24,281330508,+0.1,0,0,16,0.97,20260929_100000.wav
2026-09-29 10:05:39,281330513,+0.2,0,0,17,0.98,20260929_100000.wav
2026-09-29 10:05:42,281330514,+0.1,0,0,17,0.98,20260929_100000.wav
2026-09-29 10:05:45,281330515,+0.1,0,0,16,0.97,20260929_100000.wav
2026-09-29 10:05:57,281330519,-0.0,0,0,17,0.98,20260929_100000.wav
2026-09-29 10:06:03,281330521,+0.2,0,0,18,0.98,20260929_100000.wav
2026-09-29 10:06:12,281330524,+0.1,0,0,17,0.98,20260929_100000.wav
2026-09-29 10:06:27,281330529,-1.2,0,0,15,0.97,20260929_100000.wav
2026-09-29 10:06:42,281330534,-1.2,0,0,17,0.98,20260929_100000.wav
2026-09-29 10:06:45,281330535,-1.2,0,0,18,0.98,20260929_100000.wav
2026-09-29 10:06:48,281330536,-1.1,0,0,16,0.98,20260929_100000.wav
2026-09-29 10:06:54,281330538,-1.2,0,0,15,0.97,20260929_100000.wav
2026-09-29 10:07:03,281330541,-1.1,0,0,16,0.98,20260929_100000.wav
2026-09-29 10:07:48,281330556,-1.1,0,0,16,0.98,20260929_100000.wav
2026-09-29 10:08:03,281330561,-1.1,0,0,16,0.98,20260929_100000.wav
2026-09-29 10:08:12,281330564,-1.1,0,0,17,0.98,20260929_100000.wav
2026-09-29 10:08:21,281330567,-1.0,0,0,16,0.98,20260929_100000.wav
2026-09-29 10:08:39,281330573,-1.1,0,0,18,0.98,20260929_100000.wav
2026-09-29 10:09:39,281330593,-2.3,0,0,17,0.98,20260929_100000.wav
2026-09-29 10:09:42,281330594,-2.4,0,0,18,0.97,20260929_100000.wav
2026-09-29 10:10:48,281330616,-0.2,0,0,18,0.98,20260929_101000.wav
2026-09-29 10:10:51,281330617,-0.1,0,0,16,0.97,20260929_101000.wav
2026-09-29 10:10:54,281330618,-0.1,0,0,17,0.97,20260929_101000.wav
2026-09-29 10:11:00,281330620,-0.1,0,0,16,0.97,20260929_101000.wav
2026-09-29 10:11:03,281330621,-0.2,0,0,15,0.97,20260929_101000.wav
2026-09-29 10:11:18,281330626,-0.2,0,0,18,0.98,20260929_101000.wav
2026-09-29 10:11:39,281330633,-0.1,0,0,17,0.98,20260929_101000.wav
2026-09-29 10:12:00,281330640,-0.1,0,0,17,0.97,20260929_101000.wav
2026-09-29 10:12:03,281330641,-0.1,0,0,16,0.97,20260929_101000.wav
2026-09-29 10:13:03,281330661,-0.1,0,0,18,0.98,20260929_101000.wav
2026-09-29 10:13:15,281330665,+0.0,0,0,18,0.98,20260929_101000.wav
2026-09-29 10:13:36,281330672,+0.0,0,0,17,0.97,20260929_101000.wav
2026-09-29 10:14:03,281330681,-0.1,0,0,17,0.98,20260929_101000.wav
2026-09-29 10:14:27,281330689,+0.0,0,0,16,0.97,20260929_101000.wav
2026-09-29 10:14:42,281330694,+0.0,0,0,17,0.98,20260929_101000.wav
2026-09-29 10:14:48,281330696,+0.0,0,0,17,0.97,20260929_101000.wav
2026-09-29 10:15:00,281330700,-0.1,0,0,18,0.97,20260929_101000.wav
2026-09-29 10:15:03,281330701,+0.0,0,0,17,0.97,20260929_101000.wav
2026-09-29 10:15:12,281330704,+0.1,0,0,17,0.97,20260929_101000.wav
2026-09-29 10:15:18,281330706,-0.1,0,0,17,0.98,20260929_101000.wav
2026-09-29 10:15:24,281330708,-0.1,0,0,16,0.97,20260929_101000.wav
2026-09-29 10:16:03,281330721,-0.1,0,0,17,0.98,20260929_101000.wav
2026-09-29 10:16:18,281330726,+0.0,0,0,17,0.98,20260929_101000.wav
2026-09-29 10:16:36,281330732,+0.0,0,0,17,0.98,20260929_101000.wav
2026-09-29 10:16:45,281330735,-0.1,0,0,16,0.97,20260929_101000.wav
2026-09-29 10:17:03,281330741,+0.1,0,0,17,0.97,20260929_101000.wav
2026-09-29 10:17:24,281330748,-0.1,0,0,18,0.98,20260929_101000.wav
2026-09-29 10:17:39,281330753,+0.0,0,0,18,0.98,20260929_101000.wav
2026-09-29 10:17:45,281330755,+0.0,0,0,15,0.97,20260929_101000.wav
2026-09-29 10:17:48,281330756,-0.1,0,0,16,0.97,20260929_101000.wav
2026-09-29 10:17:51,281330757,+0.0,0,0,15,0.97,20260929_101000.wav
2026-09-29 10:17:57,281330759,+0.0,0,0,15,0.96,20260929_101000.wav
2026-09-29 10:18:00,281330760,+0.1,0,0,17,0.98,20260929_101000.wav
2026-09-29 10:18:03,281330761,-0.0,0,0,16,0.97,20260929_101000.wav
2026-09-29 10:18:15,281330765,+0.1,0,0,17,0.98,20260929_101000.wav
2026-09-29 10:18:18,281330766,-0.0,0,0,15,0.97,20260929_101000.wav
2026-09-29 10:18:21,281330767,+0.1,0,0,16,0.97,20260929_101000.wav
2026-09-29 10:18:27,281330769,-0.0,0,0,15,0.96,20260929_101000.wav
2026-09-29 10:18:30,281330770,+0.1,0,0,15,0.97,20260929_101000.wav
2026-09-29 10:18:45,281330775,+0.1,0,0,17,0.97,20260929_101000.wav
2026-09-29 10:19:03,281330781,+0.1,0,0,17,0.98,20260929_101000.wav
2026-09-29 10:19:30,281330790,+72.3,0,0,23,0.99,20260929_101000.wav
2026-09-29 10:19:51,281330797,+72.5,0,0,17,0.98,20260929_101000.wav
2026-09-29 10:19:54,281330798,+72.2,0,0,16,0.98,20260929_101000.wav
2026-09-29 10:20:24,281330808,+0.0,0,0,20,0.99,20260929_102015.wav
2026-09-29 10:20:27,281330809,-0.2,0,0,18,0.98,20260929_102015.wav
2026-09-29 10:20:30,281330810,+0.0,0,0,17,0.98,20260929_102015.wav
2026-09-29 10:20:39,281330813,-0.1,0,0,17,0.98,20260929_102015.wav
2026-09-29 10:20:48,281330816,-0.1,0,0,16,0.98,20260929_102015.wav
2026-09-29 10:20:54,281330818,+0.0,0,0,17,0.98,20260929_102015.wav
2026-09-29 10:21:03,281330821,+0.0,0,0,18,0.98,20260929_102015.wav
2026-09-29 10:21:21,281330827,-0.1,0,0,16,0.97,20260929_102015.wav
2026-09-29 10:21:27,281330829,+0.0,0,0,16,0.98,20260929_102015.wav
2026-09-29 10:21:30,281330830,-0.2,0,0,15,0.98,20260929_102015.wav
2026-09-29 10:21:39,281330833,-0.1,0,0,17,0.98,20260929_102015.wav
2026-09-29 10:21:45,281330835,-0.2,0,0,16,0.98,20260929_102015.wav
2026-09-29 10:21:54,281330838,-0.2,0,0,16,0.98,20260929_102015.wav
2026-09-29 10:22:03,281330841,-0.2,0,0,18,0.98,20260929_102015.wav
2026-09-29 10:22:15,281330845,+0.0,0,0,17,0.98,20260929_102015.wav
2026-09-29 10:22:24,281330848,+0.0,0,0,16,0.97,20260929_102015.wav
2026-09-29 10:22:39,281330853,+0.0,0,0,18,0.98,20260929_102015.wav
2026-09-29 10:22:42,281330854,-0.2,0,0,16,0.98,20260929_102015.wav
2026-09-29 10:23:03,281330861,+0.0,0,0,18,0.98,20260929_102015.wav
2026-09-29 10:23:15,281330865,-0.1,0,0,17,0.98,20260929_102015.wav
2026-09-29 10:23:30,281330870,-2460.0,0,0,19,0.98,20260929_102015.wav
2026-09-29 10:23:42,281330874,+0.0,0,0,18,0.98,20260929_102015.wav
2026-09-29 10:24:00,281330880,+0.0,0,0,18,0.98,20260929_102015.wav
2026-09-29 10:24:03,281330881,-0.1,0,0,15,0.97,20260929_102015.wav
2026-09-29 10:24:12,281330884,-0.2,0,0,18,0.98,20260929_102015.wav
2026-09-29 10:24:27,281330889,-0.1,0,0,16,0.97,20260929_102015.wav
2026-09-29 10:24:30,281330890,+0.0,0,0,15,0.97,20260929_102015.wav
2026-09-29 10:24:36,281330892,-0.1,0,0,17,0.98,20260929_102015.wav
2026-09-29 10:24:45,281330895,-0.1,0,0,17,0.98,20260929_102015.wav
2026-09-29 10:24:54,281330898,+0.0,0,0,17,0.98,20260929_102015.wav
2026-09-29 10:25:00,281330900,-0.1,0,0,15,0.97,20260929_102015.wav
2026-09-29 10:25:03,281330901,+0.0,0,0,17,0.98,20260929_102015.wav
2026-09-29 10:25:12,281330904,+0.1,0,0,17,0.97,20260929_102015.wav
2026-09-29 10:25:36,281330912,+0.1,0,0,17,0.98,20260929_102015.wav
2026-09-29 10:25:48,281330916,-0.1,0,0,16,0.97,20260929_102015.wav
2026-09-29 10:26:00,281330920,+0.0,0,0,16,0.98,20260929_102015.wav
2026-09-29 10:26:03,281330921,+0.0,0,0,16,0.97,20260929_102015.wav
2026-09-29 10:26:09,281330923,+0.1,0,0,16,0.97,20260929_102015.wav
2026-09-29 10:26:12,281330924,+0.0,0,0,16,0.98,20260929_102015.wav
2026-09-29 10:26:18,281330926,+0.1,0,0,17,0.98,20260929_102015.wav
2026-09-29 10:26:21,281330927,-0.1,0,0,16,0.98,20260929_102015.wav
2026-09-29 10:26:30,281330930,-0.1,0,0,16,0.98,20260929_102015.wav
2026-09-29 10:26:39,281330933,+0.0,0,0,15,0.97,20260929_102015.wav
2026-09-29 10:26:54,281330938,-0.1,0,0,16,0.97,20260929_102015.wav
2026-09-29 10:26:57,281330939,+0.0,0,0,16,0.97,20260929_102015.wav
2026-09-29 10:27:03,281330941,-0.1,0,0,17,0.98,20260929_102015.wav
2026-09-29 10:27:27,281330949,+0.0,0,0,18,0.98,20260929_102015.wav
2026-09-29 10:27:30,281330950,+0.0,0,0,16,0.97,20260929_102015.wav
2026-09-29 10:27:42,281330954,+0.0,0,0,16,0.98,20260929_102015.wav
2026-09-29 10:27:48,281330956,+0.1,0,0,19,0.98,20260929_102015.wav
2026-09-29 10:28:00,281330960,+0.0,0,0,17,0.98,20260929_102015.wav
2026-09-29 10:28:03,281330961,+0.1,0,0,17,0.98,20260929_102015.wav
2026-09-29 10:28:12,281330964,+0.1,0,0,15,0.97,20260929_102015.wav
2026-09-29 10:28:27,281330969,+0.1,0,0,18,0.98,20260929_102015.wav
2026-09-29 10:28:54,281330978,+0.1,0,0,19,0.98,20260929_102015.wav
2026-09-29 10:29:03,281330981,+0.1,0,0,18,0.98,20260929_102015.wav
2026-09-29 10:29:15,281330985,+0.0,0,0,17,0.98,20260929_102015.wav
2026-09-29 10:29:54,281330998,+0.1,0,0,18,0.98,20260929_102015.wav
2026-09-29 10:30:03,281331001,+0.2,0,0,10,0.95,20260929_103000.wav
2026-09-29 10:30:21,281331007,-0.1,0,0,17,0.98,20260929_103000.wav
2026-09-29 10:30:39,281331013,-0.1,0,0,18,0.98,20260929_103000.wav
2026-09-29 10:30:45,281331015,-0.1,0,0,16,0.98,20260929_103000.wav
2026-09-29 10:30:57,281331019,-0.1,0,0,15,0.97,20260929_103000.wav
2026-09-29 10:31:00,281331020,-0.2,0,0,16,0.98,20260929_103000.wav
2026-09-29 10:31:03,281331021,-0.1,0,0,16,0.97,20260929_103000.wav
2026-09-29 10:31:15,281331025,-0.1,0,0,16,0.97,20260929_103000.wav
2026-09-29 10:31:18,281331026,-0.2,0,0,15,0.97,20260929_103000.wav
2026-09-29 10:31:30,281331030,+0.0,0,0,17,0.98,20260929_103000.wav
2026-09-29 10:31:51,281331037,-0.1,0,0,16,0.98,20260929_103000.wav
2026-09-29 10:31:54,281331038,-0.1,0,0,18,0.98,20260929_103000.wav
2026-09-29 10:32:03,281331041,+0.0,0,0,18,0.98,20260929_103000.wav
2026-09-29 10:32:12,281331044,+0.0,0,0,19,0.98,20260929_103000.wav
2026-09-29 10:32:15,281331045,-0.2,0,0,16,0.98,20260929_103000.wav
2026-09-29 10:32:18,281331046,+0.0,0,0,16,0.97,20260929_103000.wav
2026-09-29 10:32:30,281331050,-0.1,0,0,17,0.98,20260929_103000.wav
2026-09-29 10:32:45,281331055,-0.1,0,0,16,0.98,20260929_103000.wav
2026-09-29 10:32:54,281331058,-0.1,0,0,16,0.97,20260929_103000.wav
2026-09-29 10:32:57,281331059,-0.1,0,0,15,0.97,20260929_103000.wav
2026-09-29 10:33:03,281331061,-0.1,0,0,18,0.98,20260929_103000.wav
2026-09-29 10:33:12,281331064,-0.1,0,0,16,0.97,20260929_103000.wav
2026-09-29 10:33:15,281331065,+0.0,0,0,17,0.98,20260929_103000.wav
2026-09-29 10:33:24,281331068,+0.0,0,0,17,0.98,20260929_103000.wav
2026-09-29 10:33:27,281331069,-0.1,0,0,16,0.97,20260929_103000.wav
2026-09-29 10:33:48,281331076,+0.0,0,0,15,0.97,20260929_103000.wav
2026-09-29 10:33:54,281331078,-0.1,0,0,16,0.98,20260929_103000.wav
2026-09-29 10:34:03,281331081,+0.0,0,0,18,0.98,20260929_103000.wav
2026-09-29 10:34:09,281331083,-0.1,0,0,17,0.98,20260929_103000.wav
2026-09-29 10:34:18,281331086,-0.1,0,0,15,0.97,20260929_103000.wav
2026-09-29 10:34:39,281331093,+0.0,0,0,18,0.98,20260929_103000.wav
2026-09-29 10:34:45,281331095,+0.1,0,0,15,0.97,20260929_103000.wav
2026-09-29 10:34:51,281331097,+0.0,0,0,16,0.97,20260929_103000.wav
2026-09-29 10:35:03,281331101,+0.1,0,0,15,0.97,20260929_103000.wav
2026-09-29 10:35:27,281331109,+0.1,0,0,18,0.98,20260929_103000.wav
2026-09-29 10:35:39,281331113,-0.1,0,0,16,0.97,20260929_103000.wav
2026-09-29 10:35:45,281331115,+0.1,0,0,16,0.97,20260929_103000.wav
2026-09-29 10:35:51,281331117,+0.1,0,0,17,0.97,20260929_103000.wav
2026-09-29 10:36:03,281331121,+0.0,0,0,15,0.97,20260929_103000.wav
2026-09-29 10:36:21,281331127,+0.1,0,0,17,0.98,20260929_103000.wav
2026-09-29 10:36:24,281331128,-0.1,0,0,16,0.98,20260929_103000.wav
2026-09-29 10:36:39,281331133,+0.0,0,0,16,0.97,20260929_103000.wav
2026-09-29 10:36:57,281331139,+0.1,0,0,16,0.97,20260929_103000.wav
2026-09-29 10:37:00,281331140,+0.0,0,0,14,0.96,20260929_103000.wav
2026-09-29 10:37:15,281331145,+0.2,0,0,16,0.97,20260929_103000.wav
2026-09-29 10:37:30,281331150,+0.0,0,0,16,0.98,20260929_103000.wav
2026-09-29 10:37:51,281331157,+0.0,0,0,19,0.98,20260929_103000.wav
2026-09-29 10:38:03,281331161,+0.1,0,0,18,0.98,20260929_103000.wav
2026-09-29 10:38:24,281331168,+0.1,0,0,17,0.97,20260929_103000.wav
2026-09-29 10:38:27,281331169,+0.1,0,0,14,0.97,20260929_103000.wav
2026-09-29 10:38:39,281331173,+0.1,0,0,17,0.98,20260929_103000.wav
2026-09-29 10:38:54,281331178,+0.0,0,0,16,0.97,20260929_103000.wav
2026-09-29 10:39:03,281331181,+0.0,0,0,16,0.98,20260929_103000.wav
2026-09-29 10:39:18,281331186,+0.2,0,0,17,0.98,20260929_103000.wav
2026-09-29 10:39:21,281331187,+0.0,0,0,15,0.97,20260929_103000.wav
2026-09-29 10:40:03,281331201,+0.3,0,0,12,0.96,20260929_104000.wav
2026-09-29 10:40:15,281331205,-0.2,0,0,18,0.98,20260929_104000.wav
2026-09-29 10:40:30,281331210,-0.1,0,0,17,0.98,20260929_104000.wav
2026-09-29 10:40:39,281331213,-0.2,0,0,16,0.98,20260929_104000.wav
2026-09-29 10:40:42,281331214,-0.2,0,0,16,0.98,20260929_104000.wav
2026-09-29 10:40:51,281331217,-0.1,0,0,15,0.97,20260929_104000.wav
2026-09-29 10:40:54,281331218,-0.1,0,0,16,0.98,20260929_104000.wav
2026-09-29 10:41:03,281331221,-0.2,0,0,15,0.97,20260929_104000.wav
2026-09-29 10:41:12,281331224,-0.2,0,0,16,0.98,20260929_104000.wav
2026-09-29 10:41:18,281331226,-0.1,0,0,17,0.98,20260929_104000.wav
2026-09-29 10:41:24,281331228,-0.1,0,0,16,0.98,20260929_104000.wav
2026-09-29 10:41:39,281331233,-0.1,0,0,19,0.99,20260929_104000.wav
2026-09-29 10:41:42,281331234,-0.2,0,0,16,0.98,20260929_104000.wav
2026-09-29 10:41:45,281331235,-0.2,0,0,18,0.98,20260929_104000.wav
2026-09-29 10:42:03,281331241,-0.1,0,0,17,0.98,20260929_104000.wav
2026-09-29 10:42:27,281331249,+0.0,0,0,16,0.98,20260929_104000.wav
2026-09-29 10:42:36,281331252,+0.0,0,0,16,0.98,20260929_104000.wav
2026-09-29 10:42:45,281331255,-0.1,0,0,16,0.98,20260929_104000.wav
2026-09-29 10:42:54,281331258,-0.2,0,0,17,0.98,20260929_104000.wav
2026-09-29 10:43:03,281331261,-0.2,0,0,18,0.98,20260929_104000.wav
2026-09-29 10:43:39,281331273,+0.0,0,0,16,0.98,20260929_104000.wav
2026-09-29 10:43:48,281331276,-0.2,0,0,17,0.98,20260929_104000.wav
2026-09-29 10:44:03,281331281,-0.1,0,0,16,0.98,20260929_104000.wav
2026-09-29 10:44:09,281331283,+0.0,0,0,18,0.98,20260929_104000.wav
2026-09-29 10:44:12,281331284,-0.2,0,0,17,0.98,20260929_104000.wav
2026-09-29 10:44:24,281331288,+0.0,0,0,16,0.98,20260929_104000.wav
2026-09-29 10:44:39,281331293,+0.0,0,0,16,0.98,20260929_104000.wav
2026-09-29 10:45:03,281331301,+0.0,0,0,18,0.99,20260929_104000.wav
2026-09-29 10:45:27,281331309,-0.1,0,0,18,0.99,20260929_104000.wav
2026-09-29 10:45:42,281331314,+0.0,0,0,16,0.98,20260929_104000.wav
2026-09-29 10:45:48,281331316,+0.1,0,0,16,0.98,20260929_104000.wav
2026-09-29 10:46:00,281331320,-0.1,0,0,16,0.98,20260929_104000.wav
2026-09-29 10:46:03,281331321,+0.0,0,0,16,0.98,20260929_104000.wav
2026-09-29 10:46:12,281331324,+0.0,0,0,16,0.98,20260929_104000.wav
2026-09-29 10:46:36,281331332,+0.1,0,0,18,0.99,20260929_104000.wav
2026-09-29 10:46:51,281331337,+0.0,0,0,18,0.98,20260929_104000.wav
2026-09-29 10:46:54,281331338,-0.1,0,0,16,0.98,20260929_104000.wav
2026-09-29 10:47:00,281331340,+0.0,0,0,16,0.98,20260929_104000.wav
2026-09-29 10:47:03,281331341,-0.1,0,0,16,0.98,20260929_104000.wav
2026-09-29 10:47:12,281331344,+0.0,0,0,17,0.98,20260929_104000.wav
2026-09-29 10:47:24,281331348,+0.0,0,0,17,0.98,20260929_104000.wav
2026-09-29 10:47:27,281331349,+0.0,0,0,16,0.98,20260929_104000.wav
2026-09-29 10:47:30,281331350,+0.1,0,0,17,0.98,20260929_104000.wav
2026-09-29 10:47:39,281331353,+0.0,0,0,16,0.98,20260929_104000.wav
2026-09-29 10:47:42,281331354,+0.0,0,0,16,0.98,20260929_104000.wav
2026-09-29 10:47:54,281331358,+0.0,0,0,16,0.98,20260929_104000.wav
2026-09-29 10:48:03,281331361,+0.0,0,0,15,0.97,20260929_104000.wav
2026-09-29 10:48:15,281331365,+0.1,0,0,16,0.98,20260929_104000.wav
2026-09-29 10:48:24,281331368,+0.0,0,0,18,0.99,20260929_104000.wav
2026-09-29 10:48:42,281331374,+0.0,0,0,17,0.98,20260929_104000.wav
2026-09-29 10:48:45,281331375,+0.0,0,0,17,0.98,20260929_104000.wav
2026-09-29 10:48:54,281331378,+0.1,0,0,15,0.97,20260929_104000.wav
2026-09-29 10:49:03,281331381,+0.1,0,0,17,0.98,20260929_104000.wav
2026-09-29 10:49:15,281331385,+0.0,0,0,16,0.98,20260929_104000.wav
2026-09-29 10:49:36,281331392,+0.1,0,0,17,0.98,20260929_104000.wav
2026-09-29 10:49:39,281331393,+0.0,0,0,16,0.98,20260929_104000.wav
2026-09-29 10:49:42,281331394,+0.1,0,0,15,0.97,20260929_104000.wav
2026-09-29 10:49:45,281331395,+0.0,0,0,16,0.98,20260929_104000.wav
2026-09-29 10:49:48,281331396,+0.1,0,0,16,0.98,20260929_104000.wav
2026-09-29 10:49:51,281331397,+0.0,0,0,15,0.97,20260929_104000.wav
2026-09-29 10:50:03,281331401,+0.2,0,0,22,0.99,20260929_105000.wav
2026-09-29 10:50:09,281331403,-0.1,0,0,20,0.98,20260929_105000.wav
2026-09-29 10:50:12,281331404,-0.1,0,0,16,0.97,20260929_105000.wav
2026-09-29 10:50:21,281331407,-0.1,0,0,16,0.97,20260929_105000.wav
2026-09-29 10:50:24,281331408,-0.2,0,0,16,0.97,20260929_105000.wav
2026-09-29 10:51:03,281331421,-0.2,0,0,18,0.98,20260929_105000.wav
2026-09-29 10:51:24,281331428,-0.1,0,0,17,0.97,20260929_105000.wav
2026-09-29 10:51:36,281331432,-0.1,0,0,18,0.98,20260929_105000.wav
2026-09-29 10:51:48,281331436,-0.1,0,0,16,0.97,20260929_105000.wav
2026-09-29 10:51:51,281331437,-0.2,0,0,16,0.97,20260929_105000.wav
2026-09-29 10:51:54,281331438,+0.0,0,0,16,0.97,20260929_105000.wav
2026-09-29 10:52:03,281331441,+0.0,0,0,16,0.97,20260929_105000.wav
2026-09-29 10:52:27,281331449,-0.1,0,0,18,0.98,20260929_105000.wav
2026-09-29 10:52:36,281331452,-0.2,0,0,16,0.97,20260929_105000.wav
2026-09-29 10:52:51,281331457,-0.1,0,0,18,0.98,20260929_105000.wav
2026-09-29 10:53:00,281331460,-0.1,0,0,16,0.97,20260929_105000.wav
2026-09-29 10:53:03,281331461,-0.1,0,0,16,0.97,20260929_105000.wav
2026-09-29 10:53:30,281331470,+0.0,0,0,18,0.98,20260929_105000.wav
2026-09-29 10:53:39,281331473,-0.1,0,0,16,0.97,20260929_105000.wav
2026-09-29 10:53:57,281331479,-0.1,0,0,18,0.98,20260929_105000.wav
2026-09-29 10:54:03,281331481,-0.1,0,0,16,0.97,20260929_105000.wav
2026-09-29 10:54:12,281331484,-0.1,0,0,17,0.97,20260929_105000.wav
2026-09-29 10:54:27,281331489,-0.1,0,0,17,0.97,20260929_105000.wav
2026-09-29 10:54:45,281331495,+0.0,0,0,16,0.97,20260929_105000.wav
2026-09-29 10:55:03,281331501,+0.1,0,0,16,0.98,20260929_105000.wav
2026-09-29 10:55:09,281331503,+0.0,0,0,16,0.97,20260929_105000.wav
2026-09-29 10:55:30,281331510,-0.1,0,0,17,0.97,20260929_105000.wav
2026-09-29 10:56:03,281331521,+0.0,0,0,17,0.98,20260929_105000.wav
2026-09-29 10:56:15,281331525,+0.1,0,0,17,0.98,20260929_105000.wav
2026-09-29 10:56:27,281331529,+0.0,0,0,17,0.98,20260929_105000.wav
2026-09-29 10:56:45,281331535,+0.1,0,0,16,0.97,20260929_105000.wav
2026-09-29 10:56:48,281331536,+0.0,0,0,18,0.98,20260929_105000.wav
2026-09-29 10:56:51,281331537,+0.0,0,0,16,0.97,20260929_105000.wav
2026-09-29 10:56:54,281331538,+0.1,0,0,17,0.97,20260929_105000.wav
2026-09-29 10:57:03,281331541,+0.1,0,0,16,0.98,20260929_105000.wav
2026-09-29 10:57:15,281331545,+0.0,0,0,16,0.97,20260929_105000.wav
2026-09-29 10:57:18,281331546,+0.1,0,0,16,0.97,20260929_105000.wav
2026-09-29 10:57:21,281331547,+0.0,0,0,17,0.98,20260929_105000.wav
2026-09-29 10:57:39,281331553,+0.0,0,0,16,0.97,20260929_105000.wav
2026-09-29 10:57:45,281331555,+0.0,0,0,17,0.97,20260929_105000.wav
2026-09-29 10:58:03,281331561,+0.0,0,0,17,0.98,20260929_105000.wav
2026-09-29 10:58:15,281331565,+0.1,0,0,17,0.98,20260929_105000.wav
2026-09-29 10:58:18,281331566,-0.1,0,0,16,0.97,20260929_105000.wav
2026-09-29 10:58:30,281331570,+0.2,0,0,17,0.98,20260929_105000.wav
2026-09-29 10:59:03,281331581,+0.1,0,0,16,0.98,20260929_105000.wav
2026-09-29 10:59:09,281331583,+0.2,0,0,17,0.98,20260929_105000.wav
2026-09-29 10:59:12,281331584,+0.1,0,0,16,0.97,20260929_105000.wav
2026-09-29 10:59:21,281331587,+0.1,0,0,17,0.98,20260929_105000.wav
2026-09-29 10:59:24,281331588,+0.1,0,0,17,0.98,20260929_105000.wav
2026-09-29 11:00:03,281331601,-0.3,0,0,18,0.98,20260929_110000.wav
2026-09-29 11:00:36,281331612,+0.4,0,0,8,0.75,20260929_110000.wav
2026-09-29 11:00:39,281331613,-1.0,2,0,7,0.72,20260929_110000.wav
2026-09-29 11:00:42,281331614,-0.2,3,2,2,0.51,20260929_110000.wav
2026-09-29 11:00:48,281331616,-0.5,3,0,2,0.44,20260929_110000.wav
2026-09-29 11:00:51,281331617,+0.2,3,3,0,0.48,20260929_110000.wav
2026-09-29 11:01:03,281331621,-0.1,1,0,7,0.79,20260929_110000.wav
2026-09-29 11:01:12,281331624,-0.1,3,1,1,0.60,20260929_110000.wav
2026-09-29 11:01:21,281331627,-0.4,3,0,3,0.67,20260929_110000.wav
2026-09-29 11:01:48,281331636,-0.2,0,0,17,0.98,20260929_110000.wav
2026-09-29 11:01:51,281331637,-0.1,0,0,16,0.97,20260929_110000.wav
2026-09-29 11:02:00,281331640,-0.1,0,0,17,0.98,20260929_110000.wav
2026-09-29 11:02:03,281331641,-0.2,0,0,15,0.97,20260929_110000.wav
2026-09-29 11:02:15,281331645,+0.0,0,0,16,0.97,20260929_110000.wav
2026-09-29 11:02:39,281331653,-0.1,0,0,17,0.98,20260929_110000.wav
2026-09-29 11:02:42,281331654,-0.1,0,0,17,0.98,20260929_110000.wav
2026-09-29 11:02:45,281331655,-0.2,0,0,17,0.98,20260929_110000.wav
2026-09-29 11:02:57,281331659,+0.0,0,0,16,0.97,20260929_110000.wav
2026-09-29 11:03:03,281331661,-0.1,0,0,17,0.98,20260929_110000.wav
2026-09-29 11:03:12,281331664,+0.0,0,0,17,0.98,20260929_110000.wav
2026-09-29 11:03:24,281331668,-0.1,0,0,17,0.98,20260929_110000.wav
2026-09-29 11:03:36,281331672,+0.0,0,0,15,0.97,20260929_110000.wav
2026-09-29 11:03:45,281331675,+0.0,0,0,16,0.98,20260929_110000.wav
2026-09-29 11:04:03,281331681,-0.1,0,0,16,0.97,20260929_110000.wav
2026-09-29 11:04:18,281331686,+0.0,0,0,16,0.98,20260929_110000.wav
2026-09-29 11:04:36,281331692,-0.1,0,0,18,0.98,20260929_110000.wav
2026-09-29 11:04:48,281331696,-0.1,0,0,16,0.97,20260929_110000.wav
2026-09-29 11:04:51,281331697,-0.1,0,0,17,0.98,20260929_110000.wav
2026-09-29 11:05:00,281331700,-0.1,0,0,16,0.98,20260929_110000.wav
2026-09-29 11:05:03,281331701,-0.1,0,0,16,0.97,20260929_110000.wav
2026-09-29 11:05:24,281331708,+0.0,0,0,18,0.98,20260929_110000.wav
2026-09-29 11:05:27,281331709,-0.1,0,0,16,0.97,20260929_110000.wav
2026-09-29 11:06:03,281331721,+0.1,0,0,18,0.98,20260929_110000.wav
2026-09-29 11:06:18,281331726,+0.1,0,0,18,0.98,20260929_110000.wav
2026-09-29 11:06:27,281331729,+0.1,0,0,18,0.98,20260929_110000.wav
2026-09-29 11:06:57,281331739,+0.0,0,0,17,0.98,20260929_110000.wav
2026-09-29 11:07:03,281331741,-0.1,0,0,17,0.98,20260929_110000.wav
2026-09-29 11:07:15,281331745,+0.0,0,0,17,0.98,20260929_110000.wav
2026-09-29 11:07:24,281331748,+0.1,0,0,18,0.98,20260929_110000.wav
2026-09-29 11:07:30,281331750,+0.0,0,0,17,0.97,20260929_110000.wav
2026-09-29 11:07:42,281331754,+0.0,0,0,19,0.98,20260929_110000.wav
2026-09-29 11:07:54,281331758,+0.0,0,0,16,0.98,20260929_110000.wav
2026-09-29 11:08:03,281331761,+0.0,0,0,17,0.98,20260929_110000.wav
2026-09-29 11:08:18,281331766,-0.1,0,0,17,0.98,20260929_110000.wav
2026-09-29 11:08:39,281331773,+0.0,0,0,18,0.98,20260929_110000.wav
2026-09-29 11:08:54,281331778,+0.1,0,0,17,0.98,20260929_110000.wav
2026-09-29 11:09:03,281331781,+0.1,0,0,18,0.98,20260929_110000.wav
2026-09-29 11:09:18,281331786,+0.1,0,0,16,0.98,20260929_110000.wav
2026-09-29 11:09:24,281331788,+0.1,0,0,18,0.98,20260929_110000.wav
2026-09-29 11:09:27,281331789,+0.0,0,0,17,0.98,20260929_110000.wav
2026-09-29 11:09:30,281331790,-0.1,0,0,16,0.98,20260929_110000.wav
2026-09-29 11:09:45,281331795,+0.0,0,0,16,0.97,20260929_110000.wav
2026-09-29 11:09:54,281331798,+0.0,0,0,16,0.98,20260929_110000.wav
2026-09-29 11:10:00,281331800,-0.1,0,0,18,0.98,20260929_111000.wav
2026-09-29 11:10:03,281331801,-0.2,0,0,16,0.98,20260929_111000.wav
2026-09-29 11:10:30,281331810,-0.1,0,0,16,0.97,20260929_111000.wav
2026-09-29 11:10:42,281331814,-0.2,0,0,16,0.98,20260929_111000.wav
2026-09-29 11:10:51,281331817,-0.2,0,0,17,0.98,20260929_111000.wav
2026-09-29 11:11:03,281331821,-2460.2,0,0,16,0.97,20260929_111000.wav
2026-09-29 11:11:15,281331825,-0.2,0,0,16,0.98,20260929_111000.wav
2026-09-29 11:12:03,281331841,-0.1,0,0,19,0.99,20260929_111000.wav
2026-09-29 11:12:15,281331845,-0.2,0,0,16,0.98,20260929_111000.wav
2026-09-29 11:12:27,281331849,-0.1,0,0,18,0.98,20260929_111000.wav
2026-09-29 11:12:45,281331855,-0.1,0,0,16,0.98,20260929_111000.wav
2026-09-29 11:13:03,281331861,-0.2,0,0,16,0.98,20260929_111000.wav
2026-09-29 11:13:24,281331868,+0.0,0,0,17,0.98,20260929_111000.wav
2026-09-29 11:13:42,281331874,+0.0,0,0,17,0.98,20260929_111000.wav
2026-09-29 11:13:51,281331877,-0.1,0,0,17,0.98,20260929_111000.wav
2026-09-29 11:13:54,281331878,-0.1,0,0,17,0.98,20260929_111000.wav
2026-09-29 11:14:03,281331881,+0.0,0,0,16,0.98,20260929_111000.wav
2026-09-29 11:14:15,281331885,+0.0,0,0,18,0.98,20260929_111000.wav
2026-09-29 11:14:24,281331888,-0.1,0,0,16,0.97,20260929_111000.wav
2026-09-29 11:14:48,281331896,+0.0,0,0,18,0.98,20260929_111000.wav
2026-09-29 11:14:51,281331897,-0.1,0,0,16,0.97,20260929_111000.wav
2026-09-29 11:15:00,281331900,-0.1,0,0,16,0.98,20260929_111000.wav
2026-09-29 11:15:03,281331901,+0.0,0,0,16,0.98,20260929_111000.wav
2026-09-29 11:15:21,281331907,+0.0,0,0,17,0.98,20260929_111000.wav
2026-09-29 11:15:27,281331909,+0.0,0,0,16,0.98,20260929_111000.wav
2026-09-29 11:15:30,281331910,-0.1,0,0,16,0.98,20260929_111000.wav
2026-09-29 11:15:39,281331913,-0.1,0,0,16,0.98,20260929_111000.wav
2026-09-29 11:15:45,281331915,+0.0,0,0,17,0.98,20260929_111000.wav
2026-09-29 11:16:03,281331921,+0.0,0,0,17,0.98,20260929_111000.wav
2026-09-29 11:16:12,281331924,-0.1,0,0,16,0.98,20260929_111000.wav
2026-09-29 11:16:18,281331926,+0.0,0,0,18,0.98,20260929_111000.wav
2026-09-29 11:16:21,281331927,-0.1,0,0,16,0.98,20260929_111000.wav
2026-09-29 11:16:42,281331934,+0.0,0,0,18,0.99,20260929_111000.wav
2026-09-29 11:16:51,281331937,+0.1,0,0,16,0.97,20260929_111000.wav
2026-09-29 11:16:54,281331938,-0.1,0,0,16,0.97,20260929_111000.wav
2026-09-29 11:17:03,281331941,-0.1,0,0,17,0.98,20260929_111000.wav
2026-09-29 11:17:39,281331953,+0.1,0,0,16,0.98,20260929_111000.wav
2026-09-29 11:17:48,281331956,+0.1,0,0,17,0.98,20260929_111000.wav
2026-09-29 11:18:03,281331961,+0.1,0,0,16,0.97,20260929_111000.wav
2026-09-29 11:18:12,281331964,+0.1,0,0,18,0.99,20260929_111000.wav
2026-09-29 11:18:18,281331966,+0.0,0,0,18,0.98,20260929_111000.wav
2026-09-29 11:18:30,281331970,+0.1,0,0,18,0.98,20260929_111000.wav
2026-09-29 11:18:48,281331976,+0.0,0,0,16,0.98,20260929_111000.wav
2026-09-29 11:19:03,281331981,+0.0,0,0,17,0.98,20260929_111000.wav
2026-09-29 11:19:15,281331985,+0.1,0,0,16,0.98,20260929_111000.wav
2026-09-29 11:19:36,281331992,+0.0,0,0,16,0.98,20260929_111000.wav
2026-09-29 11:19:51,281331997,+0.2,0,0,16,0.98,20260929_111000.wav
2026-09-29 11:20:03,281332001,-0.2,0,0,16,0.98,20260929_112000.wav
2026-09-29 11:20:12,281332004,-0.2,0,0,16,0.98,20260929_112000.wav
2026-09-29 11:20:15,281332005,-0.2,0,0,17,0.98,20260929_112000.wav
2026-09-29 11:20:42,281332014,-0.1,0,0,17,0.98,20260929_112000.wav
2026-09-29 11:21:03,281332021,-0.1,0,0,18,0.98,20260929_112000.wav
2026-09-29 11:21:12,281332024,-0.1,0,0,17,0.98,20260929_112000.wav
2026-09-29 11:21:15,281332025,-0.1,0,0,18,0.99,20260929_112000.wav
2026-09-29 11:21:45,281332035,-0.1,0,0,18,0.98,20260929_112000.wav
2026-09-29 11:22:03,281332041,+0.0,0,0,17,0.98,20260929_112000.wav
2026-09-29 11:22:39,281332053,-0.1,0,0,16,0.98,20260929_112000.wav
2026-09-29 11:22:51,281332057,-0.1,0,0,16,0.98,20260929_112000.wav
2026-09-29 11:23:03,281332061,-0.1,0,0,17,0.98,20260929_112000.wav
2026-09-29 11:23:15,281332065,+0.0,0,0,15,0.97,20260929_112000.wav
2026-09-29 11:23:30,281332070,-0.2,0,0,18,0.98,20260929_112000.wav
2026-09-29 11:23:39,281332073,-0.1,0,0,18,0.99,20260929_112000.wav
2026-09-29 11:23:45,281332075,-0.1,0,0,15,0.97,20260929_112000.wav
2026-09-29 11:24:03,281332081,-0.2,0,0,16,0.98,20260929_112000.wav
2026-09-29 11:24:15,281332085,+0.0,0,0,17,0.98,20260929_112000.wav
2026-09-29 11:24:18,281332086,+0.0,0,0,16,0.98,20260929_112000.wav
2026-09-29 11:24:21,281332087,-0.1,0,0,17,0.98,20260929_112000.wav
2026-09-29 11:24:27,281332089,-0.1,0,0,16,0.98,20260929_112000.wav
2026-09-29 11:24:39,281332093,+0.0,0,0,17,0.98,20260929_112000.wav
2026-09-29 11:25:03,281332101,-0.1,0,0,16,0.98,20260929_112000.wav
2026-09-29 11:25:30,281332110,+0.0,0,0,18,0.99,20260929_112000.wav
2026-09-29 11:25:39,281332113,+0.0,0,0,16,0.98,20260929_112000.wav
2026-09-29 11:25:42,281332114,-0.1,0,0,16,0.98,20260929_112000.wav
2026-09-29 11:25:54,281332118,+0.0,0,0,17,0.98,20260929_112000.wav
2026-09-29 11:26:03,281332121,+0.0,0,0,17,0.98,20260929_112000.wav
2026-09-29 11:26:09,281332123,+0.1,0,0,16,0.98,20260929_112000.wav
2026-09-29 11:26:39,281332133,-2400.0,0,0,17,0.98,20260929_112000.wav
2026-09-29 11:27:03,281332141,+0.1,0,0,17,0.98,20260929_112000.wav
2026-09-29 11:27:30,281332150,+0.0,0,0,17,0.98,20260929_112000.wav
2026-09-29 11:27:36,281332152,+0.1,0,0,16,0.98,20260929_112000.wav
2026-09-29 11:27:39,281332153,+0.0,0,0,16,0.98,20260929_112000.wav
2026-09-29 11:27:48,281332156,+0.0,0,0,17,0.98,20260929_112000.wav
2026-09-29 11:27:51,281332157,+0.1,0,0,16,0.98,20260929_112000.wav
2026-09-29 11:28:00,281332160,+0.1,0,0,16,0.98,20260929_112000.wav
2026-09-29 11:28:03,281332161,-0.0,0,0,16,0.97,20260929_112000.wav
2026-09-29 11:28:27,281332169,-0.0,0,0,18,0.99,20260929_112000.wav
2026-09-29 11:29:03,281332181,+0.1,0,0,16,0.98,20260929_112000.wav
2026-09-29 11:29:30,281332190,+0.1,0,0,16,0.98,20260929_112000.wav
2026-09-29 11:29:39,281332193,+0.2,0,0,16,0.98,20260929_112000.wav
2026-09-29 11:29:57,281332199,+0.1,0,0,17,0.98,20260929_112000.wav
2026-09-29 11:29:57,281332199,-0.1,0,0,17,0.98,20260929_113000.wav
2026-09-29 11:30:03,281332201,-0.0,0,0,17,0.98,20260929_113000.wav
2026-09-29 11:30:18,281332206,-0.0,0,0,17,0.98,20260929_113000.wav
2026-09-29 11:30:21,281332207,-0.2,0,0,18,0.98,20260929_113000.wav
2026-09-29 11:30:24,281332208,-0.1,0,0,17,0.98,20260929_113000.wav
2026-09-29 11:30:27,281332209,-0.1,0,0,17,0.98,20260929_113000.wav
2026-09-29 11:30:39,281332213,-0.1,0,0,17,0.98,20260929_113000.wav
2026-09-29 11:31:03,281332221,-0.0,0,0,16,0.97,20260929_113000.wav
2026-09-29 11:31:12,281332224,-0.0,0,0,17,0.98,20260929_113000.wav
2026-09-29 11:31:21,281332227,-0.0,0,0,17,0.98,20260929_113000.wav
2026-09-29 11:31:24,281332228,-0.2,0,0,16,0.97,20260929_113000.wav
2026-09-29 11:31:30,281332230,-0.1,0,0,16,0.97,20260929_113000.wav
2026-09-29 11:31:39,281332233,-0.2,0,0,16,0.97,20260929_113000.wav
2026-09-29 11:31:42,281332234,-0.1,0,0,16,0.98,20260929_113000.wav
2026-09-29 11:31:54,281332238,-0.1,0,0,17,0.98,20260929_113000.wav
2026-09-29 11:32:03,281332241,-0.2,0,0,15,0.98,20260929_113000.wav
2026-09-29 11:32:18,281332246,-0.1,0,0,16,0.98,20260929_113000.wav
2026-09-29 11:32:27,281332249,-0.1,0,0,17,0.98,20260929_113000.wav
2026-09-29 11:33:03,281332261,+0.1,0,0,17,0.98,20260929_113000.wav
2026-09-29 11:33:36,281332272,-0.0,0,0,16,0.98,20260929_113000.wav
2026-09-29 11:33:39,281332273,-0.0,0,0,16,0.97,20260929_113000.wav
2026-09-29 11:33:42,281332274,-0.0,0,0,15,0.97,20260929_113000.wav
2026-09-29 11:34:03,281332281,+0.0,0,0,17,0.98,20260929_113000.wav
2026-09-29 11:34:36,281332292,+0.1,0,0,17,0.98,20260929_113000.wav
2026-09-29 11:34:48,281332296,-0.1,0,0,16,0.98,20260929_113000.wav
2026-09-29 11:34:54,281332298,+0.1,0,0,16,0.98,20260929_113000.wav
2026-09-29 11:35:03,281332301,+0.0,0,0,17,0.98,20260929_113000.wav
2026-09-29 11:35:15,281332305,+0.0,0,0,18,0.98,20260929_113000.wav
2026-09-29 11:35:27,281332309,-0.1,0,0,17,0.98,20260929_113000.wav
2026-09-29 11:35:39,281332313,+0.1,0,0,18,0.98,20260929_113000.wav
2026-09-29 11:35:45,281332315,+0.0,0,0,16,0.98,20260929_113000.wav
2026-09-29 11:35:48,281332316,+0.1,0,0,16,0.98,20260929_113000.wav
2026-09-29 11:36:03,281332321,+0.1,0,0,16,0.98,20260929_113000.wav
2026-09-29 11:36:15,281332325,+0.0,0,0,17,0.98,20260929_113000.wav
2026-09-29 11:36:30,281332330,+0.1,0,0,17,0.98,20260929_113000.wav
2026-09-29 11:36:45,281332335,+0.1,0,0,18,0.98,20260929_113000.wav
2026-09-29 11:37:03,281332341,+0.0,0,0,17,0.98,20260929_113000.wav
2026-09-29 11:37:09,281332343,+0.1,0,0,17,0.98,20260929_113000.wav
2026-09-29 11:37:18,281332346,+0.0,0,0,17,0.98,20260929_113000.wav
2026-09-29 11:37:24,281332348,+0.1,0,0,17,0.98,20260929_113000.wav
2026-09-29 11:37:42,281332354,+0.1,0,0,16,0.97,20260929_113000.wav
2026-09-29 11:37:51,281332357,+0.0,0,0,16,0.98,20260929_113000.wav
2026-09-29 11:37:54,281332358,+0.1,0,0,17,0.98,20260929_113000.wav
2026-09-29 11:38:03,281332361,+0.2,0,0,17,0.98,20260929_113000.wav
2026-09-29 11:38:12,281332364,+0.1,0,0,17,0.98,20260929_113000.wav
2026-09-29 11:38:15,281332365,+0.0,0,0,16,0.98,20260929_113000.wav
2026-09-29 11:38:27,281332369,+0.2,0,0,15,0.97,20260929_113000.wav
2026-09-29 11:39:03,281332381,+0.1,0,0,17,0.98,20260929_113000.wav
2026-09-29 11:39:12,281332384,+0.1,0,0,18,0.98,20260929_113000.wav
2026-09-29 11:39:15,281332385,+0.2,0,0,17,0.98,20260929_113000.wav
2026-09-29 11:39:27,281332389,+0.0,0,0,16,0.98,20260929_113000.wav
2026-09-29 11:39:36,281332392,+0.1,0,0,16,0.98,20260929_113000.wav
2026-09-29 11:39:42,281332394,+0.0,0,0,17,0.98,20260929_113000.wav
2026-09-29 11:39:57,281332399,+0.1,0,0,17,0.98,20260929_113000.wav
2026-09-29 11:39:57,281332399,-0.1,0,0,17,0.98,20260929_114000.wav
2026-09-29 11:40:03,281332401,+0.0,0,0,16,0.98,20260929_114000.wav
2026-09-29 11:40:15,281332405,-0.1,0,0,16,0.98,20260929_114000.wav
2026-09-29 11:40:21,281332407,-0.1,0,0,15,0.97,20260929_114000.wav
2026-09-29 11:40:42,281332414,-0.0,0,0,17,0.98,20260929_114000.wav
2026-09-29 11:40:45,281332415,-0.1,0,0,16,0.98,20260929_114000.wav
2026-09-29 11:40:48,281332416,-0.1,0,0,16,0.98,20260929_114000.wav
2026-09-29 11:41:03,281332421,-0.1,0,0,18,0.98,20260929_114000.wav
2026-09-29 11:41:39,281332433,+0.1,0,0,16,0.98,20260929_114000.wav
2026-09-29 11:41:42,281332434,-0.1,0,0,17,0.98,20260929_114000.wav
2026-09-29 11:42:00,281332440,-0.1,0,0,17,0.98,20260929_114000.wav
2026-09-29 11:42:03,281332441,+0.1,0,0,17,0.98,20260929_114000.wav
2026-09-29 11:42:18,281332446,-0.0,0,0,16,0.98,20260929_114000.wav
2026-09-29 11:42:30,281332450,-0.1,0,0,17,0.98,20260929_114000.wav
2026-09-29 11:42:45,281332455,-0.0,0,0,16,0.98,20260929_114000.wav
2026-09-29 11:42:54,281332458,-0.0,0,0,17,0.98,20260929_114000.wav
2026-09-29 11:43:00,281332460,-2420.0,0,0,16,0.98,20260929_114000.wav
2026-09-29 11:43:03,281332461,-0.1,0,0,17,0.98,20260929_114000.wav
2026-09-29 11:43:09,281332463,+0.1,0,0,15,0.97,20260929_114000.wav
2026-09-29 11:43:21,281332467,-0.0,0,0,17,0.98,20260929_114000.wav
2026-09-29 11:43:51,281332477,+0.0,0,0,17,0.98,20260929_114000.wav
2026-09-29 11:44:03,281332481,+0.1,0,0,17,0.98,20260929_114000.wav
2026-09-29 11:44:09,281332483,+0.0,0,0,17,0.98,20260929_114000.wav
2026-09-29 11:44:18,281332486,+0.0,0,0,17,0.98,20260929_114000.wav
2026-09-29 11:44:21,281332487,+0.1,0,0,17,0.98,20260929_114000.wav
2026-09-29 11:44:30,281332490,+0.0,0,0,15,0.97,20260929_114000.wav
2026-09-29 11:44:39,281332493,+0.0,0,0,16,0.98,20260929_114000.wav
2026-09-29 11:45:00,281332500,+0.1,0,0,18,0.98,20260929_114000.wav
2026-09-29 11:45:03,281332501,+0.0,0,0,18,0.98,20260929_114000.wav
2026-09-29 11:45:30,281332510,+0.0,0,0,18,0.98,20260929_114000.wav
2026-09-29 11:45:42,281332514,+0.2,0,0,16,0.97,20260929_114000.wav
2026-09-29 11:45:51,281332517,+0.1,0,0,16,0.98,20260929_114000.wav
2026-09-29 11:46:03,281332521,+0.1,0,0,18,0.98,20260929_114000.wav
2026-09-29 11:46:09,281332523,+0.0,0,0,18,0.98,20260929_114000.wav
2026-09-29 11:46:27,281332529,+0.1,0,0,16,0.98,20260929_114000.wav
2026-09-29 11:46:36,281332532,+0.1,0,0,18,0.98,20260929_114000.wav
2026-09-29 11:46:51,281332537,+0.1,0,0,16,0.98,20260929_114000.wav
2026-09-29 11:46:54,281332538,+0.2,0,0,16,0.97,20260929_114000.wav
2026-09-29 11:47:00,281332540,+0.0,0,0,16,0.98,20260929_114000.wav
2026-09-29 11:47:03,281332541,+0.2,0,0,15,0.97,20260929_114000.wav
2026-09-29 11:47:12,281332544,+0.1,0,0,16,0.98,20260929_114000.wav
2026-09-29 11:47:15,281332545,+0.0,0,0,18,0.98,20260929_114000.wav
2026-09-29 11:47:18,281332546,+0.1,0,0,17,0.98,20260929_114000.wav
2026-09-29 11:47:30,281332550,+0.0,0,0,16,0.98,20260929_114000.wav
2026-09-29 11:47:39,281332553,-4.9,0,0,26,0.99,20260929_114000.wav
2026-09-29 11:47:45,281332555,-5.1,0,0,18,0.98,20260929_114000.wav
2026-09-29 11:48:03,281332561,-5.1,0,0,18,0.98,20260929_114000.wav
2026-09-29 11:48:12,281332564,-5.0,0,0,18,0.98,20260929_114000.wav
2026-09-29 11:48:15,281332565,-5.2,0,0,18,0.98,20260929_114000.wav
2026-09-29 11:48:30,281332570,-5.2,0,0,17,0.98,20260929_114000.wav
2026-09-29 11:48:42,281332574,-5.1,0,0,16,0.97,20260929_114000.wav
2026-09-29 11:48:45,281332575,-5.0,0,0,17,0.98,20260929_114000.wav
2026-09-29 11:49:00,281332580,-5.1,0,0,17,0.98,20260929_114000.wav
2026-09-29 11:49:03,281332581,-5.1,0,0,17,0.98,20260929_114000.wav
2026-09-29 11:49:09,281332583,-5.0,0,0,18,0.98,20260929_114000.wav
2026-09-29 11:49:12,281332584,-5.2,0,0,17,0.97,20260929_114000.wav
2026-09-29 11:49:45,281332595,-5.2,0,0,18,0.98,20260929_114000.wav
2026-09-29 11:50:15,281332605,-0.1,0,0,21,0.99,20260929_115000.wav
2026-09-29 11:50:24,281332608,-0.1,0,0,19,0.98,20260929_115000.wav
2026-09-29 11:50:39,281332613,-0.2,0,0,16,0.98,20260929_115000.wav
2026-09-29 11:50:45,281332615,-0.2,0,0,16,0.97,20260929_115000.wav
2026-09-29 11:50:48,281332616,-0.2,0,0,16,0.98,20260929_115000.wav
2026-09-29 11:50:51,281332617,+0.0,0,0,15,0.97,20260929_115000.wav
2026-09-29 11:51:03,281332621,-0.2,0,0,16,0.98,20260929_115000.wav
2026-09-29 11:51:15,281332625,+0.0,0,0,16,0.97,20260929_115000.wav
2026-09-29 11:51:21,281332627,-0.1,0,0,17,0.98,20260929_115000.wav
2026-09-29 11:51:24,281332628,-0.1,0,0,18,0.98,20260929_115000.wav
2026-09-29 11:51:30,281332630,-0.1,0,0,17,0.98,20260929_115000.wav
2026-09-29 11:51:39,281332633,+0.0,0,0,18,0.98,20260929_115000.wav
2026-09-29 11:51:45,281332635,-0.2,0,0,16,0.97,20260929_115000.wav
2026-09-29 11:51:54,281332638,-0.1,0,0,16,0.97,20260929_115000.wav
2026-09-29 11:52:03,281332641,-0.1,0,0,16,0.97,20260929_115000.wav
2026-09-29 11:52:18,281332646,-0.2,0,0,16,0.98,20260929_115000.wav
2026-09-29 11:52:42,281332654,-0.2,0,0,17,0.98,20260929_115000.wav
2026-09-29 11:52:54,281332658,+0.0,0,0,17,0.98,20260929_115000.wav
2026-09-29 11:53:03,281332661,+0.0,0,0,16,0.97,20260929_115000.wav
2026-09-29 11:53:39,281332673,-0.1,0,0,17,0.98,20260929_115000.wav
2026-09-29 11:53:57,281332679,-0.1,0,0,15,0.97,20260929_115000.wav
2026-09-29 11:54:03,281332681,+0.0,0,0,17,0.98,20260929_115000.wav
2026-09-29 11:54:30,281332690,+0.0,0,0,15,0.97,20260929_115000.wav
2026-09-29 11:54:36,281332692,-0.1,0,0,15,0.97,20260929_115000.wav
2026-09-29 11:54:39,281332693,+0.0,0,0,14,0.97,20260929_115000.wav
2026-09-29 11:55:03,281332701,+0.0,0,0,17,0.98,20260929_115000.wav
2026-09-29 11:55:36,281332712,+0.0,0,0,18,0.98,20260929_115000.wav
2026-09-29 11:55:48,281332716,+0.0,0,0,15,0.97,20260929_115000.wav
2026-09-29 11:55:54,281332718,+0.1,0,0,17,0.98,20260929_115000.wav
2026-09-29 11:56:00,281332720,+0.0,0,0,15,0.97,20260929_115000.wav
2026-09-29 11:56:03,281332721,+0.1,0,0,15,0.97,20260929_115000.wav
2026-09-29 11:56:18,281332726,+0.0,0,0,15,0.97,20260929_115000.wav
2026-09-29 11:56:39,281332733,+0.0,0,0,16,0.97,20260929_115000.wav
2026-09-29 11:56:42,281332734,+0.0,0,0,16,0.97,20260929_115000.wav
2026-09-29 11:56:54,281332738,+0.1,0,0,15,0.97,20260929_115000.wav
2026-09-29 11:56:57,281332739,-0.1,0,0,15,0.97,20260929_115000.wav
2026-09-29 11:57:03,281332741,+0.1,0,0,16,0.97,20260929_115000.wav
2026-09-29 11:57:24,281332748,+0.1,0,0,16,0.97,20260929_115000.wav
2026-09-29 11:57:45,281332755,+1.4,0,0,18,0.98,20260929_115000.wav
2026-09-29 11:57:57,281332759,+1.3,0,0,17,0.98,20260929_115000.wav
2026-09-29 11:58:03,281332761,+1.4,0,0,17,0.98,20260929_115000.wav
2026-09-29 11:58:12,281332764,+1.3,0,0,17,0.98,20260929_115000.wav
2026-09-29 11:58:15,281332765,+1.4,0,0,16,0.97,20260929_115000.wav
2026-09-29 11:58:36,281332772,+1.3,0,0,16,0.97,20260929_115000.wav
2026-09-29 11:58:42,281332774,+1.5,0,0,16,0.98,20260929_115000.wav
2026-09-29 11:58:45,281332775,+1.3,0,0,16,0.98,20260929_115000.wav
2026-09-29 11:58:51,281332777,+1.4,0,0,16,0.98,20260929_115000.wav
2026-09-29 11:59:03,281332781,+1.3,0,0,16,0.98,20260929_115000.wav
2026-09-29 11:59:12,281332784,+1.4,0,0,17,0.98,20260929_115000.wav
2026-09-29 11:59:39,281332793,+1.5,0,0,18,0.98,20260929_115000.wav
2026-09-29 11:59:45,281332795,+1.5,0,0,16,0.98,20260929_115000.wav
2026-09-29 12:00:00,281332800,-0.2,0,0,9,0.90,20260929_120000.wav
2026-09-29 12:00:03,281332801,-0.0,0,0,16,0.98,20260929_120000.wav
2026-09-29 12:00:30,281332810,-0.1,0,0,16,0.98,20260929_120000.wav
2026-09-29 12:00:48,281332816,-0.1,0,0,16,0.97,20260929_120000.wav
2026-09-29 12:00:54,281332818,-0.1,0,0,17,0.98,20260929_120000.wav
2026-09-29 12:01:03,281332821,-0.0,0,0,18,0.98,20260929_120000.wav
2026-09-29 12:01:21,281332827,-0.0,0,0,17,0.98,20260929_120000.wav
2026-09-29 12:01:42,281332834,-0.2,0,0,18,0.98,20260929_120000.wav
2026-09-29 12:01:45,281332835,-0.0,0,0,17,0.98,20260929_120000.wav
2026-09-29 12:02:00,281332840,-0.1,0,0,17,0.98,20260929_120000.wav
2026-09-29 12:02:03,281332841,-0.1,0,0,17,0.98,20260929_120000.wav
2026-09-29 12:02:48,281332856,-0.1,0,0,18,0.98,20260929_120000.wav
2026-09-29 12:03:03,281332861,-0.0,0,0,17,0.98,20260929_120000.wav
2026-09-29 12:03:12,281332864,-0.0,0,0,16,0.97,20260929_120000.wav
2026-09-29 12:03:18,281332866,-0.1,0,0,16,0.98,20260929_120000.wav
2026-09-29 12:03:48,281332876,+0.1,0,0,16,0.98,20260929_120000.wav
2026-09-29 12:03:57,281332879,+0.1,0,0,16,0.98,20260929_120000.wav
2026-09-29 12:04:03,281332881,-0.1,0,0,16,0.97,20260929_120000.wav
2026-09-29 12:04:15,281332885,+0.0,0,0,16,0.97,20260929_120000.wav
2026-09-29 12:04:45,281332895,+0.1,0,0,16,0.98,20260929_120000.wav
2026-09-29 12:05:03,281332901,+0.0,0,0,18,0.98,20260929_120000.wav
2026-09-29 12:05:39,281332913,+0.0,0,0,17,0.98,20260929_120000.wav
2026-09-29 12:06:03,281332921,+0.0,0,0,17,0.98,20260929_120000.wav
2026-09-29 12:06:12,281332924,+0.0,0,0,19,0.99,20260929_120000.wav
2026-09-29 12:06:48,281332936,+0.2,0,0,18,0.98,20260929_120000.wav
2026-09-29 12:07:03,281332941,+0.1,0,0,18,0.99,20260929_120000.wav
2026-09-29 12:07:42,281332954,+0.1,0,0,17,0.98,20260929_120000.wav
2026-09-29 12:07:45,281332955,+0.1,0,0,18,0.98,20260929_120000.wav
2026-09-29 12:08:03,281332961,+0.0,0,0,17,0.98,20260929_120000.wav
2026-09-29 12:08:09,281332963,+0.0,0,0,16,0.98,20260929_120000.wav
2026-09-29 12:08:18,281332966,+0.0,0,0,17,0.98,20260929_120000.wav
2026-09-29 12:08:21,281332967,+0.1,0,0,18,0.98,20260929_120000.wav
2026-09-29 12:08:54,281332978,+0.2,0,0,17,0.98,20260929_120000.wav
2026-09-29 12:08:57,281332979,+0.0,0,0,18,0.98,20260929_120000.wav
2026-09-29 12:09:00,281332980,+0.1,0,0,16,0.97,20260929_120000.wav
2026-09-29 12:09:03,281332981,+0.1,0,0,17,0.98,20260929_120000.wav
2026-09-29 12:09:30,281332990,+0.1,0,0,18,0.99,20260929_120000.wav
2026-09-29 12:09:36,281332992,+0.0,0,0,17,0.98,20260929_120000.wav
2026-09-29 12:09:42,281332994,+0.1,0,0,17,0.98,20260929_120000.wav
2026-09-29 12:09:48,281332996,+0.2,0,0,17,0.98,20260929_120000.wav
2026-09-29 12:09:51,281332997,+0.1,0,0,17,0.98,20260929_120000.wav
2026-09-29 12:09:54,281332998,+0.1,0,0,15,0.98,20260929_120000.wav
2026-09-29 12:10:03,281333001,+0.2,0,0,19,0.99,20260929_121000.wav
2026-09-29 12:10:18,281333006,+0.0,0,0,19,0.98,20260929_121000.wav
2026-09-29 12:10:27,281333009,-0.1,0,0,16,0.97,20260929_121000.wav
2026-09-29 12:10:54,281333018,+0.0,0,0,18,0.97,20260929_121000.wav
2026-09-29 12:11:03,281333021,+0.0,0,0,17,0.97,20260929_121000.wav
2026-09-29 12:11:18,281333026,+0.0,0,0,18,0.98,20260929_121000.wav
2026-09-29 12:11:42,281333034,+0.0,0,0,17,0.97,20260929_121000.wav
2026-09-29 12:11:54,281333038,-0.1,0,0,18,0.98,20260929_121000.wav
2026-09-29 12:12:03,281333041,-0.1,0,0,16,0.97,20260929_121000.wav
2026-09-29 12:12:12,281333044,+0.1,0,0,16,0.97,20260929_121000.wav
2026-09-29 12:12:15,281333045,+0.0,0,0,18,0.98,20260929_121000.wav
2026-09-29 12:12:30,281333050,+0.0,0,0,17,0.98,20260929_121000.wav
2026-09-29 12:12:36,281333052,+0.1,0,0,17,0.97,20260929_121000.wav
2026-09-29 12:12:42,281333054,-0.1,0,0,18,0.98,20260929_121000.wav
2026-09-29 12:13:03,281333061,+0.0,0,0,17,0.97,20260929_121000.wav
2026-09-29 12:13:18,281333066,+0.0,0,0,16,0.97,20260929_121000.wav
2026-09-29 12:13:39,281333073,+0.1,0,0,17,0.97,20260929_121000.wav
2026-09-29 12:13:51,281333077,+0.0,0,0,18,0.98,20260929_121000.wav
2026-09-29 12:14:00,281333080,-0.1,0,0,15,0.96,20260929_121000.wav
2026-09-29 12:14:03,281333081,+0.1,0,0,16,0.97,20260929_121000.wav
2026-09-29 12:14:12,281333084,+0.0,0,0,18,0.97,20260929_121000.wav
2026-09-29 12:14:57,281333099,+0.1,0,0,18,0.98,20260929_121000.wav
2026-09-29 12:15:00,281333100,+0.0,0,0,17,0.97,20260929_121000.wav
2026-09-29 12:15:03,281333101,+0.0,0,0,17,0.97,20260929_121000.wav
2026-09-29 12:15:24,281333108,+0.0,0,0,18,0.98,20260929_121000.wav
2026-09-29 12:15:27,281333109,+0.0,0,0,17,0.97,20260929_121000.wav
2026-09-29 12:15:30,281333110,+0.1,0,0,16,0.97,20260929_121000.wav
2026-09-29 12:15:39,281333113,+0.1,0,0,17,0.97,20260929_121000.wav
2026-09-29 12:16:03,281333121,+0.1,0,0,17,0.97,20260929_121000.wav
2026-09-29 12:16:21,281333127,+0.0,0,0,18,0.98,20260929_121000.wav
2026-09-29 12:17:00,281333140,+0.0,0,0,18,0.98,20260929_121000.wav
2026-09-29 12:17:03,281333141,+0.2,0,0,18,0.98,20260929_121000.wav
2026-09-29 12:17:18,281333146,+0.1,0,0,16,0.97,20260929_121000.wav
2026-09-29 12:18:03,281333161,+0.1,0,0,18,0.98,20260929_121000.wav
2026-09-29 12:18:12,281333164,+0.1,0,0,17,0.97,20260929_121000.wav
2026-09-29 12:18:15,281333165,+0.3,0,0,16,0.97,20260929_121000.wav
2026-09-29 12:18:36,281333172,+0.0,0,0,15,0.97,20260929_121000.wav
2026-09-29 12:18:42,281333174,+0.1,0,0,16,0.97,20260929_121000.wav
2026-09-29 12:18:57,281333179,+0.1,0,0,17,0.97,20260929_121000.wav
2026-09-29 12:19:03,281333181,+0.2,0,0,18,0.98,20260929_121000.wav
2026-09-29 12:19:36,281333192,+0.2,0,0,16,0.97,20260929_121000.wav
2026-09-29 12:19:45,281333195,+0.4,0,0,18,0.98,20260929_121000.wav
2026-09-29 12:19:48,281333196,+1.5,0,0,19,0.99,20260929_121000.wav
2026-09-29 12:20:03,281333201,+0.2,0,0,18,0.99,20260929_122000.wav
2026-09-29 12:20:39,281333213,+0.1,0,0,17,0.98,20260929_122000.wav
2026-09-29 12:20:45,281333215,+0.0,0,0,17,0.97,20260929_122000.wav
2026-09-29 12:20:51,281333217,-0.1,0,0,18,0.98,20260929_122000.wav
2026-09-29 12:20:57,281333219,+0.0,0,0,18,0.98,20260929_122000.wav
2026-09-29 12:21:03,281333221,+0.1,0,0,17,0.98,20260929_122000.wav
2026-09-29 12:21:15,281333225,+0.0,0,0,17,0.98,20260929_122000.wav
2026-09-29 12:21:18,281333226,+0.0,0,0,16,0.97,20260929_122000.wav
2026-09-29 12:21:21,281333227,+0.0,0,0,17,0.98,20260929_122000.wav
2026-09-29 12:21:24,281333228,-0.1,0,0,16,0.97,20260929_122000.wav
2026-09-29 12:21:27,281333229,+0.1,0,0,16,0.97,20260929_122000.wav
2026-09-29 12:22:00,281333240,+0.1,0,0,18,0.98,20260929_122000.wav
2026-09-29 12:22:03,281333241,+0.0,0,0,17,0.98,20260929_122000.wav
2026-09-29 12:22:18,281333246,+0.0,0,0,17,0.98,20260929_122000.wav
2026-09-29 12:22:24,281333248,+0.1,0,0,16,0.98,20260929_122000.wav
2026-09-29 12:22:30,281333250,+0.0,0,0,16,0.97,20260929_122000.wav
2026-09-29 12:22:39,281333253,+0.1,0,0,17,0.98,20260929_122000.wav
2026-09-29 12:22:51,281333257,+0.0,0,0,17,0.98,20260929_122000.wav
2026-09-29 12:22:54,281333258,+0.0,0,0,16,0.97,20260929_122000.wav
2026-09-29 12:23:03,281333261,+0.1,0,0,17,0.97,20260929_122000.wav
2026-09-29 12:23:39,281333273,+0.1,0,0,17,0.98,20260929_122000.wav
2026-09-29 12:23:51,281333277,+0.1,0,0,17,0.98,20260929_122000.wav
2026-09-29 12:24:03,281333281,+0.0,0,0,17,0.98,20260929_122000.wav
2026-09-29 12:24:15,281333285,+0.1,0,0,16,0.97,20260929_122000.wav
2026-09-29 12:25:03,281333301,+0.1,0,0,18,0.98,20260929_122000.wav
2026-09-29 12:25:39,281333313,+0.2,0,0,17,0.98,20260929_122000.wav
2026-09-29 12:25:42,281333314,+0.0,0,0,17,0.97,20260929_122000.wav
2026-09-29 12:25:51,281333317,-39.4,0,0,16,0.98,20260929_122000.wav
2026-09-29 12:25:54,281333318,-39.3,0,0,16,0.97,20260929_122000.wav
2026-09-29 12:26:03,281333321,-39.2,0,0,16,0.98,20260929_122000.wav
2026-09-29 12:26:12,281333324,-39.1,0,0,16,0.98,20260929_122000.wav
2026-09-29 12:26:18,281333326,-39.3,0,0,17,0.98,20260929_122000.wav
2026-09-29 12:26:39,281333333,-39.3,0,0,16,0.98,20260929_122000.wav
2026-09-29 12:27:03,281333341,-39.3,0,0,18,0.98,20260929_122000.wav
2026-09-29 12:27:24,281333348,-39.2,0,0,17,0.98,20260929_122000.wav
2026-09-29 12:27:36,281333352,-39.3,0,0,16,0.97,20260929_122000.wav
2026-09-29 12:27:42,281333354,-39.1,0,0,16,0.98,20260929_122000.wav
2026-09-29 12:27:45,281333355,-39.3,0,0,17,0.98,20260929_122000.wav
2026-09-29 12:27:57,281333359,-39.2,0,0,19,0.98,20260929_122000.wav
2026-09-29 12:28:03,281333361,-39.2,0,0,18,0.99,20260929_122000.wav
2026-09-29 12:28:09,281333363,-39.3,0,0,16,0.97,20260929_122000.wav
2026-09-29 12:28:18,281333366,-39.3,0,0,18,0.98,20260929_122000.wav
2026-09-29 12:28:42,281333374,-39.2,0,0,17,0.98,20260929_122000.wav
2026-09-29 12:28:48,281333376,-39.1,0,0,16,0.98,20260929_122000.wav
2026-09-29 12:28:51,281333377,-39.3,0,0,16,0.98,20260929_122000.wav
2026-09-29 12:29:00,281333380,-39.3,0,0,16,0.98,20260929_122000.wav
2026-09-29 12:29:03,281333381,-39.1,0,0,16,0.98,20260929_122000.wav
2026-09-29 12:29:30,281333390,-39.1,0,0,17,0.98,20260929_122000.wav
2026-09-29 12:30:00,281333400,-0.2,0,0,-1,0.54,20260929_123000.wav
2026-09-29 12:30:03,281333401,-0.0,0,0,24,0.99,20260929_123000.wav
2026-09-29 12:30:12,281333404,-0.2,0,0,18,0.98,20260929_123000.wav
2026-09-29 12:30:45,281333415,-0.1,0,0,16,0.97,20260929_123000.wav
2026-09-29 12:30:48,281333416,-0.0,0,0,16,0.98,20260929_123000.wav
2026-09-29 12:30:57,281333419,-0.0,0,0,17,0.98,20260929_123000.wav
2026-09-29 12:31:00,281333420,-0.1,0,0,16,0.97,20260929_123000.wav
2026-09-29 12:31:03,281333421,-0.0,0,0,17,0.98,20260929_123000.wav
2026-09-29 12:31:15,281333425,-0.1,0,0,18,0.98,20260929_123000.wav
2026-09-29 12:31:30,281333430,-0.0,0,0,18,0.98,20260929_123000.wav
2026-09-29 12:31:51,281333437,-0.1,0,0,17,0.98,20260929_123000.wav
2026-09-29 12:32:03,281333441,+0.0,0,0,17,0.98,20260929_123000.wav
2026-09-29 12:32:27,281333449,+0.0,0,0,18,0.98,20260929_123000.wav
2026-09-29 12:32:39,281333453,-0.1,0,0,16,0.97,20260929_123000.wav
2026-09-29 12:33:03,281333461,-0.1,0,0,18,0.98,20260929_123000.wav
2026-09-29 12:33:27,281333469,+0.0,0,0,18,0.98,20260929_123000.wav
2026-09-29 12:33:39,281333473,+0.1,0,0,17,0.98,20260929_123000.wav
2026-09-29 12:33:57,281333479,+0.1,0,0,16,0.98,20260929_123000.wav
2026-09-29 12:34:00,281333480,+0.0,0,0,16,0.98,20260929_123000.wav
2026-09-29 12:34:03,281333481,+0.0,0,0,16,0.97,20260929_123000.wav
2026-09-29 12:34:12,281333484,+0.1,0,0,17,0.98,20260929_123000.wav
2026-09-29 12:34:24,281333488,+0.0,0,0,16,0.98,20260929_123000.wav
2026-09-29 12:34:30,281333490,+0.0,0,0,17,0.98,20260929_123000.wav
2026-09-29 12:34:42,281333494,-0.1,0,0,17,0.98,20260929_123000.wav
2026-09-29 12:35:03,281333501,+0.0,0,0,17,0.98,20260929_123000.wav
2026-09-29 12:35:39,281333513,+0.0,0,0,17,0.98,20260929_123000.wav
2026-09-29 12:35:45,281333515,+0.1,0,0,16,0.98,20260929_123000.wav
2026-09-29 12:36:03,281333521,+0.0,0,0,16,0.98,20260929_123000.wav
2026-09-29 12:36:24,281333528,+0.2,0,0,18,0.98,20260929_123000.wav
2026-09-29 12:36:30,281333530,+0.0,0,0,16,0.98,20260929_123000.wav
2026-09-29 12:36:39,281333533,+0.1,0,0,17,0.98,20260929_123000.wav
2026-09-29 12:37:00,281333540,+0.0,0,0,17,0.98,20260929_123000.wav
2026-09-29 12:37:03,281333541,+0.1,0,0,16,0.98,20260929_123000.wav
2026-09-29 12:37:24,281333548,+0.1,0,0,19,0.98,20260929_123000.wav
2026-09-29 12:37:39,281333553,+0.2,0,0,17,0.98,20260929_123000.wav
2026-09-29 12:37:42,281333554,+0.1,0,0,17,0.98,20260929_123000.wav
2026-09-29 12:37:54,281333558,+0.2,0,0,16,0.98,20260929_123000.wav
2026-09-29 12:38:03,281333561,+0.2,0,0,16,0.97,20260929_123000.wav
2026-09-29 12:38:09,281333563,+0.0,0,0,16,0.98,20260929_123000.wav
2026-09-29 12:38:18,281333566,+0.1,0,0,18,0.98,20260929_123000.wav
2026-09-29 12:38:21,281333567,+0.2,0,0,17,0.98,20260929_123000.wav
2026-09-29 12:38:54,281333578,+0.2,0,0,18,0.98,20260929_123000.wav
2026-09-29 12:39:03,281333581,+0.2,0,0,17,0.98,20260929_123000.wav
2026-09-29 12:39:30,281333590,+0.0,0,0,16,0.98,20260929_123000.wav
2026-09-29 12:39:42,281333594,+0.2,0,0,17,0.98,20260929_123000.wav
2026-09-29 12:39:48,281333596,+0.1,0,0,16,0.97,20260929_123000.wav
2026-09-29 12:39:51,281333597,+0.2,0,0,16,0.98,20260929_123000.wav
2026-09-29 12:40:03,281333601,-0.1,0,0,17,0.98,20260929_124000.wav
2026-09-29 12:40:36,281333612,-0.1,0,0,16,0.98,20260929_124000.wav
2026-09-29 12:40:48,281333616,-0.0,0,0,16,0.97,20260929_124000.wav
2026-09-29 12:41:00,281333620,-0.1,0,0,17,0.98,20260929_124000.wav
2026-09-29 12:41:03,281333621,-0.0,0,0,17,0.98,20260929_124000.wav
2026-09-29 12:41:39,281333633,-0.0,0,0,16,0.98,20260929_124000.wav
2026-09-29 12:41:45,281333635,-0.0,0,0,15,0.97,20260929_124000.wav
2026-09-29 12:41:48,281333636,-0.0,0,0,18,0.98,20260929_124000.wav
2026-09-29 12:41:51,281333637,-0.1,0,0,16,0.98,20260929_124000.wav
2026-09-29 12:41:57,281333639,+0.1,0,0,18,0.98,20260929_124000.wav
2026-09-29 12:42:03,281333641,-0.0,0,0,17,0.98,20260929_124000.wav
2026-09-29 12:42:21,281333647,-0.1,0,0,18,0.98,20260929_124000.wav
2026-09-29 12:42:24,281333648,+0.1,0,0,16,0.98,20260929_124000.wav
2026-09-29 12:42:27,281333649,-0.0,0,0,16,0.97,20260929_124000.wav
2026-09-29 12:42:30,281333650,-0.1,0,0,16,0.97,20260929_124000.wav
2026-09-29 12:42:39,281333653,-0.1,0,0,16,0.98,20260929_124000.wav
2026-09-29 12:42:45,281333655,-0.0,0,0,17,0.98,20260929_124000.wav
2026-09-29 12:42:54,281333658,+0.1,0,0,17,0.98,20260929_124000.wav
2026-09-29 12:43:03,281333661,+0.1,0,0,18,0.98,20260929_124000.wav
2026-09-29 12:43:18,281333666,-0.0,0,0,18,0.98,20260929_124000.wav
2026-09-29 12:43:24,281333668,+0.1,0,0,16,0.98,20260929_124000.wav
2026-09-29 12:43:42,281333674,-0.0,0,0,16,0.98,20260929_124000.wav
2026-09-29 12:43:54,281333678,+0.1,0,0,18,0.99,20260929_124000.wav
2026-09-29 12:44:03,281333681,+0.0,0,0,17,0.98,20260929_124000.wav
2026-09-29 12:44:09,281333683,+0.1,0,0,18,0.98,20260929_124000.wav
2026-09-29 12:44:18,281333686,+0.1,0,0,18,0.99,20260929_124000.wav
2026-09-29 12:44:21,281333687,+0.0,0,0,17,0.98,20260929_124000.wav
2026-09-29 12:44:54,281333698,+0.1,0,0,17,0.98,20260929_124000.wav
2026-09-29 12:45:00,281333700,+0.0,0,0,17,0.98,20260929_124000.wav
2026-09-29 12:45:03,281333701,+0.0,0,0,16,0.98,20260929_124000.wav
2026-09-29 12:45:24,281333708,+0.1,0,0,16,0.98,20260929_124000.wav
2026-09-29 12:45:27,281333709,+0.0,0,0,16,0.98,20260929_124000.wav
2026-09-29 12:45:36,281333712,+0.0,0,0,15,0.97,20260929_124000.wav
2026-09-29 12:45:48,281333716,+0.1,0,0,17,0.98,20260929_124000.wav
2026-09-29 12:46:00,281333720,+0.1,0,0,18,0.98,20260929_124000.wav
2026-09-29 12:46:03,281333721,+0.1,0,0,16,0.98,20260929_124000.wav
2026-09-29 12:46:09,281333723,+0.0,0,0,16,0.98,20260929_124000.wav
2026-09-29 12:46:12,281333724,+0.1,0,0,16,0.98,20260929_124000.wav
2026-09-29 12:46:18,281333726,+0.0,0,0,16,0.98,20260929_124000.wav
2026-09-29 12:46:27,281333729,+0.0,0,0,17,0.98,20260929_124000.wav
2026-09-29 12:46:48,281333736,+0.2,0,0,16,0.98,20260929_124000.wav
2026-09-29 12:46:51,281333737,+0.0,0,0,17,0.98,20260929_124000.wav
2026-09-29 12:46:54,281333738,+0.2,0,0,16,0.97,20260929_124000.wav
2026-09-29 12:47:03,281333741,+0.2,0,0,17,0.98,20260929_124000.wav
2026-09-29 12:47:18,281333746,+0.2,0,0,18,0.98,20260929_124000.wav
2026-09-29 12:47:48,281333756,+0.2,0,0,18,0.99,20260929_124000.wav
2026-09-29 12:48:00,281333760,+0.1,0,0,16,0.98,20260929_124000.wav
2026-09-29 12:48:03,281333761,+0.1,0,0,16,0.98,20260929_124000.wav
2026-09-29 12:48:18,281333766,+0.1,0,0,19,0.99,20260929_124000.wav
2026-09-29 12:48:30,281333770,+0.2,0,0,16,0.98,20260929_124000.wav
2026-09-29 12:48:48,281333776,+0.1,0,0,16,0.97,20260929_124000.wav
2026-09-29 12:49:00,281333780,+0.1,0,0,16,0.98,20260929_124000.wav
2026-09-29 12:49:03,281333781,+0.1,0,0,16,0.98,20260929_124000.wav
2026-09-29 12:49:09,281333783,+0.2,0,0,18,0.98,20260929_124000.wav
2026-09-29 12:49:30,281333790,+0.1,0,0,15,0.97,20260929_124000.wav
2026-09-29 12:49:36,281333792,+0.1,0,0,18,0.98,20260929_124000.wav
2026-09-29 12:49:42,281333794,-0.0,0,0,16,0.97,20260929_124000.wav
2026-09-29 12:50:03,281333801,+0.0,0,0,16,0.98,20260929_125000.wav
2026-09-29 12:50:54,281333818,-0.2,0,0,18,0.98,20260929_125000.wav
2026-09-29 12:51:03,281333821,-0.1,0,0,18,0.98,20260929_125000.wav
2026-09-29 12:51:24,281333828,-0.2,0,0,18,0.99,20260929_125000.wav
2026-09-29 12:51:27,281333829,+0.0,0,0,16,0.98,20260929_125000.wav
2026-09-29 12:51:42,281333834,+0.0,0,0,18,0.98,20260929_125000.wav
2026-09-29 12:51:48,281333836,-0.1,0,0,17,0.98,20260929_125000.wav
2026-09-29 12:51:51,281333837,+0.0,0,0,16,0.98,20260929_125000.wav
2026-09-29 12:52:03,281333841,-0.1,0,0,16,0.98,20260929_125000.wav
2026-09-29 12:52:21,281333847,-0.1,0,0,17,0.98,20260929_125000.wav
2026-09-29 12:52:27,281333849,-0.2,0,0,16,0.98,20260929_125000.wav
2026-09-29 12:52:48,281333856,+0.0,0,0,17,0.98,20260929_125000.wav
2026-09-29 12:52:51,281333857,-0.2,0,0,16,0.98,20260929_125000.wav
2026-09-29 12:53:00,281333860,+0.0,0,0,16,0.98,20260929_125000.wav
2026-09-29 12:53:03,281333861,-0.1,0,0,18,0.98,20260929_125000.wav
2026-09-29 12:53:24,281333868,+0.0,0,0,18,0.98,20260929_125000.wav
2026-09-29 12:53:30,281333870,-0.1,0,0,18,0.98,20260929_125000.wav
2026-09-29 12:53:39,281333873,+0.0,0,0,16,0.98,20260929_125000.wav
2026-09-29 12:53:42,281333874,-0.1,0,0,17,0.98,20260929_125000.wav
2026-09-29 12:53:45,281333875,-0.1,0,0,17,0.98,20260929_125000.wav
2026-09-29 12:53:54,281333878,-0.1,0,0,17,0.98,20260929_125000.wav
2026-09-29 12:54:03,281333881,+0.0,0,0,17,0.98,20260929_125000.wav
2026-09-29 12:54:15,281333885,-0.1,0,0,17,0.98,20260929_125000.wav
2026-09-29 12:54:27,281333889,+0.0,0,0,17,0.98,20260929_125000.wav
2026-09-29 12:54:42,281333894,+0.0,0,0,18,0.99,20260929_125000.wav
2026-09-29 12:55:03,281333901,-0.1,0,0,17,0.98,20260929_125000.wav
2026-09-29 12:55:12,281333904,+0.0,0,0,16,0.98,20260929_125000.wav
2026-09-29 12:55:21,281333907,+0.1,0,0,15,0.98,20260929_125000.wav
2026-09-29 12:55:36,281333912,+0.0,0,0,17,0.98,20260929_125000.wav
2026-09-29 12:55:42,281333914,-0.1,0,0,17,0.98,20260929_125000.wav
2026-09-29 12:56:00,281333920,+0.0,0,0,16,0.98,20260929_125000.wav
2026-09-29 12:56:03,281333921,+0.1,0,0,16,0.98,20260929_125000.wav
2026-09-29 12:56:39,281333933,+0.0,0,0,17,0.98,20260929_125000.wav
2026-09-29 12:56:48,281333936,+0.0,0,0,18,0.98,20260929_125000.wav
2026-09-29 12:56:54,281333938,+0.0,0,0,17,0.98,20260929_125000.wav
2026-09-29 12:57:03,281333941,+0.0,0,0,16,0.98,20260929_125000.wav
2026-09-29 12:57:12,281333944,+0.1,0,0,17,0.98,20260929_125000.wav
2026-09-29 12:57:18,281333946,+0.0,0,0,15,0.97,20260929_125000.wav
2026-09-29 12:57:24,281333948,+0.0,0,0,17,0.98,20260929_125000.wav
2026-09-29 12:57:45,281333955,+0.2,0,0,17,0.98,20260929_125000.wav
2026-09-29 12:57:48,281333956,+0.0,0,0,16,0.97,20260929_125000.wav
2026-09-29 12:58:03,281333961,+0.0,0,0,16,0.97,20260929_125000.wav
2026-09-29 12:58:18,281333966,+0.1,0,0,17,0.98,20260929_125000.wav
2026-09-29 12:58:30,281333970,+0.0,0,0,17,0.98,20260929_125000.wav
2026-09-29 12:58:36,281333972,+0.0,0,0,16,0.98,20260929_125000.wav
2026-09-29 12:58:42,281333974,+0.1,0,0,16,0.98,20260929_125000.wav
2026-09-29 12:59:03,281333981,+0.2,0,0,16,0.98,20260929_125000.wav
2026-09-29 12:59:15,281333985,+0.1,0,0,17,0.98,20260929_125000.wav
2026-09-29 12:59:27,281333989,+0.1,0,0,16,0.98,20260929_125000.wav
2026-09-29 12:59:57,281333999,+0.1,0,0,17,0.98,20260929_125000.wav
2026-09-29 12:59:57,281333999,-0.1,0,0,17,0.98,20260929_130000.wav
2026-09-29 13:00:03,281334001,-0.1,0,0,16,0.98,20260929_130000.wav
2026-09-29 13:00:15,281334005,+0.0,0,0,17,0.98,20260929_130000.wav
2026-09-29 13:00:36,281334012,-0.2,0,0,15,0.98,20260929_130000.wav
2026-09-29 13:00:42,281334014,-0.1,0,0,15,0.97,20260929_130000.wav
2026-09-29 13:00:57,281334019,+0.0,0,0,19,0.98,20260929_130000.wav
2026-09-29 13:01:03,281334021,+0.0,0,0,16,0.98,20260929_130000.wav
2026-09-29 13:01:39,281334033,-0.1,0,0,16,0.98,20260929_130000.wav
2026-09-29 13:01:45,281334035,+0.0,0,0,16,0.98,20260929_130000.wav
2026-09-29 13:02:00,281334040,+0.0,0,0,17,0.98,20260929_130000.wav
2026-09-29 13:02:03,281334041,-0.1,0,0,17,0.98,20260929_130000.wav
2026-09-29 13:02:24,281334048,+0.1,0,0,16,0.98,20260929_130000.wav
2026-09-29 13:02:30,281334050,+0.0,0,0,16,0.98,20260929_130000.wav
2026-09-29 13:03:03,281334061,+0.1,0,0,18,0.98,20260929_130000.wav
2026-09-29 13:03:27,281334069,+0.1,0,0,16,0.97,20260929_130000.wav
2026-09-29 13:03:30,281334070,-0.1,0,0,15,0.97,20260929_130000.wav
2026-09-29 13:03:36,281334072,+0.1,0,0,17,0.98,20260929_130000.wav
2026-09-29 13:03:48,281334076,-0.1,0,0,16,0.98,20260929_130000.wav
2026-09-29 13:03:54,281334078,+0.0,0,0,17,0.98,20260929_130000.wav
2026-09-29 13:03:57,281334079,+0.0,0,0,17,0.98,20260929_130000.wav
2026-09-29 13:04:00,281334080,+0.1,0,0,16,0.98,20260929_130000.wav
2026-09-29 13:04:03,281334081,-0.1,0,0,16,0.98,20260929_130000.wav
2026-09-29 13:04:09,281334083,+0.0,0,0,16,0.97,20260929_130000.wav
2026-09-29 13:04:15,281334085,+0.0,0,0,17,0.98,20260929_130000.wav
2026-09-29 13:04:21,281334087,+0.0,0,0,16,0.98,20260929_130000.wav
2026-09-29 13:04:36,281334092,-0.1,0,0,16,0.98,20260929_130000.wav
2026-09-29 13:04:48,281334096,+0.1,0,0,16,0.97,20260929_130000.wav
2026-09-29 13:04:51,281334097,+0.0,0,0,16,0.97,20260929_130000.wav
2026-09-29 13:04:54,281334098,-0.1,0,0,17,0.98,20260929_130000.wav
2026-09-29 13:05:03,281334101,+0.1,0,0,17,0.98,20260929_130000.wav
2026-09-29 13:05:12,281334104,+0.1,0,0,16,0.98,20260929_130000.wav
2026-09-29 13:05:15,281334105,+0.0,0,0,18,0.98,20260929_130000.wav
2026-09-29 13:05:42,281334114,+0.0,0,0,16,0.98,20260929_130000.wav
2026-09-29 13:05:45,281334115,+0.1,0,0,16,0.98,20260929_130000.wav
2026-09-29 13:06:00,281334120,+0.1,0,0,17,0.98,20260929_130000.wav
2026-09-29 13:06:03,281334121,+0.0,0,0,16,0.98,20260929_130000.wav
2026-09-29 13:06:12,281334124,+0.0,0,0,17,0.98,20260929_130000.wav
2026-09-29 13:06:15,281334125,+0.0,0,0,15,0.97,20260929_130000.wav
2026-09-29 13:06:30,281334130,+0.0,0,0,16,0.98,20260929_130000.wav
2026-09-29 13:06:36,281334132,+0.0,0,0,18,0.98,20260929_130000.wav
2026-09-29 13:06:48,281334136,+0.1,0,0,17,0.98,20260929_130000.wav
2026-09-29 13:07:03,281334141,+0.1,0,0,17,0.98,20260929_130000.wav
2026-09-29 13:07:51,281334157,+0.0,0,0,18,0.98,20260929_130000.wav
2026-09-29 13:08:03,281334161,+0.2,0,0,17,0.98,20260929_130000.wav
2026-09-29 13:08:09,281334163,+0.1,0,0,17,0.98,20260929_130000.wav
2026-09-29 13:08:21,281334167,+0.1,0,0,16,0.97,20260929_130000.wav
2026-09-29 13:08:30,281334170,-0.0,0,0,19,0.98,20260929_130000.wav
2026-09-29 13:09:03,281334181,+0.1,0,0,18,0.98,20260929_130000.wav
2026-09-29 13:09:27,281334189,+0.1,0,0,18,0.98,20260929_130000.wav
2026-09-29 13:09:36,281334192,+0.1,0,0,16,0.98,20260929_130000.wav
2026-09-29 13:10:03,281334201,-0.0,0,0,17,0.98,20260929_131000.wav
2026-09-29 13:10:21,281334207,-0.0,0,0,17,0.98,20260929_131000.wav
2026-09-29 13:10:27,281334209,-0.1,0,0,17,0.98,20260929_131000.wav
2026-09-29 13:10:36,281334212,-0.0,0,0,16,0.98,20260929_131000.wav
2026-09-29 13:11:00,281334220,-0.0,0,0,17,0.98,20260929_131000.wav
2026-09-29 13:11:03,281334221,-0.0,0,0,18,0.98,20260929_131000.wav
2026-09-29 13:11:18,281334226,-0.0,0,0,18,0.98,20260929_131000.wav
2026-09-29 13:11:24,281334228,-0.1,0,0,17,0.98,20260929_131000.wav
2026-09-29 13:11:30,281334230,-0.1,0,0,17,0.98,20260929_131000.wav
2026-09-29 13:11:39,281334233,-0.1,0,0,15,0.97,20260929_131000.wav
2026-09-29 13:11:42,281334234,+0.0,0,0,15,0.97,20260929_131000.wav
2026-09-29 13:12:03,281334241,-0.1,0,0,18,0.98,20260929_131000.wav
2026-09-29 13:12:18,281334246,+0.0,0,0,17,0.98,20260929_131000.wav
2026-09-29 13:12:45,281334255,-0.1,0,0,17,0.98,20260929_131000.wav
2026-09-29 13:12:48,281334256,+0.0,0,0,16,0.97,20260929_131000.wav
2026-09-29 13:12:54,281334258,+0.0,0,0,16,0.97,20260929_131000.wav
2026-09-29 13:13:00,281334260,-0.1,0,0,16,0.98,20260929_131000.wav
2026-09-29 13:13:03,281334261,+0.0,0,0,16,0.98,20260929_131000.wav
2026-09-29 13:13:18,281334266,+0.0,0,0,15,0.98,20260929_131000.wav
2026-09-29 13:13:21,281334267,+0.1,0,0,16,0.97,20260929_131000.wav
2026-09-29 13:13:45,281334275,+0.1,0,0,16,0.97,20260929_131000.wav
2026-09-29 13:14:03,281334281,+0.1,0,0,16,0.97,20260929_131000.wav
2026-09-29 13:14:27,281334289,+0.1,0,0,18,0.98,20260929_131000.wav
2026-09-29 13:14:48,281334296,+0.0,0,0,15,0.97,20260929_131000.wav
2026-09-29 13:14:54,281334298,+0.0,0,0,17,0.98,20260929_131000.wav
2026-09-29 13:15:03,281334301,+0.0,0,0,17,0.98,20260929_131000.wav
2026-09-29 13:15:15,281334305,+0.1,0,0,18,0.98,20260929_131000.wav
2026-09-29 13:15:18,281334306,+0.1,0,0,18,0.98,20260929_131000.wav
2026-09-29 13:15:21,281334307,+0.0,0,0,17,0.98,20260929_131000.wav
2026-09-29 13:15:57,281334319,+0.2,0,0,16,0.98,20260929_131000.wav
2026-09-29 13:16:03,281334321,+0.1,0,0,16,0.98,20260929_131000.wav
2026-09-29 13:16:15,281334325,+0.1,0,0,15,0.97,20260929_131000.wav
2026-09-29 13:16:18,281334326,+0.0,0,0,17,0.98,20260929_131000.wav
2026-09-29 13:16:24,281334328,+0.1,0,0,15,0.97,20260929_131000.wav
2026-09-29 13:16:39,281334333,+0.1,0,0,16,0.97,20260929_131000.wav
2026-09-29 13:16:42,281334334,+0.1,0,0,16,0.97,20260929_131000.wav
2026-09-29 13:16:51,281334337,+0.0,0,0,16,0.98,20260929_131000.wav
2026-09-29 13:17:03,281334341,+0.2,0,0,17,0.98,20260929_131000.wav
2026-09-29 13:17:18,281334346,+0.1,0,0,14,0.96,20260929_131000.wav
2026-09-29 13:18:03,281334361,+0.2,0,0,16,0.97,20260929_131000.wav
2026-09-29 13:18:18,281334366,+0.2,0,0,16,0.98,20260929_131000.wav
2026-09-29 13:18:45,281334375,+0.1,0,0,16,0.97,20260929_131000.wav
2026-09-29 13:18:48,281334376,+0.0,0,0,16,0.98,20260929_131000.wav
2026-09-29 13:18:57,281334379,+0.1,0,0,17,0.98,20260929_131000.wav
2026-09-29 13:19:00,281334380,+0.2,0,0,16,0.97,20260929_131000.wav
2026-09-29 13:19:03,281334381,+0.1,0,0,15,0.97,20260929_131000.wav
2026-09-29 13:19:30,281334390,+0.1,0,0,18,0.98,20260929_131000.wav
2026-09-29 13:19:36,281334392,+0.1,0,0,17,0.97,20260929_131000.wav
2026-09-29 13:19:45,281334395,+0.1,0,0,16,0.97,20260929_131000.wav
2026-09-29 13:19:51,281334397,+0.2,0,0,15,0.97,20260929_131000.wav
2026-09-29 13:20:03,281334401,-0.1,0,0,16,0.97,20260929_132000.wav
2026-09-29 13:20:18,281334406,-0.2,0,0,17,0.98,20260929_132000.wav
2026-09-29 13:20:24,281334408,-0.1,0,0,16,0.97,20260929_132000.wav
2026-09-29 13:20:27,281334409,-0.1,0,0,17,0.98,20260929_132000.wav
2026-09-29 13:20:39,281334413,-0.1,0,0,16,0.98,20260929_132000.wav
2026-09-29 13:20:57,281334419,-0.2,0,0,16,0.98,20260929_132000.wav
2026-09-29 13:21:03,281334421,+0.0,0,0,16,0.97,20260929_132000.wav
2026-09-29 13:21:27,281334429,+0.0,0,0,16,0.97,20260929_132000.wav
2026-09-29 13:21:48,281334436,-0.1,0,0,16,0.97,20260929_132000.wav
2026-09-29 13:21:54,281334438,+0.0,0,0,18,0.98,20260929_132000.wav
2026-09-29 13:22:03,281334441,+0.0,0,0,18,0.98,20260929_132000.wav
2026-09-29 13:22:15,281334445,-0.1,0,0,17,0.98,20260929_132000.wav
2026-09-29 13:22:21,281334447,+0.0,0,0,17,0.98,20260929_132000.wav
2026-09-29 13:22:51,281334457,+0.0,0,0,16,0.97,20260929_132000.wav
2026-09-29 13:23:03,281334461,-0.2,0,0,15,0.97,20260929_132000.wav
2026-09-29 13:23:18,281334466,+0.0,0,0,16,0.97,20260929_132000.wav
2026-09-29 13:23:30,281334470,+0.0,0,0,16,0.98,20260929_132000.wav
2026-09-29 13:23:42,281334474,+0.0,0,0,17,0.98,20260929_132000.wav
2026-09-29 13:24:03,281334481,+0.0,0,0,14,0.96,20260929_132000.wav
2026-09-29 13:24:15,281334485,-0.1,0,0,18,0.98,20260929_132000.wav
2026-09-29 13:24:27,281334489,-0.1,0,0,19,0.98,20260929_132000.wav
2026-09-29 13:24:36,281334492,-0.1,0,0,16,0.97,20260929_132000.wav
2026-09-29 13:24:57,281334499,-0.1,0,0,19,0.98,20260929_132000.wav
2026-09-29 13:25:03,281334501,+0.1,0,0,18,0.98,20260929_132000.wav
2026-09-29 13:25:12,281334504,+0.1,0,0,15,0.97,20260929_132000.wav
2026-09-29 13:25:36,281334512,+0.0,0,0,16,0.97,20260929_132000.wav
2026-09-29 13:25:42,281334514,-0.1,0,0,17,0.98,20260929_132000.wav
2026-09-29 13:25:48,281334516,+0.0,0,0,19,0.98,20260929_132000.wav
2026-09-29 13:26:03,281334521,+0.1,0,0,17,0.97,20260929_132000.wav
2026-09-29 13:26:27,281334529,+0.0,0,0,16,0.97,20260929_132000.wav
2026-09-29 13:26:48,281334536,+0.0,0,0,15,0.97,20260929_132000.wav
2026-09-29 13:26:51,281334537,+0.0,0,0,15,0.97,20260929_132000.wav
2026-09-29 13:27:03,281334541,+0.0,0,0,18,0.98,20260929_132000.wav
2026-09-29 13:27:15,281334545,+0.0,0,0,16,0.97,20260929_132000.wav
2026-09-29 13:27:18,281334546,+0.0,0,0,15,0.97,20260929_132000.wav
2026-09-29 13:27:21,281334547,+0.0,0,0,15,0.97,20260929_132000.wav
2026-09-29 13:27:27,281334549,+0.0,0,0,17,0.97,20260929_132000.wav
2026-09-29 13:27:45,281334555,-0.1,0,0,16,0.98,20260929_132000.wav
2026-09-29 13:27:54,281334558,+0.0,0,0,15,0.97,20260929_132000.wav
2026-09-29 13:28:03,281334561,+0.0,0,0,16,0.97,20260929_132000.wav
2026-09-29 13:28:12,281334564,+0.1,0,0,15,0.97,20260929_132000.wav
2026-09-29 13:28:15,281334565,+0.0,0,0,17,0.97,20260929_132000.wav
2026-09-29 13:28:21,281334567,+0.1,0,0,14,0.96,20260929_132000.wav
2026-09-29 13:28:54,281334578,+0.1,0,0,16,0.97,20260929_132000.wav
2026-09-29 13:29:03,281334581,+0.0,0,0,16,0.97,20260929_132000.wav
2026-09-29 13:29:15,281334585,+0.2,0,0,16,0.97,20260929_132000.wav
2026-09-29 13:29:45,281334595,+0.2,0,0,16,0.97,20260929_132000.wav
2026-09-29 13:29:48,281334596,+0.1,0,0,14,0.96,20260929_132000.wav
2026-09-29 13:29:54,281334598,+0.1,0,0,16,0.97,20260929_132000.wav
2026-09-29 13:30:00,281334600,-0.1,0,0,18,0.98,20260929_133000.wav
2026-09-29 13:30:03,281334601,-0.1,0,0,17,0.97,20260929_133000.wav
2026-09-29 13:30:18,281334606,+0.0,0,0,17,0.98,20260929_133000.wav
2026-09-29 13:30:24,281334608,+0.0,0,0,16,0.97,20260929_133000.wav
2026-09-29 13:30:30,281334610,-0.2,0,0,17,0.98,20260929_133000.wav
2026-09-29 13:30:57,281334619,-0.0,0,0,16,0.97,20260929_133000.wav
2026-09-29 13:31:03,281334621,-0.1,0,0,16,0.97,20260929_133000.wav
2026-09-29 13:31:15,281334625,-0.1,0,0,16,0.97,20260929_133000.wav
2026-09-29 13:31:30,281334630,-0.1,0,0,17,0.97,20260929_133000.wav
2026-09-29 13:31:39,281334633,-0.1,0,0,17,0.98,20260929_133000.wav
2026-09-29 13:32:03,281334641,-0.1,0,0,17,0.98,20260929_133000.wav
2026-09-29 13:32:12,281334644,-0.1,0,0,16,0.97,20260929_133000.wav
2026-09-29 13:32:15,281334645,+0.0,0,0,17,0.97,20260929_133000.wav
2026-09-29 13:32:39,281334653,+0.0,0,0,17,0.97,20260929_133000.wav
2026-09-29 13:32:54,281334658,+0.0,0,0,17,0.97,20260929_133000.wav
2026-09-29 13:33:00,281334660,+0.0,0,0,15,0.97,20260929_133000.wav
2026-09-29 13:33:03,281334661,+0.0,0,0,16,0.97,20260929_133000.wav
2026-09-29 13:33:30,281334670,+0.0,0,0,16,0.97,20260929_133000.wav
2026-09-29 13:33:42,281334674,+0.0,0,0,17,0.97,20260929_133000.wav
2026-09-29 13:33:48,281334676,-0.0,0,0,17,0.97,20260929_133000.wav
2026-09-29 13:34:03,281334681,+0.1,0,0,18,0.97,20260929_133000.wav
2026-09-29 13:34:36,281334692,+0.1,0,0,17,0.97,20260929_133000.wav
2026-09-29 13:34:45,281334695,-0.0,0,0,17,0.97,20260929_133000.wav
2026-09-29 13:34:48,281334696,-0.1,0,0,16,0.97,20260929_133000.wav
2026-09-29 13:34:51,281334697,+0.1,0,0,17,0.98,20260929_133000.wav
2026-09-29 13:35:00,281334700,+0.1,0,0,16,0.97,20260929_133000.wav
2026-09-29 13:35:03,281334701,-0.1,0,0,15,0.97,20260929_133000.wav
2026-09-29 13:35:15,281334705,+0.1,0,0,17,0.98,20260929_133000.wav
2026-09-29 13:35:39,281334713,+0.1,0,0,16,0.97,20260929_133000.wav
2026-09-29 13:35:45,281334715,+0.1,0,0,18,0.97,20260929_133000.wav
2026-09-29 13:35:48,281334716,-0.0,0,0,18,0.98,20260929_133000.wav
2026-09-29 13:35:54,281334718,+0.1,0,0,18,0.98,20260929_133000.wav
2026-09-29 13:36:00,281334720,+0.1,0,0,15,0.96,20260929_133000.wav
2026-09-29 13:36:03,281334721,+0.1,0,0,16,0.97,20260929_133000.wav
2026-09-29 13:36:15,281334725,-0.0,0,0,16,0.97,20260929_133000.wav
2026-09-29 13:36:21,281334727,-0.0,0,0,16,0.97,20260929_133000.wav
2026-09-29 13:36:24,281334728,-0.0,0,0,15,0.97,20260929_133000.wav
2026-09-29 13:36:27,281334729,+0.1,0,0,17,0.97,20260929_133000.wav
2026-09-29 13:36:30,281334730,-0.0,0,0,16,0.97,20260929_133000.wav
2026-09-29 13:36:45,281334735,-0.0,0,0,16,0.97,20260929_133000.wav
2026-09-29 13:37:00,281334740,-0.0,0,0,17,0.97,20260929_133000.wav
2026-09-29 13:37:03,281334741,-0.0,0,0,15,0.97,20260929_133000.wav
2026-09-29 13:37:09,281334743,-0.0,0,0,16,0.97,20260929_133000.wav
2026-09-29 13:37:12,281334744,+0.1,0,0,16,0.97,20260929_133000.wav
2026-09-29 13:37:24,281334748,+0.1,0,0,18,0.97,20260929_133000.wav
2026-09-29 13:37:30,281334750,+0.2,0,0,17,0.98,20260929_133000.wav
2026-09-29 13:37:39,281334753,+0.1,0,0,14,0.96,20260929_133000.wav
2026-09-29 13:37:42,281334754,-0.0,0,0,16,0.97,20260929_133000.wav
2026-09-29 13:37:51,281334757,-0.0,0,0,16,0.97,20260929_133000.wav
2026-09-29 13:37:54,281334758,+0.1,0,0,17,0.97,20260929_133000.wav
2026-09-29 13:38:03,281334761,+0.1,0,0,18,0.98,20260929_133000.wav
2026-09-29 13:38:15,281334765,-0.0,0,0,17,0.97,20260929_133000.wav
2026-09-29 13:38:27,281334769,+0.1,0,0,17,0.97,20260929_133000.wav
2026-09-29 13:38:30,281334770,-0.0,0,0,16,0.97,20260929_133000.wav
2026-09-29 13:38:39,281334773,-0.0,0,0,16,0.97,20260929_133000.wav
2026-09-29 13:38:48,281334776,+0.2,0,0,18,0.97,20260929_133000.wav
2026-09-29 13:39:03,281334781,+0.1,0,0,16,0.97,20260929_133000.wav
2026-09-29 13:39:21,281334787,+0.2,0,0,17,0.97,20260929_133000.wav
2026-09-29 13:39:39,281334793,+0.1,0,0,17,0.97,20260929_133000.wav
2026-09-29 13:39:45,281334795,+0.2,0,0,16,0.97,20260929_133000.wav
2026-09-29 13:40:00,281334800,-0.1,0,0,15,0.96,20260929_134000.wav
2026-09-29 13:40:03,281334801,-0.1,0,0,16,0.97,20260929_134000.wav
2026-09-29 13:40:24,281334808,-0.1,0,0,18,0.97,20260929_134000.wav
2026-09-29 13:40:39,281334813,-0.2,0,0,16,0.97,20260929_134000.wav
2026-09-29 13:41:03,281334821,-0.2,0,0,17,0.97,20260929_134000.wav
2026-09-29 13:41:09,281334823,-0.2,0,0,19,0.98,20260929_134000.wav
2026-09-29 13:41:12,281334824,-0.1,0,0,16,0.97,20260929_134000.wav
2026-09-29 13:41:18,281334826,-0.3,0,0,16,0.97,20260929_134000.wav
2026-09-29 13:41:39,281334833,-0.1,0,0,16,0.97,20260929_134000.wav
2026-09-29 13:41:57,281334839,-0.2,0,0,17,0.97,20260929_134000.wav
2026-09-29 13:42:03,281334841,-0.2,0,0,16,0.97,20260929_134000.wav
2026-09-29 13:42:27,281334849,-0.1,0,0,18,0.98,20260929_134000.wav
2026-09-29 13:42:36,281334852,-0.2,0,0,17,0.98,20260929_134000.wav
2026-09-29 13:42:39,281334853,-0.1,0,0,16,0.97,20260929_134000.wav
2026-09-29 13:42:42,281334854,-0.1,0,0,17,0.98,20260929_134000.wav
2026-09-29 13:42:48,281334856,-0.1,0,0,14,0.96,20260929_134000.wav
2026-09-29 13:42:54,281334858,-0.1,0,0,18,0.98,20260929_134000.wav
2026-09-29 13:43:03,281334861,-0.1,0,0,18,0.98,20260929_134000.wav
2026-09-29 13:43:12,281334864,-0.1,0,0,16,0.97,20260929_134000.wav
2026-09-29 13:43:15,281334865,-0.1,0,0,16,0.97,20260929_134000.wav
2026-09-29 13:43:21,281334867,-0.1,0,0,15,0.97,20260929_134000.wav
2026-09-29 13:43:36,281334872,-0.1,0,0,17,0.98,20260929_134000.wav
2026-09-29 13:43:54,281334878,+0.0,0,0,18,0.98,20260929_134000.wav
2026-09-29 13:44:03,281334881,+0.0,0,0,17,0.98,20260929_134000.wav
2026-09-29 13:44:09,281334883,-0.1,0,0,16,0.97,20260929_134000.wav
2026-09-29 13:44:12,281334884,+0.0,0,0,17,0.98,20260929_134000.wav
2026-09-29 13:44:30,281334890,-0.1,0,0,18,0.98,20260929_134000.wav
2026-09-29 13:45:03,281334901,-0.1,0,0,17,0.98,20260929_134000.wav
2026-09-29 13:45:42,281334914,+1.3,0,0,16,0.97,20260929_134000.wav
2026-09-29 13:45:48,281334916,+1.3,0,0,19,0.98,20260929_134000.wav
2026-09-29 13:46:00,281334920,+1.3,0,0,17,0.98,20260929_134000.wav
2026-09-29 13:46:03,281334921,+1.2,0,0,16,0.97,20260929_134000.wav
2026-09-29 13:46:48,281334936,+0.0,0,0,17,0.97,20260929_134000.wav
2026-09-29 13:46:51,281334937,+0.0,0,0,17,0.98,20260929_134000.wav
2026-09-29 13:46:54,281334938,+0.0,0,0,16,0.98,20260929_134000.wav
2026-09-29 13:47:00,281334940,+0.0,0,0,18,0.98,20260929_134000.wav
2026-09-29 13:47:03,281334941,+0.0,0,0,17,0.98,20260929_134000.wav
2026-09-29 13:47:15,281334945,+0.0,0,0,17,0.98,20260929_134000.wav
2026-09-29 13:47:24,281334948,+0.1,0,0,17,0.97,20260929_134000.wav
2026-09-29 13:47:42,281334954,+0.1,0,0,16,0.98,20260929_134000.wav
2026-09-29 13:47:45,281334955,+0.0,0,0,18,0.98,20260929_134000.wav
2026-09-29 13:47:57,281334959,+0.1,0,0,16,0.97,20260929_134000.wav
2026-09-29 13:48:00,281334960,+0.0,0,0,16,0.97,20260929_134000.wav
2026-09-29 13:48:03,281334961,+0.0,0,0,16,0.97,20260929_134000.wav
2026-09-29 13:48:27,281334969,+0.0,0,0,18,0.98,20260929_134000.wav
2026-09-29 13:48:45,281334975,+0.1,0,0,19,0.98,20260929_134000.wav
2026-09-29 13:48:48,281334976,+0.1,0,0,16,0.97,20260929_134000.wav
2026-09-29 13:48:54,281334978,+0.0,0,0,17,0.98,20260929_134000.wav
2026-09-29 13:49:03,281334981,+0.1,0,0,17,0.98,20260929_134000.wav
2026-09-29 13:49:12,281334984,+0.1,0,0,17,0.98,20260929_134000.wav
2026-09-29 13:49:36,281334992,+0.2,0,0,17,0.98,20260929_134000.wav
2026-09-29 13:49:39,281334993,+0.0,0,0,16,0.97,20260929_134000.wav
2026-09-29 13:49:42,281334994,+0.0,0,0,16,0.97,20260929_134000.wav
2026-09-29 13:49:45,281334995,+0.2,0,0,15,0.97,20260929_134000.wav
2026-09-29 13:50:00,281335000,+1.1,0,0,23,0.99,20260929_135000.wav
2026-09-29 13:50:03,281335001,+1.0,0,0,17,0.98,20260929_135000.wav
2026-09-29 13:50:18,281335006,+1.1,0,0,16,0.98,20260929_135000.wav
2026-09-29 13:50:30,281335010,+1.0,0,0,17,0.98,20260929_135000.wav
2026-09-29 13:50:45,281335015,+1.0,0,0,19,0.98,20260929_135000.wav
2026-09-29 13:50:54,281335018,+1.0,0,0,17,0.98,20260929_135000.wav
2026-09-29 13:50:57,281335019,+1.1,0,0,17,0.98,20260929_135000.wav
2026-09-29 13:51:00,281335020,+1.1,0,0,17,0.98,20260929_135000.wav
2026-09-29 13:51:03,281335021,+1.0,0,0,17,0.98,20260929_135000.wav
2026-09-29 13:51:12,281335024,+1.1,0,0,17,0.98,20260929_135000.wav
2026-09-29 13:51:15,281335025,+1.2,0,0,17,0.98,20260929_135000.wav
2026-09-29 13:51:24,281335028,+1.1,0,0,17,0.98,20260929_135000.wav
2026-09-29 13:51:27,281335029,+1.0,0,0,16,0.97,20260929_135000.wav
2026-09-29 13:51:30,281335030,+1.1,0,0,17,0.98,20260929_135000.wav
2026-09-29 13:51:36,281335032,+1.0,0,0,16,0.97,20260929_135000.wav
2026-09-29 13:51:45,281335035,+1.1,0,0,17,0.98,20260929_135000.wav
2026-09-29 13:52:03,281335041,+1.2,0,0,17,0.98,20260929_135000.wav
2026-09-29 13:52:09,281335043,+1.1,0,0,16,0.98,20260929_135000.wav
2026-09-29 13:52:39,281335053,+1.1,0,0,18,0.98,20260929_135000.wav
2026-09-29 13:52:42,281335054,+1.1,0,0,17,0.98,20260929_135000.wav
2026-09-29 13:52:48,281335056,+1.1,0,0,17,0.98,20260929_135000.wav
2026-09-29 13:53:03,281335061,+1.2,0,0,16,0.98,20260929_135000.wav
2026-09-29 13:53:15,281335065,+1.1,0,0,17,0.98,20260929_135000.wav
2026-09-29 13:53:39,281335073,+1.1,0,0,16,0.97,20260929_135000.wav
2026-09-29 13:53:45,281335075,+1.1,0,0,18,0.98,20260929_135000.wav
2026-09-29 13:54:00,281335080,+1.2,0,0,16,0.98,20260929_135000.wav
2026-09-29 13:54:03,281335081,+1.1,0,0,17,0.98,20260929_135000.wav
2026-09-29 13:54:21,281335087,-0.1,0,0,19,0.99,20260929_135000.wav
2026-09-29 13:54:30,281335090,-0.1,0,0,18,0.98,20260929_135000.wav
2026-09-29 13:54:39,281335093,-0.1,0,0,17,0.98,20260929_135000.wav
2026-09-29 13:54:45,281335095,-0.2,0,0,16,0.98,20260929_135000.wav
2026-09-29 13:55:00,281335100,-0.2,0,0,16,0.98,20260929_135000.wav
2026-09-29 13:55:03,281335101,-0.1,0,0,16,0.97,20260929_135000.wav
2026-09-29 13:55:24,281335108,-0.2,0,0,17,0.98,20260929_135000.wav
2026-09-29 13:56:03,281335121,+0.0,0,0,17,0.98,20260929_135000.wav
2026-09-29 13:56:15,281335125,-0.2,0,0,18,0.98,20260929_135000.wav
2026-09-29 13:56:27,281335129,+0.0,0,0,19,0.99,20260929_135000.wav
2026-09-29 13:56:30,281335130,-0.2,0,0,17,0.98,20260929_135000.wav
2026-09-29 13:56:45,281335135,-0.1,0,0,15,0.97,20260929_135000.wav
2026-09-29 13:57:03,281335141,-0.2,0,0,17,0.98,20260929_135000.wav
2026-09-29 13:57:12,281335144,-0.1,0,0,16,0.98,20260929_135000.wav
2026-09-29 13:57:27,281335149,-0.1,0,0,18,0.98,20260929_135000.wav
2026-09-29 13:57:42,281335154,+0.0,0,0,17,0.98,20260929_135000.wav
2026-09-29 13:57:48,281335156,+0.0,0,0,17,0.98,20260929_135000.wav
2026-09-29 13:57:54,281335158,-0.2,0,0,16,0.98,20260929_135000.wav
2026-09-29 13:57:57,281335159,+0.0,0,0,15,0.97,20260929_135000.wav
2026-09-29 13:58:03,281335161,-0.1,0,0,16,0.98,20260929_135000.wav
2026-09-29 13:58:12,281335164,-0.1,0,0,15,0.97,20260929_135000.wav
2026-09-29 13:58:15,281335165,-0.0,0,0,16,0.98,20260929_135000.wav
2026-09-29 13:58:21,281335167,-0.0,0,0,16,0.98,20260929_135000.wav
2026-09-29 13:58:39,281335173,-0.0,0,0,17,0.98,20260929_135000.wav
2026-09-29 13:58:45,281335175,-0.6,2,0,16,0.98,20260929_135000.wav
2026-09-29 13:58:48,281335176,-2.6,0,0,18,0.98,20260929_135000.wav
2026-09-29 13:59:03,281335181,-2.6,0,0,19,0.99,20260929_135000.wav
2026-09-29 13:59:12,281335184,-2.6,0,0,18,0.98,20260929_135000.wav
2026-09-29 13:59:15,281335185,-2.8,0,0,17,0.98,20260929_135000.wav
2026-09-29 13:59:18,281335186,-2.6,0,0,17,0.98,20260929_135000.wav
2026-09-29 13:59:24,281335188,-2.7,0,0,18,0.98,20260929_135000.wav
2026-09-29 13:59:57,281335199,-2.7,0,0,18,0.98,20260929_135000.wav
2026-09-29 13:59:57,281335199,-0.2,0,0,19,0.99,20260929_140000.wav
2026-09-29 14:00:03,281335201,-0.0,0,0,17,0.98,20260929_140000.wav
2026-09-29 14:00:45,281335215,+0.0,0,0,17,0.98,20260929_140000.wav
2026-09-29 14:01:00,281335220,+0.0,0,0,16,0.98,20260929_140000.wav
2026-09-29 14:01:15,281335225,+0.0,0,0,19,0.98,20260929_140000.wav
2026-09-29 14:01:21,281335227,-0.2,0,0,17,0.98,20260929_140000.wav
2026-09-29 14:01:36,281335232,-0.1,0,0,17,0.98,20260929_140000.wav
2026-09-29 14:01:42,281335234,-0.0,0,0,17,0.98,20260929_140000.wav
2026-09-29 14:01:45,281335235,-0.1,0,0,16,0.98,20260929_140000.wav
2026-09-29 14:01:48,281335236,-0.1,0,0,16,0.98,20260929_140000.wav
2026-09-29 14:02:00,281335240,-0.0,0,0,17,0.98,20260929_140000.wav
2026-09-29 14:02:03,281335241,-0.1,0,0,17,0.98,20260929_140000.wav
2026-09-29 14:02:24,281335248,-0.0,0,0,18,0.98,20260929_140000.wav
2026-09-29 14:02:27,281335249,-0.1,0,0,16,0.98,20260929_140000.wav
2026-09-29 14:02:48,281335256,-0.0,0,0,17,0.98,20260929_140000.wav
2026-09-29 14:03:03,281335261,-0.0,0,0,17,0.98,20260929_140000.wav
2026-09-29 14:03:12,281335264,-0.0,0,0,16,0.98,20260929_140000.wav
2026-09-29 14:03:45,281335275,-0.1,0,0,18,0.98,20260929_140000.wav
2026-09-29 14:03:54,281335278,-0.1,0,0,18,0.98,20260929_140000.wav
2026-09-29 14:03:57,281335279,-0.0,0,0,19,0.98,20260929_140000.wav
2026-09-29 14:04:00,281335280,-0.0,0,0,17,0.98,20260929_140000.wav
2026-09-29 14:04:03,281335281,-0.0,0,0,17,0.98,20260929_140000.wav
2026-09-29 14:04:21,281335287,-0.0,0,0,19,0.98,20260929_140000.wav
2026-09-29 14:04:36,281335292,-0.1,0,0,18,0.98,20260929_140000.wav
2026-09-29 14:04:42,281335294,+0.1,0,0,16,0.98,20260929_140000.wav
2026-09-29 14:05:03,281335301,+0.1,0,0,16,0.98,20260929_140000.wav
2026-09-29 14:05:30,281335310,+0.1,0,0,16,0.98,20260929_140000.wav
2026-09-29 14:05:42,281335314,+0.8,2,0,18,0.98,20260929_140000.wav
2026-09-29 14:06:00,281335320,+1.4,0,0,18,0.97,20260929_140000.wav
2026-09-29 14:06:03,281335321,+1.3,0,0,16,0.97,20260929_140000.wav
2026-09-29 14:06:18,281335326,+1.4,0,0,16,0.97,20260929_140000.wav
2026-09-29 14:06:30,281335330,+1.3,0,0,17,0.97,20260929_140000.wav
2026-09-29 14:06:45,281335335,+1.4,0,0,17,0.97,20260929_140000.wav
2026-09-29 14:06:57,281335339,+1.3,0,0,18,0.98,20260929_140000.wav
2026-09-29 14:07:03,281335341,+1.4,0,0,17,0.97,20260929_140000.wav
2026-09-29 14:07:15,281335345,+1.4,0,0,16,0.97,20260929_140000.wav
2026-09-29 14:07:21,281335347,+1.3,0,0,16,0.97,20260929_140000.wav
2026-09-29 14:07:42,281335354,+1.5,0,0,16,0.97,20260929_140000.wav
2026-09-29 14:07:45,281335355,+1.3,0,0,18,0.98,20260929_140000.wav
2026-09-29 14:07:51,281335357,+1.4,0,0,16,0.97,20260929_140000.wav
2026-09-29 14:08:03,281335361,+1.4,0,0,17,0.97,20260929_140000.wav
2026-09-29 14:08:42,281335374,+1.4,0,0,17,0.97,20260929_140000.wav
2026-09-29 14:09:00,281335380,+1.6,0,0,17,0.98,20260929_140000.wav
2026-09-29 14:09:03,281335381,+1.3,0,0,16,0.97,20260929_140000.wav
2026-09-29 14:09:30,281335390,+1.4,0,0,15,0.96,20260929_140000.wav
2026-09-29 14:10:03,281335401,+0.2,0,0,21,0.99,20260929_141000.wav
2026-09-29 14:10:36,281335412,-0.2,0,0,16,0.98,20260929_141000.wav
2026-09-29 14:10:45,281335415,-0.2,0,0,17,0.98,20260929_141000.wav
2026-09-29 14:11:03,281335421,-0.2,0,0,17,0.98,20260929_141000.wav
2026-09-29 14:11:27,281335429,+0.0,0,0,17,0.98,20260929_141000.wav
2026-09-29 14:11:39,281335433,-0.2,0,0,16,0.98,20260929_141000.wav
2026-09-29 14:12:03,281335441,-0.2,0,0,17,0.98,20260929_141000.wav
2026-09-29 14:12:12,281335444,-0.2,0,0,16,0.98,20260929_141000.wav
2026-09-29 14:12:18,281335446,-0.2,0,0,18,0.98,20260929_141000.wav
2026-09-29 14:13:03,281335461,-0.1,0,0,18,0.99,20260929_141000.wav
2026-09-29 14:13:36,281335472,-0.1,0,0,17,0.98,20260929_141000.wav
2026-09-29 14:14:03,281335481,-0.1,0,0,16,0.98,20260929_141000.wav
2026-09-29 14:14:15,281335485,-0.1,0,0,16,0.98,20260929_141000.wav
2026-09-29 14:14:27,281335489,+0.0,0,0,16,0.98,20260929_141000.wav
2026-09-29 14:14:39,281335493,-0.1,0,0,18,0.98,20260929_141000.wav
2026-09-29 14:14:51,281335497,+0.0,0,0,17,0.98,20260929_141000.wav
2026-09-29 14:15:00,281335500,+0.0,0,0,17,0.98,20260929_141000.wav
2026-09-29 14:15:03,281335501,-0.1,0,0,16,0.98,20260929_141000.wav
2026-09-29 14:15:18,281335506,-0.1,0,0,16,0.98,20260929_141000.wav
2026-09-29 14:15:30,281335510,+0.1,0,0,17,0.98,20260929_141000.wav
2026-09-29 14:15:39,281335513,+0.1,0,0,16,0.98,20260929_141000.wav
2026-09-29 14:15:45,281335515,+0.0,0,0,15,0.97,20260929_141000.wav
2026-09-29 14:15:57,281335519,-0.1,0,0,16,0.98,20260929_141000.wav
2026-09-29 14:16:03,281335521,+0.0,0,0,16,0.98,20260929_141000.wav
2026-09-29 14:16:24,281335528,+0.0,0,0,18,0.98,20260929_141000.wav
2026-09-29 14:16:30,281335530,-0.1,0,0,18,0.99,20260929_141000.wav
2026-09-29 14:16:39,281335533,+0.0,0,0,16,0.98,20260929_141000.wav
2026-09-29 14:16:51,281335537,+0.0,0,0,16,0.98,20260929_141000.wav
2026-09-29 14:17:03,281335541,+0.0,0,0,16,0.97,20260929_141000.wav
2026-09-29 14:17:27,281335549,+0.0,0,0,17,0.98,20260929_141000.wav
2026-09-29 14:17:30,281335550,+0.1,0,0,17,0.98,20260929_141000.wav
2026-09-29 14:17:39,281335553,+0.0,0,0,17,0.98,20260929_141000.wav
2026-09-29 14:17:48,281335556,+0.0,0,0,18,0.98,20260929_141000.wav
2026-09-29 14:17:51,281335557,+0.0,0,0,17,0.98,20260929_141000.wav
2026-09-29 14:17:54,281335558,+0.0,0,0,16,0.98,20260929_141000.wav
2026-09-29 14:17:57,281335559,-0.1,0,0,18,0.98,20260929_141000.wav
2026-09-29 14:18:03,281335561,-0.0,0,0,17,0.98,20260929_141000.wav
2026-09-29 14:18:15,281335565,+0.1,0,0,18,0.98,20260929_141000.wav
2026-09-29 14:18:18,281335566,-0.0,0,0,17,0.98,20260929_141000.wav
2026-09-29 14:18:21,281335567,-0.0,0,0,17,0.98,20260929_141000.wav
2026-09-29 14:18:24,281335568,+0.1,0,0,15,0.97,20260929_141000.wav
2026-09-29 14:18:30,281335570,-0.0,0,0,17,0.98,20260929_141000.wav
2026-09-29 14:18:39,281335573,+0.1,0,0,17,0.98,20260929_141000.wav
2026-09-29 14:18:57,281335579,+0.1,0,0,16,0.98,20260929_141000.wav
2026-09-29 14:19:00,281335580,-0.0,0,0,16,0.98,20260929_141000.wav
2026-09-29 14:19:03,281335581,-0.0,0,0,16,0.97,20260929_141000.wav
2026-09-29 14:19:09,281335583,-0.0,0,0,16,0.98,20260929_141000.wav
2026-09-29 14:19:12,281335584,+0.1,0,0,17,0.98,20260929_141000.wav
2026-09-29 14:19:24,281335588,-0.0,0,0,17,0.98,20260929_141000.wav
2026-09-29 14:19:51,281335597,+0.1,0,0,17,0.98,20260929_141000.wav
2026-09-29 14:19:54,281335598,+0.1,0,0,17,0.98,20260929_141000.wav
2026-09-29 14:20:03,281335601,-0.1,0,0,17,0.98,20260929_142000.wav
2026-09-29 14:20:21,281335607,-0.1,0,0,18,0.99,20260929_142000.wav
2026-09-29 14:20:39,281335613,-0.1,0,0,18,0.98,20260929_142000.wav
2026-09-29 14:20:54,281335618,-0.1,0,0,16,0.98,20260929_142000.wav
2026-09-29 14:20:57,281335619,+0.0,0,0,17,0.98,20260929_142000.wav
2026-09-29 14:21:00,281335620,-0.2,0,0,17,0.98,20260929_142000.wav
2026-09-29 14:21:03,281335621,-0.1,0,0,17,0.98,20260929_142000.wav
2026-09-29 14:21:24,281335628,-0.2,0,0,16,0.98,20260929_142000.wav
2026-09-29 14:21:27,281335629,+0.0,0,0,17,0.98,20260929_142000.wav
2026-09-29 14:21:36,281335632,+0.0,0,0,16,0.98,20260929_142000.wav
2026-09-29 14:21:48,281335636,-0.2,0,0,18,0.99,20260929_142000.wav
2026-09-29 14:21:54,281335638,-0.1,0,0,17,0.98,20260929_142000.wav
2026-09-29 14:21:57,281335639,-0.1,0,0,16,0.98,20260929_142000.wav
2026-09-29 14:22:03,281335641,-0.2,0,0,16,0.98,20260929_142000.wav
2026-09-29 14:22:21,281335647,-0.1,0,0,17,0.98,20260929_142000.wav
2026-09-29 14:22:27,281335649,-0.2,0,0,16,0.98,20260929_142000.wav
2026-09-29 14:22:36,281335652,-0.2,0,0,16,0.98,20260929_142000.wav
2026-09-29 14:22:54,281335658,+0.0,0,0,16,0.98,20260929_142000.wav
2026-09-29 14:23:03,281335661,+0.0,0,0,15,0.97,20260929_142000.wav
2026-09-29 14:23:15,281335665,-0.1,0,0,17,0.98,20260929_142000.wav
2026-09-29 14:23:24,281335668,-0.2,0,0,15,0.97,20260929_142000.wav
2026-09-29 14:23:27,281335669,+0.0,0,0,17,0.98,20260929_142000.wav
2026-09-29 14:23:39,281335673,-0.1,0,0,16,0.98,20260929_142000.wav
2026-09-29 14:23:45,281335675,-0.1,0,0,17,0.98,20260929_142000.wav
2026-09-29 14:23:57,281335679,-0.1,0,0,15,0.97,20260929_142000.wav
2026-09-29 14:24:03,281335681,-0.1,0,0,17,0.98,20260929_142000.wav
2026-09-29 14:24:18,281335686,+0.0,0,0,18,0.98,20260929_142000.wav
2026-09-29 14:24:27,281335689,-0.1,0,0,17,0.98,20260929_142000.wav
2026-09-29 14:24:45,281335695,+0.0,0,0,16,0.98,20260929_142000.wav
2026-09-29 14:25:00,281335700,-0.1,0,0,17,0.98,20260929_142000.wav
2026-09-29 14:25:03,281335701,+0.0,0,0,16,0.98,20260929_142000.wav
2026-09-29 14:25:21,281335707,+0.0,0,0,16,0.98,20260929_142000.wav
2026-09-29 14:25:30,281335710,+0.0,0,0,16,0.98,20260929_142000.wav
2026-09-29 14:25:39,281335713,+0.0,0,0,15,0.97,20260929_142000.wav
2026-09-29 14:25:42,281335714,+0.0,0,0,15,0.97,20260929_142000.wav
2026-09-29 14:26:03,281335721,-0.1,0,0,16,0.98,20260929_142000.wav
2026-09-29 14:26:18,281335726,+0.0,0,0,18,0.98,20260929_142000.wav
2026-09-29 14:26:27,281335729,-0.1,0,0,17,0.98,20260929_142000.wav
2026-09-29 14:26:30,281335730,+0.0,0,0,16,0.97,20260929_142000.wav
2026-09-29 14:26:39,281335733,+0.1,0,0,17,0.98,20260929_142000.wav
2026-09-29 14:27:03,281335741,+0.1,0,0,17,0.98,20260929_142000.wav
2026-09-29 14:27:12,281335744,+0.1,0,0,17,0.98,20260929_142000.wav
2026-09-29 14:27:18,281335746,+0.0,0,0,16,0.97,20260929_142000.wav
2026-09-29 14:27:24,281335748,-0.1,0,0,16,0.98,20260929_142000.wav
2026-09-29 14:27:48,281335756,+0.0,0,0,17,0.98,20260929_142000.wav
2026-09-29 14:27:57,281335759,+0.0,0,0,16,0.98,20260929_142000.wav
2026-09-29 14:28:00,281335760,+0.1,0,0,17,0.98,20260929_142000.wav
2026-09-29 14:28:03,281335761,+0.0,0,0,16,0.98,20260929_142000.wav
2026-09-29 14:28:18,281335766,+0.1,0,0,17,0.98,20260929_142000.wav
2026-09-29 14:28:30,281335770,+0.0,0,0,16,0.98,20260929_142000.wav
2026-09-29 14:28:42,281335774,+0.1,0,0,17,0.98,20260929_142000.wav
2026-09-29 14:28:45,281335775,+0.0,0,0,16,0.98,20260929_142000.wav
2026-09-29 14:28:51,281335777,+0.0,0,0,17,0.98,20260929_142000.wav
2026-09-29 14:29:03,281335781,+0.1,0,0,16,0.98,20260929_142000.wav
2026-09-29 14:29:15,281335785,+0.1,0,0,16,0.98,20260929_142000.wav
2026-09-29 14:29:48,281335796,+0.1,0,0,16,0.98,20260929_142000.wav
2026-09-29 14:29:51,281335797,+0.1,0,0,17,0.98,20260929_142000.wav
2026-09-29 14:29:57,281335799,+0.1,0,0,17,0.98,20260929_142000.wav
2026-09-29 14:29:57,281335799,-0.0,0,0,17,0.98,20260929_143000.wav
2026-09-29 14:30:03,281335801,-0.1,0,0,16,0.97,20260929_143000.wav
2026-09-29 14:30:18,281335806,+0.1,0,0,16,0.98,20260929_143000.wav
2026-09-29 14:30:45,281335815,-0.1,0,0,16,0.98,20260929_143000.wav
2026-09-29 14:30:54,281335818,-0.2,0,0,17,0.98,20260929_143000.wav
2026-09-29 14:31:00,281335820,+0.1,0,0,17,0.98,20260929_143000.wav
2026-09-29 14:31:03,281335821,-0.1,0,0,16,0.98,20260929_143000.wav
2026-09-29 14:31:12,281335824,+0.1,0,0,17,0.98,20260929_143000.wav
2026-09-29 14:31:21,281335827,+0.1,0,0,17,0.98,20260929_143000.wav
2026-09-29 14:31:24,281335828,+0.1,0,0,14,0.97,20260929_143000.wav
2026-09-29 14:31:30,281335830,+0.1,0,0,15,0.97,20260929_143000.wav
2026-09-29 14:32:03,281335841,+0.1,0,0,17,0.98,20260929_143000.wav
2026-09-29 14:32:27,281335849,+0.1,0,0,16,0.98,20260929_143000.wav
2026-09-29 14:32:39,281335853,-0.0,0,0,16,0.98,20260929_143000.wav
2026-09-29 14:32:42,281335854,+0.0,0,0,15,0.97,20260929_143000.wav
2026-09-29 14:32:48,281335856,-0.0,0,0,16,0.98,20260929_143000.wav
2026-09-29 14:33:03,281335861,-0.0,0,0,16,0.98,20260929_143000.wav
2026-09-29 14:33:45,281335875,+0.0,0,0,16,0.98,20260929_143000.wav
2026-09-29 14:34:03,281335881,+0.1,0,0,3,0.72,20260929_143359.wav
2026-09-29 14:34:30,281335890,+0.0,0,0,19,0.99,20260929_143359.wav
2026-09-29 14:34:42,281335894,-0.1,0,0,18,0.99,20260929_143359.wav
2026-09-29 14:35:03,281335901,+0.0,0,0,17,0.98,20260929_143359.wav
2026-09-29 14:35:15,281335905,-0.1,0,0,15,0.97,20260929_143359.wav
2026-09-29 14:35:24,281335908,-0.1,0,0,17,0.98,20260929_143359.wav
2026-09-29 14:35:39,281335913,-0.1,0,0,18,0.98,20260929_143359.wav
2026-09-29 14:36:03,281335921,-0.1,0,0,18,0.99,20260929_143359.wav
2026-09-29 14:36:15,281335925,+0.0,0,0,18,0.98,20260929_143359.wav
2026-09-29 14:36:45,281335935,+0.0,0,0,18,0.98,20260929_143359.wav
2026-09-29 14:36:48,281335936,+0.0,0,0,16,0.98,20260929_143359.wav
2026-09-29 14:36:54,281335938,+0.0,0,0,16,0.98,20260929_143359.wav
2026-09-29 14:37:00,281335940,-0.1,0,0,16,0.98,20260929_143359.wav
2026-09-29 14:37:03,281335941,+0.0,0,0,15,0.97,20260929_143359.wav
2026-09-29 14:37:36,281335952,+0.0,0,0,16,0.98,20260929_143359.wav
2026-09-29 14:38:03,281335961,+0.1,0,0,16,0.98,20260929_143359.wav
2026-09-29 14:38:30,281335970,-0.0,0,0,16,0.98,20260929_143359.wav
2026-09-29 14:38:39,281335973,-0.1,0,0,16,0.98,20260929_143359.wav
2026-09-29 14:38:42,281335974,+0.1,0,0,17,0.98,20260929_143359.wav
2026-09-29 14:38:57,281335979,+0.1,0,0,17,0.98,20260929_143359.wav
2026-09-29 14:39:00,281335980,+0.1,0,0,16,0.98,20260929_143359.wav
2026-09-29 14:39:03,281335981,-0.1,0,0,15,0.98,20260929_143359.wav
2026-09-29 14:39:18,281335986,-0.0,0,0,17,0.98,20260929_143359.wav
2026-09-29 14:39:27,281335989,-0.1,0,0,16,0.97,20260929_143359.wav
2026-09-29 14:39:45,281335995,-0.0,0,0,18,0.99,20260929_143359.wav
2026-09-29 14:39:48,281335996,+0.2,0,0,18,0.99,20260929_143359.wav
2026-09-29 14:40:03,281336001,+0.4,0,0,14,0.97,20260929_144000.wav
2026-09-29 14:40:09,281336003,-0.0,0,0,21,0.99,20260929_144000.wav
2026-09-29 14:40:12,281336004,-0.0,0,0,17,0.98,20260929_144000.wav
2026-09-29 14:40:30,281336010,+0.1,0,0,17,0.98,20260929_144000.wav
2026-09-29 14:40:36,281336012,-0.0,0,0,16,0.98,20260929_144000.wav
2026-09-29 14:40:45,281336015,-0.0,0,0,16,0.98,20260929_144000.wav
2026-09-29 14:40:51,281336017,-0.1,0,0,17,0.98,20260929_144000.wav
2026-09-29 14:41:03,281336021,-0.0,0,0,17,0.98,20260929_144000.wav
2026-09-29 14:41:42,281336034,-0.0,0,0,19,0.99,20260929_144000.wav
2026-09-29 14:42:00,281336040,-0.0,0,0,16,0.97,20260929_144000.wav
2026-09-29 14:42:03,281336041,-0.1,0,0,15,0.98,20260929_144000.wav
2026-09-29 14:42:24,281336048,+0.1,0,0,17,0.98,20260929_144000.wav
2026-09-29 14:42:45,281336055,+0.0,0,0,18,0.99,20260929_144000.wav
2026-09-29 14:42:48,281336056,+0.1,0,0,16,0.98,20260929_144000.wav
2026-09-29 14:42:54,281336058,+0.0,0,0,15,0.97,20260929_144000.wav
2026-09-29 14:43:00,281336060,-0.1,0,0,16,0.98,20260929_144000.wav
2026-09-29 14:43:03,281336061,+0.0,0,0,16,0.98,20260929_144000.wav
2026-09-29 14:43:18,281336066,-0.1,0,0,17,0.98,20260929_144000.wav
2026-09-29 14:43:45,281336075,+0.0,0,0,18,0.98,20260929_144000.wav
2026-09-29 14:43:51,281336077,+0.1,0,0,17,0.98,20260929_144000.wav
2026-09-29 14:44:03,281336081,-0.1,0,0,16,0.98,20260929_144000.wav
2026-09-29 14:44:15,281336085,+0.0,0,0,16,0.98,20260929_144000.wav
2026-09-29 14:44:30,281336090,+0.1,0,0,16,0.98,20260929_144000.wav
2026-09-29 14:45:03,281336101,+0.1,0,0,18,0.99,20260929_144000.wav
2026-09-29 14:45:15,281336105,-0.0,0,0,17,0.98,20260929_144000.wav
2026-09-29 14:45:21,281336107,+0.1,0,0,16,0.98,20260929_144000.wav
2026-09-29 14:45:39,281336113,+0.1,0,0,16,0.98,20260929_144000.wav
2026-09-29 14:45:57,281336119,-0.0,0,0,17,0.98,20260929_144000.wav
2026-09-29 14:46:00,281336120,+0.1,0,0,16,0.98,20260929_144000.wav
2026-09-29 14:46:03,281336121,+0.1,0,0,16,0.98,20260929_144000.wav
2026-09-29 14:46:12,281336124,+0.1,0,0,17,0.98,20260929_144000.wav
2026-09-29 14:46:15,281336125,+0.1,0,0,16,0.98,20260929_144000.wav
2026-09-29 14:46:18,281336126,+0.1,0,0,17,0.98,20260929_144000.wav
2026-09-29 14:46:24,281336128,-0.0,0,0,15,0.98,20260929_144000.wav
2026-09-29 14:46:39,281336133,+0.2,0,0,17,0.98,20260929_144000.wav
2026-09-29 14:46:51,281336137,-0.0,0,0,16,0.98,20260929_144000.wav
2026-09-29 14:46:54,281336138,+0.1,0,0,16,0.98,20260929_144000.wav
2026-09-29 14:47:03,281336141,+0.1,0,0,16,0.98,20260929_144000.wav
2026-09-29 14:47:09,281336143,+0.1,0,0,17,0.98,20260929_144000.wav
2026-09-29 14:47:12,281336144,+0.2,0,0,16,0.98,20260929_144000.wav
2026-09-29 14:47:18,281336146,-0.0,0,0,16,0.98,20260929_144000.wav
2026-09-29 14:47:21,281336147,+0.2,0,0,17,0.98,20260929_144000.wav
2026-09-29 14:47:54,281336158,+0.2,0,0,17,0.98,20260929_144000.wav
2026-09-29 14:48:03,281336161,+0.1,0,0,17,0.98,20260929_144000.wav
2026-09-29 14:48:27,281336169,-1.2,0,0,16,0.97,20260929_144000.wav
2026-09-29 14:48:39,281336173,-1.1,0,0,16,0.97,20260929_144000.wav
2026-09-29 14:48:48,281336176,-1.1,0,0,17,0.97,20260929_144000.wav
2026-09-29 14:48:51,281336177,-1.2,0,0,16,0.97,20260929_144000.wav
2026-09-29 14:49:03,281336181,-1.1,0,0,15,0.97,20260929_144000.wav
2026-09-29 14:49:18,281336186,-2.3,0,0,16,0.98,20260929_144000.wav
2026-09-29 14:49:27,281336189,-2.4,0,0,17,0.98,20260929_144000.wav
2026-09-29 14:49:48,281336196,-2.5,0,0,17,0.98,20260929_144000.wav
2026-09-29 14:50:03,281336201,+0.1,0,0,23,0.99,20260929_145000.wav
2026-09-29 14:50:39,281336213,+0.1,0,0,16,0.98,20260929_145000.wav
2026-09-29 14:50:48,281336216,+0.0,0,0,17,0.98,20260929_145000.wav
2026-09-29 14:51:00,281336220,+0.0,0,0,17,0.98,20260929_145000.wav
2026-09-29 14:51:03,281336221,+0.0,0,0,16,0.98,20260929_145000.wav
2026-09-29 14:51:15,281336225,+0.0,0,0,17,0.98,20260929_145000.wav
2026-09-29 14:51:18,281336226,+0.0,0,0,17,0.98,20260929_145000.wav
2026-09-29 14:51:30,281336230,-0.1,0,0,17,0.98,20260929_145000.wav
2026-09-29 14:51:45,281336235,+0.0,0,0,16,0.98,20260929_145000.wav
2026-09-29 14:52:00,281336240,+0.0,0,0,17,0.98,20260929_145000.wav
2026-09-29 14:52:03,281336241,+0.1,0,0,15,0.97,20260929_145000.wav
2026-09-29 14:52:39,281336253,-0.1,0,0,17,0.98,20260929_145000.wav
2026-09-29 14:52:42,281336254,+0.1,0,0,17,0.98,20260929_145000.wav
2026-09-29 14:53:03,281336261,+0.0,0,0,17,0.98,20260929_145000.wav
2026-09-29 14:53:09,281336263,+0.0,0,0,17,0.98,20260929_145000.wav
2026-09-29 14:53:12,281336264,+0.0,0,0,16,0.97,20260929_145000.wav
2026-09-29 14:53:21,281336267,+0.1,0,0,16,0.98,20260929_145000.wav
2026-09-29 14:53:39,281336273,+0.1,0,0,18,0.98,20260929_145000.wav
2026-09-29 14:54:00,281336280,+0.1,0,0,16,0.97,20260929_145000.wav
2026-09-29 14:54:03,281336281,+0.0,0,0,15,0.97,20260929_145000.wav
2026-09-29 14:54:42,281336294,+0.0,0,0,18,0.98,20260929_145000.wav
2026-09-29 14:54:51,281336297,+0.0,0,0,18,0.98,20260929_145000.wav
2026-09-29 14:55:00,281336300,+0.1,0,0,18,0.98,20260929_145000.wav
2026-09-29 14:55:03,281336301,+0.1,0,0,16,0.98,20260929_145000.wav
2026-09-29 14:55:21,281336307,+0.1,0,0,17,0.98,20260929_145000.wav
2026-09-29 14:55:27,281336309,-1.2,3,0,2,0.71,20260929_145000.wav
2026-09-29 14:56:00,281336320,-1.3,0,0,17,0.97,20260929_145000.wav
2026-09-29 14:56:03,281336321,-1.1,0,0,17,0.97,20260929_145000.wav
2026-09-29 14:56:18,281336326,-1.1,0,0,17,0.97,20260929_145000.wav
2026-09-29 14:56:27,281336329,-1.1,0,0,17,0.97,20260929_145000.wav
2026-09-29 14:57:03,281336341,-1.2,0,0,18,0.98,20260929_145000.wav
2026-09-29 14:57:30,281336350,-1.1,0,0,18,0.98,20260929_145000.wav
2026-09-29 14:57:36,281336352,-1.2,0,0,16,0.97,20260929_145000.wav
2026-09-29 14:57:42,281336354,-1.3,0,0,16,0.97,20260929_145000.wav
2026-09-29 14:57:48,281336356,-1.2,0,0,19,0.98,20260929_145000.wav
2026-09-29 14:58:03,281336361,-1.1,0,0,18,0.98,20260929_145000.wav
2026-09-29 14:58:12,281336364,-1.1,0,0,17,0.97,20260929_145000.wav
2026-09-29 14:58:15,281336365,-1.2,0,0,16,0.97,20260929_145000.wav
2026-09-29 14:58:39,281336373,-1.2,0,0,16,0.97,20260929_145000.wav
2026-09-29 14:58:45,281336375,-1.1,0,0,17,0.97,20260929_145000.wav
2026-09-29 14:58:48,281336376,-1.1,0,0,16,0.97,20260929_145000.wav
2026-09-29 14:59:03,281336381,-3.6,0,0,22,0.99,20260929_145000.wav
2026-09-29 14:59:39,281336393,-3.8,0,0,19,0.98,20260929_145000.wav
2026-09-29 14:59:48,281336396,-3.8,0,0,16,0.98,20260929_145000.wav
2026-09-29 14:59:57,281336399,-3.7,0,0,18,0.98,20260929_145000.wav
2026-09-29 14:59:57,281336399,-0.2,0,0,18,0.98,20260929_150000.wav
2026-09-29 15:00:03,281336401,+0.0,0,0,18,0.98,20260929_150000.wav
2026-09-29 15:00:12,281336404,-0.1,0,0,16,0.97,20260929_150000.wav
2026-09-29 15:00:18,281336406,+0.0,0,0,18,0.98,20260929_150000.wav
2026-09-29 15:00:45,281336415,-0.2,0,0,18,0.98,20260929_150000.wav
2026-09-29 15:00:48,281336416,-0.1,0,0,17,0.98,20260929_150000.wav
2026-09-29 15:00:57,281336419,+0.0,0,0,17,0.98,20260929_150000.wav
2026-09-29 15:01:03,281336421,-0.1,0,0,17,0.98,20260929_150000.wav
2026-09-29 15:01:30,281336430,-0.1,0,0,17,0.98,20260929_150000.wav
2026-09-29 15:01:42,281336434,-0.1,0,0,16,0.98,20260929_150000.wav
2026-09-29 15:01:51,281336437,-0.1,0,0,16,0.98,20260929_150000.wav
2026-09-29 15:02:03,281336441,-0.1,0,0,17,0.98,20260929_150000.wav
2026-09-29 15:02:39,281336453,-0.1,0,0,18,0.98,20260929_150000.wav
2026-09-29 15:02:45,281336455,+0.0,0,0,17,0.98,20260929_150000.wav
2026-09-29 15:03:03,281336461,+0.0,0,0,16,0.98,20260929_150000.wav
2026-09-29 15:03:27,281336469,+0.0,0,0,16,0.98,20260929_150000.wav
2026-09-29 15:03:36,281336472,+0.1,0,0,16,0.97,20260929_150000.wav
2026-09-29 15:03:42,281336474,-0.1,0,0,15,0.97,20260929_150000.wav
2026-09-29 15:04:03,281336481,+0.1,0,0,17,0.98,20260929_150000.wav
2026-09-29 15:04:21,281336487,-0.1,0,0,17,0.98,20260929_150000.wav
2026-09-29 15:04:39,281336493,+0.0,0,0,16,0.98,20260929_150000.wav
2026-09-29 15:04:51,281336497,+0.1,0,0,17,0.97,20260929_150000.wav
2026-09-29 15:05:00,281336500,+0.0,0,0,16,0.97,20260929_150000.wav
2026-09-29 15:05:03,281336501,+0.0,0,0,17,0.98,20260929_150000.wav
2026-09-29 15:05:18,281336506,+0.0,0,0,18,0.98,20260929_150000.wav
2026-09-29 15:05:39,281336513,+0.0,0,0,17,0.98,20260929_150000.wav
2026-09-29 15:05:48,281336516,+0.0,0,0,19,0.98,20260929_150000.wav
2026-09-29 15:06:03,281336521,+0.1,0,0,16,0.97,20260929_150000.wav
2026-09-29 15:06:12,281336524,+0.0,0,0,15,0.97,20260929_150000.wav
2026-09-29 15:06:18,281336526,+0.1,0,0,18,0.98,20260929_150000.wav
2026-09-29 15:06:30,281336530,-0.1,0,0,16,0.98,20260929_150000.wav
2026-09-29 15:06:45,281336535,+0.0,0,0,17,0.98,20260929_150000.wav
2026-09-29 15:06:48,281336536,+0.1,0,0,15,0.97,20260929_150000.wav
2026-09-29 15:07:03,281336541,+0.0,0,0,15,0.97,20260929_150000.wav
2026-09-29 15:07:15,281336545,+0.1,0,0,16,0.97,20260929_150000.wav
2026-09-29 15:07:36,281336552,+0.0,0,0,15,0.97,20260929_150000.wav
2026-09-29 15:07:45,281336555,+0.1,0,0,17,0.97,20260929_150000.wav
2026-09-29 15:07:51,281336557,+0.0,0,0,16,0.98,20260929_150000.wav
2026-09-29 15:08:03,281336561,+0.2,0,0,18,0.98,20260929_150000.wav
2026-09-29 15:08:12,281336564,+0.1,0,0,18,0.98,20260929_150000.wav
2026-09-29 15:08:18,281336566,+0.2,0,0,17,0.98,20260929_150000.wav
2026-09-29 15:08:21,281336567,+0.1,0,0,16,0.97,20260929_150000.wav
2026-09-29 15:08:24,281336568,+0.0,0,0,16,0.97,20260929_150000.wav
2026-09-29 15:08:39,281336573,+0.1,0,0,17,0.98,20260929_150000.wav
2026-09-29 15:08:57,281336579,+0.0,0,0,15,0.97,20260929_150000.wav
2026-09-29 15:09:03,281336581,+0.1,0,0,16,0.97,20260929_150000.wav
2026-09-29 15:09:36,281336592,+0.1,0,0,15,0.97,20260929_150000.wav
2026-09-29 15:09:42,281336594,+0.1,0,0,15,0.97,20260929_150000.wav
2026-09-29 15:09:48,281336596,+0.2,0,0,16,0.97,20260929_150000.wav
2026-09-29 15:09:51,281336597,+0.1,0,0,17,0.97,20260929_150000.wav
2026-09-29 15:10:03,281336601,-0.1,0,0,16,0.97,20260929_151000.wav
2026-09-29 15:10:21,281336607,-0.1,0,0,18,0.98,20260929_151000.wav
2026-09-29 15:10:54,281336618,-0.1,0,0,16,0.97,20260929_151000.wav
2026-09-29 15:11:00,281336620,+0.0,0,0,15,0.97,20260929_151000.wav
2026-09-29 15:11:03,281336621,-0.2,0,0,16,0.97,20260929_151000.wav
2026-09-29 15:11:39,281336633,-0.1,0,0,15,0.97,20260929_151000.wav
2026-09-29 15:11:45,281336635,-0.1,0,0,17,0.98,20260929_151000.wav
2026-09-29 15:11:54,281336638,-0.2,0,0,17,0.98,20260929_151000.wav
2026-09-29 15:12:03,281336641,-0.1,0,0,16,0.97,20260929_151000.wav
2026-09-29 15:12:15,281336645,+0.0,0,0,15,0.97,20260929_151000.wav
2026-09-29 15:12:24,281336648,-0.1,0,0,18,0.98,20260929_151000.wav
2026-09-29 15:12:30,281336650,+0.0,0,0,17,0.97,20260929_151000.wav
2026-09-29 15:12:45,281336655,+0.0,0,0,14,0.97,20260929_151000.wav
2026-09-29 15:13:03,281336661,+0.0,0,0,16,0.97,20260929_151000.wav
2026-09-29 15:13:30,281336670,-0.1,0,0,17,0.98,20260929_151000.wav
2026-09-29 15:13:54,281336678,+0.0,0,0,16,0.97,20260929_151000.wav
2026-09-29 15:14:03,281336681,-0.1,0,0,18,0.98,20260929_151000.wav
2026-09-29 15:14:12,281336684,-0.1,0,0,15,0.97,20260929_151000.wav
2026-09-29 15:14:18,281336686,+0.0,0,0,15,0.97,20260929_151000.wav
2026-09-29 15:14:27,281336689,+0.0,0,0,17,0.97,20260929_151000.wav
2026-09-29 15:14:39,281336693,-0.1,0,0,16,0.97,20260929_151000.wav
2026-09-29 15:15:00,281336700,+0.0,0,0,15,0.97,20260929_151000.wav
2026-09-29 15:15:03,281336701,+0.0,0,0,16,0.97,20260929_151000.wav
2026-09-29 15:15:30,281336710,+0.0,0,0,15,0.97,20260929_151000.wav
2026-09-29 15:15:42,281336714,+0.0,0,0,15,0.97,20260929_151000.wav
2026-09-29 15:15:48,281336716,+0.0,0,0,15,0.97,20260929_151000.wav
2026-09-29 15:15:51,281336717,-0.1,0,0,17,0.98,20260929_151000.wav
2026-09-29 15:15:54,281336718,+0.1,0,0,17,0.97,20260929_151000.wav
2026-09-29 15:15:57,281336719,+0.0,0,0,15,0.97,20260929_151000.wav
2026-09-29 15:16:00,281336720,-0.1,0,0,15,0.97,20260929_151000.wav
2026-09-29 15:16:03,281336721,+0.1,0,0,17,0.97,20260929_151000.wav
2026-09-29 15:16:09,281336723,+0.0,0,0,17,0.98,20260929_151000.wav
2026-09-29 15:16:21,281336727,+0.1,0,0,16,0.97,20260929_151000.wav
2026-09-29 15:16:27,281336729,+0.0,0,0,15,0.97,20260929_151000.wav
2026-09-29 15:16:36,281336732,+0.1,0,0,15,0.97,20260929_151000.wav
2026-09-29 15:16:51,281336737,+0.1,0,0,17,0.97,20260929_151000.wav
2026-09-29 15:17:03,281336741,+0.0,0,0,16,0.97,20260929_151000.wav
2026-09-29 15:17:12,281336744,+0.0,0,0,17,0.97,20260929_151000.wav
2026-09-29 15:17:21,281336747,+0.0,0,0,16,0.97,20260929_151000.wav
2026-09-29 15:18:03,281336761,+0.0,0,0,17,0.98,20260929_151000.wav
2026-09-29 15:18:36,281336772,+0.0,0,0,15,0.97,20260929_151000.wav
2026-09-29 15:18:42,281336774,+0.0,0,0,16,0.97,20260929_151000.wav
2026-09-29 15:19:03,281336781,+0.1,0,0,16,0.97,20260929_151000.wav
2026-09-29 15:20:00,281336800,-224.4,0,0,14,0.96,20260929_152000.wav
2026-09-29 15:20:03,281336801,-224.3,0,0,17,0.98,20260929_152000.wav
2026-09-29 15:20:39,281336813,-224.5,0,0,17,0.98,20260929_152000.wav
2026-09-29 15:20:42,281336814,-224.4,0,0,17,0.97,20260929_152000.wav
2026-09-29 15:20:48,281336816,-224.6,0,0,15,0.97,20260929_152000.wav
2026-09-29 15:20:57,281336819,-224.5,0,0,14,0.96,20260929_152000.wav
2026-09-29 15:21:03,281336821,-224.4,0,0,17,0.97,20260929_152000.wav
2026-09-29 15:21:18,281336826,-224.3,0,0,18,0.98,20260929_152000.wav
2026-09-29 15:21:45,281336835,-224.4,0,0,15,0.97,20260929_152000.wav
2026-09-29 15:22:00,281336840,-224.4,0,0,17,0.97,20260929_152000.wav
2026-09-29 15:22:03,281336841,-224.4,0,0,18,0.97,20260929_152000.wav
2026-09-29 15:22:12,281336844,-224.3,0,0,15,0.96,20260929_152000.wav
2026-09-29 15:22:15,281336845,-224.4,0,0,15,0.97,20260929_152000.wav
2026-09-29 15:22:30,281336850,-224.4,0,0,17,0.97,20260929_152000.wav
2026-09-29 15:23:03,281336861,-224.3,0,0,18,0.98,20260929_152000.wav
2026-09-29 15:23:09,281336863,-224.3,0,0,15,0.96,20260929_152000.wav
2026-09-29 15:23:18,281336866,-36.4,0,0,25,0.99,20260929_152000.wav
2026-09-29 15:23:39,281336873,+0.2,0,0,17,0.98,20260929_152000.wav
2026-09-29 15:24:03,281336881,+0.1,0,0,17,0.98,20260929_152000.wav
2026-09-29 15:24:24,281336888,+0.1,0,0,17,0.98,20260929_152000.wav
2026-09-29 15:24:36,281336892,+0.1,0,0,18,0.98,20260929_152000.wav
2026-09-29 15:24:39,281336893,+0.1,0,0,16,0.98,20260929_152000.wav
2026-09-29 15:25:03,281336901,+0.1,0,0,19,0.99,20260929_152000.wav
2026-09-29 15:25:18,281336906,-0.0,0,0,17,0.98,20260929_152000.wav
2026-09-29 15:25:21,281336907,+0.1,0,0,17,0.97,20260929_152000.wav
2026-09-29 15:25:27,281336909,-0.0,0,0,16,0.97,20260929_152000.wav
2026-09-29 15:25:36,281336912,+0.1,0,0,16,0.98,20260929_152000.wav
2026-09-29 15:25:48,281336916,+0.1,0,0,16,0.98,20260929_152000.wav
2026-09-29 15:26:00,281336920,+0.1,0,0,16,0.97,20260929_152000.wav
2026-09-29 15:26:03,281336921,+0.1,0,0,17,0.97,20260929_152000.wav
2026-09-29 15:26:12,281336924,+0.1,0,0,17,0.98,20260929_152000.wav
2026-09-29 15:26:15,281336925,+0.1,0,0,18,0.98,20260929_152000.wav
2026-09-29 15:26:18,281336926,+0.1,0,0,18,0.98,20260929_152000.wav
2026-09-29 15:26:39,281336933,+0.1,0,0,15,0.97,20260929_152000.wav
2026-09-29 15:26:45,281336935,-1.1,3,1,2,0.68,20260929_152000.wav
2026-09-29 15:27:03,281336941,-1.1,0,0,16,0.98,20260929_152000.wav
2026-09-29 15:27:15,281336945,-1.0,0,0,19,0.98,20260929_152000.wav
2026-09-29 15:27:24,281336948,-1.1,0,0,15,0.97,20260929_152000.wav
2026-09-29 15:27:27,281336949,-1.2,0,0,15,0.97,20260929_152000.wav
2026-09-29 15:27:30,281336950,-1.2,0,0,16,0.98,20260929_152000.wav
2026-09-29 15:28:03,281336961,+0.0,0,0,18,0.98,20260929_152000.wav
2026-09-29 15:28:12,281336964,+0.2,0,0,17,0.98,20260929_152000.wav
2026-09-29 15:28:42,281336974,+0.3,0,0,18,0.98,20260929_152000.wav
2026-09-29 15:28:45,281336975,+0.2,0,0,17,0.98,20260929_152000.wav
2026-09-29 15:28:51,281336977,+0.2,0,0,17,0.98,20260929_152000.wav
2026-09-29 15:29:03,281336981,+0.3,0,0,17,0.98,20260929_152000.wav
2026-09-29 15:29:15,281336985,+0.2,0,0,18,0.98,20260929_152000.wav
2026-09-29 15:29:39,281336993,+0.2,0,0,17,0.98,20260929_152000.wav
2026-09-29 15:29:45,281336995,+0.3,0,0,18,0.98,20260929_152000.wav
2026-09-29 15:29:48,281336996,+0.2,0,0,16,0.98,20260929_152000.wav
2026-09-29 15:30:03,281337001,+0.4,0,0,12,0.95,20260929_153000.wav
2026-09-29 15:30:15,281337005,-0.1,0,0,16,0.97,20260929_153000.wav
2026-09-29 15:30:21,281337007,-0.1,0,0,19,0.98,20260929_153000.wav
2026-09-29 15:30:39,281337013,-0.2,0,0,16,0.97,20260929_153000.wav
2026-09-29 15:30:54,281337018,-0.2,0,0,17,0.97,20260929_153000.wav
2026-09-29 15:31:03,281337021,-0.2,0,0,17,0.97,20260929_153000.wav
2026-09-29 15:31:30,281337030,-0.1,0,0,18,0.98,20260929_153000.wav
2026-09-29 15:31:42,281337034,-0.2,0,0,16,0.97,20260929_153000.wav
2026-09-29 15:31:51,281337037,-0.2,0,0,16,0.97,20260929_153000.wav
2026-09-29 15:32:03,281337041,-0.1,0,0,18,0.98,20260929_153000.wav
2026-09-29 15:32:18,281337046,+0.0,0,0,16,0.97,20260929_153000.wav
2026-09-29 15:33:03,281337061,-0.1,0,0,17,0.98,20260929_153000.wav
2026-09-29 15:33:27,281337069,+0.0,0,0,17,0.97,20260929_153000.wav
2026-09-29 15:33:45,281337075,-0.1,0,0,14,0.96,20260929_153000.wav
2026-09-29 15:33:48,281337076,-0.2,0,0,16,0.97,20260929_153000.wav
2026-09-29 15:34:03,281337081,-0.2,0,0,18,0.98,20260929_153000.wav
2026-09-29 15:34:51,281337097,-0.1,0,0,17,0.97,20260929_153000.wav
2026-09-29 15:35:03,281337101,-0.1,0,0,15,0.97,20260929_153000.wav
2026-09-29 15:35:21,281337107,-0.1,0,0,17,0.98,20260929_153000.wav
2026-09-29 15:35:30,281337110,-0.1,0,0,17,0.98,20260929_153000.wav
2026-09-29 15:35:39,281337113,+0.0,0,0,17,0.98,20260929_153000.wav
2026-09-29 15:36:03,281337121,+0.1,0,0,17,0.98,20260929_153000.wav
2026-09-29 15:36:24,281337128,-0.1,0,0,17,0.98,20260929_153000.wav
2026-09-29 15:36:30,281337130,-0.1,0,0,16,0.97,20260929_153000.wav
2026-09-29 15:36:39,281337133,-0.1,0,0,16,0.98,20260929_153000.wav
2026-09-29 15:36:51,281337137,+0.1,0,0,17,0.98,20260929_153000.wav
2026-09-29 15:36:57,281337139,+0.0,0,0,16,0.97,20260929_153000.wav
2026-09-29 15:37:00,281337140,+0.0,0,0,17,0.98,20260929_153000.wav
2026-09-29 15:37:03,281337141,-0.1,0,0,17,0.98,20260929_153000.wav
2026-09-29 15:37:09,281337143,+0.0,0,0,16,0.97,20260929_153000.wav
2026-09-29 15:37:27,281337149,+0.0,0,0,17,0.98,20260929_153000.wav
2026-09-29 15:37:36,281337152,+0.0,0,0,15,0.97,20260929_153000.wav
2026-09-29 15:37:51,281337157,+0.0,0,0,17,0.98,20260929_153000.wav
2026-09-29 15:37:54,281337158,+0.1,0,0,18,0.98,20260929_153000.wav
2026-09-29 15:38:00,281337160,+0.0,0,0,18,0.98,20260929_153000.wav
2026-09-29 15:38:03,281337161,+0.0,0,0,16,0.98,20260929_153000.wav
2026-09-29 15:38:15,281337165,+0.0,0,0,18,0.98,20260929_153000.wav
2026-09-29 15:38:18,281337166,+0.1,0,0,17,0.98,20260929_153000.wav
2026-09-29 15:38:30,281337170,-0.1,0,0,17,0.98,20260929_153000.wav
2026-09-29 15:38:39,281337173,+0.0,0,0,16,0.97,20260929_153000.wav
2026-09-29 15:38:42,281337174,+0.0,0,0,17,0.98,20260929_153000.wav
2026-09-29 15:39:03,281337181,+0.0,0,0,16,0.97,20260929_153000.wav
2026-09-29 15:39:12,281337184,+0.1,0,0,16,0.97,20260929_153000.wav
2026-09-29 15:39:30,281337190,+0.1,0,0,18,0.98,20260929_153000.wav
2026-09-29 15:39:45,281337195,+0.1,0,0,17,0.98,20260929_153000.wav
2026-09-29 15:40:00,281337200,-19.7,0,0,22,0.98,20260929_154000.wav
2026-09-29 15:40:03,281337201,-19.9,0,0,16,0.97,20260929_154000.wav
2026-09-29 15:40:21,281337207,-19.8,0,0,17,0.98,20260929_154000.wav
2026-09-29 15:41:00,281337220,-0.1,0,0,18,0.98,20260929_154000.wav
2026-09-29 15:41:03,281337221,-0.1,0,0,16,0.97,20260929_154000.wav
2026-09-29 15:41:18,281337226,-0.0,0,0,18,0.98,20260929_154000.wav
2026-09-29 15:41:39,281337233,-0.2,0,0,16,0.97,20260929_154000.wav
2026-09-29 15:41:48,281337236,-0.1,0,0,17,0.97,20260929_154000.wav
2026-09-29 15:41:57,281337239,-0.0,0,0,18,0.98,20260929_154000.wav
2026-09-29 15:42:03,281337241,-0.1,0,0,16,0.97,20260929_154000.wav
2026-09-29 15:42:45,281337255,-0.0,0,0,16,0.97,20260929_154000.wav
2026-09-29 15:43:03,281337261,-0.1,0,0,18,0.98,20260929_154000.wav
2026-09-29 15:43:36,281337272,-0.1,0,0,16,0.97,20260929_154000.wav
2026-09-29 15:43:42,281337274,-0.1,0,0,15,0.97,20260929_154000.wav
2026-09-29 15:43:45,281337275,-0.1,0,0,17,0.97,20260929_154000.wav
2026-09-29 15:43:51,281337277,-0.1,0,0,17,0.97,20260929_154000.wav
2026-09-29 15:44:03,281337281,-0.1,0,0,16,0.97,20260929_154000.wav
2026-09-29 15:44:12,281337284,+0.0,0,0,17,0.98,20260929_154000.wav
2026-09-29 15:44:27,281337289,+0.0,0,0,17,0.98,20260929_154000.wav
2026-09-29 15:44:39,281337293,+0.0,0,0,16,0.97,20260929_154000.wav
2026-09-29 15:44:42,281337294,-0.1,0,0,15,0.96,20260929_154000.wav
2026-09-29 15:44:57,281337299,-0.1,0,0,17,0.98,20260929_154000.wav
2026-09-29 15:45:03,281337301,+0.0,0,0,18,0.98,20260929_154000.wav
2026-09-29 15:45:15,281337305,+0.0,0,0,16,0.97,20260929_154000.wav
2026-09-29 15:45:24,281337308,+0.0,0,0,17,0.98,20260929_154000.wav
2026-09-29 15:45:27,281337309,+0.0,0,0,18,0.98,20260929_154000.wav
2026-09-29 15:45:30,281337310,-0.1,0,0,16,0.97,20260929_154000.wav
2026-09-29 15:45:42,281337314,-1.3,0,0,17,0.98,20260929_154000.wav
2026-09-29 15:45:45,281337315,-1.3,0,0,16,0.98,20260929_154000.wav
2026-09-29 15:46:03,281337321,-1.2,0,0,16,0.98,20260929_154000.wav
2026-09-29 15:46:12,281337324,-1.2,0,0,18,0.98,20260929_154000.wav
2026-09-29 15:46:15,281337325,-0.7,1,0,18,0.98,20260929_154000.wav
2026-09-29 15:46:18,281337326,-0.1,0,0,16,0.97,20260929_154000.wav
2026-09-29 15:46:36,281337332,+0.1,0,0,16,0.97,20260929_154000.wav
2026-09-29 15:46:42,281337334,+0.0,0,0,17,0.98,20260929_154000.wav
2026-09-29 15:46:48,281337336,+0.0,0,0,17,0.98,20260929_154000.wav
2026-09-29 15:46:51,281337337,-0.1,0,0,17,0.97,20260929_154000.wav
2026-09-29 15:47:03,281337341,+0.1,0,0,17,0.98,20260929_154000.wav
2026-09-29 15:47:09,281337343,+0.1,0,0,17,0.98,20260929_154000.wav
2026-09-29 15:47:18,281337346,+0.1,0,0,17,0.98,20260929_154000.wav
2026-09-29 15:47:24,281337348,+0.0,0,0,17,0.98,20260929_154000.wav
2026-09-29 15:47:30,281337350,+1.3,0,0,17,0.97,20260929_154000.wav
2026-09-29 15:47:39,281337353,+1.3,0,0,17,0.98,20260929_154000.wav
2026-09-29 15:47:54,281337358,+1.3,0,0,18,0.98,20260929_154000.wav
2026-09-29 15:48:03,281337361,+1.3,0,0,16,0.98,20260929_154000.wav
2026-09-29 15:48:24,281337368,+1.4,0,0,15,0.97,20260929_154000.wav
2026-09-29 15:48:39,281337373,+1.4,0,0,17,0.98,20260929_154000.wav
2026-09-29 15:48:42,281337374,+1.4,0,0,16,0.97,20260929_154000.wav
2026-09-29 15:48:51,281337377,+1.4,0,0,21,0.99,20260929_154000.wav
2026-09-29 15:48:57,281337379,+1.4,0,0,19,0.98,20260929_154000.wav
2026-09-29 15:49:00,281337380,+1.3,0,0,18,0.98,20260929_154000.wav
2026-09-29 15:49:03,281337381,+1.5,0,0,15,0.97,20260929_154000.wav
2026-09-29 15:49:15,281337385,+1.3,0,0,16,0.98,20260929_154000.wav
2026-09-29 15:49:18,281337386,+1.4,0,0,15,0.97,20260929_154000.wav
2026-09-29 15:49:21,281337387,+1.4,0,0,15,0.97,20260929_154000.wav
2026-09-29 15:49:48,281337396,+1.3,0,0,18,0.98,20260929_154000.wav
2026-09-29 15:49:51,281337397,+1.4,0,0,17,0.98,20260929_154000.wav
2026-09-29 15:49:54,281337398,+1.4,0,0,16,0.97,20260929_154000.wav
2026-09-29 15:50:00,281337400,-3.9,0,0,20,0.99,20260929_155000.wav
2026-09-29 15:50:03,281337401,-4.1,0,0,17,0.98,20260929_155000.wav
2026-09-29 15:50:24,281337408,-3.9,0,0,18,0.99,20260929_155000.wav
2026-09-29 15:50:27,281337409,-4.0,0,0,16,0.97,20260929_155000.wav
2026-09-29 15:50:48,281337416,+2.8,0,0,21,0.98,20260929_155000.wav
2026-09-29 15:51:03,281337421,-2.5,0,0,25,0.99,20260929_155000.wav
2026-09-29 15:51:12,281337424,-2.6,0,0,19,0.98,20260929_155000.wav
2026-09-29 15:51:18,281337426,-0.0,0,0,16,0.98,20260929_155000.wav
2026-09-29 15:51:45,281337435,-0.1,0,0,17,0.98,20260929_155000.wav
2026-09-29 15:51:48,281337436,-0.0,0,0,17,0.98,20260929_155000.wav
2026-09-29 15:51:57,281337439,+0.1,0,0,16,0.98,20260929_155000.wav
2026-09-29 15:52:03,281337441,-0.0,0,0,16,0.98,20260929_155000.wav
2026-09-29 15:52:45,281337455,+0.1,0,0,18,0.98,20260929_155000.wav
2026-09-29 15:53:03,281337461,-0.0,0,0,16,0.98,20260929_155000.wav
2026-09-29 15:53:12,281337464,+0.1,0,0,18,0.98,20260929_155000.wav
2026-09-29 15:53:15,281337465,-0.1,0,0,17,0.98,20260929_155000.wav
2026-09-29 15:53:30,281337470,-0.0,0,0,16,0.97,20260929_155000.wav
2026-09-29 15:53:39,281337473,-0.1,0,0,18,0.98,20260929_155000.wav
2026-09-29 15:54:00,281337480,+0.1,0,0,17,0.98,20260929_155000.wav
2026-09-29 15:54:03,281337481,+0.0,0,0,16,0.97,20260929_155000.wav
2026-09-29 15:54:15,281337485,+0.1,0,0,16,0.98,20260929_155000.wav
2026-09-29 15:54:30,281337490,+0.0,0,0,18,0.98,20260929_155000.wav
2026-09-29 15:54:42,281337494,+0.0,0,0,17,0.98,20260929_155000.wav
2026-09-29 15:54:45,281337495,+0.0,0,0,16,0.98,20260929_155000.wav
2026-09-29 15:54:48,281337496,+0.2,0,0,17,0.98,20260929_155000.wav
2026-09-29 15:54:57,281337499,+0.1,0,0,15,0.97,20260929_155000.wav
2026-09-29 15:55:00,281337500,+0.0,0,0,17,0.98,20260929_155000.wav
2026-09-29 15:55:03,281337501,+0.0,0,0,16,0.97,20260929_155000.wav
2026-09-29 15:55:09,281337503,+0.0,0,0,16,0.98,20260929_155000.wav
2026-09-29 15:55:12,281337504,+0.1,0,0,16,0.98,20260929_155000.wav
2026-09-29 15:55:15,281337505,+0.1,0,0,15,0.97,20260929_155000.wav
2026-09-29 15:55:36,281337512,+0.1,0,0,16,0.97,20260929_155000.wav
2026-09-29 15:55:39,281337513,+0.1,0,0,17,0.98,20260929_155000.wav
2026-09-29 15:55:42,281337514,+0.0,0,0,16,0.98,20260929_155000.wav
2026-09-29 15:55:45,281337515,+0.1,0,0,17,0.98,20260929_155000.wav
2026-09-29 15:55:48,281337516,+0.0,0,0,16,0.97,20260929_155000.wav
2026-09-29 15:55:51,281337517,+0.0,0,0,17,0.98,20260929_155000.wav
2026-09-29 15:56:03,281337521,+0.2,0,0,16,0.98,20260929_155000.wav
2026-09-29 15:56:18,281337526,+0.2,0,0,18,0.99,20260929_155000.wav
2026-09-29 15:56:39,281337533,+0.0,0,0,17,0.98,20260929_155000.wav
2026-09-29 15:56:42,281337534,+0.1,0,0,16,0.98,20260929_155000.wav
2026-09-29 15:56:54,281337538,+0.1,0,0,16,0.98,20260929_155000.wav
2026-09-29 15:57:03,281337541,+0.0,0,0,15,0.97,20260929_155000.wav
2026-09-29 15:57:27,281337549,+0.1,0,0,17,0.98,20260929_155000.wav
2026-09-29 15:57:45,281337555,+0.1,0,0,16,0.98,20260929_155000.wav
2026-09-29 15:58:03,281337561,-4.9,0,0,21,0.99,20260929_155000.wav
2026-09-29 15:58:18,281337566,-5.1,0,0,17,0.98,20260929_155000.wav
2026-09-29 15:58:36,281337572,-5.2,0,0,15,0.97,20260929_155000.wav
2026-09-29 15:58:42,281337574,-5.1,0,0,16,0.98,20260929_155000.wav
2026-09-29 15:58:51,281337577,-5.0,0,0,16,0.98,20260929_155000.wav
2026-09-29 15:59:03,281337581,-5.2,0,0,16,0.98,20260929_155000.wav
2026-09-29 15:59:15,281337585,-5.0,0,0,15,0.97,20260929_155000.wav
2026-09-29 15:59:45,281337595,-5.1,0,0,15,0.97,20260929_155000.wav
2026-09-29 15:59:51,281337597,-5.1,0,0,18,0.98,20260929_155000.wav
2026-09-29 16:00:03,281337601,+0.0,0,0,23,0.99,20260929_160000.wav
2026-09-29 16:00:15,281337605,-0.1,0,0,17,0.98,20260929_160000.wav
2026-09-29 16:00:30,281337610,+0.0,0,0,18,0.98,20260929_160000.wav
2026-09-29 16:00:39,281337613,+0.0,0,0,17,0.98,20260929_160000.wav
2026-09-29 16:00:54,281337618,-0.1,0,0,16,0.98,20260929_160000.wav
2026-09-29 16:01:00,281337620,-0.2,0,0,18,0.99,20260929_160000.wav
2026-09-29 16:01:03,281337621,-0.1,0,0,16,0.98,20260929_160000.wav
2026-09-29 16:01:09,281337623,-0.1,0,0,17,0.98,20260929_160000.wav
2026-09-29 16:01:18,281337626,-0.1,0,0,15,0.97,20260929_160000.wav
2026-09-29 16:01:24,281337628,-0.2,0,0,16,0.98,20260929_160000.wav
2026-09-29 16:01:39,281337633,-0.1,0,0,16,0.98,20260929_160000.wav
2026-09-29 16:02:03,281337641,-0.1,0,0,18,0.98,20260929_160000.wav
2026-09-29 16:02:12,281337644,-0.1,0,0,16,0.97,20260929_160000.wav
2026-09-29 16:02:15,281337645,-0.1,0,0,16,0.98,20260929_160000.wav
2026-09-29 16:02:18,281337646,+0.0,0,0,16,0.98,20260929_160000.wav
2026-09-29 16:02:27,281337649,-0.1,0,0,16,0.98,20260929_160000.wav
2026-09-29 16:02:30,281337650,-0.2,0,0,16,0.98,20260929_160000.wav
2026-09-29 16:02:42,281337654,+0.0,0,0,18,0.98,20260929_160000.wav
2026-09-29 16:03:03,281337661,-0.2,0,0,17,0.98,20260929_160000.wav
2026-09-29 16:03:12,281337664,-0.1,0,0,18,0.99,20260929_160000.wav
2026-09-29 16:03:15,281337665,+0.0,0,0,16,0.98,20260929_160000.wav
2026-09-29 16:03:36,281337672,-0.1,0,0,16,0.98,20260929_160000.wav
2026-09-29 16:03:45,281337675,-0.2,0,0,18,0.98,20260929_160000.wav
2026-09-29 16:03:48,281337676,+0.0,0,0,16,0.98,20260929_160000.wav
2026-09-29 16:04:00,281337680,-0.1,0,0,18,0.98,20260929_160000.wav
2026-09-29 16:04:03,281337681,+0.0,0,0,16,0.98,20260929_160000.wav
2026-09-29 16:04:15,281337685,-0.1,0,0,17,0.98,20260929_160000.wav
2026-09-29 16:04:36,281337692,+0.0,0,0,16,0.98,20260929_160000.wav
2026-09-29 16:04:48,281337696,-0.1,0,0,18,0.98,20260929_160000.wav
2026-09-29 16:04:51,281337697,-0.1,0,0,18,0.98,20260929_160000.wav
2026-09-29 16:05:00,281337700,-0.1,0,0,15,0.97,20260929_160000.wav
2026-09-29 16:05:03,281337701,+0.0,0,0,16,0.98,20260929_160000.wav
2026-09-29 16:05:09,281337703,+0.0,0,0,17,0.98,20260929_160000.wav
2026-09-29 16:05:24,281337708,-0.1,0,0,18,0.99,20260929_160000.wav
2026-09-29 16:06:03,281337721,+0.0,0,0,17,0.98,20260929_160000.wav
2026-09-29 16:06:30,281337730,+0.0,0,0,15,0.97,20260929_160000.wav
2026-09-29 16:06:39,281337733,-0.1,0,0,16,0.98,20260929_160000.wav
2026-09-29 16:06:42,281337734,+0.0,0,0,16,0.98,20260929_160000.wav
2026-09-29 16:06:48,281337736,+0.0,0,0,16,0.98,20260929_160000.wav
2026-09-29 16:06:51,281337737,+0.0,0,0,16,0.97,20260929_160000.wav
2026-09-29 16:06:54,281337738,+0.0,0,0,15,0.97,20260929_160000.wav
2026-09-29 16:07:00,281337740,+0.0,0,0,16,0.98,20260929_160000.wav
2026-09-29 16:07:03,281337741,+0.1,0,0,17,0.98,20260929_160000.wav
2026-09-29 16:07:09,281337743,-0.1,0,0,18,0.99,20260929_160000.wav
2026-09-29 16:07:21,281337747,+0.0,0,0,17,0.98,20260929_160000.wav
2026-09-29 16:07:36,281337752,+0.1,0,0,18,0.98,20260929_160000.wav
2026-09-29 16:07:51,281337757,-0.1,0,0,16,0.98,20260929_160000.wav
2026-09-29 16:07:54,281337758,+0.0,0,0,15,0.97,20260929_160000.wav
2026-09-29 16:08:00,281337760,+0.0,0,0,18,0.99,20260929_160000.wav
2026-09-29 16:08:03,281337761,+0.0,0,0,16,0.98,20260929_160000.wav
2026-09-29 16:08:27,281337769,+0.1,0,0,17,0.98,20260929_160000.wav
2026-09-29 16:08:42,281337774,-0.1,0,0,17,0.98,20260929_160000.wav
2026-09-29 16:08:48,281337776,+0.1,0,0,17,0.98,20260929_160000.wav
2026-09-29 16:09:03,281337781,+0.0,0,0,16,0.98,20260929_160000.wav
2026-09-29 16:09:12,281337784,+0.0,0,0,16,0.98,20260929_160000.wav
2026-09-29 16:09:18,281337786,+0.0,0,0,15,0.97,20260929_160000.wav
2026-09-29 16:09:24,281337788,+0.1,0,0,16,0.98,20260929_160000.wav
2026-09-29 16:09:45,281337795,+0.0,0,0,16,0.98,20260929_160000.wav
2026-09-29 16:09:57,281337799,+0.2,0,0,16,0.98,20260929_160000.wav
2026-09-29 16:09:57,281337799,+0.1,0,0,17,0.98,20260929_161000.wav
2026-09-29 16:10:03,281337801,-0.1,0,0,16,0.98,20260929_161000.wav
2026-09-29 16:10:18,281337806,-0.1,0,0,17,0.98,20260929_161000.wav
2026-09-29 16:10:30,281337810,+0.0,0,0,15,0.97,20260929_161000.wav
2026-09-29 16:10:36,281337812,-0.1,0,0,16,0.98,20260929_161000.wav
2026-09-29 16:10:51,281337817,-0.1,0,0,17,0.98,20260929_161000.wav
2026-09-29 16:11:03,281337821,+0.0,0,0,16,0.98,20260929_161000.wav
2026-09-29 16:11:12,281337824,+0.1,0,0,16,0.98,20260929_161000.wav
2026-09-29 16:11:18,281337826,+0.0,0,0,17,0.98,20260929_161000.wav
2026-09-29 16:11:27,281337829,+0.1,0,0,17,0.98,20260929_161000.wav
2026-09-29 16:11:30,281337830,+0.0,0,0,16,0.98,20260929_161000.wav
2026-09-29 16:11:45,281337835,+0.0,0,0,17,0.98,20260929_161000.wav
2026-09-29 16:12:03,281337841,-0.1,0,0,17,0.98,20260929_161000.wav
2026-09-29 16:12:36,281337852,+0.0,0,0,16,0.98,20260929_161000.wav
2026-09-29 16:13:00,281337860,+0.1,0,0,18,0.98,20260929_161000.wav
2026-09-29 16:13:03,281337861,+0.1,0,0,17,0.98,20260929_161000.wav
2026-09-29 16:13:15,281337865,-2480.0,0,0,16,0.98,20260929_161000.wav
2026-09-29 16:13:42,281337874,+0.1,0,0,17,0.98,20260929_161000.wav
2026-09-29 16:13:45,281337875,+0.0,0,0,16,0.98,20260929_161000.wav
2026-09-29 16:13:48,281337876,+0.1,0,0,16,0.98,20260929_161000.wav
2026-09-29 16:14:00,281337880,+0.0,0,0,16,0.98,20260929_161000.wav
2026-09-29 16:14:03,281337881,+0.0,0,0,16,0.98,20260929_161000.wav
2026-09-29 16:14:27,281337889,+0.2,0,0,16,0.98,20260929_161000.wav
2026-09-29 16:14:42,281337894,+0.1,0,0,17,0.98,20260929_161000.wav
2026-09-29 16:14:57,281337899,+0.0,0,0,16,0.98,20260929_161000.wav
2026-09-29 16:15:03,281337901,+0.0,0,0,18,0.98,20260929_161000.wav
2026-09-29 16:15:12,281337904,+0.0,0,0,16,0.98,20260929_161000.wav
2026-09-29 16:15:15,281337905,+0.2,0,0,15,0.97,20260929_161000.wav
2026-09-29 16:15:30,281337910,+0.1,0,0,17,0.98,20260929_161000.wav
2026-09-29 16:15:45,281337915,+0.1,0,0,16,0.98,20260929_161000.wav
2026-09-29 16:15:48,281337916,+0.1,0,0,16,0.98,20260929_161000.wav
2026-09-29 16:16:03,281337921,+0.1,0,0,16,0.97,20260929_161000.wav
2026-09-29 16:16:12,281337924,+0.1,0,0,16,0.97,20260929_161000.wav
2026-09-29 16:16:15,281337925,+0.0,0,0,16,0.98,20260929_161000.wav
2026-09-29 16:16:48,281337936,+0.1,0,0,16,0.98,20260929_161000.wav
2026-09-29 16:16:51,281337937,+0.1,0,0,16,0.98,20260929_161000.wav
2026-09-29 16:17:03,281337941,+0.0,0,0,16,0.98,20260929_161000.wav
2026-09-29 16:17:24,281337948,+0.0,0,0,16,0.98,20260929_161000.wav
2026-09-29 16:17:27,281337949,+0.1,0,0,16,0.98,20260929_161000.wav
2026-09-29 16:17:30,281337950,+0.1,0,0,16,0.98,20260929_161000.wav
2026-09-29 16:17:54,281337958,-1.2,0,0,17,0.97,20260929_161000.wav
2026-09-29 16:18:03,281337961,-1.3,0,0,18,0.98,20260929_161000.wav
2026-09-29 16:18:48,281337976,-1.1,0,0,17,0.97,20260929_161000.wav
2026-09-29 16:18:54,281337978,-1.1,0,0,17,0.97,20260929_161000.wav
2026-09-29 16:18:57,281337979,-1.2,0,0,15,0.97,20260929_161000.wav
2026-09-29 16:19:03,281337981,-1.1,0,0,18,0.98,20260929_161000.wav
2026-09-29 16:19:15,281337985,-1.2,0,0,16,0.97,20260929_161000.wav
2026-09-29 16:19:21,281337987,-1.2,0,0,17,0.97,20260929_161000.wav
2026-09-29 16:19:30,281337990,-1.2,0,0,16,0.97,20260929_161000.wav
2026-09-29 16:19:45,281337995,-1.2,0,0,18,0.97,20260929_161000.wav
2026-09-29 16:20:12,281338004,-0.1,0,0,18,0.98,20260929_162000.wav
2026-09-29 16:20:18,281338006,-0.2,0,0,15,0.97,20260929_162000.wav
2026-09-29 16:20:24,281338008,-0.0,0,0,16,0.97,20260929_162000.wav
2026-09-29 16:20:30,281338010,-0.0,0,0,18,0.98,20260929_162000.wav
2026-09-29 16:20:39,281338013,+0.0,0,0,16,0.98,20260929_162000.wav
2026-09-29 16:21:00,281338020,+0.0,0,0,15,0.97,20260929_162000.wav
2026-09-29 16:21:03,281338021,+0.0,0,0,18,0.98,20260929_162000.wav
2026-09-29 16:21:27,281338029,+0.0,0,0,17,0.98,20260929_162000.wav
2026-09-29 16:21:30,281338030,-0.1,0,0,17,0.98,20260929_162000.wav
2026-09-29 16:21:42,281338034,-0.0,0,0,17,0.98,20260929_162000.wav
2026-09-29 16:22:03,281338041,-0.0,0,0,17,0.98,20260929_162000.wav
2026-09-29 16:22:12,281338044,+0.1,0,0,18,0.98,20260929_162000.wav
2026-09-29 16:22:18,281338046,-0.1,0,0,16,0.98,20260929_162000.wav
2026-09-29 16:22:36,281338052,-0.0,0,0,15,0.97,20260929_162000.wav
2026-09-29 16:23:03,281338061,-0.0,0,0,17,0.98,20260929_162000.wav
2026-09-29 16:23:18,281338066,+0.1,0,0,15,0.97,20260929_162000.wav
2026-09-29 16:23:27,281338069,-0.0,0,0,16,0.98,20260929_162000.wav
2026-09-29 16:23:30,281338070,-0.1,0,0,16,0.98,20260929_162000.wav
2026-09-29 16:23:39,281338073,-0.0,0,0,18,0.98,20260929_162000.wav
2026-09-29 16:23:42,281338074,+0.1,0,0,15,0.97,20260929_162000.wav
2026-09-29 16:23:48,281338076,-0.0,0,0,15,0.97,20260929_162000.wav
2026-09-29 16:23:54,281338078,-0.0,0,0,15,0.97,20260929_162000.wav
2026-09-29 16:24:03,281338081,-0.0,0,0,19,0.98,20260929_162000.wav
2026-09-29 16:24:12,281338084,+0.1,0,0,16,0.98,20260929_162000.wav
2026-09-29 16:24:18,281338086,-0.0,0,0,17,0.98,20260929_162000.wav
2026-09-29 16:24:45,281338095,+0.1,0,0,17,0.98,20260929_162000.wav
2026-09-29 16:25:03,281338101,-0.0,0,0,16,0.97,20260929_162000.wav
2026-09-29 16:25:12,281338104,+0.1,0,0,15,0.97,20260929_162000.wav
2026-09-29 16:26:03,281338121,+0.1,0,0,16,0.97,20260929_162000.wav
2026-09-29 16:26:27,281338129,+0.1,0,0,17,0.97,20260929_162000.wav
2026-09-29 16:26:54,281338138,+0.1,0,0,17,0.98,20260929_162000.wav
2026-09-29 16:26:57,281338139,-0.0,0,0,16,0.98,20260929_162000.wav
2026-09-29 16:27:00,281338140,+0.2,0,0,18,0.98,20260929_162000.wav
2026-09-29 16:27:03,281338141,+0.1,0,0,15,0.97,20260929_162000.wav
2026-09-29 16:27:18,281338146,+0.2,0,0,18,0.98,20260929_162000.wav
2026-09-29 16:27:39,281338153,+0.1,0,0,16,0.98,20260929_162000.wav
2026-09-29 16:27:45,281338155,-0.0,0,0,17,0.98,20260929_162000.wav
2026-09-29 16:27:57,281338159,+0.2,0,0,16,0.97,20260929_162000.wav
2026-09-29 16:28:03,281338161,-0.0,0,0,18,0.98,20260929_162000.wav
2026-09-29 16:28:18,281338166,+0.1,0,0,16,0.97,20260929_162000.wav
2026-09-29 16:28:21,281338167,+0.2,0,0,16,0.98,20260929_162000.wav
2026-09-29 16:28:24,281338168,+0.1,0,0,14,0.97,20260929_162000.wav
2026-09-29 16:28:39,281338173,+0.2,0,0,15,0.97,20260929_162000.wav
2026-09-29 16:29:03,281338181,+0.2,0,0,15,0.97,20260929_162000.wav
2026-09-29 16:29:18,281338186,+0.2,0,0,17,0.98,20260929_162000.wav
2026-09-29 16:29:39,281338193,+0.1,0,0,17,0.98,20260929_162000.wav
2026-09-29 16:30:00,281338200,+3.8,0,0,14,0.96,20260929_163000.wav
2026-09-29 16:30:03,281338201,+3.9,0,0,17,0.98,20260929_163000.wav
2026-09-29 16:30:30,281338210,+3.8,0,0,17,0.98,20260929_163000.wav
2026-09-29 16:31:03,281338221,+0.0,0,0,18,0.98,20260929_163000.wav
2026-09-29 16:31:21,281338227,+0.0,0,0,16,0.97,20260929_163000.wav
2026-09-29 16:31:36,281338232,-0.1,0,0,14,0.96,20260929_163000.wav
2026-09-29 16:31:42,281338234,-0.1,0,0,16,0.97,20260929_163000.wav
2026-09-29 16:31:45,281338235,+0.0,0,0,18,0.98,20260929_163000.wav
2026-09-29 16:31:51,281338237,-0.1,0,0,16,0.98,20260929_163000.wav
2026-09-29 16:32:03,281338241,+0.0,0,0,17,0.98,20260929_163000.wav
2026-09-29 16:32:21,281338247,-0.1,0,0,15,0.97,20260929_163000.wav
2026-09-29 16:32:27,281338249,+0.0,0,0,17,0.98,20260929_163000.wav
2026-09-29 16:32:39,281338253,+0.0,0,0,15,0.97,20260929_163000.wav
2026-09-29 16:33:00,281338260,+0.0,0,0,16,0.97,20260929_163000.wav
2026-09-29 16:33:03,281338261,+0.0,0,0,17,0.98,20260929_163000.wav
2026-09-29 16:33:24,281338268,+0.0,0,0,17,0.97,20260929_163000.wav
2026-09-29 16:33:27,281338269,+0.0,0,0,16,0.98,20260929_163000.wav
2026-09-29 16:33:39,281338273,+0.0,0,0,16,0.97,20260929_163000.wav
2026-09-29 16:33:48,281338276,-0.0,0,0,16,0.97,20260929_163000.wav
2026-09-29 16:33:51,281338277,-0.1,0,0,16,0.97,20260929_163000.wav
2026-09-29 16:33:57,281338279,-0.0,0,0,15,0.96,20260929_163000.wav
2026-09-29 16:34:03,281338281,-0.0,0,0,17,0.98,20260929_163000.wav
2026-09-29 16:34:12,281338284,+0.1,0,0,15,0.97,20260929_163000.wav
2026-09-29 16:34:27,281338289,+0.1,0,0,17,0.98,20260929_163000.wav
2026-09-29 16:34:48,281338296,-0.0,0,0,17,0.98,20260929_163000.wav
2026-09-29 16:35:00,281338300,+0.2,0,0,16,0.97,20260929_163000.wav
2026-09-29 16:35:03,281338301,-0.0,0,0,16,0.97,20260929_163000.wav
2026-09-29 16:35:18,281338306,+0.1,0,0,17,0.98,20260929_163000.wav
2026-09-29 16:35:39,281338313,+0.1,0,0,17,0.98,20260929_163000.wav
2026-09-29 16:35:42,281338314,+0.1,0,0,15,0.97,20260929_163000.wav
2026-09-29 16:35:45,281338315,-0.1,0,0,15,0.97,20260929_163000.wav
2026-09-29 16:35:57,281338319,+0.1,0,0,15,0.97,20260929_163000.wav
2026-09-29 16:36:00,281338320,-0.0,0,0,15,0.97,20260929_163000.wav
2026-09-29 16:36:03,281338321,-0.0,0,0,15,0.97,20260929_163000.wav
2026-09-29 16:36:12,281338324,+0.1,0,0,16,0.97,20260929_163000.wav
2026-09-29 16:36:15,281338325,+0.1,0,0,15,0.97,20260929_163000.wav
2026-09-29 16:36:30,281338330,+0.1,0,0,16,0.97,20260929_163000.wav
2026-09-29 16:36:42,281338334,-0.0,0,0,19,0.98,20260929_163000.wav
2026-09-29 16:36:45,281338335,+0.1,0,0,14,0.97,20260929_163000.wav
2026-09-29 16:37:03,281338341,+0.1,0,0,17,0.98,20260929_163000.wav
2026-09-29 16:37:48,281338356,-0.0,0,0,18,0.98,20260929_163000.wav
2026-09-29 16:38:03,281338361,+0.0,0,0,16,0.97,20260929_163000.wav
2026-09-29 16:38:30,281338370,+0.1,0,0,17,0.98,20260929_163000.wav
2026-09-29 16:38:39,281338373,+0.2,0,0,16,0.97,20260929_163000.wav
2026-09-29 16:38:42,281338374,+0.1,0,0,16,0.97,20260929_163000.wav
2026-09-29 16:39:03,281338381,+0.1,0,0,17,0.98,20260929_163000.wav
2026-09-29 16:39:45,281338395,+0.1,0,0,14,0.96,20260929_163000.wav
2026-09-29 16:39:48,281338396,+0.1,0,0,15,0.97,20260929_163000.wav
2026-09-29 16:39:57,281338399,+0.1,0,0,17,0.97,20260929_163000.wav
2026-09-29 16:39:57,281338399,-0.2,0,0,17,0.98,20260929_164000.wav
