:020000040000fa
:04005c00b6040000e6
:020000040000fa
:04001000b604000032
:020000040000fa
:04025c00b6040000e4
:020000040000fa
:04021000b604000030
:020000040000fa
:0402b400b60400008c
:020000040000fa
:0402b000b604000090
:020000040000fa
:04034000b6040000ff
:020000040000fa
:04027000b6040000d0
:020000040000fa
:04027400b6040000cc
:020000040000fa
:04033400b60400000b
:020000040000fa
:04036400b6040000db
:020000040000fa
:04036000b6040000df
:020000040000fa
:04031800b604000027
:020000040000fa
:04023800c8020000f8
:020000040000fa
:04026000b6040000e0
:020000040000fa
:04028800b6040000b8
:020000040000fa
:0402b800b604000088
:020000040000fa
:0402e000b604000060
:020000040000fa
:04031c00b604000023
:020000040000fa
:04033800b604000007
:020000040000fa
:04033c00b604000003
:020000040000fa
:04021c00b604000024
:020000040000fa
:04022c00b604000014
:020000040000fa
:04023c00b604000004
:020000040000fa
:04028000b6040000c0
:020000040000fa
:04028400b6040000bc
:020000040000fa
:04022800b604000018
:020000040000fa
:04027800b6040000c8
:020000040000fa
:04029c00b6040000a4
:020000040000fa
:04026400b6040000dc
:020000040000fa
:04027c00b6040000c4
:020000040000fa
:0402bc00b604000084
:020000040000fa
:0402c000b604000080
:020000040000fa
:0402c400b60400007c
:020000040000fa
:0402c800b604000078
:020000040000fa
:0402cc00b604000074
:020000040000fa
:0402d000b604000070
:020000040000fa
:0402d400b60400006c
:020000040000fa
:0402d800b604000068
:020000040000fa
:0402e400b60400005c
:020000040000fa
:0402e800b604000058
:020000040000fa
:0402ec00b604000054
:020000040000fa
:0402f000b604000050
:020000040000fa
:0402f400b60400004c
:020000040000fa
:0402f800b604000048
:020000040000fa
:0402fc00b604000044
:020000040000fa
:04030000b60400003f
:020000040000fa
:04030400b60400003b
:020000040000fa
:04030800b604000037
:020000040000fa
:04030c00b604000033
:020000040000fa
:04031000b60400002f
:020000040000fa
:04031400b60400002b
:020000040000fa
:04032400b60400001b
:020000040000fa
:04032800b604000017
:020000040000fa
:04034400b6040000fb
:020000040000fa
:04034800b6040000f7
:020000040000fa
:04034c00b6040000f3
:020000040000fa
:04035000b6040000ef
:020000040000fa
:04035400b6040000eb
:020000040000fa
:04035800b6040000e7
:020000040000fa
:04035c00b6040000e3
:020000040000fa
:04026c00b6040000d4
:020000040000fa
:04021800b604000028
:020000040000fa
:04023000b604000010
:020000040000fa
:04024000f6030000c1
:020000040000fa
:04028c00b6040000b4
:020000040000fa
:04029000b6040000b0
:020000040000fa
:04020c00b604000034
:020000040000fa
:0402dc00b604000064
:020000040000fa
:04032000b60400001f
:020000040000fa
:04020800b604000038
:020000040000fa
:04022000b604000020
:020000040000fa
:04022400b60400001c
:020000040000fa
:04026800b6040000d8
:020000040000fa
:04024c00b6040000f4
:020000040000fa
:04025000b6040000f0
:020000040000fa
:0402a800b604000098
:020000040000fa
:0402ac00b604000094
:020000040000fa
:04021400b60400002c
:020000040000fa
:04023400b60400000c
:020000040000fa
:04024400b6040000fc
:020000040000fa
:04024800b6040000f8
:020000040000fa
:04029400b6040000ac
:020000040000fa
:04029800b6040000a8
:020000040000fa
:04032c00b604000013
:020000040000fa
:04025400b6040000ec
:020000040000fa
:04025800420400005c
:020000040000fa
:04033000b60400000f
:020000040000fa
:0402a000b6040000a0
:020000040000fa
:0402a4007c040000d6
:020000040000fa
:0400b400b60400008e
:020000040000fa
:0400b000b604000092
:020000040000fa
:04014000b604000001
:020000040000fa
:04007000b6040000d2
:020000040000fa
:04007400b6040000ce
:020000040000fa
:04013400b60400000d
:020000040000fa
:04016400b6040000dd
:020000040000fa
:04016000b6040000e1
:020000040000fa
:04011800b604000029
:020000040000fa
:04006000b6040000e2
:020000040000fa
:04008800b6040000ba
:020000040000fa
:0400b800b60400008a
:020000040000fa
:0400e000b604000062
:020000040000fa
:04011c00b604000025
:020000040000fa
:04013800b604000009
:020000040000fa
:04013c00b604000005
:020000040000fa
:04001c00b604000026
:020000040000fa
:04002c00b604000016
:020000040000fa
:04003c00b604000006
:020000040000fa
:04008000b6040000c2
:020000040000fa
:04008400b6040000be
:020000040000fa
:04002800b60400001a
:020000040000fa
:04007800b6040000ca
:020000040000fa
:04009c00b6040000a6
:020000040000fa
:04006400b6040000de
:020000040000fa
:04007c00b6040000c6
:020000040000fa
:0400bc00b604000086
:020000040000fa
:0400c000b604000082
:020000040000fa
:0400c400b60400007e
:020000040000fa
:0400c800b60400007a
:020000040000fa
:0400cc00b604000076
:020000040000fa
:0400d000b604000072
:020000040000fa
:0400d400b60400006e
:020000040000fa
:0400d800b60400006a
:020000040000fa
:0400e400b60400005e
:020000040000fa
:0400e800b60400005a
:020000040000fa
:0400ec00b604000056
:020000040000fa
:0400f000b604000052
:020000040000fa
:0400f400b60400004e
:020000040000fa
:0400f800b60400004a
:020000040000fa
:0400fc00b604000046
:020000040000fa
:04010000b604000041
:020000040000fa
:04010400b60400003d
:020000040000fa
:04010800b604000039
:020000040000fa
:04010c00b604000035
:020000040000fa
:04011000b604000031
:020000040000fa
:04011400b60400002d
:020000040000fa
:04012400b60400001d
:020000040000fa
:04012800b604000019
:020000040000fa
:04014400b6040000fd
:020000040000fa
:04014800b6040000f9
:020000040000fa
:04014c00b6040000f5
:020000040000fa
:04015000b6040000f1
:020000040000fa
:04015400b6040000ed
:020000040000fa
:04015800b6040000e9
:020000040000fa
:04015c00b6040000e5
:020000040000fa
:04006c00b6040000d6
:020000040000fa
:04001800b60400002a
:020000040000fa
:04003000b604000012
:020000040000fa
:04008c00b6040000b6
:020000040000fa
:04009000b6040000b2
:020000040000fa
:04000c00b604000036
:020000040000fa
:0400dc00b604000066
:020000040000fa
:04012000b604000021
:020000040000fa
:04000800b60400003a
:020000040000fa
:04002000b604000022
:020000040000fa
:04002400b60400001e
:020000040000fa
:04006800b6040000da
:020000040000fa
:04004c00b6040000f6
:020000040000fa
:04005000b6040000f2
:020000040000fa
:0400a800b60400009a
:020000040000fa
:0400ac00b604000096
:020000040000fa
:04001400b60400002e
:020000040000fa
:04003400b60400000e
:020000040000fa
:04004400b6040000fe
:020000040000fa
:04004800b6040000fa
:020000040000fa
:04009400b6040000ae
:020000040000fa
:04009800b6040000aa
:020000040000fa
:04012c00b604000015
:020000040000fa
:04005400b6040000ee
:020000040000fa
:04013000b604000011
:020000040000fa
:0400a000b6040000a2
:020000040000fa
:080000000002040000000000f2
:020000040000fa
:100400006fda23000e7a24000e018800000000003d
:10041000000020000000e000020032000001200087
:100420002002880014000700a70207000000e00077
:1004300003003a00a0132900010020000200370049
:100440000000200001002000810f70000100320038
:1004500014000700000020000000e000020032004d
:1004600000000200000000004088020000000000c0
:100470000040da000000fe004440a900e0e5220050
:100480000000e0000300320000002000a00188000e
:100490004440a800000006008a1f78008b1f7800e7
:1004a0000000060091018800800478000000eb0045
:1004b0001a003700e284440032a0b4009905ba0063
:1004c000e284440032a0b4009906ba00e2844400f9
:1004d00032a0b4000006eb00476fde00fd07b2005b
:1004e000636ce10003003a00ebff07000000eb0043
:1004f0000a003700606ce10004003a00005deb0088
:100500008b05e900fdff3e00040037006168e10053
:10051000010032000086eb000b00070019c7ba008b
:100520001905ba000e04e00003003a000a00e000da
:10053000e0ff3a0000000600fe07b2009e018800be
:100540008a047800f5ff3700395dba008b05e900b1
:100550000c003200295dba008b05e900080032006a
:100560000c00e00003003a00e284440032a0b40032
:10057000f5ff370019ddba008b05e900faff3a00f4
:100580008904e800e184440032a0b40000000600c1
:100590003600f800809fbe00829fbe00849fbe0090
:1005a000869fbe00889fbe008a9fbe008c9fbe00b3
:1005b0008e1f78003400f80000002000a0018800a1
:1005c000f28747003e0880005d0880008480a90013
:1005d000087b2400e203ab0001003200887d240088
:1005e00008067800008120003002be002003be0013
:1005f00061044200e0844a0060054b00e0854b0046
:10060000c8bf9f00d9bf9f00eabf9f00fbbf9f00ec
:100610000898be000a90be005001be004000be0017
:100620000628ec00c4d6220019c0b30094cf1400f1
:1006300040003a0005d622005503be004502be0028
:1006400008fa2000090020006055b80008044200a4
:1006500089844a000a054b008b854b0088bf9f00a8
:1006600099bf9f00aabf9f00bbbf9f000d0254000f
:10067000e0825c0060035d00e0835d00c4bf9f001a
:10068000d5bf9f00e6bf9f00f7bf9f0004882300ef
:10069000150020006033b800340707004fbc9700f6
:1006a000dfbc97006fbd9700ffbd970000005400ae
:1006b00081805c0002015d0083815d004240a900f1
:1006c00005003c00e0d622001008e800c0d6220059
:1006d0000048eb0017003700f4972a00350020008f
:1006e0006033b8000400e1000588e1000690e100f5
:1006f0000798e1000f003c008a21ef004300de0074
:10070000cd0cdd000080740000004700400c880024
:1007100084c0a90094c0a80080ff2f008a01b60001
:100720000000a000500c880021c0b300c0d62200f9
:10073000014878000a48e2000c0032003140800095
:1007400040408000008050000800330030088000e6
:1007500068004000400c880080ff2f008a01b6002e
:100760000010a000500c88000a68ef000e48e2005c
:100770000600320031408000604080000080500060
:1007800002003300cd62a9000e68ef008c007800f3
:1007900020d5210098380700c05922001080fb00a6
:1007a0000000ea004f00de004a00dd002116800054
:1007b00001a0a10081007000211688002f01b10066
:1007c0003400f9004f0778004f06be004f05be0009
:1007d0004f04be004f03be004f02be004f01be00db
:1007e0004f00be003600f900004006003600f80059
:1007f000809fbe00829fbe00849fbe00869fbe0079
:1008000084c0a90094c0a9000008e20004003200de
:100810000140800000d72200a74407000028ef0015
:100820003040800020408800304080002003b0002d
:100830004040880010c0b3000ae8b7000248e20058
:1008400007003200cd62a80030408000a00fb00049
:100850006040880010c0b3000ee8b7000268ef00e7
:1008600031c0b300c0d62200014878004f03be005b
:100870004f02be004f01be004f00be003600f9001f
:1008800000400600809fbe00829fbe00841f78004b
:100890008580a9002322ab0013003a00b0418000fc
:1008a0003408e3001000320003672300f23f200009
:1008b00001202000b0418000634078000000fb0070
:1008c000201188003608ec0002026000b441880064
:1008d000141180000480600003003a00b0418000e1
:1008e0003408e300f3ff3a004f0278004f01be00e6
:1008f0004f00be0000400600809fbe00829fbe00e9
:10090000841f780087e0a9003322ab0013003a006f
:10091000604180002a08e3001000320003e7220053
:10092000f23f2000012020006041800063407800f9
:100930000000fb00a01188002c08ec0002026000ff
:1009400064418800941180000480600003003a0034
:10095000604180002a08e300f3ff3a004f0278006c
:100960004f01be004f00be00004006000040da000c
:100970000000fe00f6874700889fbe008a9fbe00e9
:100980008c9fbe008e1f78000001be000600200074
:1009900007f82f000003430081834b00f4ff2f0072
:1009a000f5f72700840f5300858f5b001b0036008e
:1009b0000002400081824800e00f5200e08f5a00a0
:1009c00006003a000001be00de0307000001be0081
:1009d0000000200001f82b0008003700e00f500055
:1009e000e08f580007003d001202200022ed890030
:1009f0000001be00060207006011b800f202070005
:100a0000a10037000200200003c02400cd0307002e
:100a10000001be007efe2f000a003700840f500048
:100a2000858f580098003e006000b8000400200048
:100a300005f82300840f5100858f59009200320081
:100a40000007eb00d0b02f00a104200002024000fc
:100a50008382480094b79f00a5b79f00fe07b100ae
:100a6000afb09700f107b20004007800324f2000c9
:100a700053f3230000004100818049000200200060
:100a800003f82300e20107000004be00020020007a
:100a900003002400e70107000001be000800be00bb
:100aa000c90207000002be000001be00f4b79f00ab
:100ab00085bf9f00a30307000006be000001be0023
:100ac000a00307000005be000200200003f0230081
:100ad0000800be009b0307000801be009903070041
:100ae0000001be00f0af9f0081b79f000800be006c
:100af000c701070081017800c3b79f0002002f00e3
:100b000000016100b2b79f003fb19700cfb19700dd
:100b10000800be00be0107007fa997008fb19700b3
:100b2000bb0107000003be00e29e2e0013e9230074
:100b30000a00be00d6b79f00e7b79f0081030700f9
:100b4000a2aa2a00a3f22300ba0107000001be00f6
:100b50000c00be007b0307000004be0062e2290017
:100b600083e723000a00be007603070032e12c0071
:100b7000c3ec2300af0107000001be000a00be0065
:100b8000700307000001be000800be00a9010700b5
:100b90000001be007fa897008fb09700a501070055
:100ba0000001be007fb297008fba97000400be001c
:100bb000640307000001be005fb39700efb3970026
:100bc0000600be009b0107000005be001fb2970093
:100bd000afb297004728de00010020000000470068
:100be000cf80de00fb0007000004be00b27d2200c3
:100bf00043552300530307000006be003fb1970092
:100c0000cfb197000a00be008a01070092ad2e0006
:100c100043802b004b0307000001be000c00be0008
:100c2000840107000006be0002002600e3ed230059
:100c30000a00be00430307000001be000c00be0016
:100c40007c0107000005be0002002600e3ed230042
:100c50003fb09700cfb097003a0307000001be00f5
:100c60000a00be00730107000005be000208220052
:100c7000a3e923000800be00320307000001be0004
:100c80000a00be006b0107004f0778004f06be0048
:100c90004f05be004f04be006f01b100000006000a
:100ca000889fbe008a9fbe008c9fbe000004be00cd
:100cb0000400200005f82700858360000403780005
:100cc000840f5300858f5b0007003a000801be00c7
:100cd0000800be001b0307000001be000800be00a4
:100ce0005401070010003700e00f5000e08f58005b
:100cf0000f003c008101780003f0a10000017800a2
:100d0000e00f5100e08f59006a003200100220000d
:100d100020ed89000801be000800be003c0107006c
:100d20000001be00280207000004be006100370079
:100d3000478cde00cf8cde00e00f5400e08f5c00bb
:100d40000f003a006044b800040037000000400083
:100d50008180480061044400e0844c0004002000cd
:100d6000050820008181620004017800e00f510035
:100d7000e08f5900f5ff320061041400e0841c008c
:100d8000f807b1000980b10081017800f307b200d3
:100d9000000178000200be000170a0000808a30056
:100da0000200320000004000818048008984d100a8
:100db0000884d30000004000818048009401200096
:100dc00002002000031020006055b8006066b800e3
:100dd0000c0341008d834900800f5300818f5b001d
:100de00006003c00060641008786490006005000c8
:100df000878058000a0541008b85490000004000ab
:100e0000818048008301d1000281d3000402e900ff
:100e1000efff3a00e00f5000e08f58001b00320057
:100e20000226240023da20000000200001f823001d
:100e3000f70007000200200003f82300320007003b
:100e40000000e000110035000226240023da200013
:100e50000000200001f82300f60007000200200037
:100e600003f82300280007000000e000030034001e
:100e700062054500e0854d00040037006000b800c1
:100e8000610065000005450081854d00c744dd0017
:100e9000080020000000200001f0230008044000aa
:100ea000898448008b85d1000a85d3000804450059
:100eb00089844d000800be004f06be004f05be00ed
:100ec0004f04be000000060000000500839f68007c
:100ed0000100e00002003d0060001000e08018000a
:100ee0000300e00002003d0060011100e0811900f4
:100ef000b40007004f00e00002003b00600010005b
:100f0000e080180000000600f4ff2f0040053700c5
:100f10000001be00870007000470a70003f0a100d5
:100f20006509b100160032000d0035006828e100a7
:100f300006003500f0ff2f00f1ff27000300e0005e
:100f400013003b00010028000000050000004000e5
:100f5000818048008502e900fcff3a000800370064
:100f6000f88f420002003c008000eb00000005000a
:100f70008100d1000080d3008502e800fcff3a0028
:100f80000300e00002003b0060001000e080180059
:100f900000000600881f7800030478000300e000ca
:100fa00007003d0060001000e0801800600119009b
:100fb000e081190002003b0001f02d000300370022
:100fc0000700070008f0a70001f0a0004f04780018
:100fd000000006004f89de0082017800edff370037
:100fe000889fbe008a9fbe000082700004027100cc
:100ff00004827100260032000004be000200be0020
:101000006011b8006b092000950220000182cf001a
:101010000a0039000541b1000082cf000700390005
:101020000541b1000982cf00040039000541b1003b
:101030000882cf00010039000541b100054252008d
:10104000120032000a003b008281710061016400dd
:101050008100d1000080d3008984d3000884d300ac
:101060008b05e8000442e800f7ff3a00070037006c
:101070000804440089844c00000048008180480036
:101080008b05e9000442e900f9ff3a00030007007c
:101090004f05be004f04be00000006008100200086
:1010a000618055000b003d000b00200061fe2f0009
:1010b0000100e1001d0034008281710061016400c3
:1010c0008904d1000884d3000000e800faff3a0048
:1010d00071002000610064000300700002006000e5
:1010e0000900320061044400e0844c000988a50036
:1010f000050032008b05e8006808e10002003a00b4
:101100008904d1000884d300f20f20000258e100c6
:1011100005003d00c75ddd00f907b200898075005c
:1011200008007800000006000bf827008b0078000c
:1011300000000500c70ade00f107b200f50fb2009b
:1011400008003200e1cf4200020032000170a0002e
:1011500024000500810f7000010032000408050022
:1011600044000500810f700002003a0014000500e1
:101170008502e9000000400081c04800fcff3b0000
:101180000170a00024000500811f78000100e0002c
:1011900002003d0060001000e08018000300e00045
:1011a00002003d0060011100e081190015000700f8
:1011b0004f00e00002003b0060001000e0801800db
:1011c000000006006022b800060220000000d000e7
:1011d0008180d2000482d2008582d2000000a0006b
:1011e0000202520083825a000300310002024200d0
:1011f00083824a000000a1000603e900f3ff3a00e1
:1012000000000600efff07000400be00000006001b
:1012100007f82700078361000638e10004003a0060
:10122000f7072000878361008703710001003a00ff
:1012300003f0a200889fbe008a9fbe008c9fbe0064
:10124000470ade000480a100c71ade000580a10065
:10125000070028000785600087856100f70f2000e0
:101260000720e1009e0032000728e1009c003200c8
:10127000010678000400e000b4003200f707200007
:10128000878060000170a0000500e000c00032000f
:10129000f7072000878161000370a0000506520057
:1012a0000f003a000b50e1000b0032000308e10090
:1012b00002003a000200e1007e0032000204500009
:1012c00083845800040031000001fd008101fd000d
:1012d0008402fd008a05fd006044b800210037004b
:1012e0000520e10005003d000001fd008101fd0039
:1012f0008402fd008a05fd00050652007a60e100c7
:10130000050035000170a1004722dd0084807000d7
:101310008a807000630037006044b800ef02660006
:1013200007ff2f00070666000500e00006003400f6
:10133000f08312008714dd000511de00071bdd00bd
:10134000060171008519de007060e10005003500be
:101350000904780082047800030178008001eb0022
:10136000700656000b50e10003003a0002004000f6
:10137000838048000400370060041400e0841c00ef
:1013800002005800838058000188a3000600320044
:101390008100d1000080d3008984d3000884d30069
:1013a0000402e800270037000178a30025003a0076
:1013b0000100e000030032008186cf0069865600fc
:1013c0000a0037008c0020000000e00004003a0012
:1013d00009007800880478000004eb0070025200d5
:1013e0008086cf000d0646000c06e9007060e10023
:1013f0000600350080007800090078008804780035
:101400000004eb0070065600700252000c00e00071
:101410000c0034008c08dd00f00316000703de002a
:10142000868070000c00dd00074bde0006007000b7
:101430008c4cdd000743de00868474000c44dd0024
:101440000c0252006120e1002000350061016000c3
:101450000700280087816400f7ff27008783640066
:10146000070374000300e0000600320082037300eb
:10147000040032000000e800e08048000188a3007a
:101480000e003a00f70f20000720e1004a003d005f
:101490000170a1004722dd00810072008a80700087
:1014a0000000be004f06be004f05be004f04be0048
:1014b000000006006000b800faff37008100d1008c
:1014c0000080d3000402e800eeff3700040178003a
:1014d00089017400a10107008a807000f1ff3700c4
:1014e000f7010700070278000001fd008101fd00ff
:1014f000f301070087027800850372000778a300d4
:10150000040032000001fd008101fd000602070019
:10151000e4ff3700850362000768a300080032007b
:101520000b50e10003003200f0ff2f00f1ff270015
:10153000dcff37000001fd008101fd00d9ff37000d
:101540000468a300d7ff3200faff3700f8ff270036
:10155000888360000b003a000000e00009003a00b8
:101560008303640082837300020032000200be0025
:10157000ccff37000b50e100ceff3a000200be0066
:10158000c8ff370014002000810064003eff3700d0
:10159000f8ff27008883610004003a000200e000a1
:1015a00002003a008c007800beff370015002000d2
:1015b0008301640039ff370001f827000000200094
:1015c00081007500b7ff3700889fbe008a9fbe006c
:1015d0008c9fbe001b0020000202be000586680032
:1015e00006002800060666004709de00f20fb2007a
:1015f000820032000243e80080003200c729de008a
:10160000f30fb2007d0032000343e8007b0032009c
:10161000f107b2000170a000f507b2000570a0004c
:10162000c708dd004903de00868070004700dd004a
:10163000c72add004923de00868272004722dd00d2
:101640000305510004035000858358000300310056
:1016500000004000818048000a05e9008c1f7800e6
:101660008a9fbe000400500085805800040242009a
:1016700085824a0000004000818048000005eb00a0
:101680000004be006033b8000406be000d48e1004f
:1016900056003100110009004dccd8000c01b800f3
:1016a0000d02b8008481410060824a0082835300a9
:1016b00003045c0084845c0060055d000a00e000b7
:1016c00025003a00800578000d40e1004900310016
:1016d0008800780007007800110009004d88d800c4
:1016e0000c01b8000d02b8008481410060824a00fc
:1016f0006003110083835b0004045c00e0845c00f1
:101700000900e00021003a004f01be000300e000a4
:101710002b003200e3016000070673008c8171002a
:1017200001003200640070004200de004e5edd0009
:101730000c007000c258de0001e0a0008301070029
:10174000cf017800818071004f06be004f05be00ba
:101750004f04be00000006008c8343000d044c00c3
:10176000e0844c0060054d000000e9000a00e00044
:10177000d4ff32008c8343000d044c00e0844c0005
:1017800060054d000000e900ceff37000c03430068
:101790008d834b0060044c00e0844c000000e900a5
:1017a0000900e000d8ff32000c0343008d834b009a
:1017b00060044c00e0844c000000e900d2ff3700d8
:1017c0004200de004e5edd000c007000c258de00fc
:1017d00001e0a000cf0178000300e000daff320052
:1017e00060001000e0801800d7ff3700f0ff2f00e6
:1017f000aaff3700f0ff2f00b9ff37000404be0036
:101800002f010700870678000004fd008104fd0019
:101810002b010700078366000678a300030032004f
:101820000960a7000800be002c0037000d78a30057
:10183000020032000800be00280037000778a3002d
:1018400026003a0001f0a10009f0a1000668a300fb
:1018500003003200f1ff2700f0ff2f00baff37002e
:101860000d68a300030032000800be008c807000e9
:10187000b5ff37000768a30007003a000648a30039
:1018800003003200f1ff2700f0ff2f00aeff37000a
:101890000d48a300030032006000b8008c80700087
:1018a000a9ff37000748a3000400320001f8270011
:1018b000000020008c807000a3ff37007601070035
:1018c0000004fd008104fd0002057800720107009c
:1018d0000802be008a01780059ff37000160a000ad
:1018e000120220000242880097ff37000100e0004a
:1018f000120032000500e00010003200889fbe0098
:101900008a9fbe008c9fbe000006eb0001f8a3007a
:101910000300320060001000e08018000cf0a0000e
:1019200005f8a3000300320060021200e0821a00f2
:101930000cf0a2008005eb0041ff37006000b8000a
:101940000200050003836800070028000703630006
:10195000470ade000480a100c71ade000580a1004e
:10196000f70f20000720e100420032000728e100c5
:1019700040003200889fbe008a9fbe008c1f780006
:10198000f107b200f307b2000400e0006400320087
:101990000170a0000500e000680032000370a000a4
:1019a00085054200eb07b1000204b8000302b8004d
:1019b0008484440060854a00020ab800848444009c
:1019c0000a854a00030ab8000405450004003300f4
:1019d0000804d0008984d2000a85d2008b05e90072
:1019e0006158e1003d00350002102000090161004e
:1019f0000308200089816100f707200087836400c5
:101a000008867300c84cde00c853dd00878474006c
:101a10004855de000300e000060032008203760035
:101a2000040032008904e80060054d000a88a30024
:101a30000c003a00f70f20000758e10044003d0079
:101a40000a70a100c75ddd000a8575008a00730079
:101a5000090078004f0678004f05be004f04be0015
:101a6000000006000a05d1008984d3008b05e80038
:101a7000f0ff3700881f7800060478009000070008
:101a8000070278000001fd008101fd008c000700c5
:101a900087027800850372000778a30005003200f2
:101aa0000001fd008101fd009f0007004f04780048
:101ab00000000600850372000748a30003003200ff
:101ac000f0ff2f00f1ff2700f8ff37000000200093
:101ad00001f8270088807000f4ff37008801780043
:101ae0004848dd00808171004848de00c850dd00b4
:101af00001007000c850de00060478000b01780079
:101b00001600070088807000d2ff37000500e00053
:101b100005003200170020003a0007009dff370043
:101b200081037000f9ff3a00860078004f067800c4
:101b30004f05be004f04be00000005008303710086
:101b4000f9ff3200270020002e00070094ff370025
:101b500001f8270086807000f4ff37000100e000e4
:101b600026003200610111007810e10023003c00e2
:101b70006022b8007010e100040035008002780097
:101b8000010078008000eb00700151000200e000cd
:101b90000900340070031100062add00822ade00ed
:101ba0008603dd00878272000200de00860bdd0006
:101bb000070070008208de0084817100f4ff2700b6
:101bc0000482620084817100040028008482620023
:101bd0006102600005f0a6000000060004827100aa
:101be000070032000000e800e08048000000060026
:101bf0000002be006000b800efff37006000b800d0
:101c000000000600889fbe000004eb006138e10080
:101c100016003a000100e00008003a00c800de00ab
:101c20004800dd00880020000100e00003003a00c9
:101c3000c800de004800dd00680444008184cf0055
:101c4000e9845400060034008908dd00f0831400a4
:101c50008703de00878070000900dd00090444006e
:101c6000610214004f04be00000006000300e00003
:101c700008003a00c811de004811dd00880020008d
:101c80000300e00003003a00c811de004811dd0047
:101c9000680444008384cf00e984540006003400c3
:101ca0008919dd00f08314008713de00878171003d
:101cb0000911dd0009044400e1021400e9ff3700c6
:101cc0002700200001f0a70017002000470bde00ce
:101cd000f60fb200040032000643e8000a003200aa
:101ce0004702b3000000060001037800f607b200c7
:101cf0000603700002003a000703b300000006006c
:101d00008702b3000000060001037800f607b20066
:101d100006037000020032000770a00000000600f9
:101d20000760a000000006000478a3000400320051
:101d30000578a300030032000168a30001003a0007
:101d40000200be000160a0000000060081017000da
:101d5000270032008002eb0001f8a30003003200ec
:101d600060001000e080180015002000f40720003b
:101d70000202420020003400f703200087036000c5
:101d80000604200000036300020820000001610037
:101d90004700de00c909dd0000807100c708de00d1
:101da0000600e000080032008703710006003200e0
:101db0001000b0000180b0000188a30002003200d2
:101dc000c108de000402e800f107b200f30f2000b2
:101dd0000320e10003003d004722dd008100720086
:101de0002900370001f827000000eb00260037002b
:101df0006000b80000000600680212007f20e100c9
:101e0000020034006000b8001f0037006011b80005
:101e10007020e100040035008001780001007800a6
:101e20008000eb00700252000400e0000900340062
:101e3000f00312000719dd008419de000703dd003e
:101e4000868171000400de00070bdd0006007000d3
:101e50008408de00f7ff2700838363008703710097
:101e60000600280003036300070032000700e000bb
:101e700003003a0061016000028173000200320039
:101e80001000b0000180b0000500a60000000600b0
:101e900001f0a000000006004f0ade004709de0046
:101ea000f107b200f20fb2000b003200f207b100ee
:101eb0000170a000c708dd00c901de00838070004a
:101ec0004700dd000400a6000000060060001000ce
:101ed000e080180000000600810f700001003a0049
:101ee000000006008182cf000500e00010003e00e7
:101ef0008082cf00ee8242007028e10004003900a9
:101f000007003e00800078000000eb000e00370064
:101f1000708312008600de000500dd000a00370035
:101f2000708352008600dd000000eb0006003700e1
:101f3000e28252008508dd00708312000603de0095
:101f4000868070000500dd007507b0000501ea001d
:101f50000400a6000000060060001000e0801800e9
:101f600000000600889fbe008a9fbe003004420029
:101f7000b0844a0030054b0090854b006000b100f2
:101f80000898be000a90be000440e10005c8e100c8
:101f900006d0e10007d8e1000200310068004000ef
:101fa0001008e8004f05be004f04be000000060008
:101fb000889fbe008a9fbe003004be002005be0080
:101fc0000418540005985c0006185d0007985d0031
:101fd000110020000440e10005c8e10006d0e10046
:101fe00007d8e100010039008000eb0010881000e4
:101ff0004f05be004f04be00000006001200fa00ac
:10200000889fbe008a9fbe008c9fbe00e0b79f00e5
:10201000f1b79f0082bf9f0093bf9f000605be00df
:102020000404be000000eb00d0b79f00c0b79f00c3
:10203000b0b79f00a0b79f0090b79f000006780040
:102040005fb19700cfb09700820141003fb0970089
:102050000200e00004003d00370007007e805700ca
:10206000c0ff070003003700330007007e805700e1
:10207000cfff0700dfb697000d00e0000c00350031
:102080006fb29700ffb297000fbb97009fbb9700fe
:1020900010002000010020006011b8000002720052
:1020a0008182720002037300838373001b000700a8
:1020b0000c06e80001042000810f5600e0ff3a0002
:1020c0000d00e00004003d000802be000a03be004f
:1020d0007e805700a3ff07005fa897000000e00084
:1020e00005003a001fb29700afb297003fb39700c8
:1020f000cfb39700090007006fb09700ffb09700bb
:102100000fb997009fb997004f06be004f05be005c
:102110004f04be000080fa00000006000100070026
:1021200000000600a4b79f00b5b79f00c6b79f0088
:10213000d7b79f00000006004f09de0082817100c2
:10214000b3b79f004f01de008180400082807000a5
:10215000a1b79f008fb097004f09de00000040003c
:102160000200700090b79f007fa897004f01de002b
:10217000818040008280700081b79f000d000700c1
:102180004f3ade000000400004007000f0af9f00f6
:10219000080007000402420085824a0006034b0043
:1021a00087834b00dfff07000802be000a03be0062
:1021b000000006002fb29700bfb297004fb3970000
:1021c000dfb3970000000600881f78001800200089
:1021d000881f780089ff07008f87e9004f04780087
:1021e00000000600801feb0084ff07008f87e900d6
:1021f00000000600889fbe008a9fbe00e00f5000ce
:10220000e08f5800e00f5900e08f59000c003d00ae
:102210006044b8006055b8000000540081805c0044
:1022200002015d0083815d00180020001500070099
:1022300008003d00180007000004eb00050037000f
:102240000004eb000f00070002003d001200070031
:1022500018002000dcff07000800e0000600320044
:102260006022b8006033b8000000520081805a003c
:1022700002015b0083815b004f05be004f04be007e
:1022800000000600e00f5200e08f5a00e00f5b00f4
:10229000e08f5b00000006006044b8006055b800a5
:1022a0000402540085825c0006035d0087835d00a4
:1022b00000000600889fbe008a9fbe008c1f780029
:1022c000e00f5000e08f5800e00f5900e08f5900f8
:1022d0000d003d006044b8006055b8000000540097
:1022e00081805c0002015d0083815d001c00200094
:1022f0000820e10009a8e1000ab0e1000bb8e10004
:102300000d003d00080037000006eb00e00f520012
:10231000e08f5a00e00f5b00e08f5b0006003d009d
:102320006044b8006055b8000402540085825c0027
:1023300006035d0087835d00aaff07000c00e00034
:10234000060032006022b8006033b800000052007e
:1023500081805a0002015b0083815b004f06780098
:102360004f05be004f04be0000000600889fbe005f
:102370008a9fbe008c1f78000006eb00e00f500023
:10238000e08f5800e00f5900e08f590007003d0032
:102390006044b8006055b8000000540081805c00c3
:1023a00002015d0083815d001c002000e00f5200ef
:1023b000e08f5a00e00f5b00e08f5b0007003d00fc
:1023c0006044b8006055b8000402540085825c0087
:1023d00006035d0087835d000c00a2002f0007004c
:1023e0000c00e000060032006022b8006033b80044
:1023f0000000520081805a0002015b0083815b0073
:102400004f0678004f05be004f04be0000000600d6
:10241000889fbe008a9fbe00841f780017000700b7
:102420004f00780011003300f0ff2f00838f6c0005
:1024300006003b00040565000a00a70008003700fd
:1024400009f0a6001000200008003700820f540099
:10245000838f5c00030039001000200001003e0063
:102460000000200009f0a7000000ea004f05be00b0
:102470004f04be000000e000000006000004be00a3
:102480002cfb07000003be000405be000200be00d6
:1024900028fb0700844f750000000600889fbe00df
:1024a0008a9fbe008c9fbe000404b8000506b800d9
:1024b0008904460060854e000606b8000a054600fd
:1024c000e0854e000706b8008b054600040eb800f4
:1024d000890446000a854e00e0854d00050eb800cf
:1024e0000a0546008b854e00060eb8008b05460097
:1024f0000416b8000a0546008b854e000516b80084
:102500008b054600041eb8008b0546000800be007f
:102510000a01be004f06be004f05be004f04be00bc
:10252000000006000000fa0068815700cfb897004d
:10253000690207000080fa00000006008d00070015
:10254000e500070096010700be010700170107001c
:10255000b9020700640237008001780002003700ea
:10256000b15978000201e9000200e000fcff3a00e6
:10257000000006008001780081027800810f500081
:102580003b00320002824000840f50000300310003
:1025900002024000848f500001003900eeff370036
:1025a00000826800810f50001b0031000408a30066
:1025b00005003200150037000200e0002c00320058
:1025c0000201e900b15978000308a300faff3a00bc
:1025d00003037800820278000102780002003700cd
:1025e000b41978000281e900e10f5100fcff3e00c0
:1025f000618162000500a1008501430085824000e1
:1026000002003700b55978000201e9000200e0003d
:10261000fcff3a00000006000408a30012003a0084
:10262000040037000200e000110032000201e9005e
:1026300061707900820140000308a300f9ff3a00ad
:1026400082017800020037000281e90061307900e0
:10265000e10f5100fcff3e00618161000200370084
:102660000201e900617079000200e000fcff3a001d
:102670000000060080007800040037003104e0000c
:1026800002003a000000510000000600010178003d
:102690000108a300f9ff3a008101780031017800b8
:1026a000f4ef2f00020242000281ea000201620000
:1026b0000408280004016100f7ff3200830078005d
:1026c000010178003104e000fdff3a0000005100f4
:1026d000000006000f04b0008e1f78000202780090
:1026e000030178000000e0000200320000077800db
:1026f000020037000efc2f000f0747008002eb009e
:102700000100e000010032008102e9000f007800c2
:10271000e003b1001d0009000018eb000080eb0091
:1027200090a79f0023102000a3a79f00bea79f0093
:10273000c1a79f00d5a79f000100e00003003d0056
:10274000b104200021ed890007003700004feb00a5
:10275000fea79f00eea79f008400780020fc2f00ba
:102760000f004000000507004f0778000f04b1007c
:1027700000000600ec874700889fbe008a9fbe00cd
:102780008c9fbe008e1f7800000678000104780040
:10279000180790002805900098067800cdb79f0094
:1027a000b80590003202be002203be000400be0045
:1027b0000601be004f18de006011b8008000eb007b
:1027c000d0b79f00e1b79f00f2b79f0083bf9f0083
:1027d000800478000900e000060032006000b800c4
:1027e0006011b800040250008582580006035900a9
:1027f000878359000e00e000020035000d10a10093
:10280000cdb79f000900e00005003a004fb09700e7
:102810000028a30002003a000038a30002003200a2
:102820008a00e900010037008a007800f88157002b
:10283000a200200008007800860007000900e000e0
:1028400003003a00cfb097000128a300080032002f
:102850000000e90000814500b1c2b3000900e000ba
:1028600001003200d1c2b3000149780005003700f1
:102870000138a300030032000000e90001c2b300e8
:1028800081757800480190000201e90000015100c3
:10289000808045004fb297008a0178000c007800d4
:1028a000300207009c0090000188a3000400320061
:1028b00098009000810f500001003d000100780059
:1028c0004f0778004f06be004f05be004f04be0004
:1028d000cf00b100000006000200fa00889fbe0091
:1028e0008a9fbe008005780001047800020078000d
:1028f000180190002805900098007800b1bf9f0053
:10290000b80490000200e000020035000110a100b0
:10291000b1bf9f00ea815700820020008a00780042
:102920003002be002003be00080078004900070006
:102930003fb99700f0006100030032000000e90099
:1029400001c3b300817478003fb99700e8006100cb
:10295000030032000000e90001c2b3008174780076
:10296000480190000201e90000015100808044000c
:102970003fba97008a0178000b007800f901070040
:102980009b0090000188a300040032009800900092
:10299000810f500001003d00010078004f05be008e
:1029a0004f04be000080fa0000000600ea874700de
:1029b000889fbe008a9fbe008e1f780000047800aa
:1029c000030078007287570084e2260055c726006e
:1029d000049fbe00c3962200030f78006c87570047
:1029e000004feb0011059000a104900091057800c4
:1029f0000200e00002003200020778000100370008
:102a0000728757000000e00002003a000e007800d4
:102a100018ff07000a00e000030035008a0f50008d
:102a2000010036000a0078000b0278008901780066
:102a3000000178008e00780008007800c9010700c6
:102a40004f0778004f05be004f04be00af00b10035
:102a500000000600f4874700889fbe008a9fbe00e2
:102a60008c9fbe008e1f78000605be000404be00c9
:102a700081bf9f0082b79f00f3b79f00b000900016
:102a8000e1b79f001301780092b79f009006900075
:102a9000400090000000e900000678000d00e00012
:102aa00001003d001d0020008040eb00efb19700c9
:102ab000817178001e0020001f0037000c06e9001d
:102ac0000fb09700cf80de006109b900a0b79f006a
:102ad000b1b79f00c2b79f00d3b79f000203be00eb
:102ae0000002be000800be000a01be00bdfd0700d6
:102af000000778000e4078000043b000efb0970068
:102b000080707e008d06e9000fb997000201e90090
:102b100082bf9f002fb29700bfb297004fb39700bc
:102b2000dfb397000800be000a01be00a6fd070043
:102b30000205be000004be000c00e0000d003400e1
:102b4000e00f5400e08f5c00e00f5d00e08f5d005f
:102b5000daff3a000d00e000d8ff3c008fb9970083
:102b60000300e000030034001fb097000018a3002a
:102b7000d2ff3a000e00e00002003a00ffb09700da
:102b80001140a1000c0078004f0778004f06be00ee
:102b90004f05be004f04be004f01b100000006000b
:102ba0000200fa00889fbe008a9fbe0000057800e0
:102bb000010478000200780018019000a804900039
:102bc00098007800b1bf9f00b80590000200e000b7
:102bd000020035000110a100b1bf9f00ea8157003b
:102be000a2002000890078003002be002003be0051
:102bf0000800780097ff0700480190000201e900f3
:102c000000015100808045003fba9700890178009b
:102c10000a007800530107009a0090000188a30081
:102c20000400320098009000810f500001003d0028
:102c3000010078004f05be004f04be000080fa007e
:102c400000000600fa874700889fbe008a9fbe00ea
:102c50008c9fbe008e1f78008004780001047800ed
:102c60008205780018019000280590001807780068
:102c7000b80090000200e000020035000e10a10034
:102c8000010037001200200070006700e0b79f00cd
:102c9000090032003b02be002b03be00e00f5200d1
:102ca000e08f5a00e00f5b00e08f5b000200320013
:102cb0008a86e900010037008a067800e80267008a
:102cc000f5b79f00010032008d06e9003b02be000f
:102cd0002b03be00e4af9f00f5af9f0086b79f00b7
:102ce00097b79f00480690000c06e9000040eb00f3
:102cf00080707e00efb297007fb297008903780062
:102d000081047800d8af9f00020478008bbf9f0039
:102d10008a057800034578002a0037000c06e90090
:102d20006fab97006f006300e90f500002003c009a
:102d30000003b000010037007005b0000a03fb007b
:102d40001604b100f90f53000c003e000003780098
:102d50000650a0001606b100f90f530007003e0010
:102d6000b4b79f00a5b79f00c7b79f0077030700c0
:102d7000cfb39700afb297003fb2970080747e0048
:102d80000804e9008d06e9006fa89700ffa89700e6
:102d90000fb197009fb19700460020008301d1003a
:102da0000281d3008180d3000080d3000603e900b4
:102db000faff3a00e0af9f00f1af9f0082b79f009b
:102dc00093b79f00e10f56000f0034006fa89700e3
:102dd000ffa897000fb197009fb19700e00f500038
:102de000e08f5800e00f5900e08f5900cbff3a0008
:102df0000800e000c9ff3c000d00e00002003400c4
:102e00000e18a300c5ff3a0089007800f4b79f00b0
:102e1000870478005fac97008a4178000b05780042
:102e20008fbd97000500e000100032003b02be009d
:102e30002b03be00e4af9f00f5af9f0086b79f0055
:102e400097b79f00e00f5200e08f5a00e00f5b0041
:102e5000e08f5b00050032000c06e90083707e0005
:102e60000c06e90000c3b30080707e00ffb297003b
:102e70000500e000030032000c06e90000c2b300c8
:102e800080707e00480190000201e9000c015100b1
:102e90008c8040000e0278008a01780009007800da
:102ea000b0000700990090000188a30004003200e0
:102eb00098009000810f500001003d000100780053
:102ec0004f0778004f06be004f05be004f04be00fe
:102ed000af01b10000000600820178000101780016
:102ee000f1ff27002e03370084082000848f500054
:102ef0001d0032000d003c0014082000848f50009b
:102f00002700320002003c000408200004003700c3
:102f100024082000848f5000340032004408200030
:102f2000848f500043003a0036003700040a200026
:102f3000848f50002700320004003c000409200068
:102f4000848f50003b003a0028003700020c20001c
:102f5000828f50002f003200020f2000828f50001d
:102f600034003a002b0037009380e9000200e000b3
:102f700005003200810978001102fb00cfa2de00bb
:102f8000612bb900280037008109780011427800d0
:102f90000482fb008002eb006033b800220037009f
:102fa00013027800e40052000200e0000500320045
:102fb000810978001102be004fabde008603780065
:102fc00019003700810978001102be006033b80093
:102fd000150037009380e90081097800110278001c
:102fe000cfa2de00612bb9000f00370093027800fa
:102ff000e8805200810978003102be002103be0042
:10300000090037009380e9000200e000020032006e
:10301000f1ff37009380e900810978001102780000
:103020008002eb006033b8000498be000690be003a
:10303000100005000000050044082000848f5000a7
:103040002500320008003c0014082000848f500046
:103050001400320024082000848f50002400320025
:10306000040820000c00370004092000848f500061
:103070001f00320004003c0084082000848f5000b0
:1030800024003a000e003700040a2000848f50000c
:1030900011003200040c2000848f50001d003a0003
:1030a0000d0037009380e9008109780091007800d5
:1030b00001087800cf91de008288be00140037003e
:1030c0009380e90081097800910078000108780078
:1030d000824878000e0037009380e900810978006b
:1030e0009100780001087800820878000800370015
:1030f0009380e90081097800910078000108780048
:103100006112b900612bb9008498be008690be00a0
:103110001000050000000500889fbe000004780034
:103120004800900082047800808f5400010036002f
:1031300080047800090178005800900006fd07001f
:10314000580090000900400050049800c80090000a
:1031500089845000490498000048eb004f04be00e9
:1031600000000600f2874700889fbe008a9fbe00cd
:103170008c9fbe008e1f78008004780001057800c7
:1031800002047800830578006107620002003a00bb
:103190008b0f540008003900080178008a0078007d
:1031a00009007800dcff07008b0f54000200390093
:1031b000880578001e003700088655000c0178004d
:1031c000f00f56000100360002012000010220002d
:1031d0007e805700f20107008c067800050037005a
:1031e00002012000fe80570009007800caff070096
:1031f000f0865600ef8f5600f9ff3e004461de0076
:1032000000ff2f000091b90002014600fe80570028
:1032100009007800c0ff07000e00e00004003a003b
:10322000080178008a00780009007800baff0700da
:103230000b0078004f0778004f06be004f05be0018
:103240004f04be002f01b100000006000000050081
:103250000000050000000500000178000040eb00c0
:103260008080fb0081804000e3d6230063c27800a9
:103270000404e00003003a00f0d6230060c07800a8
:103280000000060092017800934f520004003a00bb
:10329000f0d6230060c078000309e8000100370081
:1032a0000040e800ea4f5000edff36000000060045
:1032b000f6874700889fbe008a9fbe008c9fbe0095
:1032c0008e1f7800000578000104780083057800df
:1032d000040678000000eb00c0b79f008080eb0080
:1032e000d1b79f00e0b79f00f2b79f000008200011
:1032f00080bf9f0098007800010078008004eb00f8
:10330000010037008904e800304178000204e00041
:103310000300320053c2b300834f5100f9ff3a005b
:103320000900e00004003200090178000a0078007a
:1033300079ff0700188c44001807780050c2b300ca
:103340009e4f10003f013a000e07e8000e0c780077
:1033500010003700cfb097000100a0000b0037002d
:10336000cfb097000110a00008003700cfb0970041
:103370000120a00005003700cfb097000130a00069
:1033800002003700cfb097000140a000c1b79f00f6
:10339000000ce8001800780090407800b2c2b3003a
:1033a00082cf5000f1ff320007003c0002c2b300a0
:1033b00082cf5000f0ff320032c2b30082cf500003
:1033c00007003a00efff3700d2c2b30082cf5000af
:1033d000e0ff320002c3b30082cf5000e0ff3200b2
:1033e000a2c2b30082cf50000d003a00000ce800ea
:1033f0001c80e900000e780010007800e0b79f0004
:103400000000e0000f003d00cfb097000100a200d7
:10341000c1b79f000000ea00e0b79f000900370035
:1034200039010700e0b79f0001003700000ce800f9
:10343000180078009000fb000103b100e98f5000f4
:10344000faff36004fb097000008a30002003200d8
:103450000010a100c0b79f0018007800e1c2b300bf
:1034600090cf100016003a008000eb00d1b79f000b
:103470000000e800000c7800a1c2b30090cf10005b
:1034800006003a00000ce8001c80e900000e7800fd
:1034900010007800d0b79f00090037001a0107001c
:1034a000d0b79f0001003700000ce800180078003a
:1034b0009000fb000103b100e98f5000faff3600d5
:1034c0000800780064ff0700804678001800780044
:1034d0001000fb009601070091062000810f5000ac
:1034e0003800320012003c0041062000810f5000dd
:1034f000340032000a003c0011062000810f500009
:103500002000320031062000810f5000a000320060
:1035100051022000810f5000bc003a00b400370077
:1035200071062000810f5000b8003c008800370071
:1035300001072000810f50005c00320007003c00b2
:10354000e1062000810f50007a003200f1062000d1
:10355000810f5000ad003a003900370051072000bc
:10356000810f50002700320081072000810f50009a
:103570004200320031072000810f5000a3003a00c2
:103580008f0037008d80fb000c01780000fe2f00bb
:103590000f004000a70107000000e000a800320073
:1035a00018007800000ce8009041780002fe2f001f
:1035b0000f014100f88057000a007800bd010700a4
:1035c0000e0037008d80fb008c0178001200200077
:1035d00000fe2f000f00400043fe07000000e00047
:1035e00097003200180ce80002fe2f000f01410086
:1035f000f88057000a0078005efc070080844400d1
:10360000900037008d80fb008c0178000001eb00fa
:1036100000fe2f000f00400033fe07000000e00016
:1036200087003200180ce80002fe2f000f01410055
:10363000f88057000a00780059fd0700efff3700b7
:103640008d80fb008c0178000001eb0000fe2f0054
:103650000f00400024fe07000000e0007800320068
:10366000180ce80002fe2f000f014100f8805700ff
:103670000a00780098fc0700e0ff37008d80fb000f
:103680008c0178000001eb0000fe2f000f004000cd
:1036900015fe07000000e000690032001800780005
:1036a000000ce800904178001c0037008c01780085
:1036b0000001eb00010f200000fe2f000f00400072
:1036c00009fe07000000e0005d003200180ce80071
:1036d0000fb097009fb097002fb19700bfb1970030
:1036e000e00f5000e08f5800e00f5900e08f5900c4
:1036f00009003a00cfb597006fb4970060d6230059
:10370000dcfb07000b0278008801780000017800dc
:1037100061d623004700370083c7b30002fe2f00a5
:103720000f014100f88057000a00780045fd0700ae
:10373000b2ff37000b8144008d80fb008c017800c4
:1037400000fe2f000f0040003bfe07003c0037004a
:103750008d80fb000c01780000fe2f000f00400060
:10376000340107000000e000350032001800780046
:10377000000ce8009041780002fe2f000f0141008c
:10378000f88057000a007800ed0307009bff370020
:1037900000c8b30080cf560029003a00180ce8009a
:1037a0001c80e900000e780010407800e0df9f00e8
:1037b00013002000e2fd2f000f0141000800370038
:1037c00000c8b30080cf56001d003a00180ce80076
:1037d0001c80e900000e78008001eb0010017800e9
:1037e000f88057000a00780070fc070083ff37005c
:1037f00000c8b30080cf560011003a00180ce80052
:103800004fb29700efb19700080037000e0c780018
:103810000000eb00c0b79f00e0b79f000080eb0006
:10382000d0b79f000002eb00840178001200200056
:10383000c1d623000a0078004afe07006fff370058
:10384000180ce800090078004f0778004f06be000a
:103850004f05be004f04be006f01b100000006001e
:103860008200fa00889fbe008a1f78000005780059
:1038700082047800c13f9f000004eb001000370075
:103880000902780088017800a2f72f000f0141009b
:1038900081f72f008f8040000a00780084fe070027
:1038a00008004000880f500004003d00b0042000d4
:1038b00020ed89000084eb0004003700000478004c
:1038c0004f3897001004e000edff3a000800780040
:1038d0004f0578004f04be000080fa00000006008b
:1038e000800078001000200002022000828f50002b
:1038f00004003200e9805000e48f500001003600df
:103900000000eb0000000600889fbe008a1f7800c0
:10391000000578000a047800984478000805e8005b
:103920000900fb00eeff07000000e000f9ff3a008d
:10393000b0c2b30080cf540005003200d0c2b30043
:103940008000eb0080cf540005003a0002003700f1
:103950008000eb0001003700110020000804e8009f
:103960000000eb00030037006a02b90002005200b9
:103970000003b0003801fb0003fd2f0082814100ed
:10398000e98f5100f8ff36000100e00001003a0025
:103990000000ea004f0578004f04be00000006005a
:1039a000889fbe008a9fbe00800478000200e0006d
:1039b0005b00320001407800814c78008281440035
:1039c000f1f99f00e20f5100550036009144980034
:1039d000a1449800e1f99f00d1f99f00e60f510042
:1039e0004f003600b1449800c1f99f00e80f510024
:1039f0004b0036000905ea00630565000a844400af
:103a00000a055100c1ff2f00010565000080fb0081
:103a10008000eb001210200013102000ad060700fc
:103a2000008cbe000a01440060b99f0071b99f007c
:103a3000e80f55003a003600200498003104980041
:103a4000400498005104980020b99f0031b99f00ac
:103a500040b99f0051b99f00f80f55003000360063
:103a60006004980071049800000c9800110c9800f4
:103a7000200c9800310c9800400c9800510c9800d4
:103a800020b19f0031b19f0040b19f0051b19f0014
:103a900060b19f0071b19f0000b99f0011b99f00f4
:103aa00064016400780141000204440002055500ed
:103ab0006011b8000203be000002be000403be0095
:103ac0006022b80000007200818072000201730061
:103ad0008381730010003700009cbe000294be007a
:103ae0004004980051049800620498007304980000
:103af000000c9800110c9800220c9800330c9800d0
:103b0000400c9800510c9800620c9800730c9800bf
:103b10000a02b1000802b000ff0f5500eeff3e00a0
:103b2000090078004f05be004f04be0000000600eb
:103b3000f1fb2f0080804000f98f500001003e0013
:103b40000050a00000000600f9ff3700f1f92f0037
:103b500080804000f98f500001003e00f005b20067
:103b600000000600f9ff37000200fa00881f780005
:103b700000047800e2bf9f006481570008007800cd
:103b800037ff0700980090000148a30001003200b1
:103b90000080eb004f0478000080fa00000006006f
:103ba000f28747008e1f7800020278000301780038
:103bb0000000e0000200320000077800010037003a
:103bc000728757008002eb000100e0000100320024
:103bd0008102e90070805700060009000018eb0020
:103be0000080eb0080bf9f002310200093bf9f0048
:103bf000aebf9f00b1bf9f00c5bf9f000100e000a6
:103c000003003d00b104200021ed890006003700cb
:103c1000004feb00eebf9f00debf9f0084007800e6
:103c200070805700a10507004f0778002f01b100f1
:103c300000000600881f78000004780000082000bb
:103c4000808f50001700350010082000808f500032
:103c50000b00340030082000808f500011003a0023
:103c60009200780068805000000978003002be00a1
:103c70002003be00049cbe000694be00070037006f
:103c80009202780064805200000978001000be00a3
:103c9000c5050700009cbe000294be001000200075
:103ca000010037000000eb004f0478000000060020
:103cb000000006003e00fa00889fbe008a9fbe00fa
:103cc0008c9fbe0010079800834678001100780092
:103cd000400f980091019000430798002102900046
:103ce000240f9800c1029000050f7800b1009000e9
:103cf000611f98003204be002205be00281f9800f4
:103d0000391f98004a1f98005b1f98006022b80076
:103d10006033b8000800be000a01be009805070025
:103d20000000e00009003d000800be000a01be00de
:103d300003f0a200201f9800311f9800421f980036
:103d4000531f9800d0c2b30004003700ce08900083
:103d50000128a30009003200b0c2b3006e19900020
:103d600000497800ae0990008301e900330f980004
:103d700014002000540f980010003700ce0a900065
:103d80000538a3000900320000c2b3006e1b90008a
:103d9000004b7800ae0b90008703e900370f9800c6
:103da00018002000580f980004003700ae0c900057
:103db000390f98000005eb005a0f98002e1890005c
:103dc000be1890004e199000de199000b8ff070051
:103dd000f4ff2f00f5ff2f00f6ff2f00f7ff27005d
:103de0000402600085826000060361008783610031
:103df0006000b8000200200003ff27000020e1005f
:103e000001a8e10002b0e10003b8e1000c003a00b3
:103e10008d06fb001d04b100ee1d9000de08900031
:103e20000180450041d82300f98f5600010036007b
:103e300081d823002b05070080d823002f023700ec
:103e40000020e10001a8e10002b0e10003b8e100b8
:103e50000c0036008d06fb001d04b1006e199000a9
:103e6000de09900003004100c1d82300f98f5600fd
:103e70000100360001d923001a05070000d92300ec
:103e80001e02370000c3b3006e1a9000de0a9000d5
:103e900000f27a000500e800000142008d00fb00fe
:103ea000f6fb2f00068340002607980081c7b30069
:103eb000f90f530001003e0081c5b30001497800ad
:103ec0000000e800500f98006022b8006033b8008e
:103ed0002e189000be1890004e199000de19900028
:103ee000270507000000e0005e0032008003eb00c1
:103ef0006044b8000a0020000bff23006807980008
:103f0000790798000a0f98001b0f980007067800a1
:103f1000050037000c06e8006e0c9000fe0c9000c7
:103f20000e1590009e1590000802be000a03be0008
:103f30000800be000a01be00720507000002be00b4
:103f40000203be00640f9800750f980006179800d2
:103f5000171798002e189000be1890004e19900068
:103f6000de199000060507000000e000e9ff3d00b3
:103f70006c0f98002a0037006022b800060020006d
:103f800007fe23000800be000a01be005706070016
:103f90006022b8006033b800f90407000000e000b8
:103fa00016003a006022b800060020000735240001
:103fb0000800be000a01be004c0607000004be0057
:103fc0000205be006022b80006002000073524006c
:103fd0002e189000be1890004e199000de19900027
:103fe000420607000002be000203be00241f980024
:103ff000351f9800461f9800571f98006022b80090
:104000000600200007fe23000800be000a01be00d3
:10401000360607000004be000205be000c06e900db
:104020000802be000a03be002e189000be189000c1
:104030004e199000de199000d10407000000e00046
:10404000cdff35000800be000a01be0060079800e1
:1040500071079800020f9800130f98006c0f9800da
:10406000090037008000eb00610f98006022b80063
:104070000600200007ff23006407980075079800da
:10408000060f9800170f9800ce02900080012000c4
:104090000500e000010035004e0090000000e8003f
:1040a000300798006e049000fe0490000e0d900002
:1040b0009e0d900068179800791798000a1f9800c5
:1040c0001b1f98002e1c9000be1c90004e1d9000df
:1040d000de1d90000006eb003a0037006e129000e3
:1040e000fe1290000e1b90009e1b90000800be0068
:1040f0000a01be004e050700a60707000002be0029
:104100000203be0024179800351798004617980040
:1041100057179800c30407008002780055079800dd
:104120006e129000fe1290000e1b90009e1b9000dd
:104130002e109000be1090004e119000de119000e5
:10414000ea0507000002be000203be000800be0030
:104150000a01be00e50407000004be000205be001f
:104160006022b8000600200007fb23006e109000bc
:10417000fe1090000e1990009e199000db050700bc
:104180000002be000203be00641798007517980075
:10419000061f9800171f98000c06e800ce0290003a
:1041a0000500e00007003d006022b8006033b80061
:1041b0000800be000a01be00710407000000e00014
:1041c000040032003e039000860f5600c3ff350006
:1041d000010037003c0798006022b800060020006c
:1041e000070224006e109000fe1090000e1990003f
:1041f0009e199000bd0507000002be000203be002c
:104200006417980075179800061f9800171f9800ec
:104210000800be000a01be00590407000000e000cb
:104220000d0035006e129000fe1290000e1b9000e3
:104230009e1b90000800be000a01be00500407004b
:104240000000e00011003a00de0290000508a30023
:10425000080032000d0037006044b8006055b80017
:1042600068179800791798000a1f98001b1f98007c
:10427000060037006000b8006011b80060179800b1
:1042800071179800021f9800131f98006e1290007b
:10429000fe1290000e1b90009e1b90002e189000a6
:1042a000be1890004e199000de199000950407008a
:1042b0000002be000203be00641798007517980044
:1042c000061f9800171f980079fe07000203be0022
:1042d0000002be00f0ff2f00f1ff2f00f2ff2f00c1
:1042e000f3ff27000004620081846200020563007e
:1042f00083856300281f9800391f98004a1f980083
:104300005b1f98006000b8000200200003ff270038
:104310000040e10001c8e10002d0e10003d8e10063
:10432000bbfe3200be0c90008984e900291f980072
:104330005e0e90008006eb005d0798002d17980038
:104340006f0037006e029000fe0290000e0b90008e
:104350009e0b90006e109000fe1090000e199000c1
:104360009e199000b20407000a0707000004be006f
:104370000205be002b040700800078000100e00069
:1043800006003a002e1090000000e000030032000a
:104390008d06e8003d0f9800330037005e01900065
:1043a0000200e0000c003a00ae1190000300e000b3
:1043b00009003200e0c2b3006e1a900000727e0065
:1043c0000c06e800ae1a90008502e900251f98004f
:1043d0001600200056079800ee1b90000c81430049
:1043e0000d007800070278000300370003c3b30014
:1043f000035978000000e9000000e000fbff3a00ec
:10440000300f9800641f98000d064600e98f500099
:1044100003003c00000320000100400002003700c0
:104420007005200001004000ae009000f98f5000a0
:1044300006003e00800078000150a0001106b10087
:10444000f98f500001003e00c0fd07006e1990007a
:1044500000717e000c06e8008d86ea00ae1990001f
:104460008d814100231f98006e029000fe02900093
:104470000e0b90009e0b90000800be000a01be00cb
:104480001a0507000002be000203be006e10900075
:10449000fe1090000e1990009e1990001304070062
:1044a0000002be000203be00641798007517980052
:1044b000061f9800171f98006022b8000600200011
:1044c00007fb23006e009000fe0090000e09900094
:1044d0009e099000050507000004be000205be000d
:1044e00068079800790798000a0f98001b0f98003a
:1044f000ae1490008904e90029179800be0e9000c0
:104500002e1590000a00ea00be0590008b0f5000a7
:1045100004003d009e00780065805000800f56002a
:1045200088ff39005e0190000200e0001e003a00a2
:104530000d00e0007d003400ce0190000300e0009b
:104540007a0034004e0a90000408a30077003a0075
:10455000ee1a90008c804200e0c2b30080487800e0
:104560000d0078008501780002c3b30082687800ee
:104570000000e900fcff3a00631f98000c8646002b
:104580000c06e8002e1b90000600e9000d0050000c
:10459000201f980004003700e0c2b300ee1b90001b
:1045a00080737e000c06e8006e1c90000c00440036
:1045b0000048eb009e0478008900e9000041eb0010
:1045c00002f478008001eb006e0d90000a00e0001c
:1045d00003003d000a05ea006a0f9800130020005e
:1045e000120020006e0a9000810378002e1b9000bc
:1045f0006e1c900080067800090037008103780067
:10460000a5002000110009000502d8000002be002c
:104610000543b00005f47b000201e9000603e90050
:104620008700e9000400e000f4ff3a00e10f5100c8
:10463000f2ff3200261f9800681f98000d007800d6
:1046400001024400b2c2b3000300e00001003200e6
:10465000d2c2b300024a78000101e900ee199000cd
:104660008280410003c7b3002e029000f90f520070
:1046700001003e0003c5b30083487800820f560056
:1046800001003d0017030700ce0a9000638062001e
:10469000e20f500018003a002e1b90000684e9003b
:1046a0004240a900140034006e189000f1f7070092
:1046b000800044008100e800ee1b900081804300f0
:1046c0008701780002003700e36078000000e9000d
:1046d000de0c9000890f5000fbff3d00631f980027
:1046e000098041000801780001032000acfc0700ac
:1046f0000005eb002a0f98006e189000ddf7070008
:104700004e0a9000ae09900000017800ee1890006b
:104710001e00900093fa07004f06be004f05be0032
:104720004f04be000080fa0000000600ce0d90008d
:104730000b48a30098ff3a009bff370000000600db
:104740004200fa00889fbe008a9fbe008c9fbe0078
:1047500020079800110f9800034f9800110078006f
:10476000400f980091009000610f98009e09900002
:10477000a3019000330f98001e0a9000440290009d
:10478000140798009e0a9000b50290000527980033
:104790003204be002205be006022b8006033b800bb
:1047a0000800be000a01be00f50207000000e0009c
:1047b00003003d000bf0a200d0c2b300040037009c
:1047c0004e0b90000628a30009003200b0c2b300cf
:1047d0008e239000804b78003e0890000000e90096
:1047e000700f980011002000510f98001000370042
:1047f0004e0990000238a3000900320000c2b30045
:104800008e219000804978003e0a90000402e90061
:10481000740f980015002000550f98000400370011
:104820003e0b9000760f98008003eb00570f980026
:104830000800be000a01be00c0ff0700f4ff2f0001
:10484000f5ff2f00f6ff2f00f7ff2700040260009e
:104850008582600006036100878361006000b80004
:104860000200200003ff27000020e10001a8e10072
:1048700002b0e10003b8e10011003a000e489000d8
:104880008000fb001104b1000e219000de099000b1
:1048900003004100f98f500002003e0041d923007f
:1048a0000100370081d923008e02070080d9230040
:1048b00070f707005e0a9000040140001500370001
:1048c0000020e10001a8e10002b0e10003b8e1002e
:1048d000130036008e4a90008500fb001104b100e1
:1048e0000e239000de0b900007004300f98f50006c
:1048f00002003e00c1d923000100370001da230085
:104900007802070000da23005af70700de0890005b
:10491000010140004e0a9000be099000500237008d
:104920006022b8006033b8000800be000a01be0073
:10493000930207000000e0006a0032006022b80025
:104940000600200007ff2300441798005517980021
:1049500066179800771798008006eb000800be00e5
:104960000a01be00001f9800111f9800221f980026
:10497000331f98000e269000070037008d06e800d0
:104980000802be000a03be0044179800551798009d
:1049900066179800771798006022b800060020007c
:1049a000470224004e109000de1090006e1190001f
:1049b000fe119000cd0307000004be000205be00fa
:1049c0000002be000203be000e1890009e18900068
:1049d0002e199000be199000690207000000e00047
:1049e000e6ff3d000c2798000006eb004e149000f7
:1049f000de1490006e159000fe1590002500370023
:104a000040ed2f00808f560019003d000c00e000a3
:104a100016003a006022b800060020000735240086
:104a20000e1890009e1890002e199000be1990004c
:104a3000ae0307000002be000203be00041f980080
:104a4000151f9800261f9800371f98006022b80095
:104a500006002000073524000800be000a01be0041
:104a6000a20307000004be000205be001c002000d7
:104a70006022b80006002000470224000800be00a3
:104a80000a01be00ea0207000004be000205be00e3
:104a90008d06e9000802be000a03be000e18900051
:104aa0009e1890002e199000be1990003402070045
:104ab0000000e000d2ff35000800be000a01be0081
:104ac00040179800511798006217980073179800c4
:104ad0000e1c90009e1c90002e1d9000be1d90008c
:104ae000080037006022b8000600200007ff2300fe
:104af0004417980055179800661798007717980084
:104b00008006eb008e4a90000500fb0008fc0700c1
:104b1000104f98006e0b9000600020000600e0002f
:104b2000010035006e08900071c6b3009e4b9000e6
:104b300081cf53000a003a00ee0890000100e00027
:104b4000cf013200cf0137008d0f5000d3013c0060
:104b5000001f980052c6b300425f98001e00370045
:104b60009e499000435f98000200370064c6b3007e
:104b7000445f98000000e800001f980060c6b30082
:104b8000ce5a900080cf520013003a000d00e00092
:104b900008003d006000b8000200200003ff230071
:104ba00040179800511798006217980073179800e3
:104bb0008006eb0061c6b300415f980070c6b30089
:104bc0001e499000804f5100030032008e19900062
:104bd0008d814100031f98004e129000de1290005c
:104be0006e139000fe139000441f9800551f98000c
:104bf000661f9800771f98000800be000a01be00db
:104c00000017980011179800221798003317980082
:104c10000006eb000802be000a03be00540798001d
:104c20006507980076079800070f98003100370055
:104c30004e1a9000de1a90006e1b9000fe1b900032
:104c40000e1090009e1090002e119000be1190004a
:104c500077020700cf0407000004be000205be0073
:104c6000f001070080027800250f98004e1a90008e
:104c7000de1a90006e1b9000fe1b90000800be0024
:104c80000a01be00190307000e1290009e12900048
:104c90002e139000be139000140207000002be0005
:104ca0000203be0007f0a200041798001517980031
:104cb00026179800371798006022b80006002000d9
:104cc000470224004e189000de1890006e199000e4
:104cd000fe199000560207000002be000203be004b
:104ce000441f9800551f9800661f9800771f980072
:104cf0000c06e8008e1a9000850f5600ccff350098
:104d00005e049000ee0490007e0590008e0d9000f1
:104d10006022b80006002000470124004e189000d1
:104d2000de1890006e199000fe199000ef02070047
:104d30000002be000203be00441f9800551f9800e9
:104d4000661f9800771f98000e1090009e1090002c
:104d50002e119000be119000890107000000e000b4
:104d60000f0035004e1a9000de1a90006e1b900066
:104d7000fe1b90000e1090009e1090002e119000cf
:104d8000be1190007e0107000000e00011003a0013
:104d9000ae0a90000508a300080032000d0037009d
:104da0006000b8006011b800401f9800511f9800c3
:104db000621f9800731f9800060037006022b80039
:104dc0006033b800441f9800551f9800661f980074
:104dd000771f98004e1a9000de1a90006e1b90000c
:104de000fe1b90000800be000a01be00c5010700be
:104df0000002be000203be000417980015179800b9
:104e000026179800371798006022b8000600200087
:104e1000470224004e109000de1090006e119000aa
:104e2000fe119000b10207000004be000205be00a2
:104e30000002be000203be000e1090009e10900003
:104e40002e119000be119000520107000000e000fa
:104e5000090035008d06e80060c6b300ce5a900008
:104e600080cf520008003a000e1b90000603e800b5
:104e7000061f9800110037004e149000de149000b9
:104e80006e159000fe15900050c6b3004e5990006c
:104e9000804f510009003a000802be000a03be001c
:104ea000441f9800551f9800661f9800771f9800b0
:104eb0008002eb0045179800070037000800be008d
:104ec0000a01be00401f9800511f9800621f980001
:104ed000731f98004d1798005e0e90000001eb00c4
:104ee000220f980032079800520798000d0f7800a3
:104ef0006a0037004e1a9000de1a90006e1b900078
:104f0000fe1b90000e1090009e1090002e1190003d
:104f1000be119000c60107001e0407000004be0079
:104f20000205be003f010700e90f500001003400f8
:104f300090002000ce0990000348a3000c003a0026
:104f40000000e0000a003a0071c6b3001e4a90005b
:104f5000814f520006003a00ce1290000500e0009a
:104f600003003d002e0b90008606e800230037006a
:104f7000be0390000700e0000c003a00ce10900045
:104f80000100e00009003d00e1c2b3000e219000e5
:104f900001717e000c06e800fe0990008301e90023
:104fa000730f980014002000340798008e229000a0
:104fb0000c814200ae0e900085017800030037009e
:104fc00001c3b300015978008d06e9000d00e0002f
:104fd000fbff3a00032798002e0b900006064600c0
:104fe0000043b00080717e000c06e8000680ea00f5
:104ff000fe0b900080834300770f98004e1a9000bc
:10500000de1a90006e1b9000fe1b90000800be0090
:105010000a01be00350207000e1290009e12900099
:105020002e139000be139000300107000002be0056
:105030000203be0007f0a20004179800151798009d
:1050400026179800371798006022b8000600200045
:10505000470224004e189000de1890006e19900050
:10506000fe199000720107000002be000203be009c
:10507000441f9800551f9800661f9800771f9800de
:10508000ce1290008502e900451798005e0390005b
:105090000603e800560798002d0f9800de039000e5
:1050a0000e189000808f530005003d009e08900070
:1050b0004100900065005000800f56008dff3900c0
:1050c0009e0678003e0190000200e00007003a00d2
:1050d000ce0990000348a30004003200e0c2b300f0
:1050e0000e22900000727e000c06e8008e229000d6
:1050f0000c8042000048eb0051c6b3004e5b9000ac
:10510000814f530038003a009e0390008700e90069
:105110000041eb0082f278008001eb000d00e0001e
:1051200002003d008d06ea0013002000220020004e
:1051300001037800fe0a90008e239000000478009e
:105140000a00370001037800a400200011000900c4
:105150008406d80001027800800678000443b0007d
:1051600084737b000201e9008502e9008600e90002
:105170000d00e000f3ff3a000200e000f1ff3c0008
:10518000750f9800072798000800780001824300f7
:10519000b2c2b3000300e00001003200d2c2b3008b
:1051a000024a78000101e9008e21900082804100ce
:1051b0008e4a90000502fb001404b10053c6b300f0
:1051c000f90f520001003e0053c4b3008348780039
:1051d0007e0b90000683e900760f9800820f560040
:1051e00001003d003f000700ce0b9000638063008c
:1051f000e20f500015003a007e0890000000e00029
:10520000120034000e2090001af507008e21900045
:10521000040037007e09900082804100e37078002e
:105220000000e900de0a9000850f5000f9ff3d0004
:1052300003279800058041007e09900001032000ab
:10524000d7f907000003eb00360f98000e209000fe
:1052500008f507004e0a9000be0990000001780092
:105260008e2090002e009000bef707004f06be0073
:105270004f05be004f04be000080fa00000006008b
:1052800010002000e48f46002ffe3d00001f980014
:1052900057c6b300475f98004ffe37000d00e0008f
:1052a00032fe3500001f980042fe37000200fa006f
:1052b000881f780000047800e2bf9f0064815700d7
:1052c0000800780066f90700980090000148a300e4
:1052d000010032000080eb004f0478000080fa00eb
:1052e00000000600881f780000047800080078009d
:1052f00003000700080078004f0478000000060053
:105300000101780080017800008268000408a30091
:1053100005003200130037003240780080597800d1
:105320000004e00014003200030278000208a30029
:10533000f9ff3a00030078000100370003187800f5
:1053400082007800b2017800f5ef2f0083824200de
:105350000382ea0004826200050828000502620058
:10536000f6ff3200000278003141780002587800e0
:105370000204e000fbff3a00040078000000060091
:105380008f1fd1007a0207008f87e9000000e0003c
:1053900000000600809feb00750207008f87e90080
:1053a0000000e000000006008103780061ef0700c4
:1053b0000001be006000b8000478a30013003a00aa
:1053c0006220e10015003e000d0039008301d1008c
:1053d0000281d3008180d3008301d1000281d300f8
:1053e0008180d3008301d1000281d3008180d3006a
:1053f0000538b000c42add00f300b20083817200da
:1054000007f0a70003f0a0000000060083ff2700bc
:10541000020020006110b900f9ff370003ff2700e8
:10542000f7ff37001400fa00889fbe008a9fbe0075
:105430008c9fbe000004be000205be00680047004d
:105440000a90be000890be00840207000070a7000a
:105450000bf0a100304320009e0290008082520099
:10546000b0fe2f000028e10011003d00b0fc2f002d
:105470000028e100150034001e0990008e089000fd
:105480007e0090000501b0000201d1008180d300b0
:105490000080d3008502e800fbff3a000b00e0002b
:1054a000a9023b0060001000e0801800a60237004f
:1054b000f0ff2f00f1ff27000b00e000a2023b00ed
:1054c00001002800000020009f0237006000b800a3
:1054d0009d023700020ab900001bb9000200b800a3
:1054e0008100420081004300000006008c9fbe0046
:1054f0008a9fbe00889fbe00ca0107000bf0a20071
:10550000040037008c9fbe008a9fbe00889fbe00ab
:10551000c40107000c48e1000b003a000c40e10018
:10552000020032008b010700400037008b066d003f
:105530003e0032000af0a100f3012000f2ff2f002c
:105540006110b900390037000c40e100370032002b
:105550000940e100010036007e0107008a856d00e8
:10556000cf5dde000b0575000006eb008804fd0032
:1055700089045400010032007d0107000a04e000a4
:1055800011003a000800e00028003200040040004a
:105590008580480006014900878149000358a3001f
:1055a000180032008301d1000281d3008180d30032
:1055b0000080d3000c86d30001003900610676001c
:1055c0000804e800180037000400500085805800e7
:1055d0000601590087815900060031000af0a20037
:1055e0000c06ea0060001800e08018006001190055
:1055f000e081190003003a000004eb000005eb0015
:105600000a0037000348a30007003a000c064600d2
:105610000000480081804800020149008381490060
:105620000804e900f7ff3700af013700c901370070
:105630008c9fbe008a9fbe00889fbe007901070034
:105640000b056d000940e1000a003a000800e00087
:10565000020032000c40e10006003a000af0a1000e
:105660000c047800f3012000f2ff2f006110b90054
:105670009d0037000c40e1009b0032000800e00074
:10568000990032000c48e10002003a000004eb00ef
:10569000030037000900e00004003a000c04780021
:1056a0006000b8006011b8008f0037000348a30005
:1056b00006003a00000040008180480002014900d5
:1056c000838149000804e900f8ff37000748a30078
:1056d00006003a000402420085824a0006034b009d
:1056e00087834b008904e900f8ff3700fd3f200065
:1056f0008d845400090454008a1f7800881f7800a4
:1057000000047800810478000205780083057800a1
:105710006000b8006011b8000d04200005003700db
:105720000804440089844c000a054d008b854d0017
:10573000080031000404540085845c0006055d0007
:1057400087855d008381d2008d06d300f4ff3b0086
:10575000070037000404440085844c0006054d0012
:1057600087854d008381d2008d06d300ecff3b007e
:105770000804440089844c000a054d008b854d00c7
:10578000080031000404540085845c0006055d00b7
:1057900087855d000281d2008d06d300f4ff3b00b7
:1057a000070037000404440085844c0006054d00c2
:1057b00087854d000281d2008d06d300ecff3b00af
:1057c0000804440089844c000a054d008b854d0077
:1057d000080031000404540085845c0006055d0067
:1057e00087855d008180d2008d06d300f4ff3b00e9
:1057f000070037000404440085844c0006054d0072
:1058000087854d008180d2008d06d300ecff3b00e0
:105810000804440089844c000a054d008b854d0026
:10582000080031000404540085845c0006055d0016
:1058300087855d000080d2008d06d300f4ff3b0019
:10584000070037000404440085844c0006054d0021
:1058500087854d000080d2008d06d300ecff3b0011
:105860000b00e00004003d000404440085844c006b
:1058700006054d0087854d000006eb008301d10031
:105880000281d3008180d3000080d3000c86d30036
:105890008301d1000281d3008180d3000080d30036
:1058a0000c86d300890474008b0575008b8474000a
:1058b00001003200610676004f0478004f05780041
:1058c0000348a30007003a000c0646000000480009
:1058d0008180480002014900838149000804e900f1
:1058e000f7ff3700000137001a0137008c9fbe0018
:1058f0008a9fbe00889fbe00ca0007000b056d008e
:105900008a0578000c40e10008003a000900e00038
:1059100082003a000af0a1000c047800f301200094
:10592000f2ff2f006110b9007c0037000c48e10045
:1059300004003a00870007000900e00077003a0001
:10594000f4ff37000800e000740032000900e000b6
:1059500002003a007f00070070003700ed3f200092
:105960008d845400090444008a1f7800881f780041
:10597000871f7800861f7800851f7800841f7800b5
:10598000cb19dd00c515de008b8571004b11dd00e4
:10599000450dde000a057100cb08dd00c504de0000
:1059a000898470004b04dd000440b8000546b8004f
:1059b0008c80400060814e00044eb8008c80400016
:1059c0000d0149008001eb000318ad000456b8003a
:1059d0000c0141008d8149000002eb000420ad0064
:1059e0000646b8000c0141008d81490060024a0062
:1059f000054eb8000c0141008d81490060024a004b
:105a00000556b8008c8141000d024a008002eb006f
:105a10000528ad000746b8008c8141000d024a0000
:105a2000e0824a00064eb8008c8141000d024a0017
:105a3000e0824a004f0678000c5eb8008c8141007d
:105a40000d024a00e0824a000656b8000c024200ed
:105a50008d824a000003eb000630ad00074eb8000f
:105a60000c0242008d824a0060034b004f06780012
:105a70000c5eb8000c0242008d824a0060034b00ad
:105a80000756b8008c8242000d034b008003eb00e8
:105a90000738ad004f0678000c5eb8008c824200db
:105aa0000d034b00e0834b004f0678000c5eb800fe
:105ab0000c0343008d834b004f0478004f057800a2
:105ac0000748a3000a003a00000040008180480017
:105ad000020149008381490004024a0085824a008c
:105ae00006034b0087834b000804e900f4ff3700ee
:105af0000306780080807000828070000100320010
:105b0000610676008701780006017800850078003c
:105b10000400780088047800780037008d00370092
:105b20008c06460002003a000000a60000000600b5
:105b300060004800e080480060014900e0814900c1
:105b40000350a600000006008301d1000804e8000d
:105b5000000006000002fd008102fd000203fd00be
:105b60008303fd008804fd008a05fd000000060097
:105b70007048e1001a0039007d0320000d48e10063
:105b80000a00390081057000830671008c8575005c
:105b90008d8575000006eb000cd8e70061067600e5
:105ba0006000b8006011b800000006007048e10015
:105bb0000b0039008c0578000006780001007800a1
:105bc00082007800030178008001eb0003d8e70031
:105bd00061067600f0845400f4ff3a0000000600ed
:105be0006160e1000c48ad00f08514008b06dd001b
:105bf0000966de000d0676008b0edd000900de0072
:105c00000d0070008b16dd008908de008d807000ad
:105c10008b1edd000911de000d0171008919de0007
:105c2000000006000d002800fc7f20000d856100ab
:105c3000441cde00ef8161000c04640001003200ae
:105c40000340a0008d856300c43cde00ef83630049
:105c50008c846400010032000740a0000c40e10089
:105c600006003a00ef866100828676008186760023
:105c70008086760001003200180037000c48e100f1
:105c800007003a00ef8663008686760085867600f8
:105c90008486760002003200aeff07000f00370056
:105ca0000348a30005003a00810670008286760052
:105cb00083867600010032000804e8000748a3004c
:105cc00005003a0085067200868676008786760093
:105cd000010032008904e80000000600cf047800cb
:105ce000cf0578001b0037000002780081027800a1
:105cf0000203780083037800880478000cf0a70082
:105d000087ff0700fd7f20000d40e1000400350003
:105d10000d0478006000b8006011b8000d00370075
:105d20000800e0000b003c000400780085007800cb
:105d30000601780087017800e18414008cff0700d9
:105d40000cf0a70076ff07000004eb000340a7005b
:105d50000804e8004444dd006fc561008801750057
:105d60004f04be004f05be004f06be0000000600f7
:105d7000889fbe008a9fbe008c9fbe000404be00a8
:105d80000605be00809fbe00829fbe002100070066
:105d9000040678000800be000a01be001d000700ce
:105da000840678004f03be004f02be008d4f760080
:105db0007fb0970013003300f0ff2f008b8f6b0034
:105dc00006003b000d0666000c00a7000a00370025
:105dd00007f0a600100020000a003700880f5200cc
:105de000898f5a008a0f5b008b8f5b00030039009c
:105df0001000200001003e000000200007f0a70076
:105e00000000ea004f06be004f05be004f04be0072
:105e10000000060005ff2700058261000700320030
:105e20000428e100010032002400050006000700fc
:105e300001003a00440005000408050002000700c4
:105e4000f9ff3a00140005006f82610081027000c2
:105e50008502710085027200000006008000780053
:105e60005002be005003be004439de00f700b2000d
:105e7000f37f200003016100090032000218e100f5
:105e800016003a008501720083017300838173005c
:105e90000008200015003a004000200013003700e1
:105ea00085017200830173008381730005003a004d
:105eb00004a8be0006a8be00100020000b0037009a
:105ec0000201e9000402420085824a0006034b00f9
:105ed00087834b000748a300f9ff32000740a0006a
:105ee00004a8be0006a8be00200020008000980084
:105ef0009200980000000600680447000294be006b
:105f00000094be00fc0447008694be008494be004a
:105f100009007800d1ff070008007800cfff0700d4
:105f200099007800814f70000b003b000800be0014
:105f30000a0007004f00b10003003700f3ff2700fd
:105f4000f2ff2f006110b9004f06be004f05be00e2
:105f50004f04be000080fa0000000600e48240000a
:105f60001078a30007003200640240001178a300fb
:105f70003400be001401be00040032000330a7004c
:105f8000000006003500be001501be000330a00071
:105f9000000006001800fa00889fbe008a9fbe001d
:105fa0008c1f78000004be000205be000802be007f
:105fb0000a03be00443ade00f07f200000066200c3
:105fc00020432000800f560067003c006022b8008c
:105fd0006033b8000800be00e9fc07000000e000e4
:105fe000610032000802be000a03be00b4b79f0081
:105ff000c5b79f00d6b79f00e7b79f00e00f5200dc
:10600000e08f5a00e00f5b00e08f5b000b003d006b
:106010006022b80006002000073324000800be00fc
:106020000a01be0031fd07006022b8000600200012
:106030000733240033fd07000a0037006022b80050
:1060400006002000073324000800be000a01be003d
:106050002cfd07006022b800060020000733240052
:1060600022fd07000802be000a03be001ffd070054
:106070000002be000203be00f4b79f0085bf9f0070
:1060800096bf9f00a7bf9f00e03f2000800f5600f3
:1060900017003c007fb097008fb897001fb997009a
:1060a000afb99700f0af9f0081b79f0092b79f00f4
:1060b000a3b79f006044b8006055b8003fb2970096
:1060c000cfb297005fb39700efb39700e00f520095
:1060d000e08f5a00e00f5b00e08f5b0022003d0084
:1060e0006044b8000a0020000bff2b001e003700a0
:1060f0006022b8006033b8007fb097008fb8970077
:106100001fb99700afb99700a2fc07000000e0009c
:106110000c0034007fb297008fba97001fbb970026
:10612000afbb97000800be000a01be00f5fc0700e7
:106130006022b8000600200007ff2300ebfc0700e8
:10614000070037007fb297008fba97001fbb9700f8
:10615000afbb97000800be000a01be00e9fc0700c3
:106160000004be000205be000800be000a01be0019
:106170004f0678004f05be004f04be000080fa00b5
:046180000000060015
:020000040000fa
:0200000401f009
:04000800ffffff00f7
:020000040000fa
:0200000401f009
:04001c00dfff000002
:020000040000fa
:0200000401f009
:04001800f7000000ed
:020000040000fa
:0200000401f009
:04001400590000008f
:020000040000fa
:0200000401f009
:0400100046000000a6
:020000040000fa
:0200000401f009
:04000c0000000000f0
:020000040000fa
:04003800c8020000fa
:020000040000fa
:04004000f6030000c3
:020000040000fa
:04005800420400005e
:020000040000fa
:0400a4007c040000d8
:020000040000fa
:1061840051040000370000000000000080000000ff
:106194007301000076010000780100007a0100001c
:1061a4007c0100007f0100008101000084010000e7
:1061b40086010000880100008a0100008c010000b3
:1061c4008e01000090010000920100009401000083
:1061d40051020000680200008a02000095020000db
:1061e400f50200006503000068030000930300004b
:1061f400ae030000b1030000b4030000d9030000a3
:10620400e2030000e7030000ea030000ec030000df
:10621400ef030000f2030000f5030000f7030000a1
:10622400fb030000fe03000010040000270400002c
:106234002d04000032040000340400003604000081
:10624400390400003c040000400400004304000042
:1062540045040000490400004b0400004e04000003
:106264005004000000030000740b0000d4840000fc
:10627400606f0000ae6c0000f9bb000084a2000057
:1062840065b100004bf60000720100001a21000005
:10629400e85a0000d8d60000047300005e2c000009
:1062a400226e0000c4e90000b58b0000819a000052
:1062b4001ee4000087c900009e7b00001752000006
:1062c4006dad0000e3e500008b040000a72e000084
:1062d400996a000032aa000099970000cca6000039
:1062e4005b150000795600004801000063b100000e
:1062f400df5400002706000057060000538c0000fe
:10630400a6270000aa6600008903000018510000b7
:106314007efb000067d30000cedd00003ffd0000df
:106324003d1f00004784000001f30000856e00005b
:10633400f83b0000792b00000c9000004b67000034
:10634400467d000054880000fdd6000012e50000e0
:10635400e7480000f20e0000db9900004d710000d8
:10636400a540000068d90000c959000039e40000c4
:10637400752000001ce90000b1f50000013c00009c
:1063840019bb000060f70000fa6b00001e680000f3
:106394009f190000b6ed0000140f000056bc000069
:1063a400c1340000cb0000009d430000d40f000066
:1063b400f36200009c9d0000f78b00009d530000d9
:1063c4003a8d00002f3d0000de3d00003831000012
:1063d400039b0000c7c1000059e90000d17500000b
:1063e400888d000036580000867000004e5b000067
:1063f4009ed00000dbcb0000f7ea00001fdb0000aa
:10640400a53b0000b3bd00006bbc0000f3700000ae
:1064140065d50000170f000064150000242000005b
:10642400d5b800007b0d00002729000085880000f6
:106434001f580000225700004f090000c04d000003
:10644400d6e40000c6b500003a3700003327000048
:10645400bb6a000014690000031b0000eda80000e3
:10646400c3430000e8ea0000de4100000625000006
:10647400c5c800003cbf000032b20000a7dd000028
:1064840022c20000e9ca000084f20000c026000015
:106494007c78000001f70000d5c600000533000039
:1064a400e4c2000078ec00001bfd0000d2500000a4
:1064b4007d1100002957000099b00000f15500003b
:1064c40066740000b458000023a000006f2e000082
:1064d400d89b000008b300003e530000cf5e0000cc
:1064e400cc7a0000df4e0000ed420000166a000086
:1064f40091880000431b00001d8400005c520000d2
:10650400216600005824000036710000c56a0000ae
:106514000d2c0000869a0000239d0000e035000049
:1065240043c900007f410000bd82000099ed0000d6
:106534007a260000b2d30000a6ce00004f0000006f
:10654400e6870000e3d700006828000086f7000013
:10655400ced20000b3d300001b04000002b9000037
:1065640078b30000ade000003c530000a68a0000b0
:106574004a220000be1f0000ceb1000076f20000e7
:106584002f810000a8c1000078720000b01500003f
:1065940065190000e3320000a74d00000cd3000091
:1065a40000b90000c3270000be7400004dd10000f4
:1065b400e10c000036dd000023fb0000a7220000f0
:1065c400d3440000cab30000081b0000b40d00004f
:1065d4004bdf00001aa6000090320000925c00001d
:1065e4001aa70000cd8500002e35000011720000ae
:1065f400f8210000357d00003fdb0000298d0000fc
:1066040030b300004f45000014770000cf9900001c
:106614002fa3000090810000b0ae0000e845000008
:10662400e63a0000a9a2000062b70000dbbe000049
:1066340025390000a5fc0000eac50000bc3a0000b2
:10664400ec900000aea60000fb120000aac70000f8
:1066540062220000afa9000084b9000064b8000001
:10666400fb8d0000c11c0000c3d00000876d00003a
:106674005cb40000fe3f0000a4b80000d88900000c
:10668400f401000059bb000004a5000043440000cd
:106694001acb000041300000f75b00009aee0000c6
:1066a40028f400004c71000099ca00004b7f0000e0
:1066b4002a130000f04b000054b30000fc900000cb
:1066c400edbe0000483f0000f15e00000da1000097
:1066d400bb1e00005916000015f000004b500000ce
:1066e4004c960000861b0000a9cc0000c269000083
:1066f4004e10000003f00000e9530000e5e2000042
:10670400bb450000e28d0000ae40000071080000af
:10671400864d000008f400009690000058530000d5
:1067240040a500008b5b00003cad000047b50000b5
:10673400d7e200006a13000078d40000dcc900002e
:10674400ec0e000093f00000c01d00009536000020
:1067540076a4000053850000c9ac0000e471000079
:106764008daf000068610000209d0000ff4500001f
:10677400356e000004d8000027320000c3da0000a0
:10678400eea2000066040000b721000006520000db
:106794007f3900008ffd0000ee90000074b6000009
:1067a4004fb60000240e000012480000f0b20000b2
:1067b40030f20000a54c000091520000e3c6000036
:1067c400487b000038960000239e0000d71b000081
:1067d400951500003ac900008b6f0000637d00002e
:1067e4001dc90000ea960000e6010000d7850000fc
:1067f400c0ea00003dca0000d3b70000fb07000058
:10680400543a0000003100003d740000e41200001e
:106814005ba20000383300005bbf00001ddc0000f9
:106824004ee800008510000077ab0000ea65000028
:1068340079b00000aa30000061c60000f63b0000f9
:10684400cc950000fc8300007f8c00007bb5000029
:1068540052050000ebf7000021de000089b60000bd
:106864006dee00003177000013aa0000935500007c
:10687400960800006e1c000082b500007e950000a2
:10688400b9940000dd680000425c00003a0000009a
:10689400c37b00006f6000006a2c000007d7000073
:1068a4006c820000fbb200008125000069d6000064
:1068b400720a0000d2e80000500500008849000078
:1068c4001b630000729900006ce300007aae0000c4
:1068d400b01b00009ed4000025540000258a00004f
:1068e4009017000097df000039b800007cea000030
:1068f400f0820000dd250000d2ad0000e7f60000c4
:106904003623000084a90000c96a000053f4000083
:10691400822c00001dea000006c600004f70000033
:1069240054370000802a00006b630000dbcc0000b9
:1069340086e600008c7f0000278c00007254000063
:10694400739e00001bd600004cfa00000582000074
:1069540080d70000b711000098000000000000007c
:10696400000000000006000098690000151c0000eb
:10697400fc86000087740000845b0000d40f0000d4
:10698400dbd7000027c500004ab200008f290000b1
:106994007a4a0000230a0000b8070000d03400003f
:1069a400708100008e530000ef430000163f00008a
:1069b400a8a700009e5a000077c0000091b700000d
:1069c4008915000052480000c0b7000062ab000007
:1069d400e174000064100000aa0900006b97000035
:1069e4007421000079350000a197000025fc000007
:1069f40078c10000ec6e000087770000408700003b
:106a04001a7400008281000056dd0000ec3700009b
:106a1400adaf000003310000ac47000085740000f6
:106a2400c02a0000459d0000f41200000cf900008b
:106a340086b000004a160000d81100006c46000021
:106a4400c44a0000679800008b1b000042c200008b
:106a5400bebb00000e48000084f7000008a600003a
:106a6400c38f00008e8d0000abc200009b5d000050
:106a74005c600000285700008f0e0000ad2e00005f
:106a8400c15e0000952900009af400008a270000e6
:106a9400d4410000bb4a0000ac5d0000b29300008a
:106aa40026fd0000878100003f27000035a6000076
:106ab400422c000015380000adf80000026f000001
:106ac40094da000008ee000019d8000090fa0000e3
:106ad40089c30000ad890000fec600000246000024
:106ae400811d00000c8d0000782f0000eed3000003
:106af400ed6c00007b9500004956000087f400000f
:106b0400e2630000da390000ce68000016180000c5
:106b1400ed980000ee860000f3b30000c1120000ff
:106b24001a5100009b5700001d1900009e98000098
:106b34007ed20000fd3d00002b59000015460000e8
:106b440074570000791400008171000089d9000095
:106b540022dd000092100000d989000091df0000be
:106b6400670000006e530000afda0000b528000093
:106b7400301e000047e60000b70500002d2200008b
:106b8400cf7f00006acd0000889000006b8c00006d
:106b94001636000088070000a1b70000aff300001c
:106ba40031c40000db7600008b9600009ef00000ec
:106bb40017a700003f84000078910000a8cd0000d2
:106bc4003f8f0000a5dd000052140000f9390000d9
:106bd4005d0b0000568e00001c5a00005b8900000b
:106be400ee8000009e330000bdb10000451500009a
:106bf400423400005978000020fc00002ddb000026
:106c0400c92e00000f35000026cf0000239b000092
:106c14003e1d00009f0f0000260e0000b7b50000c7
:106c24004eac0000a2860000d5da00003604000055
:106c34005a730000466a000088c500002aa00000bc
:106c440083e800008b5f00003caf00006a44000052
:106c54004e7500009b8f000093370000353800000c
:106c6400bd0200009a1d0000842900006425000074
:106c740097e000007c2a0000b6cb0000c16600004b
:106c8400513c0000bc3b0000f35500002bb7000052
:106c9400bd810000ecf3000049d50000f8030000ba
:106ca400e0bd0000c60c0000eec0000019080000a2
:106cb400fb4f00008c940000080e0000a53000007b
:106cc40037f00000b81800009373000000bb000008
:106cd40052520000b49800000d4b000045b900006a
:106ce400890a000034e900001c2400005a8f0000c7
:106cf400a89d0000c2d9000027a90000eebf000033
:106d0400c080000090bc00002a93000043fb0000f8
:106d14000ab3000096d10000ae1300004101000048
:106d240068b900002c530000537c000000a500004b
:106d340084410000d698000088980000fede000020
:106d4400f7e2000037430000620e00009383000066
:106d5400ee0300000a8d0000ca87000059360000c7
:106d64006f610000f7f40000d6ab00008b0f000049
:106d74009c83000096a400006c4600004380000041
:106d84006bea000050dc0000d8ce0000d4f4000010
:106d9400ae5b0000c601000043850000718d000059
:106da4000c3900005ee400003b2b0000c4880000a6
:106db400b2c50000549600000e8700009a500000ef
:106dc40093d600009c910000ca090000648b000067
:106dd40023c40000294400001a670000e1da00001f
:106de400c71b000025170000022c00008f2a00009a
:106df400133a0000cfd60000653100002b100000cc
:106e0400f5b5000096df0000019900007bad00009d
:106e1400d6b40000c0350000a3480000e3b0000071
:106e24009efe0000331000001a090000ae3c000072
:106e34000aa10000728f000000510000e1780000f8
:106e440023f50000e2bf0000a646000028b30000be
:106e54004b240000b1a10000deb10000c4480000d2
:106e64006fed00005ad4000061f00000dbe1000087
:106e7400085c000064c00000cae90000a9de00004c
:106e8400deec0000c06800005b6d0000bd43000044
:106e9400828c0000ca690000b1a90000c87100001a
:106ea4000d5d00006da50000ab1a000067940000a2
:106eb400ee05000093e300003fe800001ae600003e
:106ec4000f7f000079f20000cbc5000037570000a7
:106ed400dffc00004fb4000060c70000973c0000d6
:106ee40061b000000c46000064f40000439200000e
:106ef400d2a50000f0f30000b7df0000ab200000d3
:106f0400b1f50000302a0000b3dc00004b3900006a
:106f1400b78500003e1e00001b9400008c26000074
:106f24002880000045d6000001360000d0ec0000a7
:106f34009346000088d30000d58900005d7a0000e4
:106f4400822100003ec2000040e30000b4de0000e5
:106f5400f5a5000069d50000694900005c890000be
:106f6400cdae00001370000070ed0000690c00004d
:106f7400ecc60000fe750000eb4e0000d6b3000026
:106f8400c8600000fb3400001ef80000649200009a
:106f9400d9290000a8130000383d000079c400007e
:106fa400bf210000379d0000e34f000021e50000f1
:106fb4003f2c00005c5f000041ff000014870000cc
:106fc40091e00000820400000b1e000055530000f5
:106fd400dc56000040a4000035780000e29b00006d
:106fe400492200002e090000cd1f00006f9400000c
:106ff40083ee0000ea8b0000c4c2000010e0000031
:1070040080d90000a55f0000533400009c8c000070
:10701400ea9500006487000094d60000321c00004a
:10702400eb930000bfe3000055830000c2f60000ac
:10703400fcc8000085b20000945c0000425f0000c0
:107044006b8e00003b970000797400007ee3000023
:107054005cc20000631a000022b100007f940000ab
:10706400cbe70000b7ff00000e37000095af00002b
:10707400105300001788000012720000ddcb0000de
:10708400ab4b00006b68000024ac0000c95c00003e
:10709400720900004ff10000fb1d0000e7a2000090
:1070a40030e90000204b0000da7000007c9e0000f4
:1070b400e2340000eb6a000035c2000033d7000060
:1070c4009d070000b1ef0000f6750000f5fd00001b
:1070d400adc700004bd00000b7dd0000ae1e0000bd
:1070e4008d1e0000c03900009ca700001cc50000d4
:1070f400cc39000050c600006bc60000da3700002f
:10710400c7e1000020eb000074a500003dc00000b2
:1071140008fa0000c2df0000f29e0000432b0000ca
:10712400f0770000504900008cc300002f68000075
:10713400f32a00009b8300001adc000005d800003d
:10714400b77c00003c61000011760000ec2d0000cb
:10715400fe8600000887000015a30000c01c000084
:10716400b46a00008d9e0000bf9a0000d5c80000dc
:107174005b0500001810000015fb0000c63c000071
:10718400eec50000524b00003136000007b9000084
:107194004c810000ea830000d7820000fefc00005e
:1071a400435900004e200000bdd3000065cf00000d
:1071b4001f5c0000711f0000bf260000ec440000ab
:1071c400eb010000748200003c8e000060df0000d0
:1071d40047900000311700007e160000c0ec00004c
:1071e4001ec300003a7a000059210000a29b00004f
:1071f4008e87000025d30000fe850000dd6d0000b1
:10720400e6d80000ca740000badb00004230000077
:10721400963d000086220000866f0000de370000e5
:107224001a9300002f0300002ee100006e160000e8
:1072340062c10000e12d0000fecb0000a8df0000c9
:1072440064050000ef230000bc710000617b0000b6
:107254001b60000022270000bdc60000a3720000ce
:1072640007aa000009b0000052f20000191500003e
:107274004dbe0000af2600003b4d000062a600009a
:107284003c410000077a0000342500003cd6000091
:10729400cdb6000055470000871e0000cbcf00008c
:1072a400ced200000d950000c0d8000072a60000e8
:1072b400e033000024260000517e000071c7000066
:1072c400533f0000d467000073520000cb780000e5
:1072d4005a00000011150000715f00008d3c000091
:1072e400cf400000cdd9000074300000d9a10000c7
:1072f4003fc6000058bc0000be78000018310000f2
:107304009a39000060bb00008d7b000034950000ba
:10731400a5f10000543b0000b985000099af0000be
:10732400c4450000eb640000a76e00005960000033
:10733400eb1e00007afb0000fd92000043230000d6
:10734400f1270000ac66000012660000288a0000e5
:107354005cf60000c63f000076040000e809000067
:1073640027ed000005aa000026e50000b4ad0000ea
:1073740040ba0000f7f4000084cb00007f0700004f
:10738400108d0000b6c70000d4770000eaba0000f0
:10739400962a000098f0000056d70000ff50000025
:1073a4004d590000793d000041e00000faa90000b9
:1073b4009d3e0000a6d9000079c800000dd1000050
:1073c40056c50000add70000fb7000003cbd0000b6
:1073d400f3e900005d1c000053930000331d00001e
:1073e400f81b0000ee9f0000b7500000ac8f0000b7
:1073f4004859000061c90000859e0000c8b0000023
:10740400d274000039df000033f5000028e00000ea
:1074140063110000a7c4000005bd00003ad90000b4
:1074240034ca0000f9aa0000e2000000e6e6000009
:10743400385700003eec0000197c00000d270000c6
:1074440045c5000052c40000fff4000069c50000f7
:10745400f5730000734f0000e3070000c7cf00007e
:10746400382300005b9c000099a200006a720000af
:10747400b035000039c100000ac700001c1a000022
:1074840030600000181d00002bf00000c8f100005f
:1074940079a3000094e300003635000093690000ee
:1074a400059100000712000060440000fdb60000d2
:1074b400c6ff0000e0cf0000a2cf0000c2a300007e
:1074c40058ac000032e300002eec00000d9d0000db
:1074d4001bfb000005400000ba6700008ecb0000d3
:1074e40038d70000609c0000fe9e0000a1700000e0
:1074f400cc400000728c00008c50000071850000ac
:10750400dd840000925c0000ee440000b6e0000060
:107514008015000032dd00001b4b00008c6e000063
:107524008e39000097a50000afc60000f4290000c2
:1075340085d300008593000085c8000054e4000052
:10754400591d00004ea00000fec5000007c1000048
:10755400f732000052f900004d45000085fc0000a0
:10756400a0fa000037b500009d470000e852000073
:10757400238d00009287000043b40000b84f000040
:10758400951b00001e4f0000e5450000bfce000023
:10759400c80c0000b27d0000e7d900002e8800006e
:1075a400b72a000061e100002dc40000212e000074
:1075b400b84d0000fd2100008730000025110000b7
:1075c400ec1f00002994000031d2000092850000d5
:1075d40038170000da6300004d8c0000b406000088
:1075e40055640000b76c0000fcc200008d5d000013
:1075f4009786000009d3000043690000e8350000c5
:1076040077cc0000af910000363c00007ca3000062
:107614006e4e00004aa20000c941000050ea00007a
:10762400abdf000087040000704f000016f5000077
:10763400a0380000f560000016cd00000ce5000045
:10764400c7e30000ad000000126b000012850000cb
:107654003c5c00007f760000ed490000f29d0000d4
:107664008fdf0000abe10000dd87000001ed0000ca
:107674002c1b00004b550000117f0000c39200003a
:10768400d3910000c1d80000a7370000c7e500006f
:107694005b4800002bed000031de0000cefb000053
:1076a4009500000000000000000000000000000041
:1076b40000080000e3510000840000000b4d0000ae
:1076c40026730000118b00001ee200000000000081
:1076d400000000000000000000000000040400009e
:1076e40073e0000072ff0000e6590000c9000000ca
:1076f400000000000000000004480000bfab0000d0
:10770400f3990000877c00000700000000000000df
:107714000000000004fb000033b1000063610000be
:1077240061120000ad000000000000000000000035
:1077340008aa000030ac0000174d0000308600009d
:10774400bf67000013f10000a70000000000000064
:107754000000000000000000000400001b480000be
:107764004223000084bb00007fb40000000000003e
:107774000000000000080000a69f000043780000fd
:107784005ca100004e8b0000a6e600007c490000ce
:1077940000000000000000000000000000000000e5
:1077a40001f70000315d00002730000000000000f8
:1077b400000000000000000000000000010b0000b9
:1077c400570b000079f700000000000000000000e3
:1077d40000000000000000000244000033bb000071
:1077e400b45b0000c70000000000000000000000bf
:1077f4000000000001ab0000e3010000c2d2000061
:107804000000000000000000000000000000000074
:10781400017a0000079e0000ad8400000000000013
:1078240000000000000000000000000002f1000061
:10783400eef70000d829000050000000000000000e
:107844000000000000000000012c0000355400007e
:107854003acc00000000000000000000000000001e
:107864000000000001c900003d6600006a980000a5
:1078740000000000000000000000000000050000ff
:10788400247a0000f71c000024400000eba2000052
:107894004dc2000066c80000372c0000030f000032
:1078a400f3010000066d00009a420000f09400000d
:1078b4008fed0000bfe30000283b00007269000068
:1078c40037750000b4a000009a6e000031fd00007e
:1078d400665b0000cbf30000ba8c0000a43100000a
:1078e400ffba00007c24000054d30000c6630000eb
:1078f40089930000e4ed0000da580000474e0000d0
:10790400b58f0000d7930000fdaf000031ea0000fe
:10791400b4ec0000c90500007d2b000015960000a2
:10792400c10000007e800000e6f7000047cd0000a3
:107934006a770000f10e000059130000aa5c0000f1
:107944008388000070dc0000c45200005220000054
:10795400b66900002d6c00006c8b0000662a0000e4
:10796400cd5a000041300000d6fb00007ba000008f
:10797400ec7a0000228800007c7100006eaf0000e9
:1079840062060000f4a80000c688000085760000a6
:1079940036c50000c0d80000679600007ce80000ef
:1079a4004dd40000fba900006f0f0000b2a7000037
:1079b400a31900006a300000fd6f0000fc2b0000da
:1079c400cea400001b8e00005748000051c60000e2
:1079d400980f0000e50800007b4d0000fc590000f2
:1079e400ddcf0000131b0000310c00005e3b0000e3
:1079f40098e10000f4c3000041d70000a264000035
:107a04005e160000f9eb0000ae200000e95d000006
:107a140054bd000099d30000a7c10000d9e50000bf
:107a240032220000d69f00004fdd00006b3c0000b6
:107a34006de900004d96000052110000da230000a9
:107a440086be000001c4000051c200009cc60000b4
:107a5400f52f00001fd00000f1f500005782000050
:107a6400fecb0000fb4a0000df1d000000460000c2
:107a7400b8a700003a56000066080000714e0000e6
:107a840047f80000272600005f6c0000d8c3000000
:107a9400059900000a7500008f4f0000c18800009e
:107aa40072a000005a13000008a3000082840000a2
:107ab4002ece0000b5a3000046050000d66a0000e3
:107ac400785600004423000086f20000c9630000d9
:107ad400088b0000bdee000056d40000361f0000e5
:107ae4003753000018e70000da1c0000fad0000049
:107af40005d500005fe70000b7ad0000362b00009d
:107b0400cb060000c0530000f4320000a87500004a
:107b14006fe30000c9a10000b0a60000e6c20000a7
:107b2400410f00005d2e00000a6400005046000072
:107b3400924900005b2d0000002e0000b5210000da
:107b44003f0b00004a71000096880000844c00003e
:107b540098aa000028230000ebef0000455c000019
:107b640062780000d6e40000fb6d0000c3d9000079
:107b7400356c0000b92a0000c674000071c400000e
:107b84000c6500007ca30000f96e00002db9000014
:107b940086b000000463000094cf0000267d00003e
:107ba4009e1e0000f7990000dae000008cdd000062
:107bb40086f30000c8f10000c64e0000155d000009
:107bc400ed340000bb900000cdd600002609000073
:107bd4001ef600002384000051c10000ae420000e4
:107be4008f84000096c9000057ae000016360000ce
:107bf4003a29000087650000b2ba000056960000da
:107c0400d2f5000009ef0000304a00000f620000c6
:107c140036fe000000300000bd0900001b500000cb
:107c2400c33c000048d7000025e100008eb20000ec
:107c34006f4d0000752d0000adc600001eba000097
:107c4400fa4f000041af00007a6f0000a0a00000ce
:107c54004fb6000088340000698a00009e8300004b
:107c64007a600000f3a800007e3900002a2000009a
:107c74009c3200005e7d0000c4aa000097e600006c
:107c84002635000042a10000a0ef000039b3000037
:107c94001c27000063d200007f750000c01e000096
:107ca400b4fa00004d7a00008181000039e0000040
:107cb400792f000094a50000283a0000437e0000bc
:107cc40097b5000094af00002a100000380a0000a5
:107cd4007f49000091c000006c6500009ac6000056
:107ce400c95d0000d55200004698000074ac000045
:107cf40093e4000021b00000eb080000faf4000057
:107d0400412e0000a6f90000c5ed0000e337000095
:107d140098c50000df52000082410000a2f200007a
:107d2400561a0000f3a40000c64000008db90000fc
:107d34005faa0000751e0000151e00006878000090
:107d44002b2b0000f43e0000c7cb0000f31300000f
:107d540060e00000f4850000798800000c22000037
:107d640075870000b7510000e0d60000e3a00000d2
:107d740092d30000d7e300006c5b00003eb7000024
:107d840080e7000048d60000d92f000049cc00004d
:107d940075a0000004c9000048880000e9cc000078
:107da40032410000af300000dec60000bc9d000080
:107db400f7fc0000ff6900000350000058a1000018
:107dc400d6b800007b5e000060fc0000cc00000020
:107dd40014af00003a30000041b300004e630000cd
:107de40047950000e4bd000053740000d0f000008b
:107df40002b40000fe480000196c00003f2300009c
:107e0400f79b000044110000f2c2000045a60000e8
:107e1400377700006c100000630e00001ba7000001
:107e2400d1960000ca0d00004f5b000043510000d2
:107e3400d6140000b7230000e7990000a49f0000b7
:107e44004c7d0000d7dd000008110000844d0000c7
:107e54005ce9000060900000048b000014900000b6
:107e6400f06f0000264500000f2000008ce30000a6
:107e74006f46000078eb000012b400005ef00000d2
:107e8400deeb00002227000062780000429300002d
:107e9400bce8000048c0000088bd00000fde000000
:107ea400232b0000d18800000ae20000b433000054
:107eb4008e6100003643000058420000ae6b0000a3
:107ec400d7f20000fe0a0000c1260000947a0000e8
:107ed400ce8c00003b4300005a620000ef700000ab
:107ee4008afe00004dd2000037db0000a1b1000083
:107ef400061b0000301700004ca00000241e0000e8
:107f0400becb000064e20000ce1300005cd700008a
:107f140005a600007639000038f30000852c000027
:107f2400160e0000b3e200003dff00007988000057
:107f34000b930000efad000055cd0000b4ef00003e
:107f44008fb80000167a000005c000005e920000a1
:107f54000f4f000098580000d4220000ad430000e9
:107f64002531000078520000c69a0000ca5e000065
:107f7400a64e0000799700009abb0000df6d000058
:107f8400f1e20000d0b30000ca2a00005c46000001
:107f9400825c00001edd0000d0c5000019890000cd
:107fa4002b2c0000bdc0000084d900003339000030
:107fb40067e40000e479000026b600009d1c000080
:107fc4001de4000070a50000a761000089250000e1
:107fd4004a570000337d00000dca0000f3cc0000b6
:107fe40022aa0000d7d90000cbe60000b296000018
:107ff4004615000095680000d80f0000df6b0000f4
:1080040036da00001982000016ce0000384e000057
:10801400cff2000036c8000080070000538800003b
:10802400042f0000b2140000195d0000c56c0000ac
:10803400ef9500009c6000008b6a0000e4fc0000e7
:108044009db200009ced00001d9c00001bca0000b6
:10805400a3260000dd9c0000635b00003b88000059
:108064002bba0000223500002401000048ee000075
:10807400a04f00006e9600004e29000091aa000057
:10808400af56000047bd00007bdd0000a155000095
:1080940099d80000b5a10000479300007bcd0000f3
:1080a4007bcf000065de000050180000f2050000e0
:1080b40049f1000099d80000942100003f7d0000a0
:1080c40052c60000b1b40000e19f0000f07e000041
:1080d400606400008b300000e4ad00002c970000c9
:1080e400fb470000f7090000010400007bf40000d6
:1080f400f7a70000a8040000a57f000008580000ae
:10810400796d0000262700006ad00000d9af000076
:10811400c1c7000012230000e1ae000098a40000d3
:108124000fbc00001bfa00009d9100000b1500001d
:1081340015a50000245300001a130000e0c300003a
:1081440000950000389c0000364c0000cff600007b
:10815400a9bc0000c153000006040000f46f000035
:10816400bf570000e0a6000014a6000049700000fc
:108174007f3900002a4a00005a59000036330000b3
:10818400b90d0000472500003937000004770000ce
:108194007c450000ac1900009325000049e0000074
:1081a4007a7b0000a2c60000957600008d3c00009a
:1081b40079b10000a7c3000083630000032300001b
:1081c40047d70000acfb0000841600006f220000bb
:1081d400490b000097aa0000d5380000575e000044
:1081e4002bbb0000a7490000edd20000d57a0000a7
:1081f40096be00008df50000f946000056f500001b
:108204002fa70000a87a0000ff3f0000e7e8000065
:108214008cf1000048e8000046cb00004d2500002a
:10822400f9350000932f0000ce8b0000b8a90000a0
:10823400c5d30000d2270000718600006f720000d1
:10824400d9ca00004e900000d36d0000b13c00007c
:10825400d3cb0000c93000003a260000459d000041
:10826400664400005c5f0000d8e30000907c0000de
:108274001bd8000082dd0000d3840000d4c60000b7
:108284001b580000bf020000a53b0000100a0000bc
:108294003ee30000099400000b990000882b0000c5
:1082a40047a7000090890000c4480000253600005c
:1082b400db72000031ac0000f5a3000001150000e2
:1082c400d0e6000021610000eb59000072dc0000e0
:1082d4009400000000980000f7b00000f9fa0000d4
:1082e400c10a00007edc000069ce0000905e000040
:1082f400821100000b970000e299000055a20000d3
:108304003dfa0000eb880000bc4d0000c2540000a0
:108314008d5f0000dea30000e2480000132000008f
:1083240046c50000a081000004c400002b9a000090
:1083340084150000b89e00009b620000a1ec0000c0
:108344007d0800003cad0000214b000089fc0000ca
:10835400c69600007c3a0000413500008a130000f4
:10836400bd1b000043bf0000367a00004ece000063
:10837400709e00002af6000039330000c733000065
:108384004b3400007d2a000081fa0000252e0000f5
:10839400c5c40000a12800000ed500004d15000042
:1083a400e06900001271000019aa0000ff590000e2
:1083b4004881000056530000c9350000124d0000ea
:1083c4008469000091360000d8ad0000f754000025
:1083d400d58c0000f9c6000084120000622200005f
:1083e400f1b900002b1d0000a57c0000567a0000a6
:1083f4004d5a0000c4f000009d8f00005db50000e0
:108404009a7f0000e7b70000a85d00006d37000008
:108414000000000000000000e4f20000ea7a00001e
:1084240073f80000fc67000017f30000d960000037
:10843400090e00008b0f0000e2f9000083610000c8
:10844400df53000069d00000ee42000051b5000087
:108454005148000064f80000dd3e0000eea7000073
:1084640047f000007c4b0000bb2b00008ee20000b4
:108474008b600000576300004b9b0000aa6700005c
:1084840063ea0000a3d500007c43000041a900007a
:1084940054740000d2860000c31100004269000039
:1084a400c50900003e8f000094af0000c59900008c
:1084b400bbbb0000ac6100006461000001f200007d
:1084c400d3590000b141000050910000166c000027
:1084d400cc9b0000ec5c0000fe3b0000b3ec000011
:1084e4006ed70000f10e00005a8a00005f1d0000e4
:1084f400b0c500007654000026070000bc660000ea
:10850400f0ed0000519a00001fe80000f751000050
:10851400588e00001e800000991f0000eed6000057
:1085240043cc0000fa2f0000ae800000f2a8000047
:10853400a8ae0000437c000080760000d41a00003e
:10854400d473000074610000dfbf0000296f0000d5
:10855400561500009307000058920000f11d00001a
:10856400e87b000068b200005420000030010000e5
:108574002dc50000d8fd000061500000140f00005c
:10858400584c00001a540000001200007e460000ff
:10859400990c00009dd10000a3040000f1820000aa
:1085a40017fe0000fc120000e575000081af00001a
:1085b400ff3d000008d50000398700004a8e000006
:1085c400f07a0000d4d00000d6cf0000a9d6000075
:1085d4005948000041c2000068e30000a4350000cf
:1085e400458d0000141a0000c400000000000000c3
:1085f40000000000448900002c630000c8af0000a4
:108604007bac00003543000027be00007ecf000095
:10861400564000003da50000ac0f000097cc0000c0
:10862400d46e0000d0310000d71400006045000073
:10863400aedf00000aaa000033b3000088e00000a7
:108644001c260000dc000000b8750000c8670000ac
:1086540011a10000b587000071f900004a6a00000a
:10866400ec3f00000e41000021c200004f920000c8
:108674008f17000053ee0000d5ea00004f91000070
:108684007502000059000000000000000294000080
:10869400e4da00004ab30000aaa700002e9c000000
:1086a400c7800000465e0000bd060000331d0000c8
:1086b400d85d00009f5f0000777300000a7d000012
:1086c400386b0000a70e00008f4e00007d010000f3
:1086d400da44000074d20000f17a00002f7f000019
:1086e400e1ec0000f1a500007d0300003b2f000039
:1086f40017b60000e80d0000333c00002191000093
:10870400915b0000302c000011c60000586a000084
:10871400e43500001bb50000a8470000b3ff0000cb
:10872400d09600000e4800004e970000376000000d
:1087340012040000ffcb0000a5f500001d4000005e
:108744009cdf0000361200003dd900002a720000b0
:10875400dae800008be400005bcf0000e938000099
:1087640052ec00002ca00000f7790000ad200000be
:108774007059000020620000739c0000e346000072
:1087840009c9000012d4000077550000074b00000f
:108794006a2600001e5d000007780000104e0000ed
:1087a4004ada00005ef600003b9b00008dfd0000ed
:1087b40048d00000bbaa0000212e0000f5df000015
:1087c400854c0000a71d00001a2600001ba0000015
:1087d400828600007f4b000002d20000f660000099
:1087e400c98600000c1d0000bf73000069860000ec
:1087f400184b000044bc000074e500008217000020
:1088040093b500000a56000008b700004a73000040
:10881400b8040000d2140000215e00002ca0000067
:10882400e0c20000015f0000dece0000642a000008
:10883400d86500002bf0000074e3000054bf000072
:10884400a09b000050ba0000020000002c9500001c
:10885400ce2a00004fcf00002b2b00000e9b0000ff
:10886400dd8f0000675b000054a10000472e00006c
:10887400842e000024fa000034e000005a100000a6
:108884003bcf0000afe20000ed280000d11700004c
:108894006b9a00001b4900006cfc0000cb7a0000be
:1088a400740900002a4100005aff0000a1f50000ed
:1088b40098c600000cd2000069830000d2c30000f7
:1088c400698700005e7e0000bbfc0000c0d1000090
:1088d400c1170000d79b0000e153000070b70000ef
:1088e40043d000003825000026490000405b00000a
:1088f40057ba000049320000aa9f000039aa0000bc
:108904008e73000000850000137900006df10000f3
:10891400912f00009ea30000a06500007c7d000054
:1089240053b4000070530000016b0000925f00001c
:1089340038f10000d73d00007ad60000077200002d
:108944007adb0000a1650000a507000041000000db
:108954004beb0000c5d000003beb00003061000091
:10896400420d00004ba30000d80700008b1200004a
:10897400f58900003d7c0000fb2e000079a7000073
:10898400bcd50000bf7200009ad800001539000061
:10899400ad25000070d100006cb000005dbb00008c
:1089a400f43a0000f660000056fa0000f2a5000058
:1089b40028ae00000d760000b3790000f14b0000f2
:1089c400c72e00006eb600006162000022d90000cc
:1089d400a73000002345000021de0000478c000082
:1089e400ebe500004c8b00004e790000a09d0000d8
:1089f40095b3000005aa0000afec0000e674000087
:108a040073f00000dc370000ad9300003b20000051
:108a14006da10000d8cf0000f97e00009ec60000c2
:108a2400bb40000064560000a61800007528000032
:108a3400d2ba0000786400005c4800004570000071
:108a4400358c0000499a0000454a00006df2000090
:108a54009c8d0000480a0000612e0000e3d4000051
:108a6400eea80000294000004b530000bb56000054
:108a740039ce0000816c0000fd370000a0790000b1
:108a84001cc70000941700006c370000ea97000030
:108a9400f4d80000d49f00009f3000004fe5000090
:108aa400a4080000b86b0000aeb90000bc4f000081
:108ab4006120000044df000092db00001e0400007f
:108ac40083c00000a12c000009d80000df210000b1
:108ad400f020000004800000af73000091bc00008f
:108ae4000eba0000e4f700009b3600003c300000a2
:108af400f1b40000badc0000fa650000f22b0000bb
:108b04001d1800004e16000062d40000ac8b00005b
:108b140021a50000a2f1000032c30000c9650000d5
:108b2400632d0000316b0000b88f0000e1240000c9
:108b34009387000004990000e6bd0000ba280000f5
:108b440030630000daac0000c7990000378a0000e7
:108b540086660000b3440000d5840000aaa100008a
:108b640053420000a03800001e5d0000f70500001d
:108b740029e70000ca2a00000b6a0000abce0000ff
:108b8400f03a0000f3900000e6d1000025a10000b7
:108b9400331c0000339900007d240000d1740000d0
:108ba40023fc00006f7d0000dba70000e9c2000089
:108bb400de170000122d00001cb300007e880000a8
:108bc4000000000000000000000000000308000096
:108bd400757d00009a49000037af00006004000072
:108be4007cbc0000d31c00005370000034970000cc
:108bf400ebe10000cd30000079a200008694000073
:108c0400585a000099c2000069d70000b23200002f
:108c1400626c00000a36000069b1000035480000ab
:108c240041ce0000799600007a0d00002d3300003b
:108c3400bf4d00002fb80000d8b30000fbe40000d3
:108c440071930000b91800000d510000abbb000087
:108c540009d900000dd70000671e00004728000056
:108c6400c7f70000ce60000058280000235e000013
:108c740095fc00002bdb0000f90d00001fab000089
:108c840049e60000d0a700003779000020e4000086
:108c9400cf050000e364000021ac0000dfb1000058
:108ca400e8f90000e04c00003b5e00008968000029
:108cb4002a480000c56400000edb0000f1530000e8
:108cc4008b1a00002ff600000c1800009c520000c4
:108cd4009b2100002e4a0000e7d60000bbb700002d
:108ce4001a0a000022ab00004afd0000d302000073
:108cf4007d210000ffb900000e0f000029ab000029
:108d0400acf40000445e00000fd50000f3570000ef
:108d1400e54f0000617200004eba000055370000b4
:108d24008f9a00001cd40000b8300000af0a000085
:108d3400951a000013860000d40a0000835c00002a
:108d4400991b00002bc0000093f5000013f50000f0
:108d5400eafb00006f750000746c00002e770000c1
:108d6400c3440000c538000062b90000f5ac00003f
:108d740058b40000966e0000a4a5000045b500009c
:108d84001b7c00009d21000095160000ee290000c8
:108d94005720000012bb0000f80a00002325000041
:108da400ac510000fd7a0000e09d000043b00000db
:108db400276f00002adf000004080000d3f1000040
:108dc4001d3c0000128d0000aff20000d7b9000076
:108dd400029d000046e30000abff000061c80000f4
:108de400612b000019c80000c1a100006d0a000039
:108df400a7440000fab50000a8d700001e530000e5
:108e0400156f00007a48000041e9000030b5000009
:108e1400ade20000f0700000406a0000f331000091
:108e2400dd19000050e50000bcb400003d830000e3
:108e34009fdf0000c825000027900000405b000071
:108e44003204000047810000fa530000b40a000015
:108e5400401500007a7400005bdb000024ab0000c6
:108e64003ab7000091e3000044b700004707000050
:108e740039900000d2f50000a9080000465800000f
:108e8400dc32000010a3000047320000044500005b
:108e94004413000071ac00002ea70000c97100004b
:108ea400d0f90000517e0000cae5000009a80000c6
:108eb4001e7700005b3a000008aa0000431c000073
:108ec400d68d000060910000466d000064560000dd
:108ed4009e1600002ece0000b3990000c8f60000d4
:108ee4005527000013840000bc8a0000b3c80000aa
:108ef400f51a000072f700006a0c000046950000a5
:108f04002f4a000086b60000d298000094f10000b9
:108f1400c33700000e0c000087110000567e0000cd
:108f2400afda0000222900006feb0000faec000029
:108f340096e00000276b000042a1000070090000c9
:108f44001aad000048880000dafc0000e13b000094
:108f540062950000285600007028000003b200004b
:108f6400586700008d0a0000ea9a00001595000079
:108f7400515f00008307000009200000bf37000094
:108f8400aff700000a7400003ca5000052f1000095
:108f9400e3f5000058300000e1170000de980000ff
:108fa400f13800007bf00000afbd0000165900004e
:108fb400529900006c74000070480000771400009f
:108fc400ff53000041840000bcc50000372f00009f
:108fd400718400003df50000467c000063e0000061
:108fe40000a0000056070000f78c00006357000043
:108ff400be5400005ce10000fdac000035fa000046
:10900400c2d50000f25a0000be7c0000318e000080
:10901400bddb0000fe4d0000036f00005ea60000f3
:109024001f2300002dca000068f00000c6140000d1
:10903400ccc300003ef0000021d40000402a000010
:1090440072b600007ee2000085d600008afb0000b4
:109054004851000027770000e4cb0000cd2f00002a
:10906400f6e10000bcfe0000eda10000145f00006a
:10907400e5320000fccf0000d9fb00002fe900001e
:10908400ad7d00002d680000e79a000015950000f2
:109094006a4a0000e4ab0000e4eb0000e00d0000cd
:1090a40040bd0000ef8f0000b9750000b439000026
:1090b400086d0000c09f000004ff0000ccde00002b
:1090c400133000004eb60000e4e00000cb6900005d
:1090d400e5c600001c2f0000436a00006325000061
:1090e40072d50000dfbd0000dc0b0000e9080000c1
:1090f4009d3d0000266f0000c3890000f8180000a1
:10910400ac420000bf4e00009d5d000028b000008e
:1091140026410000367600008d86000084fa0000a7
:10912400d8d400006758000019690000202d000001
:1091340035fe000009d900008cfd0000f921000073
:10914400a1570000df170000ae8e0000cbc900005d
:109154007f26000054de00001043000072dd000092
:10916400bc180000b9340000f9ab000070f900002d
:10917400744d00008e6d00002a33000014060000b8
:10918400d0710000e6ad0000aabe0000862e0000eb
:109194009a8d000087880000af0300009fcb000079
:1091a400f87800009a66000038090000cdae00008f
:1091b40089c20000ccaf00006a1600001409000048
:1091c40048ae00009b550000e40f0000a586000097
:1091d400a17500007f7c0000ef0d0000cb3a000079
:1091e400b30d00001f02000000000000000c00008e
:1091f400801f0000b4f40000e0a6000041cc000091
:10920400870000004061000043e70000fcb4000058
:10921400000000000001000024ca000045340000e2
:10922400253c000039ff0000098c0000398500004e
:109234005a5b0000cc2700003cbd0000284300001e
:1092440086450000179a00004e35000024a4000053
:1092540023a20000fdca00006cd40000fbba000089
:10926400e7410000b3fb00007c55000007b5000097
:109274006e3e0000b129000072cc000038ea000004
:109284002730000080b900008cb80000ee540000c4
:10929400ab3e0000dbdd000006d0000095ea0000d4
:1092a4003e420000886b0000ae890000c7e8000061
:1092b4004c380000b6930000f6be00004c200000bd
:1092c4004a8c0000ce2b000022d20000724900001c
:1092d4004618000056800000706700005afa00002b
:1092e400c0ca00006d53000021ca0000e3860000dc
:1092f40068910000d37c0000a9d50000ad6a00008d
:1093040072a10000fe530000e940000085ea00005d
:1093140062a90000637500003a2d0000ec9b000078
:10932400fe580000d87300002052000010430000d3
:109334005c2d0000b4210000b99600001f720000eb
:109344006dba000042ea0000f2850000be5200003f
:1093540012a70000b13e00002b890000ef0f0000af
:10936400730500007c990000c3c500005f960000ef
:1093740053f80000af9b00007a490000a0440000ad
:109384005460000055f00000103a0000608d0000a9
:109394009050000065ae0000f7790000db2e00005d
:1093a40008f90000bbf20000d2780000d08600006b
:1093b400b5940000a10e0000b981000089b7000037
:1093c400f9c0000043e800008f38000019da0000fb
:1093d400ed2f0000a75c0000db010000b3380000a3
:1093e400cee60000c3f20000d5aa0000879e00006c
:1093f400116f0000d8050000f0720000abd9000026
:10940400a10f0000ff460000e94a00008c000000a4
:1094140093e90000866f00006b14000070be00002a
:10942400b1b8000089c90000cc7d00001a11000009
:10943400d2790000fbd90000d72400001394000067
:109444008f0100009c4b000069330000660100009e
:109454008298000088f800004c130000310f0000cf
:1094640058c1000006110000300000000000000098
:1094740000b4000089910000349b000089fc0000c6
:1094840075cd000011ca00001a6f0000fa710000c7
:10949400d6450000e70f0000eb39000009b30000d7
:1094a4005a1300001faa00003a930000cf8d000059
:1094b4006eca0000ec2c00008ec50000831b000067
:1094c4005ad60000d1890000ac0200004fcb000046
:1094d4000f25000076960000e05d00002cff0000e0
:1094e400a7ea0000ea920000f17200005bee0000bf
:1094f40008d80000848a0000a9590000e312000083
:1095040077da0000d6ca00004e3600002d7c000039
:10951400a4130000d1e800001831000099020000f3
:10952400540a0000d07a000074a00000ad2c0000a2
:10953400834a00006ff10000b15000001b6400007a
:1095440069e80000842f00002cc80000eb9500009f
:109554003da5000018c700004b820000fc880000f5
:10956400e1d300007b0e0000be100000ba650000cd
:10957400028500009b4600009a3700007a770000bd
:109584004dc20000c4530000306700009154000035
:10959400f63d00003944000043420000132e000051
:1095a40009290000fd500000a6da000094ce000056
:1095b40086970000102b00005c1c000009cd000001
:1095c4000ffc000015dc0000543b000053e10000d8
:1095d4007ca70000e1fd000047c20000af7e000050
:1095e400ea34000000000000000000000c6f0000de
:1095f400e65c0000043000006c840000c7510000e9
:10960400e3b500005f3400009edd000005000000ab
:1096140000000000000c00001cd40000bcfb000093
:10962400cd3a0000aebc0000529200005485000008
:109634002ced00000ffb0000000000000000000003
:10964400f8730000105d0000d81f000006e0000061
:10965400a159000026b40000393f0000c1190000e0
:10966400f9d40000be4f0000f4330000ec3f0000ca
:109674003ffe00008f910000d0440000f212000071
:10968400789000009e790000a9270000ee050000f4
:10969400cb9f00005a4b000015de00006739000024
:1096a400181f0000e73a00000a41000098e7000094
:1096b400dea7000028a00000d35400006633000099
:1096c40079b500003a830000375f000025400000b0
:1096d40070470000b87900006b620000963f0000fc
:1096e40048ea00009f6e0000cb350000e16f0000e7
:1096f4002dc40000c24b00009ba700004d050000d4
:10970400790e00001cfe0000095a00009f8700002b
:10971400227a0000131b00009f9900004d050000f1
:10972400db15000073d8000065fe0000395e000000
:10973400a44300007b6c000079bd0000739100001d
:109744004c9b00004c94000018870000ea6800005d
:10975400a74400009f5c000036660000fd41000045
:10976400145e0000b18e0000eb450000da770000c3
:109774000ee00000ec5e0000f40d0000bf410000ac
:10978400c6480000f0150000d8600000f740000053
:10979400762300007b1c0000e559000044500000c3
:1097a40030ce0000064e0000c5a6000070c30000c5
:1097b40018170000a2370000acbf00002c6f000097
:1097c400bc9b00003f58000012110000103900003b
:1097d40000180000db7d00000bd200002cee00001e
:1097e4000aaf0000769400007ac100005c210000fa
:1097f400d26100009f1d00007a96000095df0000f2
:10980400a451000081e600001bd500007c36000056
:1098140044f0000060ff00003af6000032ec000063
:109824008fe000009ac70000e3bc0000adeb00002d
:10983400a6940000714b00006d00000000000000c1
:109844000000000000380000974c000036a2000021
:1098540075ff0000fb3f0000eb600000e1310000f9
:10986400b1bc0000327700006cbd000049930000d9
:109874004bc2000007ba0000f0670000fd6800005a
:10988400caf50000a4ff00002a5e0000e2be00004a
:10989400b5690000b2a00000639300001bb400008f
:1098a400bd46000012fa0000ee8800005f4600008a
:1098b400dfb20000bae80000ba54000047ea000032
:1098c4000000000018fa000008910000779b0000d7
:1098d4001c8700008b010000709e0000c005000082
:1098e4002baa0000d7af000030a80000018b0000b5
:1098f40028a00000f5950000993200005f000000e8
:10990400000000000000000000080000c4ef000098
:10991400654500003cc300006def0000b834000052
:109924009d1c00000000000000000000000000007a
:10993400000000000466000086f20000bc9d0000e8
:1099440087970000be000000000000000000000037
:1099540008dd000058dd0000530f00007dec00001e
:10996400930b0000b95b0000e3000000000000005e
:109974000000000000000000000800007615000050
:10998400dfc70000682f0000a8f800004d33000076
:109994008fae000000000000000000000000000086
:1099a4000000000008840000c3e80000cb9c000015
:1099b4007180000009d7000011630000210000003d
:1099c400000000000000000000000000000400008f
:1099d4000ec60000f05000009e0a0000a799000087
:1099e4000000000000000000001400009a5a00006b
:1099f400f9aa00005f060000df5c00005237000097
:109a04004b3900000c7e000018c10000abd60000ea
:109a140036f5000078bd00009f79000000000000ca
:109a2400000e0000f2330000610e0000c30b0000c2
:109a34005a240000023f0000423500003da400000b
:109a4400adc50000305000000000000076e70000c3
:109a5400e34500000866000018210000ebdd00006b
:109a640014760000f8f1000055e800003b9d00006a
:109a74008b93000092ff0000a780000034380000a0
:109a8400c2ad00007cff0000bd2300002b0b0000d2
:109a94002c5f0000eac0000095000000fb8c000071
:109aa400376b00008a420000913e0000efd60000b0
:109ab40051430000216f0000803e0000bdf2000011
:109ac400b324000007a50000924a0000765100006c
:109ad400317200003547000025e70000b9d00000ce
:109ae400f4c20000dd520000353a000023c4000037
:109af40016fa00002a8d000099d00000b953000026
:109b0400c21200005c3f0000ce8d0000dbd10000db
:109b1400c8d1000059e5000088ff00004911000089
:109b2400abab00007bd10000f2b400003749000069
:109b3400a0b10000fefe00006c080000761d0000cd
:109b44000b000000000000009af40000b16d00005a
:109b5400a0f2000020e4000017a700004d850000db
:109b6400b38e00007acb000087300000af110000f4
:109b740090200000a8190000ea22000007fa000063
:109b8400c14c0000e8fc0000a20300008f2a000082
:109b9400c5360000e4af0000669b0000ba0a00006e
:109ba400dd65000090da0000d727000062d90000cc
:109bb400193b0000abf60000668900002da50000eb
:109bc40030700000e9aa0000e2d90000c1230000bf
:109bd40047fd00009a2500004a5f000089620000ea
:109be400976100004b910000fc3400001bfc000056
:109bf40097b200007b870000f4540000fcd60000fc
:109c040036480000c287000079a30000c48f00001a
:109c140042b1000031470000dde80000d00a000036
:109c24007147000022f30000f49f0000287a00002e
:109c3400700c0000bc59000030e00000e413000088
:109c440024650000bd4c00000e6d00009e4d000018
:109c54001590000019720000c9280000b695000094
:109c64000e920000f97900005c640000b9b90000ac
:109c74007bd70000dcb40000b9b40000967f00007c
:109c840072550000ae000000001e0000b00200008b
:109c94008e450000bdf00000a5900000b730000024
:109ca40012400000b64000009cf100006263000016
:109cb400726d0000f0ba00001af60000f0400000d7
:109cc4006a470000a2fc00009bd800007019000045
:109cd400000000000000000000000000001a000066
:109ce400f5240000f64d00002f640000fdf700008d
:109cf400c3fd0000a74500005d940000318f000003
:109d0400d69f00005d21000066410000d4390000a8
:109d140051af0000618c00001e9f00000000000095
:109d24000000000006110000e97a000088310000fc
:109d3400e1260000b61c00007400000000000000d2
:109d440006f5000098350000171a0000ab19000052
:109d54003a8c0000c6000000000000000e7e0000e7
:109d640014d000006e4400001c660000616700000f
:109d7400f18e00002872000030d20000bf7d000088
:109d84006f000000000800001799000062ee000058
:109d940078180000543a0000d57f000061ac000040
:109da40000000000000000000000000000000000af
:109db400108300003e2c0000924f00005a980000cf
:109dc40059970000fb82000097ad0000c8730000a3
:109dd400a26c00000d060000cf000000000000008f
:109de40000000000000000000a690000daeb000037
:109df4009ef70000677f0000dee80000830b000090
:109e0400465a00003f00000000000000000000006f
:109e140000020000b36000007fdc0000a3ff00002c
:109e2400000000000000000000000000001400001a
:109e34008ecf0000a265000072ce00003e1100002b
:109e4400392d000094940000478e0000c78c000058
:109e5400706b00007c4900008e3c0000d74c000071
:109e64000000000000020000c8770000a5fd00000b
:109e7400ba9a00000000000000000000000000008a
:109e8400000a00001a1b0000d94a000083030000e6
:109e9400dfe20000756e000028d90000631f000097
:109ea4000000000000000000000000000218000094
:109eb400272700008f4b0000e7000000000000008f
:109ec40000000000000000000000000000a90000e5
:109ed4000200000000000000c90000009201000020
:109ee4005b02000024030000ed030000b604000040
:109ef4007f0500004806000011070000d907000094
:109f0400a20800006a090000330a0000fb0a0000ee
:109f1400c40b00008c0c0000540d00001c0e00004b
:109f2400e30e0000ab0f0000721000003a110000b5
:109f340001120000c81200008f1300005514000025
:109f44001c150000e2150000a81600006e170000a2
:109f540033180000f9180000be190000821a00002e
:109f6400471b00000b1c0000cf1c0000931d0000c9
:109f7400571e00001a1f0000dd1f00009f20000074
:109f84006121000023220000e5220000a623000036
:109f94006724000028250000e8250000a82600000a
:109fa4006727000026280000e5280000a3290000f8
:109fb400612a00001f2b0000dc2b0000992c0000fc
:109fc400552d0000112e0000cc2e0000872f00001c
:109fd40041300000fb300000b53100006e3200005b
:109fe40026330000df330000963400004d350000b6
:109ff40004360000ba3600006f3700002438000031
:10a00400d93800008c390000403a0000f23a0000d0
:10a01400a53b0000563c0000073d0000b83d000091
:10a02400683e0000173f0000c53f00007340000079
:10a0340021410000ce4100007a4200002543000087
:10a04400d04300007a44000024450000cd450000c0
:10a05400754600001c470000c34700006948000023
:10a064000f490000b4490000584a0000fb4a0000b0
:10a074009d4b00003f4c0000e04c0000814d00006f
:10a08400204e0000bf4e00005d4f0000fb4f00005b
:10a094009750000033510000ce5100006852000078
:10a0a400025300009b53000032540000c9540000c6
:10a0b40060550000f55500008a5600001d57000049
:10a0c400b057000042580000d35800006459000003
:10a0d400f3590000825a00000f5b00009c5b0000f3
:10a0e400285c0000b35c00003e5d0000c75d00001a
:10a0f4004f5e0000d75e00005d5f0000e35f00007c
:10a1040068600000eb6000006e610000f061000018
:10a1140071620000f162000070630000ee630000f1
:10a124006c640000e864000063650000dd65000005
:10a1340056660000cf66000046670000bc6700005a
:10a1440032680000a6680000196900008b690000ed
:10a15400fd6900006d6a0000dc6a00004a6b0000c3
:10a16400b76b0000236c00008e6c0000f86c0000dc
:10a17400616d0000c96d0000306e0000966e000035
:10a18400fb6e00005e6f0000c16f000022700000d3
:10a1940083700000e2700000407100009d710000b7
:10a1a400f971000054720000ae72000007730000e1
:10a1b4005e730000b57300000a7400005f74000051
:10a1c400b27400000475000055750000a575000008
:10a1d400f3750000417600008d760000d87600000b
:10a1e400227700006b770000b3770000fa77000055
:10a1f4003f78000084780000c778000009790000e7
:10a204004a79000089790000c8790000057a0000c5
:10a21400417a00007c7a0000b67a0000ee7a0000f1
:10a22400267b00005c7b0000917b0000c57b000066
:10a23400f87b0000297c0000597c0000887c000029
:10a24400b67c0000e37c00000e7d0000397d000038
:10a25400627d0000897d0000b07d0000d57d000096
:10a26400fa7d00001d7e00003e7e00005f7e00003f
:10a274007e7e00009c7e0000b97e0000d57e00003a
:10a28400ef7e0000097f0000217f0000377f00007f
:10a294004d7f0000617f0000747f0000867f000016
:10a2a400977f0000a67f0000b47f0000c17f0000fc
:10a2b400cd7f0000d87f0000e17f0000e97f00002f
:10a2c400f07f0000f57f0000f97f0000fd7f0000b3
:10a2d400fe7f0000ff7f0000fe7f0000fd7f000086
:10a2e400f97f0000f57f0000f07f0000e97f0000a7
:10a2f400e17f0000d87f0000cd7f0000c17f000017
:10a30400b47f0000a67f0000977f0000867f0000d6
:10a31400747f0000617f00004d7f0000377f0000e4
:10a32400217f0000097f0000ef7e0000d57e000041
:10a33400b97e00009c7e00007e7e00005f7e0000ef
:10a344003e7e00001d7e0000fa7d0000d57d0000e9
:10a35400b07d0000897d0000627d0000397d000031
:10a364000e7d0000e37c0000b67c0000887c0000c9
:10a37400597c0000297c0000f87b0000c57b0000ac
:10a38400917b00005c7b0000267b0000ee7a0000dd
:10a39400b67a00007c7a0000417a0000057a000059
:10a3a400c8790000897900004a7900000979000021
:10a3b400c7780000847800003f780000fa77000036
:10a3c400b37700006b77000022770000d876000096
:10a3d4008d76000041760000f3750000a57500003d
:10a3e4005575000004750000b27400005f7400002d
:10a3f4000a740000b57300005e7300000773000068
:10a40400ae72000054720000f97100009d710000ea
:10a4140040710000e27000008370000022700000b0
:10a42400c16f00005e6f0000fb6e0000966e0000be
:10a43400306e0000c96d0000616d0000f86c000012
:10a444008e6c0000236c0000b76b00004a6b0000a8
:10a45400dc6a00006d6a0000fd6900008b69000081
:10a4640019690000a668000032680000bc6700009b
:10a4740046670000cf66000056660000dd650000f8
:10a4840063650000e86400006c640000ee63000093
:10a4940070630000f162000071620000f06100006e
:10a4a4006e610000eb60000068600000e35f000084
:10a4b4005d5f0000d75e00004f5e0000c75d0000d6
:10a4c4003e5d0000b35c0000285c00009c5b000063
:10a4d4000f5b0000825a0000f35900006459000029
:10a4e400d358000042580000b05700001d57000028
:10a4f4008a560000f555000060550000c95400005c
:10a50400325400009b5300000253000068520000c4
:10a51400ce5100003351000097500000fb4f000063
:10a524005d4f0000bf4e0000204e0000814d000032
:10a53400e04c00003f4c00009d4b0000fb4a000033
:10a54400584a0000b44900000f490000694800005f
:10a55400c34700001c47000075460000cd450000bd
:10a56400244500007a440000d04300002543000045
:10a574007a420000ce4100002141000073400000f7
:10a58400c53f0000173f0000683e0000b83d0000d2
:10a59400073d0000563c0000a53b0000f23a0000d5
:10a5a400403a00008c390000d938000024380000fb
:10a5b4006f370000ba360000043600004d35000045
:10a5c40096340000df330000263300006e320000b2
:10a5d400b5310000fb30000041300000872f00003f
:10a5e400cc2e0000112e0000552d0000992c0000e7
:10a5f400dc2b00001f2b0000612a0000a3290000af
:10a60400e52800002628000067270000a82600008f
:10a61400e82500002825000067240000a623000088
:10a62400e522000023220000612100009f20000099
:10a63400dd1f00001a1f0000571e0000931d0000bc
:10a64400cf1c00000b1c0000471b0000821a0000f6
:10a65400be190000f9180000331800006e1700003e
:10a66400a8160000e21500001c1500005514000097
:10a674008f130000c8120000011200003a110000fc
:10a6840072100000ab0f0000e30e00001c0e00006f
:10a69400540d00008c0c0000c40b0000fb0a0000e9
:10a6a400330a00006a090000a2080000d90700006c
:10a6b40011070000480600007f050000b6040000f2
:10a6c400ed030000240300005b020000920100007f
:10a6d400c90000000000000037ff00006efe00000b
:10a6e400a5fd0000dcfc000013fc00004afb000098
:10a6f40081fa0000b8f90000eff8000027f8000024
:10a704005ef7000096f60000cdf5000005f50000a8
:10a714003cf4000074f30000acf20000e4f100002b
:10a724001df1000055f000008eef0000c6ee0000a1
:10a73400ffed000038ed000071ec0000abeb000011
:10a74400e4ea00001eea000058e9000092e8000074
:10a75400cde7000007e7000042e600007ee50000c8
:10a76400b9e40000f5e3000031e300006de200000d
:10a77400a9e10000e6e0000023e0000061df000042
:10a784009fde0000dddd00001bdd00005adc000060
:10a7940099db0000d8da000018da000058d900006c
:10a7a40099d80000dad700001bd700005dd600005e
:10a7b4009fd50000e1d4000024d4000067d300003a
:10a7c400abd20000efd1000034d1000079d00000fa
:10a7d400bfcf000005cf00004bce000092cd00009b
:10a7e400dacc000021cc00006acb0000b3ca000020
:10a7f400fcc9000046c9000091c80000dcc7000085
:10a8040027c7000074c60000c0c500000ec50000c4
:10a814005bc40000aac30000f9c2000048c20000e3
:10a8240098c10000e9c000003bc000008dbf0000db
:10a83400dfbe000032be000086bd0000dbbc0000ad
:10a8440030bc000086bb0000dcba000033ba000054
:10a854008bb90000e4b800003db8000097b70000d1
:10a86400f1b600004cb60000a8b5000005b5000024
:10a8740063b40000c1b3000020b300007fb2000045
:10a88400e0b1000041b10000a3b0000005b0000039
:10a8940069af0000cdae000032ae000098ad0000fc
:10a8a400feac000065ac0000ceab000037ab00008e
:10a8b400a0aa00000baa000076a90000e3a80000eb
:10a8c40050a80000bea700002da700009ca6000011
:10a8d4000da600007ea50000f1a4000064a4000001
:10a8e400d8a300004da30000c2a2000039a20000ba
:10a8f400b1a1000029a10000a3a000001da0000038
:10a90400989f0000159f0000929e0000109e00007a
:10a914008f9d00000f9d0000909c0000129c000081
:10a92400949b0000189b00009d9a0000239a00004d
:10a93400aa99000031990000ba98000044980000d8
:10a94400ce9700005a970000e79600007596000025
:10a95400039600009395000024950000b69400002f
:10a9640049940000dd9300007293000008930000f6
:10a974009f92000037920000d09100006a9100007d
:10a9840005910000a29000003f900000de8f0000bf
:10a994007d8f00001e8f0000c08e0000638e0000bb
:10a9a400078e0000ac8d0000528d0000f98c000071
:10a9b400a28c00004b8c0000f68b0000a18b0000e1
:10a9c4004e8b0000fc8a0000ab8a00005b8a00000a
:10a9d4000d8a0000bf8900007389000028890000e7
:10a9e400de880000958800004d880000068800007d
:10a9f400c18700007c87000039870000f7860000cb
:10aa0400b68600007786000038860000fb850000cb
:10aa1400bf850000848500004a850000128500007f
:10aa2400da840000a48400006f8400003b840000ea
:10aa340008840000d7830000a78300007883000007
:10aa44004a8300001d830000f2820000c7820000d8
:10aa54009e82000077820000508200002b8200005a
:10aa640006820000e3810000c2810000a181000091
:10aa74008281000064810000478100002b81000076
:10aa840011810000f7800000df800000c980000011
:10aa9400b38000009f8000008c8000007a8000005a
:10aaa400698000005a8000004c8000003f80000054
:10aab40033800000288000001f8000001780000001
:10aac400108000000b80000007800000038000005d
:10aad400028000000180000002800000038000006a
:10aae400078000000b800000108000001780000029
:10aaf4001f80000028800000338000003f80000099
:10ab04004c8000005a800000698000007a800000b8
:10ab14008c8000009f800000b3800000c98000008a
:10ab2400df800000f7800000118100002b8100000d
:10ab3400478100006481000082810000a18100003f
:10ab4400c2810000e3810000068200002b82000025
:10ab540050820000778200009e820000c7820000bd
:10ab6400f28200001d8300004a8300007883000005
:10ab7400a7830000d7830000088400003b84000002
:10ab84006f840000a4840000da84000012850000b1
:10ab94004a85000084850000bf850000fb85000015
:10aba4003886000077860000b6860000f78600002d
:10abb400398700007c870000c187000006880000f8
:10abc4004d88000095880000de8800002889000078
:10abd40073890000bf8900000d8a00005b8a0000b1
:10abe400ab8a0000fc8a00004e8b0000a18b0000a1
:10abf400f68b00004b8c0000a28c0000f98c000046
:10ac0400528d0000ac8d0000078e0000638e0000a2
:10ac1400c08e00001e8f00007d8f0000de8f0000bc
:10ac24003f900000a2900000059100006a9100008e
:10ac3400d0910000379200009f920000089300001a
:10ac440072930000dd93000049940000b694000064
:10ac5400249500009395000003960000759600006b
:10ac6400e79600005a970000ce9700004498000031
:10ac7400ba98000031990000aa990000239a0000b4
:10ac84009d9a0000189b0000949b0000129c0000f9
:10ac9400909c00000f9d00008f9d0000109e0000fe
:10aca400929e0000159f0000989f00001da00000c8
:10acb400a3a0000029a10000b1a1000039a2000056
:10acc400c2a200004da30000d8a3000064a40000a9
:10acd400f1a400007ea500000da600009ca60000c3
:10ace4002da70000bea7000050a80000e3a80000a4
:10acf40076a900000baa0000a0aa000037ab000050
:10ad0400ceab000065ac0000feac000098ad0000c6
:10ad140032ae0000cdae000069af000005b0000007
:10ad2400a3b0000041b10000e0b100007fb2000018
:10ad340020b30000c1b3000063b4000005b50000f7
:10ad4400a8b500004cb60000f1b6000097b70000ab
:10ad54003db80000e4b800008bb9000033ba00002d
:10ad6400dcba000086bb000030bc0000dbbc000085
:10ad740086bd000032be0000dfbe00008dbf0000b3
:10ad84003bc00000e9c0000098c1000048c20000b8
:10ad9400f9c20000aac300005bc400000ec5000095
:10ada400c0c5000074c6000027c70000dcc700004f
:10adb40091c8000046c90000fcc90000b3ca0000e5
:10adc4006acb000021cc0000dacc000092cd000058
:10add4004bce000005cf0000bfcf000079d00000ab
:10ade40034d10000efd10000abd2000067d30000e3
:10adf40024d40000e1d400009fd500005dd60000fb
:10ae04001bd70000dad7000099d8000058d90000f9
:10ae140018da0000d8da000099db00005adc0000e0
:10ae24001bdd0000dddd00009fde000061df0000af
:10ae340023e00000e6e00000a9e100006de200006c
:10ae440031e30000f5e30000b9e400007ee5000012
:10ae540042e6000007e70000cde7000092e80000aa
:10ae640058e900001eea0000e4ea0000abeb000031
:10ae740071ec000038ed0000ffed0000c6ee0000ac
:10ae84008eef000055f000001df10000e4f1000019
:10ae9400acf2000074f300003cf4000005f500007f
:10aea400cdf5000096f600005ef7000027f80000dc
:10aeb400eff80000b8f9000081fa00004afb000036
:10aec40013fc0000dcfc0000a5fd00006efe000089
:10aed40037ff000025630000256c0000752e00007c
:10aee40025300000326c0000752000006d730000f6
:10aef400005b0000253700006c7500002e25000063
:10af04006c7500005d200000252d000037730000e3
:10af14002000000025300000347500002d250000bd
:10af240030320000752d000025300000327500001d
:10af34002025000030320000753a00002530000062
:10af4400327500003a250000303200007520000000
:10af54005554000043000000202800002530000064
:10af6400327500003a25000030320000753a0000c6
:10af74002530000032750000206c00006f63000073
:10af8400616c00002c20000055540000432b00008d
:10af940025640000290000002450000047470000f9
:10afa400554d00002c0000002530000032580000f0
:10afb4002c000000256c0000750000002a2500000c
:10afc40030320000580d00000a0000006e6f0000cf
:10afd400206d00006f640000756c00006174000057
:10afe400696f00006e000000746f00006f200000a5
:10aff4006d6100006e790000206200006974000039
:10b0040020650000727200006f720000730000007f
:10b01400202b0000205300004b310000207600005c
:10b02400696100002043000052430000000000005a
:10b03400202b0000207300006f66000074200000c5
:10b0440072650000747200007900000072650000ef
:10b054006d6f0000766100006c000000696e0000f6
:10b064007365000072740000696f00006e000000d8
:10b0740046520000414d0000450000002325000019
:10b084006c750000206300006f72000072200000e5
:10b09400256400002e2500003032000064200000ea
:10b0a400002d0000206e00006f740000206400007a
:10b0b400656300006f640000616200006c6500005d
:10b0c40020280000257300002c200000736e00006f
:10b0d4007220000025640000206400004229000062
:10b0e4000d0a0000007300006e72000020250000ad
:10b0f40064200000644200002c2000006669000007
:10b1040078650000642000002575000020730000ad
:10b11400796d0000626f00006c2800007329000044
:10b1240025730000257300003a2000000020000071
:10b134006c6500006170000020730000656300000e
:10b144006f6e000064200000257300002061000081
:10b154006e6e00006f7500006e6300006564000091
:10b1640000200000445300005420000063680000e5
:10b17400616e000067650000206100006e6e0000d3
:10b184006f7500006e63000065640000002000001d
:10b1940074720000616e0000736d00006974000039
:10b1a40074650000722000006d610000696e00008b
:10b1b400746500006e6100006e630000652000008d
:10b1c400706c0000616e00006e6500006420000079
:10b1d4002825000075290000000d00000a00000069
:10b1e400434c00004f4300004b0000006672000017
:10b1f400616d000065200000616700007265000059
:10b204006573000020770000697400006820000066
:10b21400636c00006f6300006b2c0000206500006d
:10b22400727200006f720000200000002c200000e9
:10b2340078740000616c0000202500002b6c000075
:10b244006420000070700000620d00000a0000001d
:10b25400535900004e430000485200004f4e000076
:10b264004953000045440000202d000020740000d4
:10b27400776f000020660000726100006d650000b9
:10b28400732000006167000072650000652c0000f7
:10b2940020740000696d00006520000073650000e3
:10b2a40074200000746f000020000000535400005c
:10b2b4004550000050450000442000002d200000af
:10b2c400636c00006f6300006b2000007761000076
:10b2d400732000006f6600006620000062790000a1
:10b2e400202500006c640000206d0000732c000019
:10b2f400206300006f6e000066690000726d00003c
:10b30400656400002062000079200000747700006a
:10b314006f20000066720000616d0000657300001c
:10b324000d0a0000006e00006f740000207300001e
:10b33400796e000063680000726f00006e6900009f
:10b34400736500006420000079650000742000002b
:10b354002d2000007761000069740000696e000010
:10b3640067200000666f000072200000612000006a
:10b3740073650000636f00006e64000020660000c7
:10b38400726100006d650000207400006f200000f1
:10b39400636f00006e660000697200006d0d0000ae
:10b3a4000a000000524500004a45000043540000d2
:10b3b40045440000202d000020660000726100005a
:10b3c4006d65000020640000696600006665000089
:10b3d4007273000020660000726f00006d20000090
:10b3e400636c00006f6300006b2000006279000052
:10b3f400202500006c640000206d00007320000014
:10b40400286b000065700000742000006173000068
:10b4140020630000616e0000646900006461000044
:10b4240074650000290d00000a000000524100006c
:10b4340057000000253000003258000020000000b2
:10b44400202d00002063000068650000636b00008d
:10b45400205300004934000037330000352c00002d
:10b46400206900006e6300007265000061730000d3
:10b474006520000067610000696e00002052000032
:10b4840032370000002000002d200000696e00000b
:10b4940063720000656100007365000020670000ae
:10b4a400616900006e200000523200003700000085
:10b4b40053490000474e0000414c0000006c00005e
:10b4c40065760000656c00002025000033750000df
:10b4d40025250000205b0000257300005d2000008e
:10b4e400004300004c49000050500000494e000049
:10b4f400472000002825000075200000736100002b
:10b504006d7000006c65000073290000004e00009f
:10b514004f2f00005645000052590000204c0000f7
:10b524004f5700002041000055440000494f0000df
:10b53400002c0000207600006f6c0000756d000088
:10b5440065200000257500002f3600003300000040
:10b554006c6f0000770000004f4b00000068000093
:10b564006967000068000000202d000020640000ce
:10b5740065630000726500006173000065200000cf
:10b5840067610000696e000020520000323700003d
:10b59400002c000020630000656e0000747200003f
:10b5a400652000002564000025250000002000001f
:10b5b4007c20000063610000727200006965000075
:10b5c40072200000256c0000642e0000253000006d
:10b5d400326c000064200000487a0000202800003b
:10b5e40025630000256c0000642e00002530000057
:10b5f400326c000064290000202500007300000064
:10b604002c20000027300000272000006269000081
:10b6140074730000206100007420000025640000a1
:10b6240020640000656700002c2000006e6f00009d
:10b634006973000065200000256400002064000098
:10b6440065670000002000007c200000726100009b
:10b65400646900006f200000525300005349000049
:10b66400202500007520000064420000755600008b
:10b67400205300004e5200002025000075200000d9
:10b68400644200000d0a0000002000007c2000003d
:10b6940072610000646900006f2000004e4f0000da
:10b6a4005420000052450000535000004f4e00004b
:10b6b400444900004e4700000d0a000000560000f7
:10b6c400414c000049440000004800004f4c000079
:10b6d400444f00005645000052200000283e000060
:10b6e40032340000206800002c2000006e6f00003f
:10b6f40074200000766100006c6900006429000079
:10b704000053000054410000545500005300000051
:10b7140020250000732c0000206c000061730000e1
:10b7240074200000676f00006f6400002066000052
:10b73400726100006d650000202500006c7500003a
:10b744002073000020610000676f0000006e00009d
:10b754006f200000746900006d650000207900000e
:10b7640065740000002000007c2000006672000068
:10b77400616d0000657300002068000065610000d1
:10b7840072640000202500006c7500002c2000006d
:10b79400756e000064650000636f00006461000062
:10b7a400626c000065200000256c0000752c000010
:10b7b4002061000063630000657000007465000090
:10b7c40064200000256c0000752c0000207200002d
:10b7d400656a000065630000746500006420000071
:10b7e400256c0000752c00002073000074650000b7
:10b7f40070730000202500006c750000002000001c
:10b804007c20000050500000532000006d690000af
:10b81400737300006564000020250000752c00008f
:10b82400206c00006f67000020640000726f00004d
:10b8340070700000656400002025000075000000a1
:10b844000d0a00000d0a0000004200004f4f0000e6
:10b8540054000000652d0000437a0000617300006d
:10b86400504c00002032000032350000206b0000f4
:10b87400487a0000207200006563000065690000da
:10b8840076650000722c00002066000069720000da
:10b894006d7700006172000065200000322e000008
:10b8a400302e000032200000285300006570000094
:10b8b4002032000035200000323000003236000013
:10b8c400290d00000a00000053560000313a000020
:10b8d4002064000069610000676e00006f7300005f
:10b8e40074690000637300002c20000053560000ac
:10b8f400323a0000204e00004d4500004120000077
:10b9040024470000505200004d430000202800004e
:10b914002b24000050470000475500004d2c000028
:10b924002024000050450000435a0000292c000048
:10b93400203100003135000032300000302000009a
:10b94400384e0000313b0000204c0000454400000c
:10b9540031200000676f00006f6400002066000063
:10b96400726100006d6500002c2000004c45000051
:10b974004432000020720000656300006569000025
:10b98400766900006e6700002c2000004c45000022
:10b994004433000020740000696d0000652000003d
:10b9a400766100006c690000642c0000204c0000eb
:10b9b4004544000034200000315000005053000082
:10b9c4000d0a00000052000041440000494f0000ed
:10b9d40000530000493400003733000035200000d4
:10b9e400696e00006974000020660000616900004f
:10b9f4006c65000064200000282500006429000014
:10ba04002c20000072650000747200007969000047
:10ba14006e6700000d0a000000740000756e0000df
:10ba240065640000207400006f20000032320000c2
:10ba3400342000006b4800007a20000055530000b9
:10ba4400422c000020770000616900007469000046
:10ba54006e670000206600006f7200002074000012
:10ba6400686500002032000032350000206b0000c1
:10ba7400487a0000206300006172000072690000cf
:10ba84006572000020280000312000006b4800008f
:10ba94007a200000746f00006e650000290d00001c
:10baa4000a00000053490000343700003335000019
:10bab400206e00006f7400002072000065730000a7
:10bac400706f00006e640000696e00006720000063
:10bad4002d20000072650000696e0000697400008a
:10bae400696100006c690000736900006e67000002
:10baf4000d0a00000073000065610000726300001d
:10bb0400686900006e670000206300006172000035
:10bb14007269000065720000006c00006f63000031
:10bb24006b6900006e670000202800006661000059
:10bb340073740000290000006c6f0000636b000048
:10bb4400696e0000670000006c6f0000636b00000a
:10bb540065640000000000007ddd00008fdd000052
:10bb64009edd0000a6dd00005349000034370000cc
:10bb7400333500003a2000006e6f00002072000090
:10bb840065730000706f00006e730000650d0000a7
:10bb94000a00000053490000343700003335000028
:10bba4003a2000007061000072740000202500003b
:10bbb4003032000058200000667700002025000085
:10bbc40063250000632000006368000069700000c2
:10bbd40020250000632000006c6900006220000042
:10bbe400257500000d0a00000053000049340000d0
:10bbf40037330000353a0000206c00006f6100000c
:10bc0400646900006e670000205300005342000086
:10bc14002070000061740000636800002e2e000094
:10bc24002e00000020460000414900004c45000061
:10bc3400440d00000a000000206400006f6e000044
:10bc4400650d00000a00000053490000343700006d
:10bc5400333500003a2000007265000076000000d1
:10bc64002025000030320000580000000d0a0000ba
:10bc74000000000024470000505200004d43000023
:10bc84002c2c0000562c00002c2c00002c2c000026
:10bc94002c2c00002c2c00002c4e00000024000052
:10bca40047500000524d0000432c0000002c0000bf
:10bcb40035320000313400002e35000030390000e8
:10bcc400382c00004e2c00003032000031300000cf
:10bcd400302e000030350000303400002c450000c8
:10bce4002c3000002e300000302c000030300000da
:10bcf400302e0000302c0000002c00002c450000e9
:10bd04002c000000303100003233000034350000d4
:10bd14003637000038390000414200004344000037
:10bd24004546000000000000000100000001000082
:10bd340000010000000100000001000000010000fb
:10bd440000010000000100000001000001000000eb
:10bd5400000000000000000001000000010a0000d3
:10bd6400475500004d2b00000102000004080000ac
:10bd7400030600000c0b0000050a0000070e00007b
:10bd84000f0d000009010000020400000803000078
:10bd9400060c00000b0500000a0700000e0f00004f
:10bda4000d0900000000000001040000020800006a
:10bdb400050a0000030e000009070000060d00003c
:10bdc4000b0c00000c0a00000c0300000907000023
:10bdd4000100000000000000bf1600001909000067
:10bde4008d04000000000000c23300004808000079
:10bdf4001202000000010000000100000001000028
:10be0400000100000001000000010000000100002a
:10be1400000100000001000001000000000000001b
:10be24000000000001000000010000002a250000bd
:0cbe340030320000580d00000a00000031
:020000040000fa
:10be40000041eb000004e0000c0032000104e000bf
:10be50000a0032008180fb0042ed2d00e2c0780034
:10be60008180fb000080fb00624078000080fb00c6
:10be70000080400061eb2d006141780002407800b5
:10be8000000006000041eb000004e0000e0032005c
:10be90000080fb0043ed2d00634178000281fb0030
:10bea0006f0141008180fb0063c078000080fb00cf
:10beb00000005100f2002000110009000200d8002b
:10bec00060eb2d0060c178000240780000000600a1
:10bed00063004000c380de0012eb2d00e2c078005a
:10bee0008180fb000080ea00670060000088de00bf
:10bef0006140600000000600889fbe00e5834000ae
:10bf0000fa0240000003eb008044eb0006047800d6
:10bf10000f00370002414100544171008301e800e5
:10bf2000e48f5100fbff3a00826b78000603e800c3
:10bf3000e4824200e90f530005003a000004b0001b
:10bf40008002eb008043eb00050378000e00370011
:10bf5000050278000941780088017800edff37007c
:10bf600002414100344171008301e800e48f510037
:10bf7000fbff3a00825878008502e8006400400028
:10bf8000e68f52000400320000027800074178007a
:10bf900086017800f2ff37004f04be000000060063
:10bfa000881f7800fa834000e602400096002000d7
:10bfb00038002000100037001582fb0002a2de00ce
:10bfc000e16962000201e900e10f4100faff3a0075
:10bfd0000603e900e48343008502e8000600e00070
:10bfe00005003a0005042000818242000002eb00b7
:10bff000360020000e003700870178000801780025
:10c00000edff3700e0417a008381fb008199de007b
:10c0100061d961008100e900e18f4000f9ff3a0039
:10c020000402e800e4824200e60f520003003200fe
:10c030000501780086007800f2ff37004f04780091
:10c0400000000600cf04b000889fbe008a9fbe009b
:10c050008c9fbe008e1f7800a0a79f00f1a79f00b5
:10c06000b2af9f00c3af9f000087eb006000b80035
:10c07000d4a79f00e5a79f00b2a79f00c3a79f007a
:10c080000a0120000b0020009aaf9f00abaf9f0079
:10c090000006be000d0037008fd597000b04e000ae
:10c0a000050032003fa09700cfa09700b0af9f00df
:10c0b000c1af9f00040037005fa19700efa1970078
:10c0c000b2af9f00c3af9f006a074700ffa1970070
:10c0d00033427800f3a79f0084d79f000404e00058
:10c0e000030032003fa59700cfa59700020037005c
:10c0f0005fa59700efa597008e004700255d210002
:10c100008580400012002000030020003faa970015
:10c11000cfaa97000405550085855d00f1b79f0003
:10c120008e02780085bf9f000200be00040120003f
:10c1300005002000840f5100858f59000200340053
:10c140001fa89700afa897000a8ab900b4b79f004c
:10c15000c5b79f0000dab900f4af9f0085b79f0014
:10c160003fb797008e0242000a00b800818042006b
:10c17000b0b79f00c1b79f00e00f5000e08f58009c
:10c1800004003d006f024000e0824800b4b79f0009
:10c19000c5b79f003fb39700cfb397004c3fdd007a
:10c1a0004434de0008047700c4bcde003faa9700d8
:10c1b000cfaa97000800420089804a00cc0add001f
:10c1c0004403de00068372007fb79700062f7800d5
:10c1d000feb79f004fb0de000c0643008d064800fe
:10c1e00062014100e0814900540120000500200067
:10c1f000840f5100858f5900cbff3a000fbf970085
:10c20000553b2000850f5700a3ff3a000c00be00ed
:10c21000023c2000030020002cd30700b0b79f0091
:10c22000c1b79f0047fa2f0087834700f7af9f00f1
:10c230002fa49700e80654000000eb0000077800e8
:10c240000cd521002200370054017800cf91de0088
:10c250003fb59700cfb597000a0151008b81590077
:10c26000550078004480de006105b900009cb900eb
:10c2700002ddb900080445000011b8008301440044
:10c2800006034100878349008c0f5200eeff3a00fd
:10c2900001007800ffad970086adbe00fbaf9f00a8
:10c2a000c270dd0082fa2f000f01410081004100c1
:10c2b000b10f1300a18f1b0001003d0000077800a3
:10c2c0000000e8008d86e800e70f5000050032000e
:10c2d000045d21008d0278006033b8008000780092
:10c2e000d9ff370063005700cf80de004f0edd001e
:10c2f000c106de008d0676004f06dd000e00e90067
:10c30000e40f500054003e000e00e9004200dd0042
:10c3100083fa2f008f814100008041001000be0091
:10c320000002be004fabde0086037800b4b79f006a
:10c33000c5b79f00d6b79f00e7b79f000e00e80083
:10c340004200dd00008041001000be000004be007d
:10c350004fcdde008a057800f8af9f0089b79f00b7
:10c360009ab79f00abb79f000400440085804c0043
:10c3700006014d0087814d00b0af9f00c1af9f0007
:10c38000d2af9f00e3af9f004270dd0081fa2f0023
:10c390008f804000008040001000be004f89de000a
:10c3a00082017800e4ff2f00f5ff2f00f6ff2f0039
:10c3b000f7ff2f00edd707003faa9700cfaa9700fd
:10c3c0005fab9700efab97000000420081804a000e
:10c3d00002014b0083814b00000240008182480033
:10c3e00002034900838349001b003b003fb09700d4
:10c3f000cfb097005fb19700efb1970008045000ed
:10c40000898458000a0559008b855900f8af9f00b0
:10c4100089b79f009ab79f00abb79f000800be0086
:10c420000a01be00cf19dd004114de008301740053
:10c430004f11dd00410cde0002017400cf08dd0069
:10c440004104de00810074004f00dd0069d7070061
:10c450000c0640008d8648000c00be004f07780097
:10c460004f06be004f05be004f04be00cf04b10012
:10c47000000006008000eb000000e0000400320035
:10c4800061016000828040000000d100fcff3a00a2
:10c4900001007800000006007e00fa00889fbe00c0
:10c4a0008a9fbe008c9fbe00202f9800112f9800fd
:10c4b0000005eb00542f9800652f9800322f98004c
:10c4c000432f98000001200001002000702f9800e9
:10c4d000013798008a017800550037000c00e00011
:10c4e000050032003e299000ce29900012379800b6
:10c4f00023379800040037005e289000ee28900053
:10c5000010379800213798000700e0000300320040
:10c510003e2a9000ce2a9000020037005e2a90004a
:10c52000ee2a90007438b9000e29900000004100f6
:10c530000080e900000347001000200001002000f7
:10c540001e319000ae3190000202520083825a00e8
:10c55000673f98005c3f98000683e8000001be003a
:10c560000c0120000d0020008c0f50008d8f580012
:10c57000020034007e2990008e319000049eb900a4
:10c580003c3f98004d3f980002aeb9001c3f980018
:10c590002d3f98009e3e9000be3b900007864600cf
:10c5a0000411b800830146000206be00e00f5100ee
:10c5b000e08f590002003d006f064100e08649000f
:10c5c0004c6ddd004464de0008047500c4ecde0040
:10c5d0001e369000ae3690000801460089814e005c
:10c5e000cc1edd004415de000a8576000a0b7800bb
:10c5f00062004000e080480052012000030020005b
:10c60000820f5000838f5800d3ff3a00ee3b90001a
:10c610005e3e90008703e800e28f5300afff3a00d0
:10c620008c0178008301e800e28f5100080032009d
:10c630000003eb00800220000098b900800378001e
:10c64000072f98008603780003067800a3ff3700c1
:10c650002e2e90000005eb008a0578000b04780070
:10c660008a0645008d03780033003700fa0f550025
:10c6700009003c0061e92d0061407d000080fb0065
:10c68000850f5000040032001200200003002e002d
:10c69000828cbe00210037007428b900008046005b
:10c6a0000080e900000347000c0278006011b80028
:10c6b0000b00780019379800782f9800b4007800a4
:10c6c000c488de00d6805000018cb900183f980065
:10c6d000293f98000201440083814c000000e800db
:10c6e000ea0f5000f5ff3a009e3490007e2c900037
:10c6f000cc18dd004410de00008070007037980018
:10c70000449bde00063f98007e3190008e399000f9
:10c7100060001100e0801900808cbe008502e800f6
:10c72000e4844400e28f5200d0ff3a000804e8009d
:10c73000e20f54000900320088844300c34cdd003e
:10c74000239c2000838444008b0278008602200012
:10c7500006c0b90080067800c4ff37000a05e8006b
:10c760007406460007062000870f5500bbff3a00fd
:10c77000a52c21001000200001002e00808abe00a0
:10c78000e82c2100000ceb0038147800050278003a
:10c79000239c2000212d2100692d21000300780019
:10c7a000732f980011379800130037001a002000eb
:10c7b0000b002e000a89be001c0020000d002e0078
:10c7c000b10f1600a18f1e0001003d008c88be0035
:10c7d000e882420070004000680444009e369000e9
:10c7e000e88646001d379800e884440021fc2000bc
:10c7f000810f500038003200050378008003780074
:10c80000783798001e3190001506be0030054600ae
:10c81000a0854e001a3f98002b3f980040069000dc
:10c82000d006900038054600a8854e001e3e9000b8
:10c83000ae3e90008c0f55008d8f5d0001003d00d5
:10c840000c05be000a89be008900780067059000cb
:10c85000f70590001a3f98002b3f9800270590009d
:10c86000b705900036064500a6864d000c05be00b3
:10c870001e3e9000ae3e9000fe3190003303460015
:10c88000a3834e008a0f53008b8f5b0001003d0095
:10c890000a03be008688be001205be000a06be005e
:10c8a000860f5500878f5d0001003d000606be0023
:10c8b0000c1955000d915d009118160091901e0005
:10c8c0001600200007002e00b20f1300a28f1b00dd
:10c8d000b6ff3500b8ff3700fe299000682c210014
:10c8e0006000b800008cbe00222c21000089be0030
:10c8f00025fb2000a02b2100e92b2100332f9800dd
:10c90000502f9800170037001a0020000b002e004f
:10c910008a88be001c0020000d002e00b00f1600fb
:10c92000a08f1e0001003d000c88be00f082520066
:10c930006801510068045400de2e9000e88656001d
:10c940005d2f9800e884540020fc2000800f5100e7
:10c9500004003a00be299000a0fc20009e28900010
:10c960003b0037008503780072379800183798002d
:10c97000de28900025059000b5059000380645009a
:10c98000a8864d001c3f98002d3f98001505be005d
:10c9900032064500a2864d001e3d9000ae3d90003f
:10c9a0008a0f56008b8f5e0001003d000a06be0014
:10c9b0008c88be000900780067069000f70690009a
:10c9c0007c2f98000d37980047059000d705900000
:10c9d0001a3f98002b3f98000a06be00fe319000d7
:10c9e00033054600a3854e007e2e90008e369000c3
:10c9f0009e31900033034600a3834e008a0f5300fc
:10ca00008b8f5b0001003d000a03be000688be005c
:10ca10001105be000a06be00860f5500878f5d0017
:10ca200001003d000606be008c1855008d905d008b
:10ca30001018160010901e001600200007002e008f
:10ca4000b10f1300a18f1b00afff3500b1ff3700fe
:10ca50001404be0018379800293798002404900069
:10ca6000b404900003017800800278001005be0035
:10ca70000806450089864d001c3f98002d3f980010
:10ca80001e339000ae3390000605450087854d00ab
:10ca900033064500a3864d007c3798000d3f980073
:10caa0001e3b9000ae3b900043059000d3059000e4
:10cab0000606450087864d007e3390008e3b900031
:10cac000860f5600878f5e0001003d000606be00ff
:10cad0003c3798004d37980025059000b50590002b
:10cae0000806450089864d007c3798000d3f980068
:10caf00062039000f2039000762f980007379800a9
:10cb000022049000b2049000183f9800293f98003a
:10cb10001e369000ae3690000c0344008d834c000e
:10cb20000603450087834d007e3590008e3d9000c2
:10cb30007e2e90008e3690000a0446008b844e00b4
:10cb4000860f5400878f5c0001003d000604be0084
:10cb50003e339000ce3390008618540087905c00de
:10cb6000e480400068024200f0814100680040001b
:10cb7000a75c2100870f5200b5ff3a004f06be00a8
:10cb80004f05be004f04be000080fa000000060002
:10cb90000001eb008040eb000143780077c0b30058
:10cba000850220008180fb0001c24000c708de0032
:10cbb00086417800b0cf1000010032008741780034
:10cbc00084c069000201e800850f5100f5ff3a00ba
:10cbd0000140780000000600f4874700889fbe00ef
:10cbe0008a9fbe008c9fbe008e1f780080bf9f0072
:10cbf0000f0078000002b100020009000018eb00ed
:10cc00008fb897007a8157006680400008000900bd
:10cc100030597800f18657007b0020003eee2d0051
:10cc2000acee2d004d4578000a04e0000b00320008
:10cc300001fe2f008f8040000b8440008e0478009e
:10cc40000804e800d94078000a4078007cfc07001e
:10cc5000184c68008c8f5400f9ff3a008b05e900ee
:10cc6000e28f4500efff3a000fb9970000fe2f005a
:10cc70000080470005000900305978006200b100cb
:10cc80004f0778004f06be004f05be004f04be00a0
:10cc90004f01b100000006000f03b000889fbe00e6
:10cca0008a9fbe008c9fbe008e1f780080bf9f00b1
:10ccb0006beb2d003dfc2f008f8646000006eb003d
:10ccc0006f0740000c0037008a4078005cfc0700ca
:10ccd000494068000804e900e10f4400faff3a0007
:10cce000806e78000080fb000c067000c0eb2d0009
:10ccf000808f5500050032005b4578008e04780077
:10cd00000040eb00e8002000efff37000004eb00dc
:10cd10000c00e000fb0032008f0078006103b100de
:10cd2000020009008018eb008058eb000f0178002a
:10cd3000f202b100060009000059eb0010c0b30078
:10cd400090d79f00a0cf9f004fc5970041fc2f00b8
:10cd500081804700e1b79f00e0ef9f001d002000a9
:10cd60000807780002fd2f0002814700d2b79f001c
:10cd700088047800120037006fb0970050457800a3
:10cd8000e0b79f000900e0000d00340041fc2f00d7
:10cd90008f8040008e854000acfc2f000f064600bf
:10cda00018002000cb4078005c40780024fc07008d
:10cdb00000456d000804e800888f5400f9ff3d002d
:10cdc0000a04e00002003a008d06e8002b0037005c
:10cdd0005fa09700efa09700c0af9f00d1af9f006a
:10cde000ffa09700e1af9f000fd19700e2df9f0007
:10cdf000efe897000a40780022fc07000046780020
:10ce0000e68f56000e003c000d04e900a0fc2f0048
:10ce10000f004000080440000bfd2f008f854500e7
:10ce20000804e800db4078000c40780004fc0700b0
:10ce3000184c6800dfb09700810f5400f8ff3a00eb
:10ce4000098044008e0f50000b003c000e00e800eb
:10ce50008904500012fd2f000281470080fd2f0041
:10ce6000008047000600090030597800eaef9f0073
:10ce70001d002000010037008d06e8000e07e800c5
:10ce8000e60f5700bcff3a0009047800e30f540096
:10ce900093003c008006eb000d067800fe002000a9
:10cea0000800e800a1fc2f008f8040008080400037
:10ceb000f1b79f00abfc2f008f8545000805780077
:10cec0006f001600110009000e00d80062eb2d0063
:10ced000e2c478000a00e000090035007fb4970042
:10cee0000040eb0089407800d5fb0700484068000f
:10cef0008b0f5400fbff3a000004e00007003a00eb
:10cf0000e38f56007800320041fc2f008f804000f4
:10cf10000d8040001c6098008d06e8000c06e800bb
:10cf2000ef0f5600e6ff3a000a0478008d0f540018
:10cf30006f003a00e2fd2f0002814700f2b79f0028
:10cf40008005eb000047eb00080578001a00370069
:10cf5000dc4078004d407800b9fb070080c46c00cd
:10cf60000804e8008b0f540002003c00880f5500b5
:10cf7000f7ff3d007fb0970009687800f0b79f0089
:10cf80008b05e800e68f55000b003a000a04780094
:10cf9000fc805700f1b79f008006eb007b815700b3
:10cfa000d2b79f00f0fd2f0000804700c0b79f0060
:10cfb00088047800460037008e4478000b00e000bb
:10cfc000ecff35008e4478000a00e000e9ff3500f0
:10cfd0009cfc2f000f0646008b06e80041fc2f004a
:10cfe0008f8040008d8640008e4478000004eb0066
:10cff000d7ff37007fb1970052477800f2b79f0004
:10d000000e80fb006f001000f200200011000900ec
:10d010000200d80060eb2d00e0c578005fb49700f7
:10d0200000c0b3004fb697008b40780084fb070028
:10d03000484068008c0f5400fbff3a000045780020
:10d040000900e0002c0034008b85fb0041ed2d0031
:10d0500061c07d000080fb0000004000e0b79f0041
:10d060000006eb008045eb0018002000f2002000d5
:10d07000110009000206d80060eb2d00e0c0780026
:10d08000a2fc2f000f01410062407c006cfb0700f6
:10d0900080c56d000884e8006fb097000006460068
:10d0a000888f5400f1ff3d000b04e00014003200b3
:10d0b0000e84fb008fb89700088440008b407800f6
:10d0c0000a4078006ffb0700184c68008d06e800e6
:10d0d0008d8f5400c7ff3c00090478000900370019
:10d0e0000084eb00070037000084eb0005003700e8
:10d0f0000084eb00030037000084eb0001003700e0
:10d100000084eb00080078004f0778004f06be004f
:10d110004f05be004f04be000f03b1000000060023
:10d120008f03b000889fbe008a9fbe008c9fbe0008
:10d130008e1f78000005780081067800c1fb2f0063
:10d140008f8040000a0078006bfb0700c0fb2f00b7
:10d150000f004000d0fe0700000778000000eb0041
:10d160000e00e000530035008a007800c0fb2f005d
:10d170000f0040008afb0700710520008a804000f4
:10d18000800520000044eb00020620000844440013
:10d19000514474000000e800820f5000fbff3a0089
:10d1a000f80545000b00780079fe0700884f500015
:10d1b0000d003200f90320008a84440019467800eb
:10d1c0000c4078000004a200804c78000b0078002e
:10d1d0006ffe0700884f5000060032008c4c78002c
:10d1e0000000eb00330037000000eb0080bf9f0021
:10d1f000020037001000200080bf9f0010002000b8
:10d200000d00e0002b0032007a054500a9fc2f003c
:10d210008f844400890578000004eb005c02200044
:10d22000080078002afb0700da6d68000804e800af
:10d230008c0f5400faff3a00788257006000b80063
:10d2400000004000818048005981fb008001eb0014
:10d250000200700083807000848f5400f8ff3a0051
:10d26000808ebe002fe89700004040009fe89700a6
:10d2700001407000c04698003fe89700d0469800f3
:10d280004fe89700e04698005fe89700f046980066
:10d290007fe8970000404000efe8970001407000f1
:10d2a000804e98009e4e98000ff09700b04e980068
:10d2b000100020004f0778004f06be004f05be004b
:10d2c0004f04be008f03b100000006003400fa00d6
:10d2d000889fbe008a9fbe008c1f780004067800dd
:10d2e00019fc2f008f84440089027800d4012000ab
:10d2f0007004120004003b000804ea00080bde0082
:10d300008003eb0004003700080cdd000403de009e
:10d3100006037400840bde00e16a63000402e90086
:10d32000e10f4200f2ff3a006140610080e79f0098
:10d330000200d1006100600090e79f00ff8057006d
:10d340000000eb008381fb000099de00e1686100d2
:10d350000000e800e50f5000fbff3a0050e92d0007
:10d360008c00780002eb2d00d0587800820f50001e
:10d37000fdff3a007a0546000004eb005b02200046
:10d3800008007800d2fa0700596d68000804e80028
:10d390008b0f5400faff3a00f98057000c00780018
:10d3a000d5fa0700798057000bfe07008c00780043
:10d3b00079805700fafa070078004600f4fd07006c
:10d3c0007c05b000710020000081fb000190de00b0
:10d3d000616e60008100e900e18f4000fbff3a00d0
:10d3e0004f0678004f05be004f04be000080fa00d3
:10d3f000000006002f16b000889fbe008a9fbe0066
:10d400008c9fbe008e1f7800f0af9f00e1af9f00a1
:10d41000ee014000eee82f000f07470050e92d0015
:10d42000e0b79f00a1ef2f008180470081bf9f00e0
:10d43000800278000e0278006055b8006044b800a1
:10d440006066b8006000b8000e017800c2b79f00a7
:10d450001301900013037800cfb3de004f97de0076
:10d460000603410087034f00230190004f97de0021
:10d470000603410087034f0006aabe005504e000e2
:10d48000050032000000430081804b00610444002d
:10d49000e0844c00040037000c0643008d864b00ee
:10d4a00061054500e0854d00f48141000fb997000a
:10d4b000820f5200e6ff3a004fb797000801be0006
:10d4c00082ce07000004be000a01be000c00be00b0
:10d4d0007ece07000005540081855c0022002000fc
:10d4e00033552100830f5500e08f5d007601340035
:10d4f0006066b8000003be00c8b79f00d9b79f00a0
:10d50000a0b79f00b1b79f008ab79f009bb79f004d
:10d510006fb197000805be005e04be005204e00033
:10d52000020032000a02be00010037000602be00ff
:10d530000402540085825c00cc29dd004420de001a
:10d5400000807100c4a8de00008ab9008401420096
:10d550000002b800858241000c0642008d864a0018
:10d560000fba9700840f5700ebff3a004fb49700b3
:10d57000dfb497002fb09700bfb097000fb59700aa
:10d580009fb597000001440081814c004f1ade00d6
:10d5900002014200e08149008383d1000283d3006d
:10d5a000c6b79f00d7b79f00e4ec2f000f024200e0
:10d5b00062ea2d008003eb00e7b79f00c7af9f0032
:10d5c0000e01200015c0b30087017800a8b79f00a6
:10d5d000b9b79f0080b79f0091b79f008300780084
:10d5e0004fb49700dfb49700054078005403be00a5
:10d5f000880f5300898f5b0001003c000040eb0066
:10d60000f70f570006003c00124068000080fb0046
:10d610000000ea004f00de00808141000500370075
:10d62000124068000080fb000000ea004f00de00ae
:10d63000808040000e07e8000201e800fb0f570061
:10d64000e9ff3a00c1af9f00e3b79f002fb49700f6
:10d65000bfb497000fb097009fb097001200200052
:10d66000e28f510018013c00cfab9700828f53002e
:10d6700015013c00320020000300200013ce0700fb
:10d68000c0b79f00d1b79f003200200003002000e8
:10d690000800be000dce07000004be00218420005b
:10d6a0004fb29700dfb297000801be007fa8970035
:10d6b00079fb0700e1832000d0ef2f000f0040002e
:10d6c000e39b200016c0b3008043eb000000e8009d
:10d6d000064178005102be00e00f5200e08f5a0070
:10d6e00001003c000741780002487800838f500019
:10d6f000f6ff3a00efa997000f0009008019eb0030
:10d700000302b10032002000030020000a00be0026
:10d71000eecd07006faa9700400a9800b2012000e2
:10d72000030020000c00be00e8cd070029ce070052
:10d730000200200003f82300bece070058cd0700ea
:10d740000006be000a00be0022ce07000200200034
:10d7500003f023007bd007000200200003d8230041
:10d7600078d007000c01be0097cf0700f2262100f9
:10d7700033a82300afce07007ecc070002002000b4
:10d78000031a24006fd00700e1cd0700efaa97002d
:10d79000d00a98006b8242008081eb000043eb00ce
:10d7a0008002eb00f7052000090037000040400030
:10d7b000524070008100e800e88f5000fbff3a0003
:10d7c000006a7800e8814100878f5100060032002e
:10d7d000e0ef2f000f0040000301400006407800fa
:10d7e00085007800f1ff3700e1f52f0081804700c8
:10d7f000e2ef2f00028147002f000900b2187800e5
:10d80000efa89700e0f52f000f00400044fe07004e
:10d810000000e0000c0032004fb29700dfb297002a
:10d820000801be00e1f52f008f8040007fa897001f
:10d8300004fa0700efa99700e0099800f1099800a1
:10d840000001eb00a0003700320020006fb297000b
:10d85000e10f52009c003c000041eb00e27f9f0082
:10d86000f0ff2f00f1ff2700a0a79f00b1a79f00a6
:10d87000f27f9f00c0a79f00d1a79f0082c79f0093
:10d88000e0a79f00f1a79f0092c79f0080af9f0075
:10d8900091af9f00a2c79f00a0af9f00b1af9f00b4
:10d8a000a48a20001b002000e5fb2f008f8242008d
:10d8b000e48642000503780065034300e6b79f0055
:10d8c00047fc2f008f834300708543007480430022
:10d8d0000c062000a8b79f00b9b79f00800478000d
:10d8e0005401be00e00f5100e08f590002003d00de
:10d8f00060011100e08119002fa09700bfa09700e0
:10d90000800f5100818f59000c003d000000eb009a
:10d910000d047800efb29700c5af9f008abf9f004b
:10d92000890278004100200082b79f0093b79f00d2
:10d93000cfab97000a0378000a00370041fc2f00a4
:10d940008f8040000b007800e4804000b10f510050
:10d95000a18f590014003d00e30f5000ecff34008c
:10d9600008003700c86378004601be0082a2be00ee
:10d970008100e900808f5000faff3c000fb1970052
:10d980009fb1970025e92f008f82420080804200de
:10d99000ce689a004200dd00008042001218990013
:10d9a00023189900030037000000e800e50f50003d
:10d9b000e5ff3a000e07e8008c0f5700c8ff3a0059
:10d9c0002fb49700bfb497001b002000ecfb2f0082
:10d9d0000f064600e8b79f00f9b79f006fad9700ac
:10d9e0003600370008007800a2fa07008b0f5000bd
:10d9f0002b003a00e1f52f0081804700e2ef2f0075
:10da0000028147002f000900b21878000000eb00e7
:10da10008040de000108a30008003200ec407800de
:10da20008180fb0023e92f008f814100818041002c
:10da300041c991000204a200c2c899000000e80098
:10da4000e50f5000f2ff3a008a007800e0f52f0061
:10da50000f004000b2fd07000000e000100032009f
:10da60006fb49700ffb497006faa97002b4a9800f5
:10da70004fb29700dfb297000801be00e1f52f001a
:10da80008f8040007fa897006ef90700efaa9700eb
:10da9000e00a9800f10a98000001eb000a00370044
:10daa0000804e80000022000800f5400cdff3a0077
:10dab0008b05e800e68f55000200320018002000b8
:10dac000c8ff370032002000020078004f077800be
:10dad0004f06be004f05be004f04be002f16b1001a
:10dae000000006004f22b000889fbe008a9fbe0043
:10daf0008c9fbe008e1f7800bbef2d008084eb0052
:10db00006011b8000003eb000cff2f001e00200086
:10db1000080120003d1020000202be000500370071
:10db20000c0378000704e000010032000003eb0062
:10db3000ea844400db4378000c0178000704e0002d
:10db4000010032000001eb008981440000dd2f005c
:10db50000f004000830140000e00780006015100d4
:10db60008bbf9f0080007800f00f50000100340050
:10db700088007800028db900eab79f00fbb79f00cc
:10db80008a0078000100e00001003d00ef804000c5
:10db9000c488de008680400081297800cf8dde00b9
:10dba0000482400085824d000080e800f50f50009f
:10dbb000ecff3a008fbd97008d8f5400d8ff3a00dc
:10dbc0000401be00e4dc2f000f024200e0a62300a7
:10dbd000768657006044b8006055b800e510200014
:10dbe000d4007800058bb90082005300012878002a
:10dbf000018bb900cfb8de000804430089844b00d4
:10dc00000a8548008b8548008c0f5200f4ff3a00cb
:10dc10000800be000a01be00decc0700d04188002b
:10dc2000e14188004f0778004f06be004f05be0057
:10dc30004f04be00ef1fb1006f02b10000000600ec
:10dc40000800fa00889fbe008a9fbe008c9fbe001d
:10dc500080007800e0a62300abc823006066b8000f
:10dc6000f83f200009002000080578000202650046
:10dc70007d0342000603430061037b0044b3de00e2
:10dc8000d003780006bbb9000c0643008d864b001c
:10dc900061014100e08149008b0f5000f3ff3a0021
:10dca0000001eb00e00f5600e08f5e003e00340004
:10dcb00020842000008040001001be000202be004f
:10dcc0004fabde0086037800e4b79f00f5b79f00f6
:10dcd00086bf9f0097bf9f00608420008080400027
:10dce0001102be006033b8000400be000601be0091
:10dcf000e4102000050020006033b8009bd107002d
:10dd00000205be000004be006fb29700ffb297008c
:10dd10000fbb97009fbb97000400be000601be002a
:10dd200092d107000002540081825c0002035d0072
:10dd300083835d000001eb004240a9001a0034001b
:10dd40000400be000601be0092cc0700d241800054
:10dd5000e3418000fbce070002002000733824005e
:10dd600019ce0700cecb07000004be000c00be0099
:10dd700098cc07000801be0013ce07000200200067
:10dd800003482400efce070061cc070005402000c7
:10dd9000850f5000e08f580002003c000001780021
:10dda0000100370002402000020078004f06be004c
:10ddb0004f05be004f04be000080fa0000000600c0
:10ddc000f2874700889fbe008a9fbe008c9fbe00de
:10ddd0008e1f780000047800a0832000000044001b
:10dde0003002be002003be00d4b79f00e5b79f00fd
:10ddf000f6b79f0087bf9f00d010200001002000d1
:10de00006011b8000020e10001a8e10002b0e100cb
:10de100003b8e100ca003600d410b1000580b1009b
:10de20000680b1000780b10094b79f00a5b79f009e
:10de3000b6b79f00c7b79f000401be000800780076
:10de40007fff070080047800a084200068407800ed
:10de50000004e00003003200e14f500046003a00a9
:10de60001900370070162000808f5400b200340073
:10de700010c0b300a184200000f47800c184200009
:10de8000810044008008eb000185200009b478007f
:10de9000e284200021852000e2307c0061852000a2
:10dea000810044001fb29700afb297003fb39700c4
:10deb000cfb397008498be008690be00e185200015
:10dec00000f478009c003700e0852000684078006e
:10ded0000004e0000500320040852000093478008d
:10dee000e0852000000044000048eb000085200091
:10def00000004400908f540010003400e1842000a2
:10df00002085200061307c000085200009347800e5
:10df100060852000000044001fb29700afb2970058
:10df20003fb39700cfb397000498be000690be00a1
:10df300011c0b300e085200001747800c184200086
:10df4000810044001100e80080087800d110200012
:10df5000810f500078003600e0852000684078008e
:10df60000004e00074003a0021c0b300a084200047
:10df700001747800700037006085200000004400c4
:10df80003002be002003be0094b79f00a5b79f00db
:10df9000b6b79f00c7b79f000400be000601be00d1
:10dfa000703cb0000180b0000280b0000380b0007f
:10dfb0005fb29700efb297007fb397008fbb9700d7
:10dfc0000020e10001a8e10002b0e10003b8e10097
:10dfd00059003900f0852000684078000004e00016
:10dfe0004f003a001fb39700afb397006805530086
:10dff000e0855b0020852000e80278000085200095
:10e00000680778004085200068027800e2ff2f0052
:10e0100002f1b9004fa8de000281420083014800ee
:10e02000cfa0de00020142008381480002014100ce
:10e03000838149006000b800e00f5100e08f590073
:10e0400007003d0004825200cfa2de004f28dd0011
:10e05000c120de00810070004f20dd009bcb070057
:10e0600002002400820f5000e08f580002003400ac
:10e0700000002400010020000002be00d0b79f0075
:10e08000e1b79f0000002c00f1ff2f00800f52002d
:10e09000818f5a0002003d00d0b79f00e1b79f007a
:10e0a000c186200081004400c60021000603440010
:10e0b000f43f200005002000840178000a866100fa
:10e0c0007d00460000004000e8287800610545001a
:10e0d000e0854d00868f5000f8ff3a002086200032
:10e0e000000044001fb29700afb297003fb3970003
:10e0f000cfb397000498be000690be00a086200013
:10e10000dfb2970005347800c08620000e34780016
:10e1100011c0b300f08520000174780003003700bf
:10e1200000862000000044001048e800a084200081
:10e13000000044000048eb00e0842000093478002f
:10e140004f0778004f06be004f05be004f04be00cb
:10e150002f01b100000006000400fa00889fbe00f5
:10e160008a9fbe008c9fbe000005be000204be0058
:10e170000206be00e00f5100e08f590002003d0092
:10e1800060061100e08619000a00be00e00f55008d
:10e19000e08f5d0002003d0060001500e0801d0082
:10e1a00080bf9f0091bf9f000c01be00800f5600f2
:10e1b000818f5e00010031000001be000000eb0015
:10e1c000e00f5100e08f5900490032000c02be0000
:10e1d0000fb897009fb89700800f5600818f5e00a0
:10e1e000010036000002be00f1ff2700810f510040
:10e1f000e08f590009003600f0ff270001002000e1
:10e200008301d1000281d3008502d1000482d300b2
:10e21000800f5100818f5900f9ff3e004f28dd002b
:10e22000c120de00810070004f20dd00e5cb07003b
:10e23000024e2f00028ab900000252000201b8000b
:10e240008301420004002000055920000202420020
:10e2500083824a00412bdd004f21de000201730062
:10e26000cfa9de00040022000500200002014200c8
:10e2700083814a00009bb900028ab900060242006d
:10e280000010b800810042004109dd004f02de00ad
:10e2900004027100cf8ade000fb897009fb8970084
:10e2a000800f5600818f5e000400310000002400c2
:10e2b000010020000402500085825800e00f540045
:10e2c000e08f5c0004003d000000280001002000f9
:10e2d0000402500085825800e00f5500e08f5d0079
:10e2e00002003d0060021200e0821a000400780083
:10e2f0004f06be004f05be004f04be000080fa006e
:10e30000000006003400fa00889fbe008a9fbe000d
:10e310008c1f7800000678000403be00ec02900019
:10e320000500e00007013a00461add00ca10de00d1
:10e3300081007200f1b79f00ca9ade0085bf9f007e
:10e34000463ddd00ca34de0089047500d9b79f0060
:10e35000cabdde00ebb79f007fb097008fb8970073
:10e360004f89de0082017800d0af9f00e1af9f00af
:10e37000f2af9f0083b79f000c1490009c14900094
:10e380004fcdde008a0578005fb29700efb29700ac
:10e390004fabde008603780094af9f00a5af9f00cf
:10e3a000b6af9f00c7af9f002c109000bc1090002c
:10e3b0000002be004fabde0086037800d4a79f00aa
:10e3c000e5a79f00f6a79f0087af9f000802be0049
:10e3d0000a03be005fa89700efa897007fa99700e7
:10e3e0008fb19700e1cf07000203be000002be001c
:10e3f0000c0890009c0890002c099000bc0990002b
:10e400000000420081804a0002014b0083814b00e2
:10e4100090a79f00a1a79f00b2a79f00c3a79f003e
:10e420005fa29700efa297007fa397008fab9700a2
:10e430001fa89700afa897003fa99700cfa9970002
:10e44000cacf07001fa29700afa297003fa3970073
:10e45000cfa397000002420081824a0002034b00d2
:10e4600083834b0094b79f00a5b79f00b6b79f006a
:10e47000c7b79f00040e9800150e9800260e98004e
:10e48000370e98000802be000a03be001fa89700be
:10e49000afa897003fa99700cfa99700b3cf070077
:10e4a0000205be000004be005fa29700efa2970025
:10e4b0007fa397008fab97005fa89700efa8970006
:10e4c0007fa997008fb19700a8cf070000005400e4
:10e4d00081805c0002015d0083815d004c0a900038
:10e4e000dc0a90006c0b9000fc0b900004024000d2
:10e4f000858248000603490087834900440e98003e
:10e50000550e9800660e9800770e98007fb497001d
:10e510008fbc970008169800191698005fb59700f1
:10e52000efb597002a1698003b1698007c009000e3
:10e530000000e80070069800311f2000810f500095
:10e5400012003e00270137008381d1000281d300f1
:10e550008180d3000080d3007fb297008fba9700ec
:10e560001fbb9700afbb97008783d1000683d30002
:10e570008582d3000482d300f4b79f0085bf9f003b
:10e5800096bf9f00a7bf9f00080037001fb09700ed
:10e59000afb097003fb19700cfb19700f4b79f009d
:10e5a00085bf9f0096bf9f00a7bf9f00f8ff2f0069
:10e5b000f9ff23006055b800080240008982480036
:10e5c0000a0349008b834900e8ff2f00f9ff270069
:10e5d0006055b8000820e10009a8e1000ab0e10098
:10e5e0000bb8e100d8ff3e007fb297008fba9700ca
:10e5f0001fbb9700afbb9700f8ff2f00f9ff230068
:10e600006055b8000820e10009a8e1000ab0e10067
:10e610000bb8e100ccff3c001800200009002c00e2
:10e62000faff2f00fbff2f000820e10009a8e100fe
:10e630000ab0e1000bb8e100c3ff350090b79f00be
:10e64000a1b79f00b2b79f00c3b79f007fb29700ea
:10e650008fba97001fbb9700afbb97001fb1970001
:10e66000afb197000400be00bbfe0700c1cc200084
:10e670000180b9002c029000bc0290000002420010
:10e6800081824a0024069800350698004c019000cb
:10e69000dc019000d64d22006710200002034300e9
:10e6a00083834b00860f5200878f5a00020034008c
:10e6b000260698003706980034b22d0095ef2f00fb
:10e6c0000201420083814a002c029000bc029000ab
:10e6d000820f5200838f5a0002003d0022069800ec
:10e6e000330698006022b8006033b800440e9800ea
:10e6f000550e9800660e9800770e9800040e98004c
:10e70000150e9800260e9800370e98000001eb00b9
:10e7100072069800f2ff2f00030020000000410065
:10e7200081804900e2ff2f0013002000820f50007b
:10e73000838f5800ab003e00100020006006980058
:10e74000a80037004c1090004f01de00000141008e
:10e750000281d100810f510002003d006108b90023
:10e760001a0037006101b9006108b90002005000c9
:10e7700083805800e38f520014003a00480bdd00fc
:10e780004802de0004027300c88ade000401410072
:10e790008581490054332f00f5ff2f00840f51006d
:10e7a000858f59000200350042332f00f3ff2f0000
:10e7b00064552d00f5ff2f00840f5100858f5900ff
:10e7c00001003d000401be00421698006c0290005a
:10e7d00084024200c2ee2d0062817a006114b90009
:10e7e000028bb90000ccb900060344000201b80056
:10e7f000830143001c0e41005c96490042ef2d004e
:10e8000062817a006114b900028bb90000ccb900b2
:10e81000860244000201b80083814200461cdd00ec
:10e820004a13de0006037400ca9bde002c01900030
:10e83000bc0190000603410087834900260698002a
:10e84000370698004c019000dc019000d84d220062
:10e85000691020000204440083844c00880f530098
:10e86000898f5b0002003400280698003906980062
:10e8700036b22d0097ef2f000201430083814b0039
:10e880002c039000bc039000820f5300838f5b0029
:10e8900002003d0022069800330698007c0190009b
:10e8a0000201e80072069800e10f520008003a00e9
:10e8b000b35d2000830f51000500360022002000c8
:10e8c000620698000001eb0072069800090037000c
:10e8d000e20f520007003a00b35d2000830f5100a1
:10e8e0000400360032002000620698000001eb00b0
:10e8f000720698005c129000ec1290000001be00bd
:10e90000e00f5000e08f580002003d006001100051
:10e91000e08118004418dd00cc10de00810070009a
:10e920004410dd000401500085815800c71cdd0043
:10e930004910de0000807400c998de00000042002b
:10e9400081804a0050169800611698006c01900072
:10e95000e30f510023003a004c0ddd004401de00be
:10e9600002017500c489de007b1c21008b0f510061
:10e97000e08f5900190034007c1090000000e8007e
:10e980007016980081382100810f50001500360064
:10e990000000eb0060069800700698006022b80046
:10e9a0006033b800440e9800550e9800660e98002b
:10e9b000770e9800040e9800150e9800260e980009
:10e9c000370e9800701698004c009000dc00900004
:10e9d0002006980031069800020037000000eb0086
:10e9e000701698004f0678004f05be004f04be0019
:10e9f0000080fa0000000600fe874700889fbe00e6
:10ea00008a9fbe008c9fbe008e1f7800f0af9f00d3
:10ea10001001be00d2af9f00e3af9f00201f900007
:10ea2000b01e9000401a900084b79f0080037800c9
:10ea300027039000b703900096b79f00a7b79f00e9
:10ea4000010678000202be008001eb006055b800ac
:10ea50006044b800c1f62c00d8b79f00e9b79f000a
:10ea6000bab79f00cbb79f003c007800462dde0070
:10ea70000b0020000a0178000a1020000205450062
:10ea8000f93f2000090565000a05450061057d0084
:10ea90000a85b900485cdd004853de0006037400b7
:10eaa000c8dbde005fb59700efb597000a054300ad
:10eab0008b854b00dab79f00ebb79f000201410046
:10eac000610579000a85b9004859dd004854de0027
:10ead00008047100c8dcde003fb59700cfb5970091
:10eae0000805550089855d00bab79f00cbb79f0028
:10eaf0001fb59700afb597000402450085824d0011
:10eb0000808f560001003d0080067800800f57007e
:10eb100001003400000778008beb27000b00400059
:10eb200002d72f00820f5000030036000fb5970068
:10eb30000a05e8008ab79f008301e800f48f5100be
:10eb4000c9ff3a005fb49700efb497003fb5970054
:10eb5000cfb597001fb19700afb197005faa97009c
:10eb6000efaa97000200420083804a00afb29700ec
:10eb70007329b9001fb397007332b80085024100b2
:10eb8000ffab9700841b400085934800ae1b9800a4
:10eb9000bd1b98000fb09700c01b98000801be0075
:10eba0000a00be006cfd0700000678000801be00e8
:10ebb000e00f5400e08f5c0002003d006001140093
:10ebc000e0811c000a00be00e00f5500e08f5d00f0
:10ebd00002003d0060001500e0801d00800f510024
:10ebe000818f59000a003400630ab9006300b8003d
:10ebf000810042004d0bdd004302de000402730081
:10ec0000c38ade0004014100858149000900370004
:10ec1000631ab9006311b80083014200cd1bdd0007
:10ec20004312de0004827300c39ade000401400038
:10ec3000858148007fa89700001a9000901a9000e4
:10ec400004015100858159004a1bdd004610de0099
:10ec500000007300c698de000000420081804a0078
:10ec6000ffab9700801b9800911b98000a02be0022
:10ec70000801be008c00780007007800a1fd0700a5
:10ec8000a08320007fac9700000044003002be004b
:10ec90002003be0061024200e0824a0060034b0094
:10eca000e0834b000498be000690be00f23f2000b7
:10ecb00003002000040061007d01400002014100ca
:10ecc0000c34790044e6de00228420000201440076
:10ecd0001205be00cfe1de000a0546008b85490023
:10ece000dab79f00ebb79f000a89be000ce6b900b7
:10ecf000628420000201440032044600a2844e00d7
:10ed00000806be000889be00d810200009002000b7
:10ed10006055b8000820e10009a8e1000ab0e10050
:10ed20000bb8e10015003600f43f2000050020007c
:10ed3000e010b100040160007d01410002014100ca
:10ed4000ffac9700690079004480de002184200038
:10ed5000818044006101b9005fb59700efb597006d
:10ed60008218550083905d006184200081804400fa
:10ed70000081b9008218560083905e007fa897003a
:10ed80000ffc07004f0778004f06be004f05be007e
:10ed90004f04be00ef01b10000000600f1ff2700a4
:10eda0002118980011002800311898008000eb000d
:10edb0004118980000000600881f780000047800c1
:10edc000e000210006080900001ceb0000045400cc
:10edd00044fb070090992900919921004004980074
:10ede000510498002004980031049800f0932e00fc
:10edf000401498000000eb006004980008007800c0
:10ee0000e6ff07004f04780000000600b000900005
:10ee1000200090004f89de00820178000424240045
:10ee2000f50020006033b80050cd07000200be009e
:10ee3000000006001000fa00889fbe008a9fbe00f6
:10ee40000205be000004be00c4b79f00d5b79f00f6
:10ee5000e6b79f00f7b79f000800be000a01be009a
:10ee6000e4cc070080bf9f0091bf9f00a2bf9f001e
:10ee7000b3bf9f004fb29700dfb297006fb3970008
:10ee8000ffb397000800be000a01be0009cd0700cd
:10ee9000e00f5000e08f5800e00f5900e08f59005c
:10eea00011003200e00f5400e08f5c00e00f5d00c5
:10eeb000e08f5d000c003d000fb897009fb89700f1
:10eec0002fb99700bfb9970061005000e08058004b
:10eed00060015900e081590080bf9f0091bf9f00f1
:10eee000a2bf9f00b3bf9f000fb897009fb89700c5
:10eef0002fb99700bfb997004f05be004f04be0061
:10ef00000080fa00000006002f02b000889fbe00bb
:10ef10008a9fbe008c9fbe008e1f780080067800fe
:10ef20000d4791000e87fb008e00e9000000eb000a
:10ef3000e10f5700840034006c08b900808046005f
:10ef4000411a9000d11a9000611b9000f11b9000b3
:10ef500094af9f00a5af9f00b6af9f00c7af9f00c3
:10ef60000004b000008046001004be006055b800e8
:10ef7000d8af9f00e9af9f00faaf9f008bb79f000b
:10ef80000046eb000c407800c2c0b3000440bc0057
:10ef900002804600401a9000d01a9000601b90003a
:10efa000f01b90000204b000028146001204be0073
:10efb0006055b8000800be000a01be005fac9700b3
:10efc000efac97007fad97008fb59700000054001d
:10efd00081805c0002015d0083815d004240a900e8
:10efe000510034001fac9700afac97003fad9700c5
:10eff000cfad97000404540085845c0006055d00d5
:10f0000087855d0098b79f00a9b79f00bab79f009a
:10f01000cbb79f00e00f5400e08f5c00e00f5d0075
:10f02000e08f5d00400034007d0290008d0a90006a
:10f030001d0b9000ad0b9000cccc0700040020000d
:10f04000150020006033b8007aff07000205be00fb
:10f050000004be0084382100050020006033b800a1
:10f060001fb09700afb097003fb19700cfb19700a6
:10f0700060cc070004502300c50020006033b800b6
:10f080000402400085824800060349008783490046
:10f09000d4b79f00e5b79f00f6b79f0087bf9f00da
:10f0a0001fb29700afb297003fb39700cfb397005e
:10f0b0000800520089805a000a015b008b815b00c6
:10f0c0005fb29700efb297007fb397008fbb9700b6
:10f0d0000020e10001a8e10002b0e10003b8e10076
:10f0e000110035001fb29700afb297003fb39700f1
:10f0f000cfb397000400540085805c0006015d00da
:10f1000087815d005fb49700efb497007fb59700eb
:10f110008fbd97000040e10001c8e10002d0e1008e
:10f1200003d8e10007003d000c46e8000c80fb001e
:10f130000000e8008e0f500092ff35000000eb0049
:10f1400001003700100020004f0778004f06be0076
:10f150004f05be004f04be002f02b10000000600a4
:10f1600011c0b300014878001400980025009800f1
:10f1700036009800470098005200980063009800fd
:10f1800034089800450898005608980067089800c9
:10f190007408980005109800161098002710980021
:10f1a0003210980043109800617098008040eb0086
:10f1b0007170980001409900000006001400fa00e8
:10f1c000889fbe008a9fbe008c1f780000067800d2
:10f1d00094b79f00a5b79f00b6b79f00c7b79f0021
:10f1e0000204be000c4091000004e0005300320015
:10f1f000810320008c8040000040e900c2c0b300c1
:10f200000440bc00820146004304b0000040eb0013
:10f2100098bf9f00a9bf9f001fb29700afb2970091
:10f220003fb39700cfb3970031045200b1845a0026
:10f2300031055b0091855b006100b100d8b79f008c
:10f24000e9b79f00fab79f008bbf9f00f4ff2d0026
:10f2500055d02200b6002000070020000440e10045
:10f2600005c8e10006d0e10007d8e1000e003c002f
:10f27000c2c0b3000440bc00820546008b03b0004e
:10f28000010178003203be00868dbe004b00b00045
:10f29000b21d7800b21578001204be00a8059800cf
:10f2a000b90598000040e800ec804000838f5000d2
:10f2b000d9ff3a001fbc9700afbc970000469900e9
:10f2c000e64f500008003a00800320000c00400088
:10f2d000ec004000c2032000a6cc07000c409100c7
:10f2e0000040e900004699000c409100c2c0b30004
:10f2f0000440bc00020146001fb29700afb2970065
:10f300003fb39700cfb39700441998005519980060
:10f31000661998007719980008219800192198001b
:10f320000040e800004699004f0678004f05be00f7
:10f330004f04be000080fa00000006000040eb0011
:10f3400000469900e8ff37004c0009000018eb0068
:10f35000a009b1000400200005a0250026262000f9
:10f36000070020007400980005089800160898000f
:10f370002708980000000600881f78000004780025
:10f380000202be0058009000e80090006011b80032
:10f390000000520081805a0060011900e0811900cc
:10f3a00078029000880a9000180b9000a80b90003b
:10f3b000eecb070004002000150020006033b800e9
:10f3c0009cfe070018029000a802900038039000ed
:10f3d000c8039000040240008582480006034900eb
:10f3e000878349000400be000601be004f04780078
:10f3f00000000600f2874700889fbe008a9fbe007b
:10f400008c9fbe008e1f78000006780094b79f0086
:10f41000a5b79f00b6b79f00c7b79f000107780048
:10f42000820678008002eb001c04e00050003200ed
:10f430007c0490008c0c90001c0d9000ac0d900092
:10f440001c009000ac0090003c019000cc019000aa
:10f450001fb29700afb297003fb39700cfb39700aa
:10f460000002520081825a0002035b0083835b002a
:10f47000d4b79f00e5b79f00f6b79f0087bf9f00f6
:10f480008603780005037800840278000002eb0010
:10f4900094b79f00a5b79f00b6b79f00c7b79f005e
:10f4a0000802be000a03be001fb09700afb097006d
:10f4b0003fb19700cfb197005efe07000e00e0005d
:10f4c000040032005c029000ec029000001f420039
:10f4d00001974a00150020000d00e00024003200d2
:10f4e0000802be000a03be00a0cb07001fb29700af
:10f4f000afb297003fb39700cfb397000000520020
:10f5000081805a0002015b0083815b0007003b00a1
:10f51000f4ff2f00050020006033b8000400400015
:10f520008580480006014900878149000100780074
:10f53000820078006119b90004242400f50020003d
:10f540006033b80089cb07007c0290008c0a9000e1
:10f550001c0b9000ac0b900005027800860278002e
:10f56000613bb90023cb0700808ebe001500200050
:10f57000050078004f0778004f06be004f05be001b
:10f580004f04be002f01b10000000600889fbe009e
:10f590008a9fbe008000eb001004e00013003200e0
:10f5a000300c9000c00c9000500d9000e00d9000c9
:10f5b0000804520089845a000a055b008b855b00b1
:10f5c00011002000f4ff2f00659a2a004632200027
:10f5d000070020000440e10005c8e10006d0e1007a
:10f5e00007d8e100010034008000eb000100780042
:10f5f0004f05be004f04be0000000600889fbe00fd
:10f600008a9fbe00843e2000050020006033b800c1
:10f610008008900010099000a009900070009000f0
:10f6200052cb070008002000090027000afd2a002d
:10f630006bff2f0008044000898448000a05490038
:10f640008b85490004002000850220006033b8004b
:10f650000800be000a01be00e6ca07004f05be0052
:10f660004f04be0000000600889fbe008a9fbe00b7
:10f670008c9fbe0001457800024678006104b80006
:10f680001200200003002000e24f55000100360068
:10f690006011b8000204540083845c000219200049
:10f6a000030020000800be0008c607000001be00dd
:10f6b00000e72f00009ab900020252000010b800c3
:10f6c000810042000000440081804c008a85fb00dc
:10f6d00099002000e24f550001003600d9ff2f00ad
:10f6e0000c86fb008006eb003459200055ff2f00ec
:10f6f0000c0642008d864a0015ab2300059bb9001d
:10f700000202d000060242000511b8008301420047
:10f710000c0141008d814900d4162000048bb900f2
:10f720000402b800850243000201420083814a00be
:10f730000003be00e00f5000e08f580002003d00c3
:10f7400063034000e08348004e3cdd004232de00af
:10f7500004027400c2bade000206420083864a0038
:10f760004206200003002000d8c50700000656000e
:10f7700081865e008b8444009009200000c8b90097
:10f7800062004000e080480052002000030020009a
:10f79000cec507000c0640008d86480000182500e5
:10f7a00000e9b900820046000066b8008d8640007e
:10f7b00000c82b0021792c000c0040008d804800ef
:10f7c0004f06be004f05be004f04be0000000600fd
:10f7d000ea874700889fbe008a9fbe008c9fbe00bc
:10f7e0008e1f78000004be00020778000218250072
:10f7f0001300200073c6070092532200b3002000bc
:10f8000000064100818649000218250013002000ef
:10f810000800be007bc607000004be0012ab230038
:10f82000230020000c00be00a8c50700f0b79f0011
:10f8300081bf9f00fa542c000fba97000aa1b900ab
:10f84000d0ff2f007fb3970000b0b9000200400046
:10f85000860078000a0db8008b0540000a054600b6
:10f860008b854e00c2ea2800030020000a00be007b
:10f8700096c507000006450081864d00425b2000ca
:10f88000030020000a00be0090c5070000065600d5
:10f8900081865e0002ab2300230020000a00be0028
:10f8a0008ac507000000560081805e00d216200045
:10f8b0000300200085c507000006be0042062000a8
:10f8c0000300200081c5070032e92f0002eab900d9
:10f8d0000c0252000261b8008301420000014100a5
:10f8e000818149000201450083814d000c02be0068
:10f8f000e00f5600e08f5e0002003d00630246000c
:10f90000e0824e004e2bdd004220de00000073003e
:10f91000c2a8de0000055100818559006559b90073
:10f920006550b8008100410062004000e08048005e
:10f93000920920000300200064c50700e90f500071
:10f94000e08f580005003c0063014000e081480062
:10f95000d2b79f00e3b79f00040037006901500051
:10f96000e0815800d2b79f00e3b79f000a45e80046
:10f97000940920000489b9000400b8008100410006
:10f9800062004000e0804800520020000300200098
:10f990004ec50700004555003a479800afe997006b
:10f9a00023479800001920007fb2970000a0b900fb
:10f9b0000c064000100020005fb19700efb19700e7
:10f9c000e20f5100e08f5900010034000000eb000d
:10f9d000000f460002e12000030020000800be00e6
:10f9e000f8c5070040479800c2032000030020002c
:10f9f0000800be00f3c50700c2032000030020007a
:10fa000000c6070050479800c203200003002000f2
:10fa10000800be00fbc50700604798004f0778004c
:10fa20004f06be004f05be004f04be00af00b10040
:10fa3000000006000800fa00889fbe000004be0017
:10fa40000200be00594190000204e0000f003a009d
:10fa5000484191000204e0002a00320002c0280060
:10fa6000a3002000000041008180490038819000ff
:10fa7000c8819000820f5000838f58002100310010
:10fa80000040eb00404499001e0037006c81570095
:10fa90004fff07006ff097000080fb000000e900b7
:10faa000625525000281b9004f80de0000805100c0
:10fab0006300b900e4404000eccf5000060036007f
:10fac000afb897000100e80012c0b3008240780090
:10fad000e5fe07000300370012c0b3002fb89700ff
:10fae000e1fe07003084980041849800e9409000ce
:10faf00010c0b3000104e0000100320000c0eb00c0
:10fb0000404499004f04be000080fa000000060047
:10fb10002000fa00889fbe008a9fbe008c9fbe0016
:10fb200080067800a4b79f00b5b79f00c6b79f00b6
:10fb3000d7b79f00010678001c0090006300b90051
:10fb40001c0578006355b8008b0540001d04e000db
:10fb5000f00032000a01be000d00780006fe07002a
:10fb60000203be000002be00a0af9f00b1af9f0025
:10fb7000c2af9f00d3af9f002fb09700bfb09700d8
:10fb80004fb19700dfb19700040050008580580006
:10fb90000601590087815900e0af9f00f1af9f0037
:10fba00082b79f0093b79f0000902000d1032000f0
:10fbb0006011b8006faa9700ffaa97000fb39700d3
:10fbc0009fb397000002420081824a0002034b006b
:10fbd00083834b00e4b79f00f5b79f0086bf9f006b
:10fbe00097bf9f0000202100a10720006011b800ee
:10fbf0000020e10001a8e10002b0e10003b8e1004b
:10fc0000a2003e0084022000050020006033b800fe
:10fc10006fa89700ffa897000fb197009fb19700ba
:10fc200074c90700d0869800e1869800da0698002b
:10fc3000eb0698006fa89700ffa897000fb19700f8
:10fc40009fb19700e00f5000e08f5800e00f59007f
:10fc5000e08f590004003d0063004000e080480050
:10fc600060014900e08149000203be000002be00bd
:10fc70004222de004e2cdd0004027400c22ade00a7
:10fc80004e34dd00850274004233de004e3cdd0060
:10fc900006037400c2bbde00e4af9f00f5af9f0017
:10fca00086b79f0097b79f002fa89700bfa897001f
:10fcb0004fa99700dfa997000000420081804a0009
:10fcc00002014b0083814b0090069800a10698002a
:10fcd000b2069800c30698002fb29700bfb29700f3
:10fce0004fb39700dfb39700b40e9800c50e98008d
:10fcf000d60e9800e70e98006d7090000004e000aa
:10fd0000230032003d129000cd12900004045500f3
:10fd100085845d0075252000850f5400e08f5c0010
:10fd20001b0036002fb09700bfb097004fb197006f
:10fd3000dfb197007d0a90008d1290001d13900096
:10fd4000ad13900004005000858058000601590052
:10fd500087815900e0af9f00f1af9f0082b79f00fd
:10fd600093b79f008201780001017800800078003d
:10fd70000000eb000802be006033b8001dc9070098
:10fd8000f0069800810e9800920e9800a30e98003d
:10fd90007d7090000004e00015003a003d109000d6
:10fda000cd1090000000550081805d00f6c121005b
:10fdb000860f5000e08f58002a0036002fb09700c1
:10fdc000bfb097004fb19700dfb19700d0169800f1
:10fdd000e1169800f2169800831e98009a1e98006b
:10fde000ab1e980010c0b300f07698001d003700dd
:10fdf0001d189000ad1890000000550081805d0036
:10fe0000f2c12100820f5000e08f5800150036002b
:10fe1000a00220000d004000fe8046003002be001f
:10fe20008488be004100b000b0187800b01078009f
:10fe30001003be00a6009800b70098002fb09700ee
:10fe4000bfb097004fb19700dfb19700d016980070
:10fe5000e1169800f2169800831e98009a1e9800ea
:10fe6000ab1e98000040eb00804699007d8090001a
:10fe70008d88900061004000e0804800f086980086
:10fe8000818e98000004eb00360037000a01be00a6
:10fe90002fb29700bfb297004fb39700dfb3970020
:10fea0000d007800c5fc07000d00780016fc070067
:10feb0000000e0000f0032000a01be002fb29700e0
:10fec000bfb297004fb39700dfb397000d007800e3
:10fed000a3fc07003d889000cd88900061004000a1
:10fee000e0804800b08e9800c18e98002800200065
:10fef0001c0037001d889000ad8890006100400014
:10ff0000e0804800908e9800a18e98004800200064
:10ff10001e0037000a01be002fb29700bfb2970043
:10ff20004fb39700dfb397000d007800a3fc0700e4
:10ff30000d007800f4fb0700380020000000e0000e
:10ff4000120032000a01be002fb29700bfb2970024
:10ff50004fb39700dfb397000d00780080fc0700d7
:10ff600018002000cc409000914699007c41900000
:10ff7000a24699008c499000b34699000a01be0040
:10ff80008c0078000d007800aafe070008007800b9
:10ff90004f06be004f05be004f04be000080fa00b1
:10ffa00000000600e6874700889fbe008a9fbe00cb
:10ffb0008c9fbe008e1f7800000778000605be00eb
:10ffc0000404be001e04e000420032004e409100d6
:10ffd0000004e0001f0032000001eb00f280570037
:10ffe0000e00780003fd07000000e0001900320059
:10fff0003e869000ce8690007fb097008fb8970025
:020000040001f9
:10000000800f5600818f5e0012003e000c01be0082
:100010000e007800d8fc0700100798002107980010
:1000200032079800430798004e4091000000fb0003
:10003000cf80de000006560081865e005c079800d7
:100040006d0798000040eb004047990070779800da
:10005000607798001e029000ae0290003e03900070
:10006000ce0390000402540085825c0006035d000c
:1000700087835d0000002a00117128001202200011
:10008000030020000020e10001a8e10002b0e1002f
:1000900003b8e1000f0034005e049000ee0490000d
:1000a00080bb200001002000080440008984480033
:1000b0000801be000e007800affc07001007980092
:1000c00021079800320798004307980058079800c6
:1000d000690798004f0778004f06be004f05be0025
:1000e0004f04be006f00b10000000600889fbe00f4
:1000f0008a9fbe008c9fbe000005be000004be00ab
:10010000e00f5000e08f580002003d006004100036
:10011000e0841800823e2000030020000800be009a
:1001200038c40700a20020000300200025c40700f7
:100130000006be00823e2000030020000800be0032
:1001400020c407000001be00b1022000e00f5500ee
:10015000e08f5d0001003d00d10220008c9fbe00b9
:10016000829fbe00811f7800c0762d00801f78001e
:1001700035060700ec8757004f06be004f05be004e
:100180004f04be0000000600850807000488230015
:10019000150020006033b80074c807000000060096
:1001a000889fbe008a9fbe008c1f780000067800e2
:1001b0007b08070024032000050020006033b800fe
:1001c00001c807000205be000004be008c1f7800b5
:1001d000a2002000030020000ac40700809fbe0088
:1001e000a2002000030020000800be00f5c30700a5
:1001f000809fbe00b0772d00801f78001206070098
:10020000ec8757004f0678004f05be004f04be0034
:10021000000006000800fa00889fbe008a1f7800d0
:100220000004be00024578006e81570068fd07009b
:100230000ff897000080fb00801f78005ff09700a8
:100240000080fb00801f78002ff097000080fb00eb
:10025000801f78007fe897000080fb00801f7800f7
:100260004fe897000080fb00801f78004fb0970098
:10027000801f7800c0782d00801f7800f2050700ed
:10028000ee8757000a04e000190035000a01fb0060
:10029000cf91de0000e12000009ab9000010b80004
:1002a000810042000000440081804c006e815700b4
:1002b00047fd07000a05fb008a1f78006ff09700d2
:1002c0000080fb00801f78003ff097000080fb005b
:1002d000801f78000ff097000080fb00801f7800df
:1002e000e07a2d00801f7800d7050700ea875700c5
:1002f0004f0578004f04be000080fa0000000600a1
:10030000889fbe008a9fbe008c9fbe008e1f780013
:10031000000778000204be00e07c2d000700090001
:10032000305f78008e00b100670547006e864000a0
:100330003b0020006d7d2d005c80fb00801f78005d
:100340008d1f78000a00780076c807000005450078
:100350008b05e800e4875700ec8f5500f6ff3a0064
:10036000889fbe00c07d2d00801f78000a007800a5
:100370006cc80700000545000e00e800e68757003e
:100380008040eb00800f550003003600b0c06800cd
:100390008a0f5000fdff3a008180fb00811f78002a
:1003a000007e2d00801f78000a0078005dc80700dd
:1003b000000545000e005500e48757004f07780000
:1003c0004f06be004f05be004f04be0000000600f1
:1003d0002400fa00889fbe008a9fbe008c9fbe004a
:1003e000405b22003004be002005be008f00780074
:1003f0000103b1000f0009008018eb0001fd2f0080
:100400008f804000005d2200faf3070000067800ac
:10041000e10f560003003a00105b22000048eb0099
:1004200029013700d4408000e5408000610242008d
:10043000e0824a00d4408800e5408800a0832d0077
:1004400057ff0700f12d8100f03f28000080600079
:1004500004003b000000e90002c02f000000710012
:100460000000e800420620000281b9000200780086
:100470000000e00001003d00f03fb0004a80de00d7
:10048000801f7800010078000100e00002003d00bc
:10049000f03f2000010040004a80de00801f78000d
:1004a000d6408000e7408000869fbe0000842d007b
:1004b000801f780064050700ea8757000c00e00001
:1004c00014003200f04080000141800061004000d3
:1004d000e0804800f040880001418800dfb09700cc
:1004e000607f2d00e20f560001003a00807e2d0053
:1004f000811f7800801f780030852d00801f7800d4
:1005000051050700105b22000048eb00e68757000a
:10051000ed00370004882300150020006033b80088
:100520000800be000a01be0090c7070008782c0032
:10053000e9ff2f00faff2f00fbff2f000804400007
:10054000898448000a0549008b8549006fb09700ef
:10055000ffb097004f89de008201780004882300f5
:10056000150020006033b80080c70700e00f50007e
:10057000e08f5800e00f5900e08f590007003d0060
:10058000f4ff2700050020006033b800040040009d
:100590008580480006014900878149004f00de0040
:1005a000410add0000007200cf08de004112dd00cc
:1005b000810072004f11de00411add00020172005d
:1005c000cf99de0008044000898448000a054900ec
:1005d0008b8549006066b8008cbf9f009dbf9f005f
:1005e000c0c823001004e0001d00320020ca230010
:1005f00030025400b0825c0030035d0090835d00e7
:100600000400be000601be0004a02500252620002f
:100610006033b800f7c607000006be001fa89700a9
:100620006300b9000fa997006311b800830140006f
:10063000c0c8230050fb07000000540081805c000c
:1006400002015d0083815d0004c4290005002000d3
:100650006033b800e7c6070080bf9f0091bf9f00ce
:1006600001fd2f008f8040000802be000a03be007b
:10067000c0c8230026fd07000004780091812d00ea
:100680003fd897000004e00001003200a1802d0057
:1006900090812d002fd997000204e0000100320064
:1006a000a0812d00811f7800801f78005fd0970007
:1006b0000080fb00801f7800afb39700871f780091
:1006c00050872d00801f7800df0407004fa197009e
:1006d0006311b9003fa097006300b800810041009a
:1006e0002fc99700cbfe0700ea8757005fd097001d
:1006f0000004e0000a00320000832d00efd09700d4
:100700000104e0000100320080822d00801f78008b
:1007100090892d00801f7800cb040700e4875700e4
:100720007fd097000004e00002003200308b2d00e3
:10073000bc0407000fd897000004e0000600320058
:100740000080fb00801f7800908c2d00801f7800b7
:10075000bd040700e4875700f08e2d00b1040700a8
:10076000e10f54001500320005003900e20f54007b
:1007700020003200e30f54002d003a00270037001c
:10078000208f2d0086fe0700808f2d00a504070016
:10079000b0e88100c1e8810054fe0700c0c8230012
:1007a00096fb0700809fbe0080912d00801f78007f
:1007b000a5040700e687570028003700208f2d008a
:1007c00077fe0700a0922d00960407001fa997004e
:1007d0006311b9000fa897006300b80081004100c1
:1007e00000c1eb008bfe0700f08e2d008d0407008a
:1007f0001a003700208f2d0069fe07000fb8970000
:100800009fb89700809fbe0080952d00801f7800c4
:100810008d040700e687570010003700208f2d0059
:100820005ffe070050992d007e0407001500370079
:10083000208f2d005afe07000fba97009fba97002d
:10084000849fbe00409d2d00801f78007e0407001d
:10085000e6875700e20f54000a003e0010c0b300c4
:1008600002e8b7001808e20006003a000c01be00da
:1008700001fd2f008f80400060d22300a0fe070002
:10088000c040880080a12d0045fe0700b8fd2f0064
:100890000f04440079865700c9a12d005880fb0041
:1008a000801f7800891f780067040700e4875700dd
:1008b0008c0f5400f9ff3a00f08e2d005904070008
:1008c000105b22000048eb004f06be004f05be0043
:1008d0004f04be000080fa00000006001800fa0075
:1008e000889fbe008a9fbe008c9fbe0026fe070028
:1008f0000205be000004be000203be000002be00ee
:10090000c0c82300a7fd070002fe2f000f01410011
:10091000c1fd2f008f8040000802be000a03be0008
:10092000c0c82300b3fa07000000e0004600320010
:100930006fa89700ffa8970061064000e086480076
:100940000c01be00c0c823008bfa0700e0b79f006f
:10095000f1b79f0082bf9f0093bf9f000802500025
:10096000898258000a0359008b835900f04f2300f5
:10097000c10020006011b8000020e10001a8e100e2
:1009800002b0e10003b8e10009003c006106460046
:10099000e0864e000c01be00c0c8230076fa0700b6
:1009a000e0b79f00f1b79f0082bf9f0093bf9f00f9
:1009b0007c8157000c00be0085fb07000802be00ca
:1009c0000a03be00c0c82300f0fa070080017800c7
:1009d00012002000fc80570000d72200710507009c
:1009e000c24080000200e0000a0032000204400021
:1009f000f10f2000810f540006003e0001d72200b5
:100a00000100400061d22300d3c607001828ef0080
:100a100008007800004088006fb09700ffb0970092
:100a20000fb997009fb9970004d62200009abe0024
:100a30000292be004c6b89005d6b890011c0b3004f
:100a4000c0d62200014878004f06be004f05be0008
:100a50004f04be000080fa0000000600889fbe0020
:100a60008a1f780042ec8000cf91de0030ec8000dd
:100a7000cf80de0000015100818159004006200036
:100a8000009ab9000011b800830142000200be00c4
:100a9000e00f5100e08f590004003d00f0ff2f00ef
:100aa000010020000200400083804800010478001b
:100ab0005aec8000540307008044780042ec800028
:100ac000cf91de0030ec8000cf80de0002014000dc
:100ad0008381480020032000009ab9000011b8006b
:100ae000830142000200be00e00f5100e08f590078
:100af00004003d00f0ff270001002000020040003c
:100b000083804800410add004f01de0002017200cf
:100b10001241880020d52100a0f807002041800064
:100b2000880f500001003100284188000a00780039
:100b30002628b400e20f550005003600a1c0b3001e
:100b4000eccf54000b003600e3c05400090037001e
:100b500050052000800f540005003600a1c0b300ee
:100b600081cf5400030036008940e90001003700be
:100b70008940780070022000800f54000c003e0075
:100b80000a00e0000a003a002848ec0028e8b70014
:100b9000e44f5000070036002868ef00e0c3b300c0
:100ba00080cf540003003e008940e8000100370078
:100bb0002868ef0089cf5000020032000140780021
:100bc000080307004f0578004f04be000000060030
:100bd0001e00fa00889fbe008a9fbe008c9fbe0048
:100be0002a4180003c4180000703070080457800cf
:100bf00020d5210085f807000004be0000962700dc
:100c0000e1ff2f000801400089814800420f980051
:100c1000530f98002428ef002628ef00d0cc2c009a
:100c20000050b800420ade000e81e8000000eb0030
:100c3000d3c2b30035c2b30083407800800f5200a6
:100c40000100360085407800016978000000e80066
:100c5000f40f5000f8ff3a000040eb007057980086
:100c6000a0a52d004efd0700e31f47008a1f780056
:100c700010a62d00801f780073030700e687570039
:100c80000c00e000060032008c1f780030a72d0019
:100c9000801f78006c030700e487570018003700b6
:100ca000e90f550009003e0090a82d005d030700e4
:100cb0000b80fb00801f7800b0a92d00801f7800fa
:100cc00061030700e48757001a003700fd0f550045
:100cd00003003e00a0aa2d005203070008003700c1
:100ce00050052000800f550003003e00e0aa2d00b3
:100cf0004c0307000200370010ab2d00490307002a
:100d00000b80fb00801f7800b0a92d00801f7800a9
:100d10004d030700e4875700e20f56000500360038
:100d2000eacf550003003e0060ab2d003d030700f5
:100d30000a003700fd0f550008003e00e0c3b30075
:100d400080cf55000500360050a42d00e90f550056
:100d500001003e0020a22d00320307002208f80007
:100d6000b0ac2d00801f780037030700f0ea800048
:100d700000004000e1da2d00e1007800610f9800ea
:100d80004e0d9000de0d9000e00f5500e08f5d00ed
:100d900002003d0060051500e0851d0042062000b0
:100da000030020000a00be00f7c007000006be00d6
:100db00042062000030020000a00be0043c00700d6
:100dc0000001be00e4875700b10220004e0a9000e7
:100dd000de0a9000e00f5200e08f5a0001003d0053
:100de000d1022000ee0a9000851f78008c9fbe0083
:100df000829fbe00811f7800420620000300200071
:100e00000800be00e0c00700809fbe004206200030
:100e1000030020000800be002cc00700809fbe0019
:100e200090ad2d00801f780007030700f68757005c
:100e3000f0ea8000e30f500022003a00e2eb80006d
:100e4000f3eb80004c1add004410de00000072005d
:100e5000c498de0082162000028ab9000200b800a1
:100e6000810042000001be00e00f5000e08f5800fa
:100e700004003d00f2ff2f000300200000014100ac
:100e800081814900831f780080162000d1eb80000b
:100e90000088b900e00f5000e08f580004003d00ca
:100ea000f2ff2f0003002000000041008180490074
:100eb000811f780020b02d00801f7800e20207001b
:100ec000e68757000e007800510207000000e0009e
:100ed0000a003a001e4090000080fb00801f78004e
:100ee0001e80fb00801f780050b22d00801f78000c
:100ef000d5020700e68757000200370070b42d00c6
:100f0000c80207004f06be004f05be004f04be00da
:100f10000080fa00000006000400fa00889fbe006e
:100f20008a9fbe008c9fbe0097fc07000205be0092
:100f30000004be0030b82d0099fc07000001eb0052
:100f4000f08057000802be000a03be00c0c823009c
:100f500028f907000000e0002000320020ca23002a
:100f600030025400b0825c0030035d0090835d006d
:100f70000400be000601be0004a0250025262000b6
:100f80006033b8009bc407000006be00d0d0230029
:100f9000104178000fb897009fb897009dfc07009c
:100fa0000802be000a03be00c0c8230077f907008c
:100fb00071b62d000000e0000100320011b62d00d6
:100fc0008c9fbe00811f7800a0b82d00801f780084
:100fd0009d020700e88757000200370090ba2d00f5
:100fe0009002070016e9810027e98100869fbe0074
:100ff000f0e8810001e98100809fbe00d4e8810013
:10100000e5e88100849fbe00f64080000741800033
:10101000869fbe00d0408000e1408000809fbe00df
:1010200050bb2d00801f780087020700706b810085
:10103000f68757000000e00003003a009602070020
:101040000000e0000700320093020700801f7800d4
:101050006e2df80010c02d00801f78007a02070066
:10106000e6875700f08e2d006e0207004f06be0087
:101070004f05be004f04be000080fa0000000600cd
:101080004f06b000889fbe008a9fbe008c9fbe00a6
:101090008e1f78003a0407002902070020c22d00a5
:1010a0006002070070c22d003dfc0700c0c22d0089
:1010b0005c02070070c22d0039fc070060c62d00dd
:1010c000580207001e030700c0c823009ef807004f
:1010d000390020005ace2d00bbce2d002301070081
:1010e000000478000800e000090032000a007800df
:1010f0002bfc0700881f78008b1f78005202070026
:101100008904e900e48757000900e000f3ff3a0092
:10111000ab04070040a7a80050ce2d0020fc07001c
:10112000f0d02d003f020700a304070080057800df
:101130000b0678000b0578008bbf9f008046eb0004
:10114000cec8230004003700080578008046eb0075
:1011500001003700080578009704070000047800b4
:101160008f040700f4f82500150020006033b80054
:10117000491f20000400e1000588e1000690e1001d
:101180000798e10001003600893821000060fe0068
:10119000155b22001504e000010032008cfc070002
:1011a0001e04e00020003200c0d6220036c0b3008a
:1011b000904f1300020032001004e00012003a00c9
:1011c000c0d6220037c0b30090cf13000b003a0006
:1011d000edfb07000203be000002be000e00780017
:1011e000eaf80700610060004800dd002116800079
:1011f0000180a1008100700021168800c0d6220065
:101200000048eb00b5fd070021408000810054003c
:10121000f4805000a0142000808f50001a003e007f
:1012200040020700180037000fb8970080005400f4
:10123000301f2000808f5000120036008001eb002c
:10124000030178008300780000f92f000f004000b0
:10125000540307008000780000f92f000f004000c1
:1012600015020700c14080000100e00003003200c9
:1012700060d22300100207001828ef00c502a90061
:1012800088bf9f00270207008b005400301f2000fa
:10129000808f500002003600f0fd070088057800be
:1012a0000c005400808f540002003e0048fe0700ee
:1012b000080678000a00540074382100840f50009a
:1012c000a5ff360014ff070000f92f000f004000b3
:1012d0004f0107000000e0009bff32008d46e80050
:1012e000e2cf56009bff360050ce2d00acfb07002e
:1012f00040d52d00cb0107009c00070008057800b1
:101300008046eb0094ff37000200fa00889fbe0081
:101310008a9fbe000040eb00e0f79f008a3e20005d
:101320001bc0b30018ee2200090020000b4178001a
:10133000ea80570010c1b300ad0207000000e000d2
:1013400006003a006ff097000004e00003003d0043
:101350004600de0061006000060037000800be00a5
:10136000550407000060fe000a05e900efff3a009f
:101370000080eb004f05be004f04be000080fa0065
:1013800000000600889fbe008004780001447800b9
:10139000ddff0700800078000080eb000100e00026
:1013a0000a003500084178008900780010c1b300b8
:1013b00069020700800078000080eb000100e00077
:1013c00002003a00d0ff07004f80de004f04be004d
:1013d00000000600ea874700889fbe008a9fbe0083
:1013e0008c9fbe008e1f78000000eb0011868500e8
:1013f0000100e0002b003200000578008a0578002b
:101400008a0478002d8685004c132b006f845700ca
:101410000107780060c1b300a0ef9f008b8f5600da
:10142000080036000b804500610c2b00610078003d
:10143000890f500003003a0050c1b300a0ef9f0095
:101440008b05e8008c0045008100e900768057009c
:1014500051687800880f5000fdff3a0082c0b30049
:10146000f680570010c1b3003b0207000000e00007
:1014700009003a00a4ff07000000e0000800350062
:101480008904e80067054500890f5700e1ff3e0029
:101490000000eb00030037000080eb000100370084
:1014a0000080eb004f0778004f06be004f05be00de
:1014b0004f04be00af00b100000006000600fa00b5
:1014c000881f780022c1b30082ff9f000041eb001b
:1014d00092ff9f004801de00a2ff9f00b0ff9f0027
:1014e0004808de00c0ff9f00d1ff9f0061c0b3002d
:1014f00068805700a3ff070000047800a0002000c8
:1015000010030700080078004f0478000080fa00fc
:10151000000006000600fa00881f780002c4b3002d
:1015200082ff9f0012c8b30092ff9f000041eb00b2
:10153000a2ff9f0002ceb300b2ff9f00c0ff9f003a
:10154000d1ff9f0061c0b300688057008dff070086
:101550000004780040062000fa0207000800780026
:101560004f0478000080fa00000006000c00fa002a
:10157000889fbe008a1f7800d462a8004006200021
:10158000f0020700d462a90040062000ed02070027
:10159000d462a80040062000ea02070010c0b30091
:1015a000e0ef9f00f0c1b300f0ef9f0050c0b30028
:1015b00080f79f0031c0b3007280570071ff0700b1
:1015c0000000e0000400320060db2d001501070080
:1015d0000080eb007f00370082c0b300ef8057002f
:1015e00010c1b300020207000000e00013003a003f
:1015f0000ff897000080fb00801f78005ff09700d5
:101600000080fb00801f78000ff097000080fb0037
:10161000801f78005fe897000080fb00801f780043
:101620002fe897000080fb00801f7800c0dc2d00b1
:10163000801f780004010700ec87570010c0b3003a
:10164000e0ef9f0010c3b300f0ef9f0050c0b30065
:1016500080f79f0031c0b3007280570049ff070038
:1016600080007800e0ff2f000100e00059003a0000
:1016700060222000b302070070df2d00e9000700a0
:1016800054ff07000000e0000400320040e12d009c
:10169000e4000700d0ff2f004e003700e0e12d00ee
:1016a000e000070010c0b300e0ef9f0010c1b300de
:1016b000f0ef9f0050c0b30080f79f0031c0b3002f
:1016c000728057002fff0700800c20009d0207004a
:1016d000210129001010200078ff07008000780009
:1016e000c0ff2f000100e0003a003a00e183200033
:1016f000914078008180fb00000024006fff07000c
:1017000011c0b3000040eb0082ff07006022200000
:101710008c020700510129001010200067ff07000c
:101720008000eb000010200064ff070041632700e9
:101730003010230061ff070081cbb30020c8b30045
:1017400074ff070080007800b0ff2f000100e00068
:1017500020003a0000c1b300e0ef9f0011c0b300c9
:101760007280570007ff0700800078000000eb0040
:101770000100e00017003a0082c0b300ef8057007c
:1017800010c1b3009a010700800078000000eb0050
:101790000100e0000f003a0060e22d00a100070008
:1017a0006f845700e88457002ae32d005880fb001f
:1017b000801f78008a1f7800a3000700e487570085
:1017c000890f5400f9ff3a0080e32d0095000700cf
:1017d0000000eb004f0578004f04be000080fa00c7
:1017e00000000600f1c3b300814f50000100360035
:1017f000014078003ee8b7008080fb000000240034
:101800002eff0700000006003ec8bf0000000600d3
:101810000800fa00881f78000004780030c4b30084
:10182000e0f79f0010c0b300f0f79f0021c0b300a5
:101830006a805700d3fe0700800078000080eb002c
:101840000100e0000f003a0062c0b300e8805700da
:1018500010c1b30066010700800078000080eb0033
:101860000100e00007003a000ff8970020449800bc
:101870004ff89700004c78005ff8970010449800ec
:101880000000eb004f0478000080fa000000060022
:10189000889fbe008a9fbe0077418000c3418000c0
:1018a0008a418000a6c2b300f53f2000082723002c
:1018b0003bc2b30049c2b3001a0037003041780080
:1018c000ed4f510016003200864f510003003200e8
:1018d000894f510004003a00020037000b417800a4
:1018e000010037000b4178000302e80005026200a6
:1018f000870f520003003a00c34188008a418800e4
:101900000c00370002f47900ea4f510003003a005e
:101910000a05e8008401780001003700840178009e
:101920008100e9000100e000e4ff3a00c3418800c3
:101930008a4188004f05be004f04be00000006002b
:101940002022ef002062a8005005200040118800ee
:101950003022ef003062a800c011880023a2a90045
:1019600023e2a90033a2a90033e2a90080ff2f00df
:10197000aa00b6003000b30050058800f1ff28002f
:10198000900580008080600000002300010070004e
:101990009005880021e2a8002342a80031e2a800b7
:1019a0003342a8008580a9009580a80087e0a9009f
:1019b00097e0a8009560a90097c0a9000000060064
:1019c000889fbe00800478000104780088007800b9
:1019d00009007800aeff0700f23f200003672300f4
:1019e0000b0037003408ec00020060003608e3000a
:1019f00002003a003228ec0004003700a1418000c8
:101a00003942780084f17800a04188000804e90098
:101a10000800e000f3ff3a008580a8004f04be00f4
:101a200000000600881f7800000478000800780095
:101a300010c307008000780008007800e0ff07006e
:101a40004f04780000000600a000fa0083f52f0084
:101a50008f8141004f299700010a200000f62f00d6
:101a60000f0040001bc30700f1092000810f500048
:101a700001003400010078000000e00004003400a0
:101a80008000780000f62f000f004000ccff070018
:101a90000080fa000000060090418000000006006f
:101aa00060418000514180000000e90001005000c9
:101ab000f03fb200000006000100e0001700320015
:101ac000524180000201e800f23fb2006341800011
:101ad000828f5100110032008100e90004e72200ea
:101ae000f53f200007003700524180000201e80066
:101af000050161008100e90066418000820f53000a
:101b000006003200534180003043780006f279002d
:101b1000524188000100e000f3ff3a0087e0a8008e
:101b200000000600c800fa00889fbe008a9fbe0021
:101b30008c9fbe003008e20034003200acc52200a9
:101b40000a2723008e05e8008df12d0078418000e2
:101b50004002250051342400008fbe002c0798005d
:101b60006a407c0069002000ea4f50000b00320000
:101b7000f20b2000f13f2000828f540002003e0053
:101b800000f77c008904e8000804e8000104640010
:101b90006a407c00ea4f5000f7ff3a000900470016
:101ba0000041eb008b0f5000040036008b007800e2
:101bb00031416900808f5000fdff39000281fb0038
:101bc000821f78008d1f780056c2070089044000ec
:101bd000b3ff0700e4875700808f54000b003e00de
:101be0000804e800f83fb200784188003028ed0092
:101bf000ff3ffc00890078000e007800aeff070070
:101c00000000fc003008e200d0ff3a004f06be00a2
:101c10004f05be004f04be000080fa000000060021
:101c200002e2240090816000040032000201e90019
:101c3000fcff3a000080eb00040037000000eb00de
:101c40000200e00001003a000080eb000000060006
:101c5000f101200060202000f1ff070080007800e3
:101c60000080eb000100e00003003a0001002400c6
:101c700080202000eaff070000000600f4ff0700b4
:101c8000800078000080eb000100e00004003a00d2
:101c90000602a8001100200060202000e0ff0700dd
:101ca00000000600eaff07000642a80041002000ed
:101cb00060202000daff070000000600881f78007f
:101cc00000447800e2ff0700800078000080eb000d
:101cd0000100e00012003a000884fb0018108800a0
:101ce0000100240080202000cdff07008000780044
:101cf0000080eb000100e00009003a00d4ff07007b
:101d0000800078000080eb000100e00004003a0051
:101d10000000eb000802e20001003d00e0ff2f00a0
:101d20004f0478000000060007e2a9000019200017
:101d300001002000e001070007e2a8000000060003
:101d40000622ef00b0182000201088000722a8000b
:101d500007e2a80000000600889fbe008a9fbe0020
:101d6000804578000105780082447800c3ff0700b1
:101d7000000478000800e00012003a000bc04500a3
:101d8000ceff0700800578000b00e0000c003a0051
:101d90000904e000130032008944e9003a40780069
:101da000c6ff0700000478000800e00005003a00c4
:101db0000904e0000b0032008944e900f7ff370016
:101dc0000b047800b7ff0700e10f440001003a0060
:101dd000d5ff0700080078004f05be004f04be0085
:101de00000000600afff07000b047800f9ff370082
:101df000889fbe008a9fbe008c1f780080447800b8
:101e000001057800024478009cff07000006780076
:101e10000c00e0002a003a0009c044000004a000c1
:101e2000a6ff0700000678000c00e0001c0032004e
:101e30002300370086ff07000000e00029003a0079
:101e40000662a8008b0078000900780074ff070084
:101e50000000e00023003a0000108000005d7800e0
:101e60000844e9000880fb000000e9004f00de00a4
:101e70004500dd00311080000150a100810070009c
:101e8000311088000682a8000101200009007800b6
:101e900063ff07000000e000060032001100370079
:101ea0008b002000692020000804e000e1ff3a00d8
:101eb0000f0037000804e000deff3a000c00370096
:101ec00078ff0700e10f460001003a0096ff070087
:101ed0000c0078004f0678004f05be004f04be008e
:101ee000000006006fff07000086eb00f7ff3700d9
:101ef0006cff0700f6ff37008180fb00d2cc2c007e
:101f00000209b8004319de0003c3b30003584100bf
:101f10006a11b9000281500001c3b30001584100a9
:101f200000000600114178000204e00006003200c3
:101f300080017800825978000300780051417800d0
:101f40000204e000fbff3a00000006000000e80089
:101f50000041eb00810f5000030031003041690067
:101f6000810f5000fdff3a00a0c2b3008048780006
:101f7000010078000281fb00c411de0041e82d0061
:101f800061e879006f01610061687900d1c0b30038
:101f900001687800a1c0b300016878000068eb0018
:101fa00000000600889fbe008a1f78008004780029
:101fb00001047800030578000200e00008003a0000
:101fc000c1e32d0009007800d6ff070080007800eb
:101fd00009007800ddff07000900500023003700ea
:101fe00011e52d0009007800ceff0700c8409000e1
:101ff000c1ff0700d8409000bfff0700e8409000f5
:10200000bdff0700c1c2b300015878000a00e0001c
:10201000190032001ac4b3000a58780091e52d0067
:10202000c0ff0700b8409000b3ff0700a840900031
:10203000b1ff070080017800980078004206200078
:10204000110009008280d80003007800aaff070071
:10205000f1e72d00b3ff0700800078008a58780070
:1020600009007800b9ff0700090050004f0578000b
:102070004f04be000000060061c5b300015878009f
:1020800091e52d00a7ff0700b84090009aff0700d8
:10209000a840900098ff0700800178009800780021
:1020a00042062000110009008280d8000300780059
:1020b00091ff0700f1e72d009aff0700eac4b30083
:1020c000e5ff3700e0012000303a8800f0f32f00f0
:1020d0004427b60000fe2f004427b600a1092000c7
:1020e00032002000800720003374200080497800ef
:1020f0008149780082497800123a80000200a000ed
:1021000071052000600420002374200080497800bd
:1021100081497800824978000200270001002300ed
:10212000133a800003006100810f5000fcff3a0069
:1021300001022000123a800002806000fdff3200a0
:1021400000000600881f78008a9fbe000004780007
:102150000800e000070032000ac429000b0020003c
:102160000a00be00d40007000060fe000804e90079
:10217000fbff3a004f05be004f0478000000060048
:1021800040a7a900cfff0700e0ff2f0060198800db
:10219000c422ef00cc22ef00d422ef00d462a800ca
:1021a000d482a800d4a2a800c002a800c102a9003d
:1021b000c142a900c962a900c982a900c9a2a90097
:1021c000c862a900c842a800d002a900d062a90034
:1021d000d082a900d0a2a90068c0a800103a80004f
:1021e0000060a1006104200072052000237420001b
:1021f00081497800824978008049780000fe2f00ec
:1022000064368000840160003300b30063368800c8
:10221000f30f2e00643680008482610004302100b8
:1022200005027200643688001436800084816100e3
:1022300004502000030272001436880084368000a7
:10224000840160003301b30083368800a606b6001f
:102250000010a00030358800103a80000060a00017
:1022600023742000814978008249780080497800f1
:042270000000060064
:020000040000fa
:020000040001f9
:10227400703a00001c020000000000003a08000050
:1022840004000000000000004208000010150000d7
:10229400000000008c3c0000da0000000000000098
:1022a400180800001200000000000000521d000089
:1022b4001e110000000000000008000018000000cb
:1022c40000000000d84700002800000000000000c3
:1022d400b047000028000000000000003e08000095
:1022e40002000000020000003f000000702e000009
:1022f400000c0000000000002a080000100000008c
:10230400000000004008000002000000000000007f
:10231400a43d00000200000000000000663d000033
:102324001e00000002000000286e69006c290000f5
:1023340025006800076c09004c836a009074a000b3
:102344007ac000008068880000846c0082008100ec
:10235400843d00001000000002000000494e4600c9
:1023640000696e0066004e00414e00006e616e0012
:1023740000000000943d0000100000000200000076
:10238400494e460000696e0066004e00414e000052
:0c2394006e616e00000000000000000000
:020000040000fa
:020000040001f9
:1023a000ff3ffc00048120003400be002401be0079
:1023b0000000fc0000000600304080000000060025
:1023c00020d521007cf207001021ef00f0fc2f0047
:1023d0001001b6000040a000800888000ca1ef00aa
:1023e0000621ef001221ef000a21ef00f0f9200092
:1023f000700888002023ef002143a800003020004f
:102400002023b700f0f12f002003b6000060a000e9
:10241000001988002043a8002183a8002223ef0090
:102420002423ef0040c0b30024e3b7003223ef00c1
:102430002823ef008023ef00c0ff2f008003b600a9
:102440000010a000001c8800d0002000101c880094
:1024500000302000401c8800807d2000201c880067
:10246000007b2000301c880030012000501c8800b8
:1024700080ff2f00a600b6006000b3003005880082
:102480008480a9009480a80081e3a800f18f2f0028
:102490003005800080806000005020000100700046
:1024a000300588008a21ef0021e3a80011e1a8008f
:0824b00013e1a8000000060082
:020000040000fa
:020000040001f9
:1024b800f03fb1000180b10006003500ee030900cd
:1024c80000000000403fb1000180b100fbff3d006b
:1024d8001000b000203fb000020035000080090065
:0824e8000000000000000600e6
:00000001FF
