:020000040000fa
:04005c00b6040000e6
:020000040000fa
:04001000b604000032
:020000040000fa
:04025c00b6040000e4
:020000040000fa
:04021000b604000030
:020000040000fa
:0402b400b60400008c
:020000040000fa
:0402b000b604000090
:020000040000fa
:04034000b6040000ff
:020000040000fa
:04027000b6040000d0
:020000040000fa
:04027400b6040000cc
:020000040000fa
:04033400b60400000b
:020000040000fa
:04036400b6040000db
:020000040000fa
:04036000b6040000df
:020000040000fa
:04023800c8020000f8
:020000040000fa
:04026000b6040000e0
:020000040000fa
:04028800b6040000b8
:020000040000fa
:0402b800b604000088
:020000040000fa
:0402e000b604000060
:020000040000fa
:04031c00b604000023
:020000040000fa
:04033800b604000007
:020000040000fa
:04033c00b604000003
:020000040000fa
:04021c00b604000024
:020000040000fa
:04032400b60400001b
:020000040000fa
:04035000b6040000ef
:020000040000fa
:04022c00b604000014
:020000040000fa
:04023c00b604000004
:020000040000fa
:04028000b6040000c0
:020000040000fa
:04028400b6040000bc
:020000040000fa
:04022800b604000018
:020000040000fa
:04027800b6040000c8
:020000040000fa
:04029c00b6040000a4
:020000040000fa
:04026400b6040000dc
:020000040000fa
:04027c00b6040000c4
:020000040000fa
:0402bc00b604000084
:020000040000fa
:0402c000b604000080
:020000040000fa
:0402c400b60400007c
:020000040000fa
:0402c800b604000078
:020000040000fa
:0402cc00b604000074
:020000040000fa
:0402d000b604000070
:020000040000fa
:0402d400b60400006c
:020000040000fa
:0402d800b604000068
:020000040000fa
:0402e400b60400005c
:020000040000fa
:0402e800b604000058
:020000040000fa
:0402ec00b604000054
:020000040000fa
:0402f000b604000050
:020000040000fa
:0402f400b60400004c
:020000040000fa
:0402f800b604000048
:020000040000fa
:0402fc00b604000044
:020000040000fa
:04030000b60400003f
:020000040000fa
:04030400b60400003b
:020000040000fa
:04030800b604000037
:020000040000fa
:04031400b60400002b
:020000040000fa
:04031800b604000027
:020000040000fa
:04032800b604000017
:020000040000fa
:04034400b6040000fb
:020000040000fa
:04034800b6040000f7
:020000040000fa
:04035800b6040000e7
:020000040000fa
:04035c00b6040000e3
:020000040000fa
:04026c00b6040000d4
:020000040000fa
:04030c00b604000033
:020000040000fa
:04034c00b6040000f3
:020000040000fa
:04021800b604000028
:020000040000fa
:04023000b604000010
:020000040000fa
:04024000f6030000c1
:020000040000fa
:04028c00b6040000b4
:020000040000fa
:04029000b6040000b0
:020000040000fa
:04020c00b604000034
:020000040000fa
:0402dc00b604000064
:020000040000fa
:04031000b60400002f
:020000040000fa
:04035400b6040000eb
:020000040000fa
:04032000b60400001f
:020000040000fa
:04020800b604000038
:020000040000fa
:04022000b604000020
:020000040000fa
:04022400b60400001c
:020000040000fa
:04026800b6040000d8
:020000040000fa
:04024c00b6040000f4
:020000040000fa
:04025000b6040000f0
:020000040000fa
:0402a800b604000098
:020000040000fa
:0402ac00b604000094
:020000040000fa
:04021400b60400002c
:020000040000fa
:04023400b60400000c
:020000040000fa
:04024400b6040000fc
:020000040000fa
:04024800b6040000f8
:020000040000fa
:04029400b6040000ac
:020000040000fa
:04029800b6040000a8
:020000040000fa
:04032c00b604000013
:020000040000fa
:04025400b6040000ec
:020000040000fa
:04025800420400005c
:020000040000fa
:04033000b60400000f
:020000040000fa
:0402a000b6040000a0
:020000040000fa
:0402a4007c040000d6
:020000040000fa
:0400b400b60400008e
:020000040000fa
:0400b000b604000092
:020000040000fa
:04014000b604000001
:020000040000fa
:04007000b6040000d2
:020000040000fa
:04007400b6040000ce
:020000040000fa
:04013400b60400000d
:020000040000fa
:04016400b6040000dd
:020000040000fa
:04016000b6040000e1
:020000040000fa
:04006000b6040000e2
:020000040000fa
:04008800b6040000ba
:020000040000fa
:0400b800b60400008a
:020000040000fa
:0400e000b604000062
:020000040000fa
:04011c00b604000025
:020000040000fa
:04013800b604000009
:020000040000fa
:04013c00b604000005
:020000040000fa
:04001c00b604000026
:020000040000fa
:04012400b60400001d
:020000040000fa
:04015000b6040000f1
:020000040000fa
:04002c00b604000016
:020000040000fa
:04003c00b604000006
:020000040000fa
:04008000b6040000c2
:020000040000fa
:04008400b6040000be
:020000040000fa
:04002800b60400001a
:020000040000fa
:04007800b6040000ca
:020000040000fa
:04009c00b6040000a6
:020000040000fa
:04006400b6040000de
:020000040000fa
:04007c00b6040000c6
:020000040000fa
:0400bc00b604000086
:020000040000fa
:0400c000b604000082
:020000040000fa
:0400c400b60400007e
:020000040000fa
:0400c800b60400007a
:020000040000fa
:0400cc00b604000076
:020000040000fa
:0400d000b604000072
:020000040000fa
:0400d400b60400006e
:020000040000fa
:0400d800b60400006a
:020000040000fa
:0400e400b60400005e
:020000040000fa
:0400e800b60400005a
:020000040000fa
:0400ec00b604000056
:020000040000fa
:0400f000b604000052
:020000040000fa
:0400f400b60400004e
:020000040000fa
:0400f800b60400004a
:020000040000fa
:0400fc00b604000046
:020000040000fa
:04010000b604000041
:020000040000fa
:04010400b60400003d
:020000040000fa
:04010800b604000039
:020000040000fa
:04011400b60400002d
:020000040000fa
:04011800b604000029
:020000040000fa
:04012800b604000019
:020000040000fa
:04014400b6040000fd
:020000040000fa
:04014800b6040000f9
:020000040000fa
:04015800b6040000e9
:020000040000fa
:04015c00b6040000e5
:020000040000fa
:04006c00b6040000d6
:020000040000fa
:04010c00b604000035
:020000040000fa
:04014c00b6040000f5
:020000040000fa
:04001800b60400002a
:020000040000fa
:04003000b604000012
:020000040000fa
:04008c00b6040000b6
:020000040000fa
:04009000b6040000b2
:020000040000fa
:04000c00b604000036
:020000040000fa
:0400dc00b604000066
:020000040000fa
:04011000b604000031
:020000040000fa
:04015400b6040000ed
:020000040000fa
:04012000b604000021
:020000040000fa
:04000800b60400003a
:020000040000fa
:04002000b604000022
:020000040000fa
:04002400b60400001e
:020000040000fa
:04006800b6040000da
:020000040000fa
:04004c00b6040000f6
:020000040000fa
:04005000b6040000f2
:020000040000fa
:0400a800b60400009a
:020000040000fa
:0400ac00b604000096
:020000040000fa
:04001400b60400002e
:020000040000fa
:04003400b60400000e
:020000040000fa
:04004400b6040000fe
:020000040000fa
:04004800b6040000fa
:020000040000fa
:04009400b6040000ae
:020000040000fa
:04009800b6040000aa
:020000040000fa
:04012c00b604000015
:020000040000fa
:04005400b6040000ee
:020000040000fa
:04013000b604000011
:020000040000fa
:0400a000b6040000a2
:020000040000fa
:080000000002040000000000f2
:020000040000fa
:100400008f9c23000e7a24000e018800000000005b
:10041000000020000000e000020032000001200087
:100420002002880014000700a70207000000e00077
:1004300003003a00a0a729000100200002003700b5
:100440000000200001002000810f70000100320038
:1004500014000700000020000000e000020032004d
:100460000000020000000000a2880200000000005e
:100470000040da000000fe004440a900a0f0220085
:100480000000e0000300320000002000a00188000e
:100490004440a800000006008a1f78008b1f7800e7
:1004a0000000060091018800800478000000eb0045
:1004b0001a003700e284440032a0b4009905ba0063
:1004c000e284440032a0b4009906ba00e2844400f9
:1004d00032a0b4000006eb00476fde00fd07b2005b
:1004e000636ce10003003a00ebff07000000eb0043
:1004f0000a003700606ce10004003a00005deb0088
:100500008b05e900fdff3e00040037006168e10053
:10051000010032000086eb000b00070019c7ba008b
:100520001905ba000e04e00003003a000a00e000da
:10053000e0ff3a0000000600fe07b2009e018800be
:100540008a047800f5ff3700395dba008b05e900b1
:100550000c003200295dba008b05e900080032006a
:100560000c00e00003003a00e284440032a0b40032
:10057000f5ff370019ddba008b05e900faff3a00f4
:100580008904e800e184440032a0b40000000600c1
:100590003600f800809fbe00829fbe00849fbe0090
:1005a000869fbe00889fbe008a9fbe008c9fbe00b3
:1005b0008e1f78003400f80000002000a0018800a1
:1005c000f28747003e0880005d0880008480a90013
:1005d000087b2400e203ab0001003200887d240088
:1005e00008067800808220003002be002003be0092
:1005f00061044200e0844a0060054b00e0854b0046
:10060000c8bf9f00d9bf9f00eabf9f00fbbf9f00ec
:100610000898be000a90be005001be004000be0017
:100620001e28ec00c4d6220019c0b30094cf1400d9
:1006300040003a0005d622005503be004502be0028
:1006400008fa2000090020006055b80008044200a4
:1006500089844a000a054b008b854b0088bf9f00a8
:1006600099bf9f00aabf9f00bbbf9f000d0254000f
:10067000e0825c0060035d00e0835d00c4bf9f001a
:10068000d5bf9f00e6bf9f00f7bf9f0004882300ef
:10069000150020006033b800340707004fbc9700f6
:1006a000dfbc97006fbd9700ffbd970000005400ae
:1006b00081805c0002015d0083815d004240a900f1
:1006c00005003c00e0d622001008e800c0d6220059
:1006d0000048eb0017003700f4972a00350020008f
:1006e0006033b8000400e1000588e1000690e100f5
:1006f0000798e1000f003c008a21ef004300de0074
:10070000cd0cdd000080740000004700400c880024
:1007100084c0a90094c0a80080ff2f008a01b60001
:100720000000a000500c880021c0b300c0d62200f9
:10073000014878002248e2000c003200f1408000bd
:100740000041800000805000080033003008800025
:1007500068004000400c880080ff2f008a01b6002e
:100760000010a000500c88002268ef002648e2002c
:1007700006003200f14080002041800000805000df
:1007800002003300cd62a9002668ef008c007800db
:1007900020d52100dc460700c05922001080fb0054
:1007a0000000ea004f00de004a00dd002116800054
:1007b00001a0a10081007000211688002f01b10066
:1007c0003400f9004f0778004f06be004f05be0009
:1007d0004f04be004f03be004f02be004f01be00db
:1007e0004f00be003600f900004006003600f80059
:1007f000809fbe00829fbe00849fbe00869fbe0079
:1008000084c0a90094c0a9001808e20004003200c6
:10081000c140800000d722003c4a07001828ef00a2
:10082000f0408000e0408800f04080002003b000ed
:100830000041880010c0b30022e8b7001a48e20067
:1008400007003200cd62a800f0408000a00fb00089
:100850002041880010c0b30026e8b7001a68ef00f6
:1008600031c0b300c0d62200014878004f03be005b
:100870004f02be004f01be004f00be003600f9001f
:1008800000400600809fbe00829fbe00841f78004b
:100890008580a9002322ab0013003a00c0418000ec
:1008a0003608e3001000320003272300f23f200047
:1008b00001202000c0418000634078000000fb0060
:1008c000201188003808ec0002026000c441880052
:1008d000141180000480600003003a00c0418000d1
:1008e0003608e300f3ff3a004f0278004f01be00e4
:1008f0004f00be0000400600809fbe00829fbe00e9
:10090000841f780087e0a9003322ab0013003a006f
:10091000904180003008e3001000320003e722001d
:10092000f23f2000012020009041800063407800c9
:100930000000fb00a01188003208ec0002026000f9
:1009400094418800941180000480600003003a0004
:10095000904180003008e300f3ff3a004f02780036
:100960004f01be004f00be00004006000040da000c
:100970000000fe00f6874700889fbe008a9fbe00e9
:100980008c9fbe008e1f78000001be000600200074
:1009900007f82f000003430081834b00f4ff2f0072
:1009a000f5f72700840f5300858f5b001b0036008e
:1009b0000002400081824800e00f5200e08f5a00a0
:1009c00006003a000001be00de0307000001be0081
:1009d0000000200001f82b0008003700e00f500055
:1009e000e08f580007003d001202200032ce89003f
:1009f0000001be00060207006011b800f202070005
:100a0000a10037000200200003c02400cd0307002e
:100a10000001be007efe2f000a003700840f500048
:100a2000858f580098003e006000b8000400200048
:100a300005f82300840f5100858f59009200320081
:100a40000007eb00d0b02f00a104200002024000fc
:100a50008382480094b79f00a5b79f00fe07b100ae
:100a6000afb09700f107b20004007800324f2000c9
:100a700053f3230000004100818049000200200060
:100a800003f82300e20107000004be00020020007a
:100a900003002400e70107000001be000800be00bb
:100aa000c90207000002be000001be00f4b79f00ab
:100ab00085bf9f00a30307000006be000001be0023
:100ac000a00307000005be000200200003f0230081
:100ad0000800be009b0307000801be009903070041
:100ae0000001be00f0af9f0081b79f000800be006c
:100af000c701070081017800c3b79f0002002f00e3
:100b000000016100b2b79f003fb19700cfb19700dd
:100b10000800be00be0107007fa997008fb19700b3
:100b2000bb0107000003be00e29e2e0013e9230074
:100b30000a00be00d6b79f00e7b79f0081030700f9
:100b4000a2aa2a00a3f22300ba0107000001be00f6
:100b50000c00be007b0307000004be0062e2290017
:100b600083e723000a00be007603070032e12c0071
:100b7000c3ec2300af0107000001be000a00be0065
:100b8000700307000001be000800be00a9010700b5
:100b90000001be007fa897008fb09700a501070055
:100ba0000001be007fb297008fba97000400be001c
:100bb000640307000001be005fb39700efb3970026
:100bc0000600be009b0107000005be001fb2970093
:100bd000afb297004728de00010020000000470068
:100be000cf80de00fb0007000004be00b27d2200c3
:100bf00043552300530307000006be003fb1970092
:100c0000cfb197000a00be008a01070092ad2e0006
:100c100043802b004b0307000001be000c00be0008
:100c2000840107000006be0002002600e3ed230059
:100c30000a00be00430307000001be000c00be0016
:100c40007c0107000005be0002002600e3ed230042
:100c50003fb09700cfb097003a0307000001be00f5
:100c60000a00be00730107000005be000208220052
:100c7000a3e923000800be00320307000001be0004
:100c80000a00be006b0107004f0778004f06be0048
:100c90004f05be004f04be006f01b100000006000a
:100ca000889fbe008a9fbe008c9fbe000004be00cd
:100cb0000400200005f82700858360000403780005
:100cc000840f5300858f5b0007003a000801be00c7
:100cd0000800be001b0307000001be000800be00a4
:100ce0005401070010003700e00f5000e08f58005b
:100cf0000f003c008101780003f0a10000017800a2
:100d0000e00f5100e08f59006a003200100220000d
:100d100030ce89000801be000800be003c0107007b
:100d20000001be00280207000004be006100370079
:100d3000478cde00cf8cde00e00f5400e08f5c00bb
:100d40000f003a006044b800040037000000400083
:100d50008180480061044400e0844c0004002000cd
:100d6000050820008181620004017800e00f510035
:100d7000e08f5900f5ff320061041400e0841c008c
:100d8000f807b1000980b10081017800f307b200d3
:100d9000000178000200be000170a0000808a30056
:100da0000200320000004000818048008984d100a8
:100db0000884d30000004000818048009401200096
:100dc00002002000031020006055b8006066b800e3
:100dd0000c0341008d834900800f5300818f5b001d
:100de00006003c00060641008786490006005000c8
:100df000878058000a0541008b85490000004000ab
:100e0000818048008301d1000281d3000402e900ff
:100e1000efff3a00e00f5000e08f58001b00320057
:100e20000226240023da20000000200001f823001d
:100e3000f70007000200200003f82300320007003b
:100e40000000e000110035000226240023da200013
:100e50000000200001f82300f60007000200200037
:100e600003f82300280007000000e000030034001e
:100e700062054500e0854d00040037006000b800c1
:100e8000610065000005450081854d00c744dd0017
:100e9000080020000000200001f0230008044000aa
:100ea000898448008b85d1000a85d3000804450059
:100eb00089844d000800be004f06be004f05be00ed
:100ec0004f04be000000060000000500839f68007c
:100ed0000100e00002003d0060001000e08018000a
:100ee0000300e00002003d0060011100e0811900f4
:100ef000b40007004f00e00002003b00600010005b
:100f0000e080180000000600f4ff2f0040053700c5
:100f10000001be00870007000470a70003f0a100d5
:100f20006509b100160032000d0035006828e100a7
:100f300006003500f0ff2f00f1ff27000300e0005e
:100f400013003b00010028000000050000004000e5
:100f5000818048008502e900fcff3a000800370064
:100f6000f88f420002003c008000eb00000005000a
:100f70008100d1000080d3008502e800fcff3a0028
:100f80000300e00002003b0060001000e080180059
:100f900000000600881f7800030478000300e000ca
:100fa00007003d0060001000e0801800600119009b
:100fb000e081190002003b0001f02d000300370022
:100fc0000700070008f0a70001f0a0004f04780018
:100fd000000006004f89de0082017800edff370037
:100fe000889fbe008a9fbe000082700004027100cc
:100ff00004827100260032000004be000200be0020
:101000006011b8006b092000950220000182cf001a
:101010000a0039000541b1000082cf000700390005
:101020000541b1000982cf00040039000541b1003b
:101030000882cf00010039000541b100054252008d
:10104000120032000a003b008281710061016400dd
:101050008100d1000080d3008984d3000884d300ac
:101060008b05e8000442e800f7ff3a00070037006c
:101070000804440089844c00000048008180480036
:101080008b05e9000442e900f9ff3a00030007007c
:101090004f05be004f04be00000006008100200086
:1010a000618055000b003d000b00200061fe2f0009
:1010b0000100e1001d0034008281710061016400c3
:1010c0008904d1000884d3000000e800faff3a0048
:1010d00071002000610064000300700002006000e5
:1010e0000900320061044400e0844c000988a50036
:1010f000050032008b05e8006808e10002003a00b4
:101100008904d1000884d300f20f20000258e100c6
:1011100005003d00c75ddd00f907b200898075005c
:1011200008007800000006000bf827008b0078000c
:1011300000000500c70ade00f107b200f50fb2009b
:1011400008003200e1cf4200020032000170a0002e
:1011500024000500810f7000010032000408050022
:1011600044000500810f700002003a0014000500e1
:101170008502e9000000400081c04800fcff3b0000
:101180000170a00024000500811f78000100e0002c
:1011900002003d0060001000e08018000300e00045
:1011a00002003d0060011100e081190015000700f8
:1011b0004f00e00002003b0060001000e0801800db
:1011c000000006006022b800060220000000d000e7
:1011d0008180d2000482d2008582d2000000a0006b
:1011e0000202520083825a000300310002024200d0
:1011f00083824a000000a1000603e900f3ff3a00e1
:1012000000000600efff07000400be00000006001b
:1012100007f82700078361000638e10004003a0060
:10122000f7072000878361008703710001003a00ff
:1012300003f0a200889fbe008a9fbe008c9fbe0064
:10124000470ade000480a100c71ade000580a10065
:10125000070028000785600087856100f70f2000e0
:101260000720e1009e0032000728e1009c003200c8
:10127000010678000400e000b4003200f707200007
:10128000878060000170a0000500e000c00032000f
:10129000f7072000878161000370a0000506520057
:1012a0000f003a000b50e1000b0032000308e10090
:1012b00002003a000200e1007e0032000204500009
:1012c00083845800040031000001fd008101fd000d
:1012d0008402fd008a05fd006044b800210037004b
:1012e0000520e10005003d000001fd008101fd0039
:1012f0008402fd008a05fd00050652007a60e100c7
:10130000050035000170a1004722dd0084807000d7
:101310008a807000630037006044b800ef02660006
:1013200007ff2f00070666000500e00006003400f6
:10133000f08312008714dd000511de00071bdd00bd
:10134000060171008519de007060e10005003500be
:101350000904780082047800030178008001eb0022
:10136000700656000b50e10003003a0002004000f6
:10137000838048000400370060041400e0841c00ef
:1013800002005800838058000188a3000600320044
:101390008100d1000080d3008984d3000884d30069
:1013a0000402e800270037000178a30025003a0076
:1013b0000100e000030032008186cf0069865600fc
:1013c0000a0037008c0020000000e00004003a0012
:1013d00009007800880478000004eb0070025200d5
:1013e0008086cf000d0646000c06e9007060e10023
:1013f0000600350080007800090078008804780035
:101400000004eb0070065600700252000c00e00071
:101410000c0034008c08dd00f00316000703de002a
:10142000868070000c00dd00074bde0006007000b7
:101430008c4cdd000743de00868474000c44dd0024
:101440000c0252006120e1002000350061016000c3
:101450000700280087816400f7ff27008783640066
:10146000070374000300e0000600320082037300eb
:10147000040032000000e800e08048000188a3007a
:101480000e003a00f70f20000720e1004a003d005f
:101490000170a1004722dd00810072008a80700087
:1014a0000000be004f06be004f05be004f04be0048
:1014b000000006006000b800faff37008100d1008c
:1014c0000080d3000402e800eeff3700040178003a
:1014d00089017400a10107008a807000f1ff3700c4
:1014e000f7010700070278000001fd008101fd00ff
:1014f000f301070087027800850372000778a300d4
:10150000040032000001fd008101fd000602070019
:10151000e4ff3700850362000768a300080032007b
:101520000b50e10003003200f0ff2f00f1ff270015
:10153000dcff37000001fd008101fd00d9ff37000d
:101540000468a300d7ff3200faff3700f8ff270036
:10155000888360000b003a000000e00009003a00b8
:101560008303640082837300020032000200be0025
:10157000ccff37000b50e100ceff3a000200be0066
:10158000c8ff370014002000810064003eff3700d0
:10159000f8ff27008883610004003a000200e000a1
:1015a00002003a008c007800beff370015002000d2
:1015b0008301640039ff370001f827000000200094
:1015c00081007500b7ff3700889fbe008a9fbe006c
:1015d0008c9fbe001b0020000202be000586680032
:1015e00006002800060666004709de00f20fb2007a
:1015f000820032000243e80080003200c729de008a
:10160000f30fb2007d0032000343e8007b0032009c
:10161000f107b2000170a000f507b2000570a0004c
:10162000c708dd004903de00868070004700dd004a
:10163000c72add004923de00868272004722dd00d2
:101640000305510004035000858358000300310056
:1016500000004000818048000a05e9008c1f7800e6
:101660008a9fbe000400500085805800040242009a
:1016700085824a0000004000818048000005eb00a0
:101680000004be006033b8000406be000d48e1004f
:1016900056003100110009004dccd8000c01b800f3
:1016a0000d02b8008481410060824a0082835300a9
:1016b00003045c0084845c0060055d000a00e000b7
:1016c00025003a00800578000d40e1004900310016
:1016d0008800780007007800110009004d88d800c4
:1016e0000c01b8000d02b8008481410060824a00fc
:1016f0006003110083835b0004045c00e0845c00f1
:101700000900e00021003a004f01be000300e000a4
:101710002b003200e3016000070673008c8171002a
:1017200001003200640070004200de004e5edd0009
:101730000c007000c258de0001e0a0008301070029
:10174000cf017800818071004f06be004f05be00ba
:101750004f04be00000006008c8343000d044c00c3
:10176000e0844c0060054d000000e9000a00e00044
:10177000d4ff32008c8343000d044c00e0844c0005
:1017800060054d000000e900ceff37000c03430068
:101790008d834b0060044c00e0844c000000e900a5
:1017a0000900e000d8ff32000c0343008d834b009a
:1017b00060044c00e0844c000000e900d2ff3700d8
:1017c0004200de004e5edd000c007000c258de00fc
:1017d00001e0a000cf0178000300e000daff320052
:1017e00060001000e0801800d7ff3700f0ff2f00e6
:1017f000aaff3700f0ff2f00b9ff37000404be0036
:101800002f010700870678000004fd008104fd0019
:101810002b010700078366000678a300030032004f
:101820000960a7000800be002c0037000d78a30057
:10183000020032000800be00280037000778a3002d
:1018400026003a0001f0a10009f0a1000668a300fb
:1018500003003200f1ff2700f0ff2f00baff37002e
:101860000d68a300030032000800be008c807000e9
:10187000b5ff37000768a30007003a000648a30039
:1018800003003200f1ff2700f0ff2f00aeff37000a
:101890000d48a300030032006000b8008c80700087
:1018a000a9ff37000748a3000400320001f8270011
:1018b000000020008c807000a3ff37007601070035
:1018c0000004fd008104fd0002057800720107009c
:1018d0000802be008a01780059ff37000160a000ad
:1018e000120220000242880097ff37000100e0004a
:1018f000120032000500e00010003200889fbe0098
:101900008a9fbe008c9fbe000006eb0001f8a3007a
:101910000300320060001000e08018000cf0a0000e
:1019200005f8a3000300320060021200e0821a00f2
:101930000cf0a2008005eb0041ff37006000b8000a
:101940000200050003836800070028000703630006
:10195000470ade000480a100c71ade000580a1004e
:10196000f70f20000720e100420032000728e100c5
:1019700040003200889fbe008a9fbe008c1f780006
:10198000f107b200f307b2000400e0006400320087
:101990000170a0000500e000680032000370a000a4
:1019a00085054200eb07b1000204b8000302b8004d
:1019b0008484440060854a00020ab800848444009c
:1019c0000a854a00030ab8000405450004003300f4
:1019d0000804d0008984d2000a85d2008b05e90072
:1019e0006158e1003d00350002102000090161004e
:1019f0000308200089816100f707200087836400c5
:101a000008867300c84cde00c853dd00878474006c
:101a10004855de000300e000060032008203760035
:101a2000040032008904e80060054d000a88a30024
:101a30000c003a00f70f20000758e10044003d0079
:101a40000a70a100c75ddd000a8575008a00730079
:101a5000090078004f0678004f05be004f04be0015
:101a6000000006000a05d1008984d3008b05e80038
:101a7000f0ff3700881f7800060478009000070008
:101a8000070278000001fd008101fd008c000700c5
:101a900087027800850372000778a30005003200f2
:101aa0000001fd008101fd009f0007004f04780048
:101ab00000000600850372000748a30003003200ff
:101ac000f0ff2f00f1ff2700f8ff37000000200093
:101ad00001f8270088807000f4ff37008801780043
:101ae0004848dd00808171004848de00c850dd00b4
:101af00001007000c850de00060478000b01780079
:101b00001600070088807000d2ff37000500e00053
:101b100005003200170020003a0007009dff370043
:101b200081037000f9ff3a00860078004f067800c4
:101b30004f05be004f04be00000005008303710086
:101b4000f9ff3200270020002e00070094ff370025
:101b500001f8270086807000f4ff37000100e000e4
:101b600026003200610111007810e10023003c00e2
:101b70006022b8007010e100040035008002780097
:101b8000010078008000eb00700151000200e000cd
:101b90000900340070031100062add00822ade00ed
:101ba0008603dd00878272000200de00860bdd0006
:101bb000070070008208de0084817100f4ff2700b6
:101bc0000482620084817100040028008482620023
:101bd0006102600005f0a6000000060004827100aa
:101be000070032000000e800e08048000000060026
:101bf0000002be006000b800efff37006000b800d0
:101c000000000600889fbe000004eb006138e10080
:101c100016003a000100e00008003a00c800de00ab
:101c20004800dd00880020000100e00003003a00c9
:101c3000c800de004800dd00680444008184cf0055
:101c4000e9845400060034008908dd00f0831400a4
:101c50008703de00878070000900dd00090444006e
:101c6000610214004f04be00000006000300e00003
:101c700008003a00c811de004811dd00880020008d
:101c80000300e00003003a00c811de004811dd0047
:101c9000680444008384cf00e984540006003400c3
:101ca0008919dd00f08314008713de00878171003d
:101cb0000911dd0009044400e1021400e9ff3700c6
:101cc0002700200001f0a70017002000470bde00ce
:101cd000f60fb200040032000643e8000a003200aa
:101ce0004702b3000000060001037800f607b200c7
:101cf0000603700002003a000703b300000006006c
:101d00008702b3000000060001037800f607b20066
:101d100006037000020032000770a00000000600f9
:101d20000760a000000006000478a3000400320051
:101d30000578a300030032000168a30001003a0007
:101d40000200be000160a0000000060081017000da
:101d5000270032008002eb0001f8a30003003200ec
:101d600060001000e080180015002000f40720003b
:101d70000202420020003400f703200087036000c5
:101d80000604200000036300020820000001610037
:101d90004700de00c909dd0000807100c708de00d1
:101da0000600e000080032008703710006003200e0
:101db0001000b0000180b0000188a30002003200d2
:101dc000c108de000402e800f107b200f30f2000b2
:101dd0000320e10003003d004722dd008100720086
:101de0002900370001f827000000eb00260037002b
:101df0006000b80000000600680212007f20e100c9
:101e0000020034006000b8001f0037006011b80005
:101e10007020e100040035008001780001007800a6
:101e20008000eb00700252000400e0000900340062
:101e3000f00312000719dd008419de000703dd003e
:101e4000868171000400de00070bdd0006007000d3
:101e50008408de00f7ff2700838363008703710097
:101e60000600280003036300070032000700e000bb
:101e700003003a0061016000028173000200320039
:101e80001000b0000180b0000500a60000000600b0
:101e900001f0a000000006004f0ade004709de0046
:101ea000f107b200f20fb2000b003200f207b100ee
:101eb0000170a000c708dd00c901de00838070004a
:101ec0004700dd000400a6000000060060001000ce
:101ed000e080180000000600810f700001003a0049
:101ee000000006008182cf000500e00010003e00e7
:101ef0008082cf00ee8242007028e10004003900a9
:101f000007003e00800078000000eb000e00370064
:101f1000708312008600de000500dd000a00370035
:101f2000708352008600dd000000eb0006003700e1
:101f3000e28252008508dd00708312000603de0095
:101f4000868070000500dd007507b0000501ea001d
:101f50000400a6000000060060001000e0801800e9
:101f600000000600889fbe008a9fbe003004420029
:101f7000b0844a0030054b0090854b006000b100f2
:101f80000898be000a90be000440e10005c8e100c8
:101f900006d0e10007d8e1000200310068004000ef
:101fa0001008e8004f05be004f04be000000060008
:101fb000889fbe008a9fbe003004be002005be0080
:101fc0000418540005985c0006185d0007985d0031
:101fd000110020000440e10005c8e10006d0e10046
:101fe00007d8e100010039008000eb0010881000e4
:101ff0004f05be004f04be00000006001200fa00ac
:10200000889fbe008a9fbe008c9fbe00e0b79f00e5
:10201000f1b79f0082bf9f0093bf9f000605be00df
:102020000404be000000eb00d0b79f00c0b79f00c3
:10203000b0b79f00a0b79f0090b79f000006780040
:102040005fb19700cfb09700820141003fb0970089
:102050000200e00004003d00370007007e805700ca
:10206000c0ff070003003700330007007e805700e1
:10207000cfff0700dfb697000d00e0000c00350031
:102080006fb29700ffb297000fbb97009fbb9700fe
:1020900010002000010020006011b8000002720052
:1020a0008182720002037300838373001b000700a8
:1020b0000c06e80001042000810f5600e0ff3a0002
:1020c0000d00e00004003d000802be000a03be004f
:1020d0007e805700a3ff07005fa897000000e00084
:1020e00005003a001fb29700afb297003fb39700c8
:1020f000cfb39700090007006fb09700ffb09700bb
:102100000fb997009fb997004f06be004f05be005c
:102110004f04be000080fa00000006000100070026
:1021200000000600a4b79f00b5b79f00c6b79f0088
:10213000d7b79f00000006004f09de0082817100c2
:10214000b3b79f004f01de008180400082807000a5
:10215000a1b79f008fb097004f09de00000040003c
:102160000200700090b79f007fa897004f01de002b
:10217000818040008280700081b79f000d000700c1
:102180004f3ade000000400004007000f0af9f00f6
:10219000080007000402420085824a0006034b0043
:1021a00087834b00dfff07000802be000a03be0062
:1021b000000006002fb29700bfb297004fb3970000
:1021c000dfb3970000000600881f78001800200089
:1021d000881f780089ff07008f87e9004f04780087
:1021e00000000600801feb0084ff07008f87e900d6
:1021f00000000600889fbe008a9fbe00e00f5000ce
:10220000e08f5800e00f5900e08f59000c003d00ae
:102210006044b8006055b8000000540081805c0044
:1022200002015d0083815d00180020001500070099
:1022300008003d00180007000004eb00050037000f
:102240000004eb000f00070002003d001200070031
:1022500018002000dcff07000800e0000600320044
:102260006022b8006033b8000000520081805a003c
:1022700002015b0083815b004f05be004f04be007e
:1022800000000600e00f5200e08f5a00e00f5b00f4
:10229000e08f5b00000006006044b8006055b800a5
:1022a0000402540085825c0006035d0087835d00a4
:1022b00000000600889fbe008a9fbe008c1f780029
:1022c000e00f5000e08f5800e00f5900e08f5900f8
:1022d0000d003d006044b8006055b8000000540097
:1022e00081805c0002015d0083815d001c00200094
:1022f0000820e10009a8e1000ab0e1000bb8e10004
:102300000d003d00080037000006eb00e00f520012
:10231000e08f5a00e00f5b00e08f5b0006003d009d
:102320006044b8006055b8000402540085825c0027
:1023300006035d0087835d00aaff07000c00e00034
:10234000060032006022b8006033b800000052007e
:1023500081805a0002015b0083815b004f06780098
:102360004f05be004f04be0000000600889fbe005f
:102370008a9fbe008c1f78000006eb00e00f500023
:10238000e08f5800e00f5900e08f590007003d0032
:102390006044b8006055b8000000540081805c00c3
:1023a00002015d0083815d001c002000e00f5200ef
:1023b000e08f5a00e00f5b00e08f5b0007003d00fc
:1023c0006044b8006055b8000402540085825c0087
:1023d00006035d0087835d000c00a2002f0007004c
:1023e0000c00e000060032006022b8006033b80044
:1023f0000000520081805a0002015b0083815b0073
:102400004f0678004f05be004f04be0000000600d6
:10241000889fbe008a9fbe00841f780017000700b7
:102420004f00780011003300f0ff2f00838f6c0005
:1024300006003b00040565000a00a70008003700fd
:1024400009f0a6001000200008003700820f540099
:10245000838f5c00030039001000200001003e0063
:102460000000200009f0a7000000ea004f05be00b0
:102470004f04be000000e000000006000004be00a3
:102480002cfb07000003be000405be000200be00d6
:1024900028fb0700844f750000000600889fbe00df
:1024a0008a9fbe008c9fbe000404b8000506b800d9
:1024b0008904460060854e000606b8000a054600fd
:1024c000e0854e000706b8008b054600040eb800f4
:1024d000890446000a854e00e0854d00050eb800cf
:1024e0000a0546008b854e00060eb8008b05460097
:1024f0000416b8000a0546008b854e000516b80084
:102500008b054600041eb8008b0546000800be007f
:102510000a01be004f06be004f05be004f04be00bc
:10252000000006000000fa0068815700cfb897004d
:10253000690207000080fa00000006008d00070015
:10254000e500070096010700be010700170107001c
:10255000b9020700640237008001780002003700ea
:10256000b15978000201e9000200e000fcff3a00e6
:10257000000006008001780081027800810f500081
:102580003b00320002824000840f50000300310003
:1025900002024000848f500001003900eeff370036
:1025a00000826800810f50001b0031000408a30066
:1025b00005003200150037000200e0002c00320058
:1025c0000201e900b15978000308a300faff3a00bc
:1025d00003037800820278000102780002003700cd
:1025e000b41978000281e900e10f5100fcff3e00c0
:1025f000618162000500a1008501430085824000e1
:1026000002003700b55978000201e9000200e0003d
:10261000fcff3a00000006000408a30012003a0084
:10262000040037000200e000110032000201e9005e
:1026300061707900820140000308a300f9ff3a00ad
:1026400082017800020037000281e90061307900e0
:10265000e10f5100fcff3e00618161000200370084
:102660000201e900617079000200e000fcff3a001d
:102670000000060080007800040037003104e0000c
:1026800002003a000000510000000600010178003d
:102690000108a300f9ff3a008101780031017800b8
:1026a000f4ef2f00020242000281ea000201620000
:1026b0000408280004016100f7ff3200830078005d
:1026c000010178003104e000fdff3a0000005100f4
:1026d000000006000f04b0008e1f78000202780090
:1026e000030178000000e0000200320000077800db
:1026f000020037000efc2f000f0747008002eb009e
:102700000100e000010032008102e9000f007800c2
:10271000e003b1001d0009000018eb000080eb0091
:1027200090a79f0023102000a3a79f00bea79f0093
:10273000c1a79f00d5a79f000100e00003003d0056
:10274000b104200031ce890007003700004feb00b4
:10275000fea79f00eea79f008400780020fc2f00ba
:102760000f004000000507004f0778000f04b1007c
:1027700000000600ec874700889fbe008a9fbe00cd
:102780008c9fbe008e1f7800000678000104780040
:10279000180790002805900098067800cdb79f0094
:1027a000b80590003202be002203be000400be0045
:1027b0000601be004f18de006011b8008000eb007b
:1027c000d0b79f00e1b79f00f2b79f0083bf9f0083
:1027d000800478000900e000060032006000b800c4
:1027e0006011b800040250008582580006035900a9
:1027f000878359000e00e000020035000d10a10093
:10280000cdb79f000900e00005003a004fb09700e7
:102810000028a30002003a000038a30002003200a2
:102820008a00e900010037008a007800f88157002b
:10283000a200200008007800860007000900e000e0
:1028400003003a00cfb097000128a300080032002f
:102850000000e90000814500b1c2b3000900e000ba
:1028600001003200d1c2b3000149780005003700f1
:102870000138a300030032000000e90001c2b300e8
:1028800081757800480190000201e90000015100c3
:10289000808045004fb297008a0178000c007800d4
:1028a000300207009c0090000188a3000400320061
:1028b00098009000810f500001003d000100780059
:1028c0004f0778004f06be004f05be004f04be0004
:1028d000cf00b100000006000200fa00889fbe0091
:1028e0008a9fbe008005780001047800020078000d
:1028f000180190002805900098007800b1bf9f0053
:10290000b80490000200e000020035000110a100b0
:10291000b1bf9f00ea815700820020008a00780042
:102920003002be002003be00080078004900070006
:102930003fb99700f0006100030032000000e90099
:1029400001c3b300817478003fb99700e8006100cb
:10295000030032000000e90001c2b3008174780076
:10296000480190000201e90000015100808044000c
:102970003fba97008a0178000b007800f901070040
:102980009b0090000188a300040032009800900092
:10299000810f500001003d00010078004f05be008e
:1029a0004f04be000080fa0000000600ea874700de
:1029b000889fbe008a9fbe008e1f780000047800aa
:1029c000030078007287570084e2260055c726006e
:1029d000049fbe00c3962200030f78006c87570047
:1029e000004feb0011059000a104900091057800c4
:1029f0000200e00002003200020778000100370008
:102a0000728757000000e00002003a000e007800d4
:102a100018ff07000a00e000030035008a0f50008d
:102a2000010036000a0078000b0278008901780066
:102a3000000178008e00780008007800c9010700c6
:102a40004f0778004f05be004f04be00af00b10035
:102a500000000600f4874700889fbe008a9fbe00e2
:102a60008c9fbe008e1f78000605be000404be00c9
:102a700081bf9f0082b79f00f3b79f00b000900016
:102a8000e1b79f001301780092b79f009006900075
:102a9000400090000000e900000678000d00e00012
:102aa00001003d001d0020008040eb00efb19700c9
:102ab000817178001e0020001f0037000c06e9001d
:102ac0000fb09700cf80de006109b900a0b79f006a
:102ad000b1b79f00c2b79f00d3b79f000203be00eb
:102ae0000002be000800be000a01be00bdfd0700d6
:102af000000778000e4078000043b000efb0970068
:102b000080707e008d06e9000fb997000201e90090
:102b100082bf9f002fb29700bfb297004fb39700bc
:102b2000dfb397000800be000a01be00a6fd070043
:102b30000205be000004be000c00e0000d003400e1
:102b4000e00f5400e08f5c00e00f5d00e08f5d005f
:102b5000daff3a000d00e000d8ff3c008fb9970083
:102b60000300e000030034001fb097000018a3002a
:102b7000d2ff3a000e00e00002003a00ffb09700da
:102b80001140a1000c0078004f0778004f06be00ee
:102b90004f05be004f04be004f01b100000006000b
:102ba0000200fa00889fbe008a9fbe0000057800e0
:102bb000010478000200780018019000a804900039
:102bc00098007800b1bf9f00b80590000200e000b7
:102bd000020035000110a100b1bf9f00ea8157003b
:102be000a2002000890078003002be002003be0051
:102bf0000800780097ff0700480190000201e900f3
:102c000000015100808045003fba9700890178009b
:102c10000a007800530107009a0090000188a30081
:102c20000400320098009000810f500001003d0028
:102c3000010078004f05be004f04be000080fa007e
:102c400000000600fa874700889fbe008a9fbe00ea
:102c50008c9fbe008e1f78008004780001047800ed
:102c60008205780018019000280590001807780068
:102c7000b80090000200e000020035000e10a10034
:102c8000010037001200200070006700e0b79f00cd
:102c9000090032003b02be002b03be00e00f5200d1
:102ca000e08f5a00e00f5b00e08f5b000200320013
:102cb0008a86e900010037008a067800e80267008a
:102cc000f5b79f00010032008d06e9003b02be000f
:102cd0002b03be00e4af9f00f5af9f0086b79f00b7
:102ce00097b79f00480690000c06e9000040eb00f3
:102cf00080707e00efb297007fb297008903780062
:102d000081047800d8af9f00020478008bbf9f0039
:102d10008a057800034578002a0037000c06e90090
:102d20006fab97006f006300e90f500002003c009a
:102d30000003b000010037007005b0000a03fb007b
:102d40001604b100f90f53000c003e000003780098
:102d50000650a0001606b100f90f530007003e0010
:102d6000b4b79f00a5b79f00c7b79f0077030700c0
:102d7000cfb39700afb297003fb2970080747e0048
:102d80000804e9008d06e9006fa89700ffa89700e6
:102d90000fb197009fb19700460020008301d1003a
:102da0000281d3008180d3000080d3000603e900b4
:102db000faff3a00e0af9f00f1af9f0082b79f009b
:102dc00093b79f00e10f56000f0034006fa89700e3
:102dd000ffa897000fb197009fb19700e00f500038
:102de000e08f5800e00f5900e08f5900cbff3a0008
:102df0000800e000c9ff3c000d00e00002003400c4
:102e00000e18a300c5ff3a0089007800f4b79f00b0
:102e1000870478005fac97008a4178000b05780042
:102e20008fbd97000500e000100032003b02be009d
:102e30002b03be00e4af9f00f5af9f0086b79f0055
:102e400097b79f00e00f5200e08f5a00e00f5b0041
:102e5000e08f5b00050032000c06e90083707e0005
:102e60000c06e90000c3b30080707e00ffb297003b
:102e70000500e000030032000c06e90000c2b300c8
:102e800080707e00480190000201e9000c015100b1
:102e90008c8040000e0278008a01780009007800da
:102ea000b0000700990090000188a30004003200e0
:102eb00098009000810f500001003d000100780053
:102ec0004f0778004f06be004f05be004f04be00fe
:102ed000af01b10000000600820178000101780016
:102ee000f1ff27002e03370084082000848f500054
:102ef0001d0032000d003c0014082000848f50009b
:102f00002700320002003c000408200004003700c3
:102f100024082000848f5000340032004408200030
:102f2000848f500043003a0036003700040a200026
:102f3000848f50002700320004003c000409200068
:102f4000848f50003b003a0028003700020c20001c
:102f5000828f50002f003200020f2000828f50001d
:102f600034003a002b0037009380e9000200e000b3
:102f700005003200810978001102fb00cfa2de00bb
:102f8000612bb900280037008109780011427800d0
:102f90000482fb008002eb006033b800220037009f
:102fa00013027800e40052000200e0000500320045
:102fb000810978001102be004fabde008603780065
:102fc00019003700810978001102be006033b80093
:102fd000150037009380e90081097800110278001c
:102fe000cfa2de00612bb9000f00370093027800fa
:102ff000e8805200810978003102be002103be0042
:10300000090037009380e9000200e000020032006e
:10301000f1ff37009380e900810978001102780000
:103020008002eb006033b8000498be000690be003a
:10303000100005000000050044082000848f5000a7
:103040002500320008003c0014082000848f500046
:103050001400320024082000848f50002400320025
:10306000040820000c00370004092000848f500061
:103070001f00320004003c0084082000848f5000b0
:1030800024003a000e003700040a2000848f50000c
:1030900011003200040c2000848f50001d003a0003
:1030a0000d0037009380e9008109780091007800d5
:1030b00001087800cf91de008288be00140037003e
:1030c0009380e90081097800910078000108780078
:1030d000824878000e0037009380e900810978006b
:1030e0009100780001087800820878000800370015
:1030f0009380e90081097800910078000108780048
:103100006112b900612bb9008498be008690be00a0
:103110001000050000000500889fbe000004780034
:103120004800900082047800808f5400010036002f
:1031300080047800090178005800900006fd07001f
:10314000580090000900400050049800c80090000a
:1031500089845000490498000048eb004f04be00e9
:1031600000000600f2874700889fbe008a9fbe00cd
:103170008c9fbe008e1f78008004780001057800c7
:1031800002047800830578006107620002003a00bb
:103190008b0f540008003900080178008a0078007d
:1031a00009007800dcff07008b0f54000200390093
:1031b000880578001e003700088655000c0178004d
:1031c000f00f56000100360002012000010220002d
:1031d0007e805700f20107008c067800050037005a
:1031e00002012000fe80570009007800caff070096
:1031f000f0865600ef8f5600f9ff3e004461de0076
:1032000000ff2f000091b90002014600fe80570028
:1032100009007800c0ff07000e00e00004003a003b
:10322000080178008a00780009007800baff0700da
:103230000b0078004f0778004f06be004f05be0018
:103240004f04be002f01b100000006000000050081
:103250000000050000000500000178000040eb00c0
:103260008080fb00818040000399230063c27800c6
:103270000404e00003003a001099230060c07800c5
:103280000000060092017800934f520004003a00bb
:103290001099230060c078000309e800010037009e
:1032a0000040e800ea4f5000edff36000000060045
:1032b000f6874700889fbe008a9fbe008c9fbe0095
:1032c0008e1f7800000578000104780083057800df
:1032d000040678000000eb00c0b79f008080eb0080
:1032e000d1b79f00e0b79f00f2b79f000008200011
:1032f00080bf9f0098007800010078008004eb00f8
:10330000010037008904e800304178000204e00041
:103310000300320053c2b300834f5100f9ff3a005b
:103320000900e00004003200090178000a0078007a
:1033300079ff0700188c44001807780050c2b300ca
:103340009e4f10003f013a000e07e8000e0c780077
:1033500010003700cfb097000100a0000b0037002d
:10336000cfb097000110a00008003700cfb0970041
:103370000120a00005003700cfb097000130a00069
:1033800002003700cfb097000140a000c1b79f00f6
:10339000000ce8001800780090407800b2c2b3003a
:1033a00082cf5000f1ff320007003c0002c2b300a0
:1033b00082cf5000f0ff320032c2b30082cf500003
:1033c00007003a00efff3700d2c2b30082cf5000af
:1033d000e0ff320002c3b30082cf5000e0ff3200b2
:1033e000a2c2b30082cf50000d003a00000ce800ea
:1033f0001c80e900000e780010007800e0b79f0004
:103400000000e0000f003d00cfb097000100a200d7
:10341000c1b79f000000ea00e0b79f000900370035
:1034200039010700e0b79f0001003700000ce800f9
:10343000180078009000fb000103b100e98f5000f4
:10344000faff36004fb097000008a30002003200d8
:103450000010a100c0b79f0018007800e1c2b300bf
:1034600090cf100016003a008000eb00d1b79f000b
:103470000000e800000c7800a1c2b30090cf10005b
:1034800006003a00000ce8001c80e900000e7800fd
:1034900010007800d0b79f00090037001a0107001c
:1034a000d0b79f0001003700000ce800180078003a
:1034b0009000fb000103b100e98f5000faff3600d5
:1034c0000800780064ff0700804678001800780044
:1034d0001000fb009601070091062000810f5000ac
:1034e0003800320012003c0041062000810f5000dd
:1034f000340032000a003c0011062000810f500009
:103500002000320031062000810f5000a000320060
:1035100051022000810f5000bc003a00b400370077
:1035200071062000810f5000b8003c008800370071
:1035300001072000810f50005c00320007003c00b2
:10354000e1062000810f50007a003200f1062000d1
:10355000810f5000ad003a003900370051072000bc
:10356000810f50002700320081072000810f50009a
:103570004200320031072000810f5000a3003a00c2
:103580008f0037008d80fb000c01780000fe2f00bb
:103590000f004000a70107000000e000a800320073
:1035a00018007800000ce8009041780002fe2f001f
:1035b0000f014100f88057000a007800bd010700a4
:1035c0000e0037008d80fb008c0178001200200077
:1035d00000fe2f000f00400043fe07000000e00047
:1035e00097003200180ce80002fe2f000f01410086
:1035f000f88057000a0078005efc070080844400d1
:10360000900037008d80fb008c0178000001eb00fa
:1036100000fe2f000f00400033fe07000000e00016
:1036200087003200180ce80002fe2f000f01410055
:10363000f88057000a00780059fd0700efff3700b7
:103640008d80fb008c0178000001eb0000fe2f0054
:103650000f00400024fe07000000e0007800320068
:10366000180ce80002fe2f000f014100f8805700ff
:103670000a00780098fc0700e0ff37008d80fb000f
:103680008c0178000001eb0000fe2f000f004000cd
:1036900015fe07000000e000690032001800780005
:1036a000000ce800904178001c0037008c01780085
:1036b0000001eb00010f200000fe2f000f00400072
:1036c00009fe07000000e0005d003200180ce80071
:1036d0000fb097009fb097002fb19700bfb1970030
:1036e000e00f5000e08f5800e00f5900e08f5900c4
:1036f00009003a00cfb597006fb497008098230077
:10370000dcfb07000b0278008801780000017800dc
:10371000819823004700370083c7b30002fe2f00c3
:103720000f014100f88057000a00780045fd0700ae
:10373000b2ff37000b8144008d80fb008c017800c4
:1037400000fe2f000f0040003bfe07003c0037004a
:103750008d80fb000c01780000fe2f000f00400060
:10376000340107000000e000350032001800780046
:10377000000ce8009041780002fe2f000f0141008c
:10378000f88057000a007800ed0307009bff370020
:1037900000c8b30080cf560029003a00180ce8009a
:1037a0001c80e900000e780010407800e0df9f00e8
:1037b00013002000e2fd2f000f0141000800370038
:1037c00000c8b30080cf56001d003a00180ce80076
:1037d0001c80e900000e78008001eb0010017800e9
:1037e000f88057000a00780070fc070083ff37005c
:1037f00000c8b30080cf560011003a00180ce80052
:103800004fb29700efb19700080037000e0c780018
:103810000000eb00c0b79f00e0b79f000080eb0006
:10382000d0b79f000002eb00840178001200200056
:10383000e19823000a0078004afe07006fff370076
:10384000180ce800090078004f0778004f06be000a
:103850004f05be004f04be006f01b100000006001e
:103860008200fa00889fbe008a1f78000005780059
:1038700082047800c13f9f000004eb001000370075
:103880000902780088017800a2f72f000f0141009b
:1038900081f72f008f8040000a00780084fe070027
:1038a00008004000880f500004003d00b0042000d4
:1038b00030ce89000084eb0004003700000478005b
:1038c0004f3897001004e000edff3a000800780040
:1038d0004f0578004f04be000080fa00000006008b
:1038e000800078001000200002022000828f50002b
:1038f00004003200e9805000e48f500001003600df
:103900000000eb0000000600889fbe008a1f7800c0
:10391000000578000a047800984478000805e8005b
:103920000900fb00eeff07000000e000f9ff3a008d
:10393000b0c2b30080cf540005003200d0c2b30043
:103940008000eb0080cf540005003a0002003700f1
:103950008000eb0001003700110020000804e8009f
:103960000000eb00030037006a02b90002005200b9
:103970000003b0003801fb0003fd2f0082814100ed
:10398000e98f5100f8ff36000100e00001003a0025
:103990000000ea004f0578004f04be00000006005a
:1039a000889fbe008a9fbe00800478000200e0006d
:1039b0005b00320001407800814c78008281440035
:1039c000f1f99f00e20f5100550036009144980034
:1039d000a1449800e1f99f00d1f99f00e60f510042
:1039e0004f003600b1449800c1f99f00e80f510024
:1039f0004b0036000905ea00630565000a844400af
:103a00000a055100c1ff2f00010565000080fb0081
:103a10008000eb001210200013102000ad060700fc
:103a2000008cbe000a01440060b99f0071b99f007c
:103a3000e80f55003a003600200498003104980041
:103a4000400498005104980020b99f0031b99f00ac
:103a500040b99f0051b99f00f80f55003000360063
:103a60006004980071049800000c9800110c9800f4
:103a7000200c9800310c9800400c9800510c9800d4
:103a800020b19f0031b19f0040b19f0051b19f0014
:103a900060b19f0071b19f0000b99f0011b99f00f4
:103aa00064016400780141000204440002055500ed
:103ab0006011b8000203be000002be000403be0095
:103ac0006022b80000007200818072000201730061
:103ad0008381730010003700009cbe000294be007a
:103ae0004004980051049800620498007304980000
:103af000000c9800110c9800220c9800330c9800d0
:103b0000400c9800510c9800620c9800730c9800bf
:103b10000a02b1000802b000ff0f5500eeff3e00a0
:103b2000090078004f05be004f04be0000000600eb
:103b3000f1fb2f0080804000f98f500001003e0013
:103b40000050a00000000600f9ff3700f1f92f0037
:103b500080804000f98f500001003e00f005b20067
:103b600000000600f9ff37000200fa00881f780005
:103b700000047800e2bf9f006481570008007800cd
:103b800037ff0700980090000148a30001003200b1
:103b90000080eb004f0478000080fa00000006006f
:103ba000f28747008e1f7800020278000301780038
:103bb0000000e0000200320000077800010037003a
:103bc000728757008002eb000100e0000100320024
:103bd0008102e90070805700060009000018eb0020
:103be0000080eb0080bf9f002310200093bf9f0048
:103bf000aebf9f00b1bf9f00c5bf9f000100e000a6
:103c000003003d00b104200031ce890006003700da
:103c1000004feb00eebf9f00debf9f0084007800e6
:103c200070805700a10507004f0778002f01b100f1
:103c300000000600881f78000004780000082000bb
:103c4000808f50001700350010082000808f500032
:103c50000b00340030082000808f500011003a0023
:103c60009200780068805000000978003002be00a1
:103c70002003be00049cbe000694be00070037006f
:103c80009202780064805200000978001000be00a3
:103c9000c5050700009cbe000294be001000200075
:103ca000010037000000eb004f0478000000060020
:103cb000000006003e00fa00889fbe008a9fbe00fa
:103cc0008c9fbe0010079800834678001100780092
:103cd000400f980091019000430798002102900046
:103ce000240f9800c1029000050f7800b1009000e9
:103cf000611f98003204be002205be00281f9800f4
:103d0000391f98004a1f98005b1f98006022b80076
:103d10006033b8000800be000a01be009805070025
:103d20000000e00009003d000800be000a01be00de
:103d300003f0a200201f9800311f9800421f980036
:103d4000531f9800d0c2b30004003700ce08900083
:103d50000128a30009003200b0c2b3006e19900020
:103d600000497800ae0990008301e900330f980004
:103d700014002000540f980010003700ce0a900065
:103d80000538a3000900320000c2b3006e1b90008a
:103d9000004b7800ae0b90008703e900370f9800c6
:103da00018002000580f980004003700ae0c900057
:103db000390f98000005eb005a0f98002e1890005c
:103dc000be1890004e199000de199000b8ff070051
:103dd000f4ff2f00f5ff2f00f6ff2f00f7ff27005d
:103de0000402600085826000060361008783610031
:103df0006000b8000200200003ff27000020e1005f
:103e000001a8e10002b0e10003b8e1000c003a00b3
:103e10008d06fb001d04b100ee1d9000de08900031
:103e200001804500619a2300f98f56000100360099
:103e3000a19a23002b050700a09a23002f02370028
:103e40000020e10001a8e10002b0e10003b8e100b8
:103e50000c0036008d06fb001d04b1006e199000a9
:103e6000de09900003004100e19a2300f98f56001b
:103e700001003600219b23001a050700209b230028
:103e80001e02370000c3b3006e1a9000de0a9000d5
:103e900000f27a000500e800000142008d00fb00fe
:103ea000f6fb2f00068340002607980081c7b30069
:103eb000f90f530001003e0081c5b30001497800ad
:103ec0000000e800500f98006022b8006033b8008e
:103ed0002e189000be1890004e199000de19900028
:103ee000270507000000e0005e0032008003eb00c1
:103ef0006044b8000a0020000bff23006807980008
:103f0000790798000a0f98001b0f980007067800a1
:103f1000050037000c06e8006e0c9000fe0c9000c7
:103f20000e1590009e1590000802be000a03be0008
:103f30000800be000a01be00720507000002be00b4
:103f40000203be00640f9800750f980006179800d2
:103f5000171798002e189000be1890004e19900068
:103f6000de199000060507000000e000e9ff3d00b3
:103f70006c0f98002a0037006022b800060020006d
:103f800007fe23000800be000a01be005706070016
:103f90006022b8006033b800f90407000000e000b8
:103fa00016003a006022b800060020000735240001
:103fb0000800be000a01be004c0607000004be0057
:103fc0000205be006022b80006002000073524006c
:103fd0002e189000be1890004e199000de19900027
:103fe000420607000002be000203be00241f980024
:103ff000351f9800461f9800571f98006022b80090
:104000000600200007fe23000800be000a01be00d3
:10401000360607000004be000205be000c06e900db
:104020000802be000a03be002e189000be189000c1
:104030004e199000de199000d10407000000e00046
:10404000cdff35000800be000a01be0060079800e1
:1040500071079800020f9800130f98006c0f9800da
:10406000090037008000eb00610f98006022b80063
:104070000600200007ff23006407980075079800da
:10408000060f9800170f9800ce02900080012000c4
:104090000500e000010035004e0090000000e8003f
:1040a000300798006e049000fe0490000e0d900002
:1040b0009e0d900068179800791798000a1f9800c5
:1040c0001b1f98002e1c9000be1c90004e1d9000df
:1040d000de1d90000006eb003a0037006e129000e3
:1040e000fe1290000e1b90009e1b90000800be0068
:1040f0000a01be004e050700a60707000002be0029
:104100000203be0024179800351798004617980040
:1041100057179800c30407008002780055079800dd
:104120006e129000fe1290000e1b90009e1b9000dd
:104130002e109000be1090004e119000de119000e5
:10414000ea0507000002be000203be000800be0030
:104150000a01be00e50407000004be000205be001f
:104160006022b8000600200007fb23006e109000bc
:10417000fe1090000e1990009e199000db050700bc
:104180000002be000203be00641798007517980075
:10419000061f9800171f98000c06e800ce0290003a
:1041a0000500e00007003d006022b8006033b80061
:1041b0000800be000a01be00710407000000e00014
:1041c000040032003e039000860f5600c3ff350006
:1041d000010037003c0798006022b800060020006c
:1041e000070224006e109000fe1090000e1990003f
:1041f0009e199000bd0507000002be000203be002c
:104200006417980075179800061f9800171f9800ec
:104210000800be000a01be00590407000000e000cb
:104220000d0035006e129000fe1290000e1b9000e3
:104230009e1b90000800be000a01be00500407004b
:104240000000e00011003a00de0290000508a30023
:10425000080032000d0037006044b8006055b80017
:1042600068179800791798000a1f98001b1f98007c
:10427000060037006000b8006011b80060179800b1
:1042800071179800021f9800131f98006e1290007b
:10429000fe1290000e1b90009e1b90002e189000a6
:1042a000be1890004e199000de199000950407008a
:1042b0000002be000203be00641798007517980044
:1042c000061f9800171f980079fe07000203be0022
:1042d0000002be00f0ff2f00f1ff2f00f2ff2f00c1
:1042e000f3ff27000004620081846200020563007e
:1042f00083856300281f9800391f98004a1f980083
:104300005b1f98006000b8000200200003ff270038
:104310000040e10001c8e10002d0e10003d8e10063
:10432000bbfe3200be0c90008984e900291f980072
:104330005e0e90008006eb005d0798002d17980038
:104340006f0037006e029000fe0290000e0b90008e
:104350009e0b90006e109000fe1090000e199000c1
:104360009e199000b20407000a0707000004be006f
:104370000205be002b040700800078000100e00069
:1043800006003a002e1090000000e000030032000a
:104390008d06e8003d0f9800330037005e01900065
:1043a0000200e0000c003a00ae1190000300e000b3
:1043b00009003200e0c2b3006e1a900000727e0065
:1043c0000c06e800ae1a90008502e900251f98004f
:1043d0001600200056079800ee1b90000c81430049
:1043e0000d007800070278000300370003c3b30014
:1043f000035978000000e9000000e000fbff3a00ec
:10440000300f9800641f98000d064600e98f500099
:1044100003003c00000320000100400002003700c0
:104420007005200001004000ae009000f98f5000a0
:1044300006003e00800078000150a0001106b10087
:10444000f98f500001003e00c0fd07006e1990007a
:1044500000717e000c06e8008d86ea00ae1990001f
:104460008d814100231f98006e029000fe02900093
:104470000e0b90009e0b90000800be000a01be00cb
:104480001a0507000002be000203be006e10900075
:10449000fe1090000e1990009e1990001304070062
:1044a0000002be000203be00641798007517980052
:1044b000061f9800171f98006022b8000600200011
:1044c00007fb23006e009000fe0090000e09900094
:1044d0009e099000050507000004be000205be000d
:1044e00068079800790798000a0f98001b0f98003a
:1044f000ae1490008904e90029179800be0e9000c0
:104500002e1590000a00ea00be0590008b0f5000a7
:1045100004003d009e00780065805000800f56002a
:1045200088ff39005e0190000200e0001e003a00a2
:104530000d00e0007d003400ce0190000300e0009b
:104540007a0034004e0a90000408a30077003a0075
:10455000ee1a90008c804200e0c2b30080487800e0
:104560000d0078008501780002c3b30082687800ee
:104570000000e900fcff3a00631f98000c8646002b
:104580000c06e8002e1b90000600e9000d0050000c
:10459000201f980004003700e0c2b300ee1b90001b
:1045a00080737e000c06e8006e1c90000c00440036
:1045b0000048eb009e0478008900e9000041eb0010
:1045c00002f478008001eb006e0d90000a00e0001c
:1045d00003003d000a05ea006a0f9800130020005e
:1045e000120020006e0a9000810378002e1b9000bc
:1045f0006e1c900080067800090037008103780067
:10460000a5002000110009000502d8000002be002c
:104610000543b00005f47b000201e9000603e90050
:104620008700e9000400e000f4ff3a00e10f5100c8
:10463000f2ff3200261f9800681f98000d007800d6
:1046400001024400b2c2b3000300e00001003200e6
:10465000d2c2b300024a78000101e900ee199000cd
:104660008280410003c7b3002e029000f90f520070
:1046700001003e0003c5b30083487800820f560056
:1046800001003d0017030700ce0a9000638062001e
:10469000e20f500018003a002e1b90000684e9003b
:1046a0004240a900140034006e189000f1f7070092
:1046b000800044008100e800ee1b900081804300f0
:1046c0008701780002003700e36078000000e9000d
:1046d000de0c9000890f5000fbff3d00631f980027
:1046e000098041000801780001032000acfc0700ac
:1046f0000005eb002a0f98006e189000ddf7070008
:104700004e0a9000ae09900000017800ee1890006b
:104710001e00900093fa07004f06be004f05be0032
:104720004f04be000080fa0000000600ce0d90008d
:104730000b48a30098ff3a009bff370000000600db
:104740004200fa00889fbe008a9fbe008c9fbe0078
:1047500020079800110f9800034f9800110078006f
:10476000400f980091009000610f98009e09900002
:10477000a3019000330f98001e0a9000440290009d
:10478000140798009e0a9000b50290000527980033
:104790003204be002205be006022b8006033b800bb
:1047a0000800be000a01be00f50207000000e0009c
:1047b00003003d000bf0a200d0c2b300040037009c
:1047c0004e0b90000628a30009003200b0c2b300cf
:1047d0008e239000804b78003e0890000000e90096
:1047e000700f980011002000510f98001000370042
:1047f0004e0990000238a3000900320000c2b30045
:104800008e219000804978003e0a90000402e90061
:10481000740f980015002000550f98000400370011
:104820003e0b9000760f98008003eb00570f980026
:104830000800be000a01be00c0ff0700f4ff2f0001
:10484000f5ff2f00f6ff2f00f7ff2700040260009e
:104850008582600006036100878361006000b80004
:104860000200200003ff27000020e10001a8e10072
:1048700002b0e10003b8e10011003a000e489000d8
:104880008000fb001104b1000e219000de099000b1
:1048900003004100f98f500002003e00619b23009d
:1048a00001003700a19b23008e020700a09b23007c
:1048b00070f707005e0a9000040140001500370001
:1048c0000020e10001a8e10002b0e10003b8e1002e
:1048d000130036008e4a90008500fb001104b100e1
:1048e0000e239000de0b900007004300f98f50006c
:1048f00002003e00e19b230001003700219c2300c1
:1049000078020700209c23005af70700de08900079
:10491000010140004e0a9000be099000500237008d
:104920006022b8006033b8000800be000a01be0073
:10493000930207000000e0006a0032006022b80025
:104940000600200007ff2300441798005517980021
:1049500066179800771798008006eb000800be00e5
:104960000a01be00001f9800111f9800221f980026
:10497000331f98000e269000070037008d06e800d0
:104980000802be000a03be0044179800551798009d
:1049900066179800771798006022b800060020007c
:1049a000470224004e109000de1090006e1190001f
:1049b000fe119000cd0307000004be000205be00fa
:1049c0000002be000203be000e1890009e18900068
:1049d0002e199000be199000690207000000e00047
:1049e000e6ff3d000c2798000006eb004e149000f7
:1049f000de1490006e159000fe1590002500370023
:104a000040ed2f00808f560019003d000c00e000a3
:104a100016003a006022b800060020000735240086
:104a20000e1890009e1890002e199000be1990004c
:104a3000ae0307000002be000203be00041f980080
:104a4000151f9800261f9800371f98006022b80095
:104a500006002000073524000800be000a01be0041
:104a6000a20307000004be000205be001c002000d7
:104a70006022b80006002000470224000800be00a3
:104a80000a01be00ea0207000004be000205be00e3
:104a90008d06e9000802be000a03be000e18900051
:104aa0009e1890002e199000be1990003402070045
:104ab0000000e000d2ff35000800be000a01be0081
:104ac00040179800511798006217980073179800c4
:104ad0000e1c90009e1c90002e1d9000be1d90008c
:104ae000080037006022b8000600200007ff2300fe
:104af0004417980055179800661798007717980084
:104b00008006eb008e4a90000500fb0008fc0700c1
:104b1000104f98006e0b9000600020000600e0002f
:104b2000010035006e08900071c6b3009e4b9000e6
:104b300081cf53000a003a00ee0890000100e00027
:104b4000cf013200cf0137008d0f5000d3013c0060
:104b5000001f980052c6b300425f98001e00370045
:104b60009e499000435f98000200370064c6b3007e
:104b7000445f98000000e800001f980060c6b30082
:104b8000ce5a900080cf520013003a000d00e00092
:104b900008003d006000b8000200200003ff230071
:104ba00040179800511798006217980073179800e3
:104bb0008006eb0061c6b300415f980070c6b30089
:104bc0001e499000804f5100030032008e19900062
:104bd0008d814100031f98004e129000de1290005c
:104be0006e139000fe139000441f9800551f98000c
:104bf000661f9800771f98000800be000a01be00db
:104c00000017980011179800221798003317980082
:104c10000006eb000802be000a03be00540798001d
:104c20006507980076079800070f98003100370055
:104c30004e1a9000de1a90006e1b9000fe1b900032
:104c40000e1090009e1090002e119000be1190004a
:104c500077020700cf0407000004be000205be0073
:104c6000f001070080027800250f98004e1a90008e
:104c7000de1a90006e1b9000fe1b90000800be0024
:104c80000a01be00190307000e1290009e12900048
:104c90002e139000be139000140207000002be0005
:104ca0000203be0007f0a200041798001517980031
:104cb00026179800371798006022b80006002000d9
:104cc000470224004e189000de1890006e199000e4
:104cd000fe199000560207000002be000203be004b
:104ce000441f9800551f9800661f9800771f980072
:104cf0000c06e8008e1a9000850f5600ccff350098
:104d00005e049000ee0490007e0590008e0d9000f1
:104d10006022b80006002000470124004e189000d1
:104d2000de1890006e199000fe199000ef02070047
:104d30000002be000203be00441f9800551f9800e9
:104d4000661f9800771f98000e1090009e1090002c
:104d50002e119000be119000890107000000e000b4
:104d60000f0035004e1a9000de1a90006e1b900066
:104d7000fe1b90000e1090009e1090002e119000cf
:104d8000be1190007e0107000000e00011003a0013
:104d9000ae0a90000508a300080032000d0037009d
:104da0006000b8006011b800401f9800511f9800c3
:104db000621f9800731f9800060037006022b80039
:104dc0006033b800441f9800551f9800661f980074
:104dd000771f98004e1a9000de1a90006e1b90000c
:104de000fe1b90000800be000a01be00c5010700be
:104df0000002be000203be000417980015179800b9
:104e000026179800371798006022b8000600200087
:104e1000470224004e109000de1090006e119000aa
:104e2000fe119000b10207000004be000205be00a2
:104e30000002be000203be000e1090009e10900003
:104e40002e119000be119000520107000000e000fa
:104e5000090035008d06e80060c6b300ce5a900008
:104e600080cf520008003a000e1b90000603e800b5
:104e7000061f9800110037004e149000de149000b9
:104e80006e159000fe15900050c6b3004e5990006c
:104e9000804f510009003a000802be000a03be001c
:104ea000441f9800551f9800661f9800771f9800b0
:104eb0008002eb0045179800070037000800be008d
:104ec0000a01be00401f9800511f9800621f980001
:104ed000731f98004d1798005e0e90000001eb00c4
:104ee000220f980032079800520798000d0f7800a3
:104ef0006a0037004e1a9000de1a90006e1b900078
:104f0000fe1b90000e1090009e1090002e1190003d
:104f1000be119000c60107001e0407000004be0079
:104f20000205be003f010700e90f500001003400f8
:104f300090002000ce0990000348a3000c003a0026
:104f40000000e0000a003a0071c6b3001e4a90005b
:104f5000814f520006003a00ce1290000500e0009a
:104f600003003d002e0b90008606e800230037006a
:104f7000be0390000700e0000c003a00ce10900045
:104f80000100e00009003d00e1c2b3000e219000e5
:104f900001717e000c06e800fe0990008301e90023
:104fa000730f980014002000340798008e229000a0
:104fb0000c814200ae0e900085017800030037009e
:104fc00001c3b300015978008d06e9000d00e0002f
:104fd000fbff3a00032798002e0b900006064600c0
:104fe0000043b00080717e000c06e8000680ea00f5
:104ff000fe0b900080834300770f98004e1a9000bc
:10500000de1a90006e1b9000fe1b90000800be0090
:105010000a01be00350207000e1290009e12900099
:105020002e139000be139000300107000002be0056
:105030000203be0007f0a20004179800151798009d
:1050400026179800371798006022b8000600200045
:10505000470224004e189000de1890006e19900050
:10506000fe199000720107000002be000203be009c
:10507000441f9800551f9800661f9800771f9800de
:10508000ce1290008502e900451798005e0390005b
:105090000603e800560798002d0f9800de039000e5
:1050a0000e189000808f530005003d009e08900070
:1050b0004100900065005000800f56008dff3900c0
:1050c0009e0678003e0190000200e00007003a00d2
:1050d000ce0990000348a30004003200e0c2b300f0
:1050e0000e22900000727e000c06e8008e229000d6
:1050f0000c8042000048eb0051c6b3004e5b9000ac
:10510000814f530038003a009e0390008700e90069
:105110000041eb0082f278008001eb000d00e0001e
:1051200002003d008d06ea0013002000220020004e
:1051300001037800fe0a90008e239000000478009e
:105140000a00370001037800a400200011000900c4
:105150008406d80001027800800678000443b0007d
:1051600084737b000201e9008502e9008600e90002
:105170000d00e000f3ff3a000200e000f1ff3c0008
:10518000750f9800072798000800780001824300f7
:10519000b2c2b3000300e00001003200d2c2b3008b
:1051a000024a78000101e9008e21900082804100ce
:1051b0008e4a90000502fb001404b10053c6b300f0
:1051c000f90f520001003e0053c4b3008348780039
:1051d0007e0b90000683e900760f9800820f560040
:1051e00001003d003f000700ce0b9000638063008c
:1051f000e20f500015003a007e0890000000e00029
:10520000120034000e2090001af507008e21900045
:10521000040037007e09900082804100e37078002e
:105220000000e900de0a9000850f5000f9ff3d0004
:1052300003279800058041007e09900001032000ab
:10524000d7f907000003eb00360f98000e209000fe
:1052500008f507004e0a9000be0990000001780092
:105260008e2090002e009000bef707004f06be0073
:105270004f05be004f04be000080fa00000006008b
:1052800010002000e48f46002ffe3d00001f980014
:1052900057c6b300475f98004ffe37000d00e0008f
:1052a00032fe3500001f980042fe37000200fa006f
:1052b000881f780000047800e2bf9f0064815700d7
:1052c0000800780066f90700980090000148a300e4
:1052d000010032000080eb004f0478000080fa00eb
:1052e00000000600881f780000047800080078009d
:1052f00003000700080078004f0478000000060053
:105300000101780080017800008268000408a30091
:1053100005003200130037003240780080597800d1
:105320000004e00014003200030278000208a30029
:10533000f9ff3a00030078000100370003187800f5
:1053400082007800b2017800f5ef2f0083824200de
:105350000382ea0004826200050828000502620058
:10536000f6ff3200000278003141780002587800e0
:105370000204e000fbff3a00040078000000060091
:105380008f1fd1007a0207008f87e9000000e0003c
:1053900000000600809feb00750207008f87e90080
:1053a0000000e000000006008103780061ef0700c4
:1053b0000001be006000b8000478a30013003a00aa
:1053c0006220e10015003e000d0039008301d1008c
:1053d0000281d3008180d3008301d1000281d300f8
:1053e0008180d3008301d1000281d3008180d3006a
:1053f0000538b000c42add00f300b20083817200da
:1054000007f0a70003f0a0000000060083ff2700bc
:10541000020020006110b900f9ff370003ff2700e8
:10542000f7ff37001400fa00889fbe008a9fbe0075
:105430008c9fbe000004be000205be00680047004d
:105440000a90be000890be00840207000070a7000a
:105450000bf0a100304320009e0290008082520099
:10546000b0fe2f000028e10011003d00b0fc2f002d
:105470000028e100150034001e0990008e089000fd
:105480007e0090000501b0000201d1008180d300b0
:105490000080d3008502e800fbff3a000b00e0002b
:1054a000a9023b0060001000e0801800a60237004f
:1054b000f0ff2f00f1ff27000b00e000a2023b00ed
:1054c00001002800000020009f0237006000b800a3
:1054d0009d023700020ab900001bb9000200b800a3
:1054e0008100420081004300000006008c9fbe0046
:1054f0008a9fbe00889fbe00ca0107000bf0a20071
:10550000040037008c9fbe008a9fbe00889fbe00ab
:10551000c40107000c48e1000b003a000c40e10018
:10552000020032008b010700400037008b066d003f
:105530003e0032000af0a100f3012000f2ff2f002c
:105540006110b900390037000c40e100370032002b
:105550000940e100010036007e0107008a856d00e8
:10556000cf5dde000b0575000006eb008804fd0032
:1055700089045400010032007d0107000a04e000a4
:1055800011003a000800e00028003200040040004a
:105590008580480006014900878149000358a3001f
:1055a000180032008301d1000281d3008180d30032
:1055b0000080d3000c86d30001003900610676001c
:1055c0000804e800180037000400500085805800e7
:1055d0000601590087815900060031000af0a20037
:1055e0000c06ea0060001800e08018006001190055
:1055f000e081190003003a000004eb000005eb0015
:105600000a0037000348a30007003a000c064600d2
:105610000000480081804800020149008381490060
:105620000804e900f7ff3700af013700c901370070
:105630008c9fbe008a9fbe00889fbe007901070034
:105640000b056d000940e1000a003a000800e00087
:10565000020032000c40e10006003a000af0a1000e
:105660000c047800f3012000f2ff2f006110b90054
:105670009d0037000c40e1009b0032000800e00074
:10568000990032000c48e10002003a000004eb00ef
:10569000030037000900e00004003a000c04780021
:1056a0006000b8006011b8008f0037000348a30005
:1056b00006003a00000040008180480002014900d5
:1056c000838149000804e900f8ff37000748a30078
:1056d00006003a000402420085824a0006034b009d
:1056e00087834b008904e900f8ff3700fd3f200065
:1056f0008d845400090454008a1f7800881f7800a4
:1057000000047800810478000205780083057800a1
:105710006000b8006011b8000d04200005003700db
:105720000804440089844c000a054d008b854d0017
:10573000080031000404540085845c0006055d0007
:1057400087855d008381d2008d06d300f4ff3b0086
:10575000070037000404440085844c0006054d0012
:1057600087854d008381d2008d06d300ecff3b007e
:105770000804440089844c000a054d008b854d00c7
:10578000080031000404540085845c0006055d00b7
:1057900087855d000281d2008d06d300f4ff3b00b7
:1057a000070037000404440085844c0006054d00c2
:1057b00087854d000281d2008d06d300ecff3b00af
:1057c0000804440089844c000a054d008b854d0077
:1057d000080031000404540085845c0006055d0067
:1057e00087855d008180d2008d06d300f4ff3b00e9
:1057f000070037000404440085844c0006054d0072
:1058000087854d008180d2008d06d300ecff3b00e0
:105810000804440089844c000a054d008b854d0026
:10582000080031000404540085845c0006055d0016
:1058300087855d000080d2008d06d300f4ff3b0019
:10584000070037000404440085844c0006054d0021
:1058500087854d000080d2008d06d300ecff3b0011
:105860000b00e00004003d000404440085844c006b
:1058700006054d0087854d000006eb008301d10031
:105880000281d3008180d3000080d3000c86d30036
:105890008301d1000281d3008180d3000080d30036
:1058a0000c86d300890474008b0575008b8474000a
:1058b00001003200610676004f0478004f05780041
:1058c0000348a30007003a000c0646000000480009
:1058d0008180480002014900838149000804e900f1
:1058e000f7ff3700000137001a0137008c9fbe0018
:1058f0008a9fbe00889fbe00ca0007000b056d008e
:105900008a0578000c40e10008003a000900e00038
:1059100082003a000af0a1000c047800f301200094
:10592000f2ff2f006110b9007c0037000c48e10045
:1059300004003a00870007000900e00077003a0001
:10594000f4ff37000800e000740032000900e000b6
:1059500002003a007f00070070003700ed3f200092
:105960008d845400090444008a1f7800881f780041
:10597000871f7800861f7800851f7800841f7800b5
:10598000cb19dd00c515de008b8571004b11dd00e4
:10599000450dde000a057100cb08dd00c504de0000
:1059a000898470004b04dd000440b8000546b8004f
:1059b0008c80400060814e00044eb8008c80400016
:1059c0000d0149008001eb000318ad000456b8003a
:1059d0000c0141008d8149000002eb000420ad0064
:1059e0000646b8000c0141008d81490060024a0062
:1059f000054eb8000c0141008d81490060024a004b
:105a00000556b8008c8141000d024a008002eb006f
:105a10000528ad000746b8008c8141000d024a0000
:105a2000e0824a00064eb8008c8141000d024a0017
:105a3000e0824a004f0678000c5eb8008c8141007d
:105a40000d024a00e0824a000656b8000c024200ed
:105a50008d824a000003eb000630ad00074eb8000f
:105a60000c0242008d824a0060034b004f06780012
:105a70000c5eb8000c0242008d824a0060034b00ad
:105a80000756b8008c8242000d034b008003eb00e8
:105a90000738ad004f0678000c5eb8008c824200db
:105aa0000d034b00e0834b004f0678000c5eb800fe
:105ab0000c0343008d834b004f0478004f057800a2
:105ac0000748a3000a003a00000040008180480017
:105ad000020149008381490004024a0085824a008c
:105ae00006034b0087834b000804e900f4ff3700ee
:105af0000306780080807000828070000100320010
:105b0000610676008701780006017800850078003c
:105b10000400780088047800780037008d00370092
:105b20008c06460002003a000000a60000000600b5
:105b300060004800e080480060014900e0814900c1
:105b40000350a600000006008301d1000804e8000d
:105b5000000006000002fd008102fd000203fd00be
:105b60008303fd008804fd008a05fd000000060097
:105b70007048e1001a0039007d0320000d48e10063
:105b80000a00390081057000830671008c8575005c
:105b90008d8575000006eb000cd8e70061067600e5
:105ba0006000b8006011b800000006007048e10015
:105bb0000b0039008c0578000006780001007800a1
:105bc00082007800030178008001eb0003d8e70031
:105bd00061067600f0845400f4ff3a0000000600ed
:105be0006160e1000c48ad00f08514008b06dd001b
:105bf0000966de000d0676008b0edd000900de0072
:105c00000d0070008b16dd008908de008d807000ad
:105c10008b1edd000911de000d0171008919de0007
:105c2000000006000d002800fc7f20000d856100ab
:105c3000441cde00ef8161000c04640001003200ae
:105c40000340a0008d856300c43cde00ef83630049
:105c50008c846400010032000740a0000c40e10089
:105c600006003a00ef866100828676008186760023
:105c70008086760001003200180037000c48e100f1
:105c800007003a00ef8663008686760085867600f8
:105c90008486760002003200aeff07000f00370056
:105ca0000348a30005003a00810670008286760052
:105cb00083867600010032000804e8000748a3004c
:105cc00005003a0085067200868676008786760093
:105cd000010032008904e80000000600cf047800cb
:105ce000cf0578001b0037000002780081027800a1
:105cf0000203780083037800880478000cf0a70082
:105d000087ff0700fd7f20000d40e1000400350003
:105d10000d0478006000b8006011b8000d00370075
:105d20000800e0000b003c000400780085007800cb
:105d30000601780087017800e18414008cff0700d9
:105d40000cf0a70076ff07000004eb000340a7005b
:105d50000804e8004444dd006fc561008801750057
:105d60004f04be004f05be004f06be0000000600f7
:105d7000889fbe008a9fbe008c9fbe000404be00a8
:105d80000605be00809fbe00829fbe002100070066
:105d9000040678000800be000a01be001d000700ce
:105da000840678004f03be004f02be008d4f760080
:105db0007fb0970013003300f0ff2f008b8f6b0034
:105dc00006003b000d0666000c00a7000a00370025
:105dd00007f0a600100020000a003700880f5200cc
:105de000898f5a008a0f5b008b8f5b00030039009c
:105df0001000200001003e000000200007f0a70076
:105e00000000ea004f06be004f05be004f04be0072
:105e10000000060005ff2700058261000700320030
:105e20000428e100010032002400050006000700fc
:105e300001003a00440005000408050002000700c4
:105e4000f9ff3a00140005006f82610081027000c2
:105e50008502710085027200000006008000780053
:105e60005002be005003be004439de00f700b2000d
:105e7000f37f200003016100090032000218e100f5
:105e800016003a008501720083017300838173005c
:105e90000008200015003a004000200013003700e1
:105ea00085017200830173008381730005003a004d
:105eb00004a8be0006a8be00100020000b0037009a
:105ec0000201e9000402420085824a0006034b00f9
:105ed00087834b000748a300f9ff32000740a0006a
:105ee00004a8be0006a8be00200020008000980084
:105ef0009200980000000600680447000294be006b
:105f00000094be00fc0447008694be008494be004a
:105f100009007800d1ff070008007800cfff0700d4
:105f200099007800814f70000b003b000800be0014
:105f30000a0007004f00b10003003700f3ff2700fd
:105f4000f2ff2f006110b9004f06be004f05be00e2
:105f50004f04be000080fa0000000600e48240000a
:105f60001078a30007003200640240001178a300fb
:105f70003400be001401be00040032000330a7004c
:105f8000000006003500be001501be000330a00071
:105f9000000006001800fa00889fbe008a9fbe001d
:105fa0008c1f78000004be000205be000802be007f
:105fb0000a03be00443ade00f07f200000066200c3
:105fc00020432000800f560067003c006022b8008c
:105fd0006033b8000800be00e9fc07000000e000e4
:105fe000610032000802be000a03be00b4b79f0081
:105ff000c5b79f00d6b79f00e7b79f00e00f5200dc
:10600000e08f5a00e00f5b00e08f5b000b003d006b
:106010006022b80006002000073324000800be00fc
:106020000a01be0031fd07006022b8000600200012
:106030000733240033fd07000a0037006022b80050
:1060400006002000073324000800be000a01be003d
:106050002cfd07006022b800060020000733240052
:1060600022fd07000802be000a03be001ffd070054
:106070000002be000203be00f4b79f0085bf9f0070
:1060800096bf9f00a7bf9f00e03f2000800f5600f3
:1060900017003c007fb097008fb897001fb997009a
:1060a000afb99700f0af9f0081b79f0092b79f00f4
:1060b000a3b79f006044b8006055b8003fb2970096
:1060c000cfb297005fb39700efb39700e00f520095
:1060d000e08f5a00e00f5b00e08f5b0022003d0084
:1060e0006044b8000a0020000bff2b001e003700a0
:1060f0006022b8006033b8007fb097008fb8970077
:106100001fb99700afb99700a2fc07000000e0009c
:106110000c0034007fb297008fba97001fbb970026
:10612000afbb97000800be000a01be00f5fc0700e7
:106130006022b8000600200007ff2300ebfc0700e8
:10614000070037007fb297008fba97001fbb9700f8
:10615000afbb97000800be000a01be00e9fc0700c3
:106160000004be000205be000800be000a01be0019
:106170004f0678004f05be004f04be000080fa00b5
:046180000000060015
:020000040000fa
:0200000401f009
:04000800ffffff00f7
:020000040000fa
:0200000401f009
:04001c00dfff000002
:020000040000fa
:0200000401f009
:04001800f7000000ed
:020000040000fa
:0200000401f009
:04001400590000008f
:020000040000fa
:0200000401f009
:0400100046000000a6
:020000040000fa
:0200000401f009
:04000c0000000000f0
:020000040000fa
:04003800c8020000fa
:020000040000fa
:04004000f6030000c3
:020000040000fa
:04005800420400005e
:020000040000fa
:0400a4007c040000d8
:020000040000fa
:1061840051040000370000000000000080000000ff
:106194007301000076010000780100007a0100001c
:1061a4007c0100007f0100008101000084010000e7
:1061b40086010000880100008a0100008c010000b3
:1061c4008e01000090010000920100009401000083
:1061d40051020000680200008a02000095020000db
:1061e400f50200006503000068030000930300004b
:1061f400ae030000b1030000b4030000d9030000a3
:10620400e2030000e7030000ea030000ec030000df
:10621400ef030000f2030000f5030000f7030000a1
:10622400fb030000fe03000010040000270400002c
:106234002d04000032040000340400003604000081
:10624400390400003c040000400400004304000042
:1062540045040000490400004b0400004e04000003
:106264005004000000030000740b0000d4840000fc
:10627400606f0000ae6c0000f9bb000084a2000057
:1062840065b100004bf60000720100001a21000005
:10629400e85a0000d8d60000047300005e2c000009
:1062a400226e0000c4e90000b58b0000819a000052
:1062b4001ee4000087c900009e7b00001752000006
:1062c4006dad0000e3e500008b040000a72e000084
:1062d400996a000032aa000099970000cca6000039
:1062e4005b150000795600004801000063b100000e
:1062f400df5400002706000057060000538c0000fe
:10630400a6270000aa6600008903000018510000b7
:106314007efb000067d30000cedd00003ffd0000df
:106324003d1f00004784000001f30000856e00005b
:10633400f83b0000792b00000c9000004b67000034
:10634400467d000054880000fdd6000012e50000e0
:10635400e7480000f20e0000db9900004d710000d8
:10636400a540000068d90000c959000039e40000c4
:10637400752000001ce90000b1f50000013c00009c
:1063840019bb000060f70000fa6b00001e680000f3
:106394009f190000b6ed0000140f000056bc000069
:1063a400c1340000cb0000009d430000d40f000066
:1063b400f36200009c9d0000f78b00009d530000d9
:1063c4003a8d00002f3d0000de3d00003831000012
:1063d400039b0000c7c1000059e90000d17500000b
:1063e400888d000036580000867000004e5b000067
:1063f4009ed00000dbcb0000f7ea00001fdb0000aa
:10640400a53b0000b3bd00006bbc0000f3700000ae
:1064140065d50000170f000064150000242000005b
:10642400d5b800007b0d00002729000085880000f6
:106434001f580000225700004f090000c04d000003
:10644400d6e40000c6b500003a3700003327000048
:10645400bb6a000014690000031b0000eda80000e3
:10646400c3430000e8ea0000de4100000625000006
:10647400c5c800003cbf000032b20000a7dd000028
:1064840022c20000e9ca000084f20000c026000015
:106494007c78000001f70000d5c600000533000039
:1064a400e4c2000078ec00001bfd0000d2500000a4
:1064b4007d1100002957000099b00000f15500003b
:1064c40066740000b458000023a000006f2e000082
:1064d400d89b000008b300003e530000cf5e0000cc
:1064e400cc7a0000df4e0000ed420000166a000086
:1064f40091880000431b00001d8400005c520000d2
:10650400216600005824000036710000c56a0000ae
:106514000d2c0000869a0000239d0000e035000049
:1065240043c900007f410000bd82000099ed0000d6
:106534007a260000b2d30000a6ce00004f0000006f
:10654400e6870000e3d700006828000086f7000013
:10655400ced20000b3d300001b04000002b9000037
:1065640078b30000ade000003c530000a68a0000b0
:106574004a220000be1f0000ceb1000076f20000e7
:106584002f810000a8c1000078720000b01500003f
:1065940065190000e3320000a74d00000cd3000091
:1065a40000b90000c3270000be7400004dd10000f4
:1065b400e10c000036dd000023fb0000a7220000f0
:1065c400d3440000cab30000081b0000b40d00004f
:1065d4004bdf00001aa6000090320000925c00001d
:1065e4001aa70000cd8500002e35000011720000ae
:1065f400f8210000357d00003fdb0000298d0000fc
:1066040030b300004f45000014770000cf9900001c
:106614002fa3000090810000b0ae0000e845000008
:10662400e63a0000a9a2000062b70000dbbe000049
:1066340025390000a5fc0000eac50000bc3a0000b2
:10664400ec900000aea60000fb120000aac70000f8
:1066540062220000afa9000084b9000064b8000001
:10666400fb8d0000c11c0000c3d00000876d00003a
:106674005cb40000fe3f0000a4b80000d88900000c
:10668400f401000059bb000004a5000043440000cd
:106694001acb000041300000f75b00009aee0000c6
:1066a40028f400004c71000099ca00004b7f0000e0
:1066b4002a130000f04b000054b30000fc900000cb
:1066c400edbe0000483f0000f15e00000da1000097
:1066d400bb1e00005916000015f000004b500000ce
:1066e4004c960000861b0000a9cc0000c269000083
:1066f4004e10000003f00000e9530000e5e2000042
:10670400bb450000e28d0000ae40000071080000af
:10671400864d000008f400009690000058530000d5
:1067240040a500008b5b00003cad000047b50000b5
:10673400d7e200006a13000078d40000dcc900002e
:10674400ec0e000093f00000c01d00009536000020
:1067540076a4000053850000c9ac0000e471000079
:106764008daf000068610000209d0000ff4500001f
:10677400356e000004d8000027320000c3da0000a0
:10678400eea2000066040000b721000006520000db
:106794007f3900008ffd0000ee90000074b6000009
:1067a4004fb60000240e000012480000f0b20000b2
:1067b40030f20000a54c000091520000e3c6000036
:1067c400487b000038960000239e0000d71b000081
:1067d400951500003ac900008b6f0000637d00002e
:1067e4001dc90000ea960000e6010000d7850000fc
:1067f400c0ea00003dca0000d3b70000fb07000058
:10680400543a0000003100003d740000e41200001e
:106814005ba20000383300005bbf00001ddc0000f9
:106824004ee800008510000077ab0000ea65000028
:1068340079b00000aa30000061c60000f63b0000f9
:10684400cc950000fc8300007f8c00007bb5000029
:1068540052050000ebf7000021de000089b60000bd
:106864006dee00003177000013aa0000935500007c
:10687400960800006e1c000082b500007e950000a2
:10688400b9940000dd680000425c00003a0000009a
:10689400c37b00006f6000006a2c000007d7000073
:1068a4006c820000fbb200008125000069d6000064
:1068b400720a0000d2e80000500500008849000078
:1068c4001b630000729900006ce300007aae0000c4
:1068d400b01b00009ed4000025540000258a00004f
:1068e4009017000097df000039b800007cea000030
:1068f400f0820000dd250000d2ad0000e7f60000c4
:106904003623000084a90000c96a000053f4000083
:10691400822c00001dea000006c600004f70000033
:1069240054370000802a00006b630000dbcc0000b9
:1069340086e600008c7f0000278c00007254000063
:10694400739e00001bd600004cfa00000582000074
:1069540080d70000b711000098000000000000007c
:10696400000000000006000098690000151c0000eb
:10697400fc86000087740000845b0000d40f0000d4
:10698400dbd7000027c500004ab200008f290000b1
:106994007a4a0000230a0000b8070000d03400003f
:1069a400708100008e530000ef430000163f00008a
:1069b400a8a700009e5a000077c0000091b700000d
:1069c4008915000052480000c0b7000062ab000007
:1069d400e174000064100000aa0900006b97000035
:1069e4007421000079350000a197000025fc000007
:1069f40078c10000ec6e000087770000408700003b
:106a04001a7400008281000056dd0000ec3700009b
:106a1400adaf000003310000ac47000085740000f6
:106a2400c02a0000459d0000f41200000cf900008b
:106a340086b000004a160000d81100006c46000021
:106a4400c44a0000679800008b1b000042c200008b
:106a5400bebb00000e48000084f7000008a600003a
:106a6400c38f00008e8d0000abc200009b5d000050
:106a74005c600000285700008f0e0000ad2e00005f
:106a8400c15e0000952900009af400008a270000e6
:106a9400d4410000bb4a0000ac5d0000b29300008a
:106aa40026fd0000878100003f27000035a6000076
:106ab400422c000015380000adf80000026f000001
:106ac40094da000008ee000019d8000090fa0000e3
:106ad40089c30000ad890000fec600000246000024
:106ae400811d00000c8d0000782f0000eed3000003
:106af400ed6c00007b9500004956000087f400000f
:106b0400e2630000da390000ce68000016180000c5
:106b1400ed980000ee860000f3b30000c1120000ff
:106b24001a5100009b5700001d1900009e98000098
:106b34007ed20000fd3d00002b59000015460000e8
:106b440074570000791400008171000089d9000095
:106b540022dd000092100000d989000091df0000be
:106b6400670000006e530000afda0000b528000093
:106b7400301e000047e60000b70500002d2200008b
:106b8400cf7f00006acd0000889000006b8c00006d
:106b94001636000088070000a1b70000aff300001c
:106ba40031c40000db7600008b9600009ef00000ec
:106bb40017a700003f84000078910000a8cd0000d2
:106bc4003f8f0000a5dd000052140000f9390000d9
:106bd4005d0b0000568e00001c5a00005b8900000b
:106be400ee8000009e330000bdb10000451500009a
:106bf400423400005978000020fc00002ddb000026
:106c0400c92e00000f35000026cf0000239b000092
:106c14003e1d00009f0f0000260e0000b7b50000c7
:106c24004eac0000a2860000d5da00003604000055
:106c34005a730000466a000088c500002aa00000bc
:106c440083e800008b5f00003caf00006a44000052
:106c54004e7500009b8f000093370000353800000c
:106c6400bd0200009a1d0000842900006425000074
:106c740097e000007c2a0000b6cb0000c16600004b
:106c8400513c0000bc3b0000f35500002bb7000052
:106c9400bd810000ecf3000049d50000f8030000ba
:106ca400e0bd0000c60c0000eec0000019080000a2
:106cb400fb4f00008c940000080e0000a53000007b
:106cc40037f00000b81800009373000000bb000008
:106cd40052520000b49800000d4b000045b900006a
:106ce400890a000034e900001c2400005a8f0000c7
:106cf400a89d0000c2d9000027a90000eebf000033
:106d0400c080000090bc00002a93000043fb0000f8
:106d14000ab3000096d10000ae1300004101000048
:106d240068b900002c530000537c000000a500004b
:106d340084410000d698000088980000fede000020
:106d4400f7e2000037430000620e00009383000066
:106d5400ee0300000a8d0000ca87000059360000c7
:106d64006f610000f7f40000d6ab00008b0f000049
:106d74009c83000096a400006c4600004380000041
:106d84006bea000050dc0000d8ce0000d4f4000010
:106d9400ae5b0000c601000043850000718d000059
:106da4000c3900005ee400003b2b0000c4880000a6
:106db400b2c50000549600000e8700009a500000ef
:106dc40093d600009c910000ca090000648b000067
:106dd40023c40000294400001a670000e1da00001f
:106de400c71b000025170000022c00008f2a00009a
:106df400133a0000cfd60000653100002b100000cc
:106e0400f5b5000096df0000019900007bad00009d
:106e1400d6b40000c0350000a3480000e3b0000071
:106e24009efe0000331000001a090000ae3c000072
:106e34000aa10000728f000000510000e1780000f8
:106e440023f50000e2bf0000a646000028b30000be
:106e54004b240000b1a10000deb10000c4480000d2
:106e64006fed00005ad4000061f00000dbe1000087
:106e7400085c000064c00000cae90000a9de00004c
:106e8400deec0000c06800005b6d0000bd43000044
:106e9400828c0000ca690000b1a90000c87100001a
:106ea4000d5d00006da50000ab1a000067940000a2
:106eb400ee05000093e300003fe800001ae600003e
:106ec4000f7f000079f20000cbc5000037570000a7
:106ed400dffc00004fb4000060c70000973c0000d6
:106ee40061b000000c46000064f40000439200000e
:106ef400d2a50000f0f30000b7df0000ab200000d3
:106f0400b1f50000302a0000b3dc00004b3900006a
:106f1400b78500003e1e00001b9400008c26000074
:106f24002880000045d6000001360000d0ec0000a7
:106f34009346000088d30000d58900005d7a0000e4
:106f4400822100003ec2000040e30000b4de0000e5
:106f5400f5a5000069d50000694900005c890000be
:106f6400cdae00001370000070ed0000690c00004d
:106f7400ecc60000fe750000eb4e0000d6b3000026
:106f8400c8600000fb3400001ef80000649200009a
:106f9400d9290000a8130000383d000079c400007e
:106fa400bf210000379d0000e34f000021e50000f1
:106fb4003f2c00005c5f000041ff000014870000cc
:106fc40091e00000820400000b1e000055530000f5
:106fd400dc56000040a4000035780000e29b00006d
:106fe400492200002e090000cd1f00006f9400000c
:106ff40083ee0000ea8b0000c4c2000010e0000031
:1070040080d90000a55f0000533400009c8c000070
:10701400ea9500006487000094d60000321c00004a
:10702400eb930000bfe3000055830000c2f60000ac
:10703400fcc8000085b20000945c0000425f0000c0
:107044006b8e00003b970000797400007ee3000023
:107054005cc20000631a000022b100007f940000ab
:10706400cbe70000b7ff00000e37000095af00002b
:10707400105300001788000012720000ddcb0000de
:10708400ab4b00006b68000024ac0000c95c00003e
:10709400720900004ff10000fb1d0000e7a2000090
:1070a40030e90000204b0000da7000007c9e0000f4
:1070b400e2340000eb6a000035c2000033d7000060
:1070c4009d070000b1ef0000f6750000f5fd00001b
:1070d400adc700004bd00000b7dd0000ae1e0000bd
:1070e4008d1e0000c03900009ca700001cc50000d4
:1070f400cc39000050c600006bc60000da3700002f
:10710400c7e1000020eb000074a500003dc00000b2
:1071140008fa0000c2df0000f29e0000432b0000ca
:10712400f0770000504900008cc300002f68000075
:10713400f32a00009b8300001adc000005d800003d
:10714400b77c00003c61000011760000ec2d0000cb
:10715400fe8600000887000015a30000c01c000084
:10716400b46a00008d9e0000bf9a0000d5c80000dc
:107174005b0500001810000015fb0000c63c000071
:10718400eec50000524b00003136000007b9000084
:107194004c810000ea830000d7820000fefc00005e
:1071a400435900004e200000bdd3000065cf00000d
:1071b4001f5c0000711f0000bf260000ec440000ab
:1071c400eb010000748200003c8e000060df0000d0
:1071d40047900000311700007e160000c0ec00004c
:1071e4001ec300003a7a000059210000a29b00004f
:1071f4008e87000025d30000fe850000dd6d0000b1
:10720400e6d80000ca740000badb00004230000077
:10721400963d000086220000866f0000de370000e5
:107224001a9300002f0300002ee100006e160000e8
:1072340062c10000e12d0000fecb0000a8df0000c9
:1072440064050000ef230000bc710000617b0000b6
:107254001b60000022270000bdc60000a3720000ce
:1072640007aa000009b0000052f20000191500003e
:107274004dbe0000af2600003b4d000062a600009a
:107284003c410000077a0000342500003cd6000091
:10729400cdb6000055470000871e0000cbcf00008c
:1072a400ced200000d950000c0d8000072a60000e8
:1072b400e033000024260000517e000071c7000066
:1072c400533f0000d467000073520000cb780000e5
:1072d4005a00000011150000715f00008d3c000091
:1072e400cf400000cdd9000074300000d9a10000c7
:1072f4003fc6000058bc0000be78000018310000f2
:107304009a39000060bb00008d7b000034950000ba
:10731400a5f10000543b0000b985000099af0000be
:10732400c4450000eb640000a76e00005960000033
:10733400eb1e00007afb0000fd92000043230000d6
:10734400f1270000ac66000012660000288a0000e5
:107354005cf60000c63f000076040000e809000067
:1073640027ed000005aa000026e50000b4ad0000ea
:1073740040ba0000f7f4000084cb00007f0700004f
:10738400108d0000b6c70000d4770000eaba0000f0
:10739400962a000098f0000056d70000ff50000025
:1073a4004d590000793d000041e00000faa90000b9
:1073b4009d3e0000a6d9000079c800000dd1000050
:1073c40056c50000add70000fb7000003cbd0000b6
:1073d400f3e900005d1c000053930000331d00001e
:1073e400f81b0000ee9f0000b7500000ac8f0000b7
:1073f4004859000061c90000859e0000c8b0000023
:10740400d274000039df000033f5000028e00000ea
:1074140063110000a7c4000005bd00003ad90000b4
:1074240034ca0000f9aa0000e2000000e6e6000009
:10743400385700003eec0000197c00000d270000c6
:1074440045c5000052c40000fff4000069c50000f7
:10745400f5730000734f0000e3070000c7cf00007e
:10746400382300005b9c000099a200006a720000af
:10747400b035000039c100000ac700001c1a000022
:1074840030600000181d00002bf00000c8f100005f
:1074940079a3000094e300003635000093690000ee
:1074a400059100000712000060440000fdb60000d2
:1074b400c6ff0000e0cf0000a2cf0000c2a300007e
:1074c40058ac000032e300002eec00000d9d0000db
:1074d4001bfb000005400000ba6700008ecb0000d3
:1074e40038d70000609c0000fe9e0000a1700000e0
:1074f400cc400000728c00008c50000071850000ac
:10750400dd840000925c0000ee440000b6e0000060
:107514008015000032dd00001b4b00008c6e000063
:107524008e39000097a50000afc60000f4290000c2
:1075340085d300008593000085c8000054e4000052
:10754400591d00004ea00000fec5000007c1000048
:10755400f732000052f900004d45000085fc0000a0
:10756400a0fa000037b500009d470000e852000073
:10757400238d00009287000043b40000b84f000040
:10758400951b00001e4f0000e5450000bfce000023
:10759400c80c0000b27d0000e7d900002e8800006e
:1075a400b72a000061e100002dc40000212e000074
:1075b400b84d0000fd2100008730000025110000b7
:1075c400ec1f00002994000031d2000092850000d5
:1075d40038170000da6300004d8c0000b406000088
:1075e40055640000b76c0000fcc200008d5d000013
:1075f4009786000009d3000043690000e8350000c5
:1076040077cc0000af910000363c00007ca3000062
:107614006e4e00004aa20000c941000050ea00007a
:10762400abdf000087040000704f000016f5000077
:10763400a0380000f560000016cd00000ce5000045
:10764400c7e30000ad000000126b000012850000cb
:107654003c5c00007f760000ed490000f29d0000d4
:107664008fdf0000abe10000dd87000001ed0000ca
:107674002c1b00004b550000117f0000c39200003a
:10768400d3910000c1d80000a7370000c7e500006f
:107694005b4800002bed000031de0000cefb000053
:1076a4009500000000000000000000000000000041
:1076b40000080000e3510000840000000b4d0000ae
:1076c40026730000118b00001ee200000000000081
:1076d400000000000000000000000000040400009e
:1076e40073e0000072ff0000e6590000c9000000ca
:1076f400000000000000000004480000bfab0000d0
:10770400f3990000877c00000700000000000000df
:107714000000000004fb000033b1000063610000be
:1077240061120000ad000000000000000000000035
:1077340008aa000030ac0000174d0000308600009d
:10774400bf67000013f10000a70000000000000064
:107754000000000000000000000400001b480000be
:107764004223000084bb00007fb40000000000003e
:107774000000000000080000a69f000043780000fd
:107784005ca100004e8b0000a6e600007c490000ce
:1077940000000000000000000000000000000000e5
:1077a40001f70000315d00002730000000000000f8
:1077b400000000000000000000000000010b0000b9
:1077c400570b000079f700000000000000000000e3
:1077d40000000000000000000244000033bb000071
:1077e400b45b0000c70000000000000000000000bf
:1077f4000000000001ab0000e3010000c2d2000061
:107804000000000000000000000000000000000074
:10781400017a0000079e0000ad8400000000000013
:1078240000000000000000000000000002f1000061
:10783400eef70000d829000050000000000000000e
:107844000000000000000000012c0000355400007e
:107854003acc00000000000000000000000000001e
:107864000000000001c900003d6600006a980000a5
:1078740000000000000000000000000000050000ff
:10788400247a0000f71c000024400000eba2000052
:107894004dc2000066c80000372c0000030f000032
:1078a400f3010000066d00009a420000f09400000d
:1078b4008fed0000bfe30000283b00007269000068
:1078c40037750000b4a000009a6e000031fd00007e
:1078d400665b0000cbf30000ba8c0000a43100000a
:1078e400ffba00007c24000054d30000c6630000eb
:1078f40089930000e4ed0000da580000474e0000d0
:10790400b58f0000d7930000fdaf000031ea0000fe
:10791400b4ec0000c90500007d2b000015960000a2
:10792400c10000007e800000e6f7000047cd0000a3
:107934006a770000f10e000059130000aa5c0000f1
:107944008388000070dc0000c45200005220000054
:10795400b66900002d6c00006c8b0000662a0000e4
:10796400cd5a000041300000d6fb00007ba000008f
:10797400ec7a0000228800007c7100006eaf0000e9
:1079840062060000f4a80000c688000085760000a6
:1079940036c50000c0d80000679600007ce80000ef
:1079a4004dd40000fba900006f0f0000b2a7000037
:1079b400a31900006a300000fd6f0000fc2b0000da
:1079c400cea400001b8e00005748000051c60000e2
:1079d400980f0000e50800007b4d0000fc590000f2
:1079e400ddcf0000131b0000310c00005e3b0000e3
:1079f40098e10000f4c3000041d70000a264000035
:107a04005e160000f9eb0000ae200000e95d000006
:107a140054bd000099d30000a7c10000d9e50000bf
:107a240032220000d69f00004fdd00006b3c0000b6
:107a34006de900004d96000052110000da230000a9
:107a440086be000001c4000051c200009cc60000b4
:107a5400f52f00001fd00000f1f500005782000050
:107a6400fecb0000fb4a0000df1d000000460000c2
:107a7400b8a700003a56000066080000714e0000e6
:107a840047f80000272600005f6c0000d8c3000000
:107a9400059900000a7500008f4f0000c18800009e
:107aa40072a000005a13000008a3000082840000a2
:107ab4002ece0000b5a3000046050000d66a0000e3
:107ac400785600004423000086f20000c9630000d9
:107ad400088b0000bdee000056d40000361f0000e5
:107ae4003753000018e70000da1c0000fad0000049
:107af40005d500005fe70000b7ad0000362b00009d
:107b0400cb060000c0530000f4320000a87500004a
:107b14006fe30000c9a10000b0a60000e6c20000a7
:107b2400410f00005d2e00000a6400005046000072
:107b3400924900005b2d0000002e0000b5210000da
:107b44003f0b00004a71000096880000844c00003e
:107b540098aa000028230000ebef0000455c000019
:107b640062780000d6e40000fb6d0000c3d9000079
:107b7400356c0000b92a0000c674000071c400000e
:107b84000c6500007ca30000f96e00002db9000014
:107b940086b000000463000094cf0000267d00003e
:107ba4009e1e0000f7990000dae000008cdd000062
:107bb40086f30000c8f10000c64e0000155d000009
:107bc400ed340000bb900000cdd600002609000073
:107bd4001ef600002384000051c10000ae420000e4
:107be4008f84000096c9000057ae000016360000ce
:107bf4003a29000087650000b2ba000056960000da
:107c0400d2f5000009ef0000304a00000f620000c6
:107c140036fe000000300000bd0900001b500000cb
:107c2400c33c000048d7000025e100008eb20000ec
:107c34006f4d0000752d0000adc600001eba000097
:107c4400fa4f000041af00007a6f0000a0a00000ce
:107c54004fb6000088340000698a00009e8300004b
:107c64007a600000f3a800007e3900002a2000009a
:107c74009c3200005e7d0000c4aa000097e600006c
:107c84002635000042a10000a0ef000039b3000037
:107c94001c27000063d200007f750000c01e000096
:107ca400b4fa00004d7a00008181000039e0000040
:107cb400792f000094a50000283a0000437e0000bc
:107cc40097b5000094af00002a100000380a0000a5
:107cd4007f49000091c000006c6500009ac6000056
:107ce400c95d0000d55200004698000074ac000045
:107cf40093e4000021b00000eb080000faf4000057
:107d0400412e0000a6f90000c5ed0000e337000095
:107d140098c50000df52000082410000a2f200007a
:107d2400561a0000f3a40000c64000008db90000fc
:107d34005faa0000751e0000151e00006878000090
:107d44002b2b0000f43e0000c7cb0000f31300000f
:107d540060e00000f4850000798800000c22000037
:107d640075870000b7510000e0d60000e3a00000d2
:107d740092d30000d7e300006c5b00003eb7000024
:107d840080e7000048d60000d92f000049cc00004d
:107d940075a0000004c9000048880000e9cc000078
:107da40032410000af300000dec60000bc9d000080
:107db400f7fc0000ff6900000350000058a1000018
:107dc400d6b800007b5e000060fc0000cc00000020
:107dd40014af00003a30000041b300004e630000cd
:107de40047950000e4bd000053740000d0f000008b
:107df40002b40000fe480000196c00003f2300009c
:107e0400f79b000044110000f2c2000045a60000e8
:107e1400377700006c100000630e00001ba7000001
:107e2400d1960000ca0d00004f5b000043510000d2
:107e3400d6140000b7230000e7990000a49f0000b7
:107e44004c7d0000d7dd000008110000844d0000c7
:107e54005ce9000060900000048b000014900000b6
:107e6400f06f0000264500000f2000008ce30000a6
:107e74006f46000078eb000012b400005ef00000d2
:107e8400deeb00002227000062780000429300002d
:107e9400bce8000048c0000088bd00000fde000000
:107ea400232b0000d18800000ae20000b433000054
:107eb4008e6100003643000058420000ae6b0000a3
:107ec400d7f20000fe0a0000c1260000947a0000e8
:107ed400ce8c00003b4300005a620000ef700000ab
:107ee4008afe00004dd2000037db0000a1b1000083
:107ef400061b0000301700004ca00000241e0000e8
:107f0400becb000064e20000ce1300005cd700008a
:107f140005a600007639000038f30000852c000027
:107f2400160e0000b3e200003dff00007988000057
:107f34000b930000efad000055cd0000b4ef00003e
:107f44008fb80000167a000005c000005e920000a1
:107f54000f4f000098580000d4220000ad430000e9
:107f64002531000078520000c69a0000ca5e000065
:107f7400a64e0000799700009abb0000df6d000058
:107f8400f1e20000d0b30000ca2a00005c46000001
:107f9400825c00001edd0000d0c5000019890000cd
:107fa4002b2c0000bdc0000084d900003339000030
:107fb40067e40000e479000026b600009d1c000080
:107fc4001de4000070a50000a761000089250000e1
:107fd4004a570000337d00000dca0000f3cc0000b6
:107fe40022aa0000d7d90000cbe60000b296000018
:107ff4004615000095680000d80f0000df6b0000f4
:1080040036da00001982000016ce0000384e000057
:10801400cff2000036c8000080070000538800003b
:10802400042f0000b2140000195d0000c56c0000ac
:10803400ef9500009c6000008b6a0000e4fc0000e7
:108044009db200009ced00001d9c00001bca0000b6
:10805400a3260000dd9c0000635b00003b88000059
:108064002bba0000223500002401000048ee000075
:10807400a04f00006e9600004e29000091aa000057
:10808400af56000047bd00007bdd0000a155000095
:1080940099d80000b5a10000479300007bcd0000f3
:1080a4007bcf000065de000050180000f2050000e0
:1080b40049f1000099d80000942100003f7d0000a0
:1080c40052c60000b1b40000e19f0000f07e000041
:1080d400606400008b300000e4ad00002c970000c9
:1080e400fb470000f7090000010400007bf40000d6
:1080f400f7a70000a8040000a57f000008580000ae
:10810400796d0000262700006ad00000d9af000076
:10811400c1c7000012230000e1ae000098a40000d3
:108124000fbc00001bfa00009d9100000b1500001d
:1081340015a50000245300001a130000e0c300003a
:1081440000950000389c0000364c0000cff600007b
:10815400a9bc0000c153000006040000f46f000035
:10816400bf570000e0a6000014a6000049700000fc
:108174007f3900002a4a00005a59000036330000b3
:10818400b90d0000472500003937000004770000ce
:108194007c450000ac1900009325000049e0000074
:1081a4007a7b0000a2c60000957600008d3c00009a
:1081b40079b10000a7c3000083630000032300001b
:1081c40047d70000acfb0000841600006f220000bb
:1081d400490b000097aa0000d5380000575e000044
:1081e4002bbb0000a7490000edd20000d57a0000a7
:1081f40096be00008df50000f946000056f500001b
:108204002fa70000a87a0000ff3f0000e7e8000065
:108214008cf1000048e8000046cb00004d2500002a
:10822400f9350000932f0000ce8b0000b8a90000a0
:10823400c5d30000d2270000718600006f720000d1
:10824400d9ca00004e900000d36d0000b13c00007c
:10825400d3cb0000c93000003a260000459d000041
:10826400664400005c5f0000d8e30000907c0000de
:108274001bd8000082dd0000d3840000d4c60000b7
:108284001b580000bf020000a53b0000100a0000bc
:108294003ee30000099400000b990000882b0000c5
:1082a40047a7000090890000c4480000253600005c
:1082b400db72000031ac0000f5a3000001150000e2
:1082c400d0e6000021610000eb59000072dc0000e0
:1082d4009400000000980000f7b00000f9fa0000d4
:1082e400c10a00007edc000069ce0000905e000040
:1082f400821100000b970000e299000055a20000d3
:108304003dfa0000eb880000bc4d0000c2540000a0
:108314008d5f0000dea30000e2480000132000008f
:1083240046c50000a081000004c400002b9a000090
:1083340084150000b89e00009b620000a1ec0000c0
:108344007d0800003cad0000214b000089fc0000ca
:10835400c69600007c3a0000413500008a130000f4
:10836400bd1b000043bf0000367a00004ece000063
:10837400709e00002af6000039330000c733000065
:108384004b3400007d2a000081fa0000252e0000f5
:10839400c5c40000a12800000ed500004d15000042
:1083a400e06900001271000019aa0000ff590000e2
:1083b4004881000056530000c9350000124d0000ea
:1083c4008469000091360000d8ad0000f754000025
:1083d400d58c0000f9c6000084120000622200005f
:1083e400f1b900002b1d0000a57c0000567a0000a6
:1083f4004d5a0000c4f000009d8f00005db50000e0
:108404009a7f0000e7b70000a85d00006d37000008
:108414000000000000000000e4f20000ea7a00001e
:1084240073f80000fc67000017f30000d960000037
:10843400090e00008b0f0000e2f9000083610000c8
:10844400df53000069d00000ee42000051b5000087
:108454005148000064f80000dd3e0000eea7000073
:1084640047f000007c4b0000bb2b00008ee20000b4
:108474008b600000576300004b9b0000aa6700005c
:1084840063ea0000a3d500007c43000041a900007a
:1084940054740000d2860000c31100004269000039
:1084a400c50900003e8f000094af0000c59900008c
:1084b400bbbb0000ac6100006461000001f200007d
:1084c400d3590000b141000050910000166c000027
:1084d400cc9b0000ec5c0000fe3b0000b3ec000011
:1084e4006ed70000f10e00005a8a00005f1d0000e4
:1084f400b0c500007654000026070000bc660000ea
:10850400f0ed0000519a00001fe80000f751000050
:10851400588e00001e800000991f0000eed6000057
:1085240043cc0000fa2f0000ae800000f2a8000047
:10853400a8ae0000437c000080760000d41a00003e
:10854400d473000074610000dfbf0000296f0000d5
:10855400561500009307000058920000f11d00001a
:10856400e87b000068b200005420000030010000e5
:108574002dc50000d8fd000061500000140f00005c
:10858400584c00001a540000001200007e460000ff
:10859400990c00009dd10000a3040000f1820000aa
:1085a40017fe0000fc120000e575000081af00001a
:1085b400ff3d000008d50000398700004a8e000006
:1085c400f07a0000d4d00000d6cf0000a9d6000075
:1085d4005948000041c2000068e30000a4350000cf
:1085e400458d0000141a0000c400000000000000c3
:1085f40000000000448900002c630000c8af0000a4
:108604007bac00003543000027be00007ecf000095
:10861400564000003da50000ac0f000097cc0000c0
:10862400d46e0000d0310000d71400006045000073
:10863400aedf00000aaa000033b3000088e00000a7
:108644001c260000dc000000b8750000c8670000ac
:1086540011a10000b587000071f900004a6a00000a
:10866400ec3f00000e41000021c200004f920000c8
:108674008f17000053ee0000d5ea00004f91000070
:108684007502000059000000000000000294000080
:10869400e4da00004ab30000aaa700002e9c000000
:1086a400c7800000465e0000bd060000331d0000c8
:1086b400d85d00009f5f0000777300000a7d000012
:1086c400386b0000a70e00008f4e00007d010000f3
:1086d400da44000074d20000f17a00002f7f000019
:1086e400e1ec0000f1a500007d0300003b2f000039
:1086f40017b60000e80d0000333c00002191000093
:10870400915b0000302c000011c60000586a000084
:10871400e43500001bb50000a8470000b3ff0000cb
:10872400d09600000e4800004e970000376000000d
:1087340012040000ffcb0000a5f500001d4000005e
:108744009cdf0000361200003dd900002a720000b0
:10875400dae800008be400005bcf0000e938000099
:1087640052ec00002ca00000f7790000ad200000be
:108774007059000020620000739c0000e346000072
:1087840009c9000012d4000077550000074b00000f
:108794006a2600001e5d000007780000104e0000ed
:1087a4004ada00005ef600003b9b00008dfd0000ed
:1087b40048d00000bbaa0000212e0000f5df000015
:1087c400854c0000a71d00001a2600001ba0000015
:1087d400828600007f4b000002d20000f660000099
:1087e400c98600000c1d0000bf73000069860000ec
:1087f400184b000044bc000074e500008217000020
:1088040093b500000a56000008b700004a73000040
:10881400b8040000d2140000215e00002ca0000067
:10882400e0c20000015f0000dece0000642a000008
:10883400d86500002bf0000074e3000054bf000072
:10884400a09b000050ba0000020000002c9500001c
:10885400ce2a00004fcf00002b2b00000e9b0000ff
:10886400dd8f0000675b000054a10000472e00006c
:10887400842e000024fa000034e000005a100000a6
:108884003bcf0000afe20000ed280000d11700004c
:108894006b9a00001b4900006cfc0000cb7a0000be
:1088a400740900002a4100005aff0000a1f50000ed
:1088b40098c600000cd2000069830000d2c30000f7
:1088c400698700005e7e0000bbfc0000c0d1000090
:1088d400c1170000d79b0000e153000070b70000ef
:1088e40043d000003825000026490000405b00000a
:1088f40057ba000049320000aa9f000039aa0000bc
:108904008e73000000850000137900006df10000f3
:10891400912f00009ea30000a06500007c7d000054
:1089240053b4000070530000016b0000925f00001c
:1089340038f10000d73d00007ad60000077200002d
:108944007adb0000a1650000a507000041000000db
:108954004beb0000c5d000003beb00003061000091
:10896400420d00004ba30000d80700008b1200004a
:10897400f58900003d7c0000fb2e000079a7000073
:10898400bcd50000bf7200009ad800001539000061
:10899400ad25000070d100006cb000005dbb00008c
:1089a400f43a0000f660000056fa0000f2a5000058
:1089b40028ae00000d760000b3790000f14b0000f2
:1089c400c72e00006eb600006162000022d90000cc
:1089d400a73000002345000021de0000478c000082
:1089e400ebe500004c8b00004e790000a09d0000d8
:1089f40095b3000005aa0000afec0000e674000087
:108a040073f00000dc370000ad9300003b20000051
:108a14006da10000d8cf0000f97e00009ec60000c2
:108a2400bb40000064560000a61800007528000032
:108a3400d2ba0000786400005c4800004570000071
:108a4400358c0000499a0000454a00006df2000090
:108a54009c8d0000480a0000612e0000e3d4000051
:108a6400eea80000294000004b530000bb56000054
:108a740039ce0000816c0000fd370000a0790000b1
:108a84001cc70000941700006c370000ea97000030
:108a9400f4d80000d49f00009f3000004fe5000090
:108aa400a4080000b86b0000aeb90000bc4f000081
:108ab4006120000044df000092db00001e0400007f
:108ac40083c00000a12c000009d80000df210000b1
:108ad400f020000004800000af73000091bc00008f
:108ae4000eba0000e4f700009b3600003c300000a2
:108af400f1b40000badc0000fa650000f22b0000bb
:108b04001d1800004e16000062d40000ac8b00005b
:108b140021a50000a2f1000032c30000c9650000d5
:108b2400632d0000316b0000b88f0000e1240000c9
:108b34009387000004990000e6bd0000ba280000f5
:108b440030630000daac0000c7990000378a0000e7
:108b540086660000b3440000d5840000aaa100008a
:108b640053420000a03800001e5d0000f70500001d
:108b740029e70000ca2a00000b6a0000abce0000ff
:108b8400f03a0000f3900000e6d1000025a10000b7
:108b9400331c0000339900007d240000d1740000d0
:108ba40023fc00006f7d0000dba70000e9c2000089
:108bb400de170000122d00001cb300007e880000a8
:108bc4000000000000000000000000000308000096
:108bd400757d00009a49000037af00006004000072
:108be4007cbc0000d31c00005370000034970000cc
:108bf400ebe10000cd30000079a200008694000073
:108c0400585a000099c2000069d70000b23200002f
:108c1400626c00000a36000069b1000035480000ab
:108c240041ce0000799600007a0d00002d3300003b
:108c3400bf4d00002fb80000d8b30000fbe40000d3
:108c440071930000b91800000d510000abbb000087
:108c540009d900000dd70000671e00004728000056
:108c6400c7f70000ce60000058280000235e000013
:108c740095fc00002bdb0000f90d00001fab000089
:108c840049e60000d0a700003779000020e4000086
:108c9400cf050000e364000021ac0000dfb1000058
:108ca400e8f90000e04c00003b5e00008968000029
:108cb4002a480000c56400000edb0000f1530000e8
:108cc4008b1a00002ff600000c1800009c520000c4
:108cd4009b2100002e4a0000e7d60000bbb700002d
:108ce4001a0a000022ab00004afd0000d302000073
:108cf4007d210000ffb900000e0f000029ab000029
:108d0400acf40000445e00000fd50000f3570000ef
:108d1400e54f0000617200004eba000055370000b4
:108d24008f9a00001cd40000b8300000af0a000085
:108d3400951a000013860000d40a0000835c00002a
:108d4400991b00002bc0000093f5000013f50000f0
:108d5400eafb00006f750000746c00002e770000c1
:108d6400c3440000c538000062b90000f5ac00003f
:108d740058b40000966e0000a4a5000045b500009c
:108d84001b7c00009d21000095160000ee290000c8
:108d94005720000012bb0000f80a00002325000041
:108da400ac510000fd7a0000e09d000043b00000db
:108db400276f00002adf000004080000d3f1000040
:108dc4001d3c0000128d0000aff20000d7b9000076
:108dd400029d000046e30000abff000061c80000f4
:108de400612b000019c80000c1a100006d0a000039
:108df400a7440000fab50000a8d700001e530000e5
:108e0400156f00007a48000041e9000030b5000009
:108e1400ade20000f0700000406a0000f331000091
:108e2400dd19000050e50000bcb400003d830000e3
:108e34009fdf0000c825000027900000405b000071
:108e44003204000047810000fa530000b40a000015
:108e5400401500007a7400005bdb000024ab0000c6
:108e64003ab7000091e3000044b700004707000050
:108e740039900000d2f50000a9080000465800000f
:108e8400dc32000010a3000047320000044500005b
:108e94004413000071ac00002ea70000c97100004b
:108ea400d0f90000517e0000cae5000009a80000c6
:108eb4001e7700005b3a000008aa0000431c000073
:108ec400d68d000060910000466d000064560000dd
:108ed4009e1600002ece0000b3990000c8f60000d4
:108ee4005527000013840000bc8a0000b3c80000aa
:108ef400f51a000072f700006a0c000046950000a5
:108f04002f4a000086b60000d298000094f10000b9
:108f1400c33700000e0c000087110000567e0000cd
:108f2400afda0000222900006feb0000faec000029
:108f340096e00000276b000042a1000070090000c9
:108f44001aad000048880000dafc0000e13b000094
:108f540062950000285600007028000003b200004b
:108f6400586700008d0a0000ea9a00001595000079
:108f7400515f00008307000009200000bf37000094
:108f8400aff700000a7400003ca5000052f1000095
:108f9400e3f5000058300000e1170000de980000ff
:108fa400f13800007bf00000afbd0000165900004e
:108fb400529900006c74000070480000771400009f
:108fc400ff53000041840000bcc50000372f00009f
:108fd400718400003df50000467c000063e0000061
:108fe40000a0000056070000f78c00006357000043
:108ff400be5400005ce10000fdac000035fa000046
:10900400c2d50000f25a0000be7c0000318e000080
:10901400bddb0000fe4d0000036f00005ea60000f3
:109024001f2300002dca000068f00000c6140000d1
:10903400ccc300003ef0000021d40000402a000010
:1090440072b600007ee2000085d600008afb0000b4
:109054004851000027770000e4cb0000cd2f00002a
:10906400f6e10000bcfe0000eda10000145f00006a
:10907400e5320000fccf0000d9fb00002fe900001e
:10908400ad7d00002d680000e79a000015950000f2
:109094006a4a0000e4ab0000e4eb0000e00d0000cd
:1090a40040bd0000ef8f0000b9750000b439000026
:1090b400086d0000c09f000004ff0000ccde00002b
:1090c400133000004eb60000e4e00000cb6900005d
:1090d400e5c600001c2f0000436a00006325000061
:1090e40072d50000dfbd0000dc0b0000e9080000c1
:1090f4009d3d0000266f0000c3890000f8180000a1
:10910400ac420000bf4e00009d5d000028b000008e
:1091140026410000367600008d86000084fa0000a7
:10912400d8d400006758000019690000202d000001
:1091340035fe000009d900008cfd0000f921000073
:10914400a1570000df170000ae8e0000cbc900005d
:109154007f26000054de00001043000072dd000092
:10916400bc180000b9340000f9ab000070f900002d
:10917400744d00008e6d00002a33000014060000b8
:10918400d0710000e6ad0000aabe0000862e0000eb
:109194009a8d000087880000af0300009fcb000079
:1091a400f87800009a66000038090000cdae00008f
:1091b40089c20000ccaf00006a1600001409000048
:1091c40048ae00009b550000e40f0000a586000097
:1091d400a17500007f7c0000ef0d0000cb3a000079
:1091e400b30d00001f02000000000000000c00008e
:1091f400801f0000b4f40000e0a6000041cc000091
:10920400870000004061000043e70000fcb4000058
:10921400000000000001000024ca000045340000e2
:10922400253c000039ff0000098c0000398500004e
:109234005a5b0000cc2700003cbd0000284300001e
:1092440086450000179a00004e35000024a4000053
:1092540023a20000fdca00006cd40000fbba000089
:10926400e7410000b3fb00007c55000007b5000097
:109274006e3e0000b129000072cc000038ea000004
:109284002730000080b900008cb80000ee540000c4
:10929400ab3e0000dbdd000006d0000095ea0000d4
:1092a4003e420000886b0000ae890000c7e8000061
:1092b4004c380000b6930000f6be00004c200000bd
:1092c4004a8c0000ce2b000022d20000724900001c
:1092d4004618000056800000706700005afa00002b
:1092e400c0ca00006d53000021ca0000e3860000dc
:1092f40068910000d37c0000a9d50000ad6a00008d
:1093040072a10000fe530000e940000085ea00005d
:1093140062a90000637500003a2d0000ec9b000078
:10932400fe580000d87300002052000010430000d3
:109334005c2d0000b4210000b99600001f720000eb
:109344006dba000042ea0000f2850000be5200003f
:1093540012a70000b13e00002b890000ef0f0000af
:10936400730500007c990000c3c500005f960000ef
:1093740053f80000af9b00007a490000a0440000ad
:109384005460000055f00000103a0000608d0000a9
:109394009050000065ae0000f7790000db2e00005d
:1093a40008f90000bbf20000d2780000d08600006b
:1093b400b5940000a10e0000b981000089b7000037
:1093c400f9c0000043e800008f38000019da0000fb
:1093d400ed2f0000a75c0000db010000b3380000a3
:1093e400cee60000c3f20000d5aa0000879e00006c
:1093f400116f0000d8050000f0720000abd9000026
:10940400a10f0000ff460000e94a00008c000000a4
:1094140093e90000866f00006b14000070be00002a
:10942400b1b8000089c90000cc7d00001a11000009
:10943400d2790000fbd90000d72400001394000067
:109444008f0100009c4b000069330000660100009e
:109454008298000088f800004c130000310f0000cf
:1094640058c1000006110000300000000000000098
:1094740000b4000089910000349b000089fc0000c6
:1094840075cd000011ca00001a6f0000fa710000c7
:10949400d6450000e70f0000eb39000009b30000d7
:1094a4005a1300001faa00003a930000cf8d000059
:1094b4006eca0000ec2c00008ec50000831b000067
:1094c4005ad60000d1890000ac0200004fcb000046
:1094d4000f25000076960000e05d00002cff0000e0
:1094e400a7ea0000ea920000f17200005bee0000bf
:1094f40008d80000848a0000a9590000e312000083
:1095040077da0000d6ca00004e3600002d7c000039
:10951400a4130000d1e800001831000099020000f3
:10952400540a0000d07a000074a00000ad2c0000a2
:10953400834a00006ff10000b15000001b6400007a
:1095440069e80000842f00002cc80000eb9500009f
:109554003da5000018c700004b820000fc880000f5
:10956400e1d300007b0e0000be100000ba650000cd
:10957400028500009b4600009a3700007a770000bd
:109584004dc20000c4530000306700009154000035
:10959400f63d00003944000043420000132e000051
:1095a40009290000fd500000a6da000094ce000056
:1095b40086970000102b00005c1c000009cd000001
:1095c4000ffc000015dc0000543b000053e10000d8
:1095d4007ca70000e1fd000047c20000af7e000050
:1095e400ea34000000000000000000000c6f0000de
:1095f400e65c0000043000006c840000c7510000e9
:10960400e3b500005f3400009edd000005000000ab
:1096140000000000000c00001cd40000bcfb000093
:10962400cd3a0000aebc0000529200005485000008
:109634002ced00000ffb0000000000000000000003
:10964400f8730000105d0000d81f000006e0000061
:10965400a159000026b40000393f0000c1190000e0
:10966400f9d40000be4f0000f4330000ec3f0000ca
:109674003ffe00008f910000d0440000f212000071
:10968400789000009e790000a9270000ee050000f4
:10969400cb9f00005a4b000015de00006739000024
:1096a400181f0000e73a00000a41000098e7000094
:1096b400dea7000028a00000d35400006633000099
:1096c40079b500003a830000375f000025400000b0
:1096d40070470000b87900006b620000963f0000fc
:1096e40048ea00009f6e0000cb350000e16f0000e7
:1096f4002dc40000c24b00009ba700004d050000d4
:10970400790e00001cfe0000095a00009f8700002b
:10971400227a0000131b00009f9900004d050000f1
:10972400db15000073d8000065fe0000395e000000
:10973400a44300007b6c000079bd0000739100001d
:109744004c9b00004c94000018870000ea6800005d
:10975400a74400009f5c000036660000fd41000045
:10976400145e0000b18e0000eb450000da770000c3
:109774000ee00000ec5e0000f40d0000bf410000ac
:10978400c6480000f0150000d8600000f740000053
:10979400762300007b1c0000e559000044500000c3
:1097a40030ce0000064e0000c5a6000070c30000c5
:1097b40018170000a2370000acbf00002c6f000097
:1097c400bc9b00003f58000012110000103900003b
:1097d40000180000db7d00000bd200002cee00001e
:1097e4000aaf0000769400007ac100005c210000fa
:1097f400d26100009f1d00007a96000095df0000f2
:10980400a451000081e600001bd500007c36000056
:1098140044f0000060ff00003af6000032ec000063
:109824008fe000009ac70000e3bc0000adeb00002d
:10983400a6940000714b00006d00000000000000c1
:109844000000000000380000974c000036a2000021
:1098540075ff0000fb3f0000eb600000e1310000f9
:10986400b1bc0000327700006cbd000049930000d9
:109874004bc2000007ba0000f0670000fd6800005a
:10988400caf50000a4ff00002a5e0000e2be00004a
:10989400b5690000b2a00000639300001bb400008f
:1098a400bd46000012fa0000ee8800005f4600008a
:1098b400dfb20000bae80000ba54000047ea000032
:1098c4000000000018fa000008910000779b0000d7
:1098d4001c8700008b010000709e0000c005000082
:1098e4002baa0000d7af000030a80000018b0000b5
:1098f40028a00000f5950000993200005f000000e8
:10990400000000000000000000080000c4ef000098
:10991400654500003cc300006def0000b834000052
:109924009d1c00000000000000000000000000007a
:10993400000000000466000086f20000bc9d0000e8
:1099440087970000be000000000000000000000037
:1099540008dd000058dd0000530f00007dec00001e
:10996400930b0000b95b0000e3000000000000005e
:109974000000000000000000000800007615000050
:10998400dfc70000682f0000a8f800004d33000076
:109994008fae000000000000000000000000000086
:1099a4000000000008840000c3e80000cb9c000015
:1099b4007180000009d7000011630000210000003d
:1099c400000000000000000000000000000400008f
:1099d4000ec60000f05000009e0a0000a799000087
:1099e4000000000000000000001400009a5a00006b
:1099f400f9aa00005f060000df5c00005237000097
:109a04004b3900000c7e000018c10000abd60000ea
:109a140036f5000078bd00009f79000000000000ca
:109a2400000e0000f2330000610e0000c30b0000c2
:109a34005a240000023f0000423500003da400000b
:109a4400adc50000305000000000000076e70000c3
:109a5400e34500000866000018210000ebdd00006b
:109a640014760000f8f1000055e800003b9d00006a
:109a74008b93000092ff0000a780000034380000a0
:109a8400c2ad00007cff0000bd2300002b0b0000d2
:109a94002c5f0000eac0000095000000fb8c000071
:109aa400376b00008a420000913e0000efd60000b0
:109ab40051430000216f0000803e0000bdf2000011
:109ac400b324000007a50000924a0000765100006c
:109ad400317200003547000025e70000b9d00000ce
:109ae400f4c20000dd520000353a000023c4000037
:109af40016fa00002a8d000099d00000b953000026
:109b0400c21200005c3f0000ce8d0000dbd10000db
:109b1400c8d1000059e5000088ff00004911000089
:109b2400abab00007bd10000f2b400003749000069
:109b3400a0b10000fefe00006c080000761d0000cd
:109b44000b000000000000009af40000b16d00005a
:109b5400a0f2000020e4000017a700004d850000db
:109b6400b38e00007acb000087300000af110000f4
:109b740090200000a8190000ea22000007fa000063
:109b8400c14c0000e8fc0000a20300008f2a000082
:109b9400c5360000e4af0000669b0000ba0a00006e
:109ba400dd65000090da0000d727000062d90000cc
:109bb400193b0000abf60000668900002da50000eb
:109bc40030700000e9aa0000e2d90000c1230000bf
:109bd40047fd00009a2500004a5f000089620000ea
:109be400976100004b910000fc3400001bfc000056
:109bf40097b200007b870000f4540000fcd60000fc
:109c040036480000c287000079a30000c48f00001a
:109c140042b1000031470000dde80000d00a000036
:109c24007147000022f30000f49f0000287a00002e
:109c3400700c0000bc59000030e00000e413000088
:109c440024650000bd4c00000e6d00009e4d000018
:109c54001590000019720000c9280000b695000094
:109c64000e920000f97900005c640000b9b90000ac
:109c74007bd70000dcb40000b9b40000967f00007c
:109c840072550000ae000000001e0000b00200008b
:109c94008e450000bdf00000a5900000b730000024
:109ca40012400000b64000009cf100006263000016
:109cb400726d0000f0ba00001af60000f0400000d7
:109cc4006a470000a2fc00009bd800007019000045
:109cd400000000000000000000000000001a000066
:109ce400f5240000f64d00002f640000fdf700008d
:109cf400c3fd0000a74500005d940000318f000003
:109d0400d69f00005d21000066410000d4390000a8
:109d140051af0000618c00001e9f00000000000095
:109d24000000000006110000e97a000088310000fc
:109d3400e1260000b61c00007400000000000000d2
:109d440006f5000098350000171a0000ab19000052
:109d54003a8c0000c6000000000000000e7e0000e7
:109d640014d000006e4400001c660000616700000f
:109d7400f18e00002872000030d20000bf7d000088
:109d84006f000000000800001799000062ee000058
:109d940078180000543a0000d57f000061ac000040
:109da40000000000000000000000000000000000af
:109db400108300003e2c0000924f00005a980000cf
:109dc40059970000fb82000097ad0000c8730000a3
:109dd400a26c00000d060000cf000000000000008f
:109de40000000000000000000a690000daeb000037
:109df4009ef70000677f0000dee80000830b000090
:109e0400465a00003f00000000000000000000006f
:109e140000020000b36000007fdc0000a3ff00002c
:109e2400000000000000000000000000001400001a
:109e34008ecf0000a265000072ce00003e1100002b
:109e4400392d000094940000478e0000c78c000058
:109e5400706b00007c4900008e3c0000d74c000071
:109e64000000000000020000c8770000a5fd00000b
:109e7400ba9a00000000000000000000000000008a
:109e8400000a00001a1b0000d94a000083030000e6
:109e9400dfe20000756e000028d90000631f000097
:109ea4000000000000000000000000000218000094
:109eb400272700008f4b0000e7000000000000008f
:109ec40000000000000000000000000000a90000e5
:109ed4000200000000000000c90000009201000020
:109ee4005b02000024030000ed030000b604000040
:109ef4007f0500004806000011070000d907000094
:109f0400a20800006a090000330a0000fb0a0000ee
:109f1400c40b00008c0c0000540d00001c0e00004b
:109f2400e30e0000ab0f0000721000003a110000b5
:109f340001120000c81200008f1300005514000025
:109f44001c150000e2150000a81600006e170000a2
:109f540033180000f9180000be190000821a00002e
:109f6400471b00000b1c0000cf1c0000931d0000c9
:109f7400571e00001a1f0000dd1f00009f20000074
:109f84006121000023220000e5220000a623000036
:109f94006724000028250000e8250000a82600000a
:109fa4006727000026280000e5280000a3290000f8
:109fb400612a00001f2b0000dc2b0000992c0000fc
:109fc400552d0000112e0000cc2e0000872f00001c
:109fd40041300000fb300000b53100006e3200005b
:109fe40026330000df330000963400004d350000b6
:109ff40004360000ba3600006f3700002438000031
:10a00400d93800008c390000403a0000f23a0000d0
:10a01400a53b0000563c0000073d0000b83d000091
:10a02400683e0000173f0000c53f00007340000079
:10a0340021410000ce4100007a4200002543000087
:10a04400d04300007a44000024450000cd450000c0
:10a05400754600001c470000c34700006948000023
:10a064000f490000b4490000584a0000fb4a0000b0
:10a074009d4b00003f4c0000e04c0000814d00006f
:10a08400204e0000bf4e00005d4f0000fb4f00005b
:10a094009750000033510000ce5100006852000078
:10a0a400025300009b53000032540000c9540000c6
:10a0b40060550000f55500008a5600001d57000049
:10a0c400b057000042580000d35800006459000003
:10a0d400f3590000825a00000f5b00009c5b0000f3
:10a0e400285c0000b35c00003e5d0000c75d00001a
:10a0f4004f5e0000d75e00005d5f0000e35f00007c
:10a1040068600000eb6000006e610000f061000018
:10a1140071620000f162000070630000ee630000f1
:10a124006c640000e864000063650000dd65000005
:10a1340056660000cf66000046670000bc6700005a
:10a1440032680000a6680000196900008b690000ed
:10a15400fd6900006d6a0000dc6a00004a6b0000c3
:10a16400b76b0000236c00008e6c0000f86c0000dc
:10a17400616d0000c96d0000306e0000966e000035
:10a18400fb6e00005e6f0000c16f000022700000d3
:10a1940083700000e2700000407100009d710000b7
:10a1a400f971000054720000ae72000007730000e1
:10a1b4005e730000b57300000a7400005f74000051
:10a1c400b27400000475000055750000a575000008
:10a1d400f3750000417600008d760000d87600000b
:10a1e400227700006b770000b3770000fa77000055
:10a1f4003f78000084780000c778000009790000e7
:10a204004a79000089790000c8790000057a0000c5
:10a21400417a00007c7a0000b67a0000ee7a0000f1
:10a22400267b00005c7b0000917b0000c57b000066
:10a23400f87b0000297c0000597c0000887c000029
:10a24400b67c0000e37c00000e7d0000397d000038
:10a25400627d0000897d0000b07d0000d57d000096
:10a26400fa7d00001d7e00003e7e00005f7e00003f
:10a274007e7e00009c7e0000b97e0000d57e00003a
:10a28400ef7e0000097f0000217f0000377f00007f
:10a294004d7f0000617f0000747f0000867f000016
:10a2a400977f0000a67f0000b47f0000c17f0000fc
:10a2b400cd7f0000d87f0000e17f0000e97f00002f
:10a2c400f07f0000f57f0000f97f0000fd7f0000b3
:10a2d400fe7f0000ff7f0000fe7f0000fd7f000086
:10a2e400f97f0000f57f0000f07f0000e97f0000a7
:10a2f400e17f0000d87f0000cd7f0000c17f000017
:10a30400b47f0000a67f0000977f0000867f0000d6
:10a31400747f0000617f00004d7f0000377f0000e4
:10a32400217f0000097f0000ef7e0000d57e000041
:10a33400b97e00009c7e00007e7e00005f7e0000ef
:10a344003e7e00001d7e0000fa7d0000d57d0000e9
:10a35400b07d0000897d0000627d0000397d000031
:10a364000e7d0000e37c0000b67c0000887c0000c9
:10a37400597c0000297c0000f87b0000c57b0000ac
:10a38400917b00005c7b0000267b0000ee7a0000dd
:10a39400b67a00007c7a0000417a0000057a000059
:10a3a400c8790000897900004a7900000979000021
:10a3b400c7780000847800003f780000fa77000036
:10a3c400b37700006b77000022770000d876000096
:10a3d4008d76000041760000f3750000a57500003d
:10a3e4005575000004750000b27400005f7400002d
:10a3f4000a740000b57300005e7300000773000068
:10a40400ae72000054720000f97100009d710000ea
:10a4140040710000e27000008370000022700000b0
:10a42400c16f00005e6f0000fb6e0000966e0000be
:10a43400306e0000c96d0000616d0000f86c000012
:10a444008e6c0000236c0000b76b00004a6b0000a8
:10a45400dc6a00006d6a0000fd6900008b69000081
:10a4640019690000a668000032680000bc6700009b
:10a4740046670000cf66000056660000dd650000f8
:10a4840063650000e86400006c640000ee63000093
:10a4940070630000f162000071620000f06100006e
:10a4a4006e610000eb60000068600000e35f000084
:10a4b4005d5f0000d75e00004f5e0000c75d0000d6
:10a4c4003e5d0000b35c0000285c00009c5b000063
:10a4d4000f5b0000825a0000f35900006459000029
:10a4e400d358000042580000b05700001d57000028
:10a4f4008a560000f555000060550000c95400005c
:10a50400325400009b5300000253000068520000c4
:10a51400ce5100003351000097500000fb4f000063
:10a524005d4f0000bf4e0000204e0000814d000032
:10a53400e04c00003f4c00009d4b0000fb4a000033
:10a54400584a0000b44900000f490000694800005f
:10a55400c34700001c47000075460000cd450000bd
:10a56400244500007a440000d04300002543000045
:10a574007a420000ce4100002141000073400000f7
:10a58400c53f0000173f0000683e0000b83d0000d2
:10a59400073d0000563c0000a53b0000f23a0000d5
:10a5a400403a00008c390000d938000024380000fb
:10a5b4006f370000ba360000043600004d35000045
:10a5c40096340000df330000263300006e320000b2
:10a5d400b5310000fb30000041300000872f00003f
:10a5e400cc2e0000112e0000552d0000992c0000e7
:10a5f400dc2b00001f2b0000612a0000a3290000af
:10a60400e52800002628000067270000a82600008f
:10a61400e82500002825000067240000a623000088
:10a62400e522000023220000612100009f20000099
:10a63400dd1f00001a1f0000571e0000931d0000bc
:10a64400cf1c00000b1c0000471b0000821a0000f6
:10a65400be190000f9180000331800006e1700003e
:10a66400a8160000e21500001c1500005514000097
:10a674008f130000c8120000011200003a110000fc
:10a6840072100000ab0f0000e30e00001c0e00006f
:10a69400540d00008c0c0000c40b0000fb0a0000e9
:10a6a400330a00006a090000a2080000d90700006c
:10a6b40011070000480600007f050000b6040000f2
:10a6c400ed030000240300005b020000920100007f
:10a6d400c90000000000000037ff00006efe00000b
:10a6e400a5fd0000dcfc000013fc00004afb000098
:10a6f40081fa0000b8f90000eff8000027f8000024
:10a704005ef7000096f60000cdf5000005f50000a8
:10a714003cf4000074f30000acf20000e4f100002b
:10a724001df1000055f000008eef0000c6ee0000a1
:10a73400ffed000038ed000071ec0000abeb000011
:10a74400e4ea00001eea000058e9000092e8000074
:10a75400cde7000007e7000042e600007ee50000c8
:10a76400b9e40000f5e3000031e300006de200000d
:10a77400a9e10000e6e0000023e0000061df000042
:10a784009fde0000dddd00001bdd00005adc000060
:10a7940099db0000d8da000018da000058d900006c
:10a7a40099d80000dad700001bd700005dd600005e
:10a7b4009fd50000e1d4000024d4000067d300003a
:10a7c400abd20000efd1000034d1000079d00000fa
:10a7d400bfcf000005cf00004bce000092cd00009b
:10a7e400dacc000021cc00006acb0000b3ca000020
:10a7f400fcc9000046c9000091c80000dcc7000085
:10a8040027c7000074c60000c0c500000ec50000c4
:10a814005bc40000aac30000f9c2000048c20000e3
:10a8240098c10000e9c000003bc000008dbf0000db
:10a83400dfbe000032be000086bd0000dbbc0000ad
:10a8440030bc000086bb0000dcba000033ba000054
:10a854008bb90000e4b800003db8000097b70000d1
:10a86400f1b600004cb60000a8b5000005b5000024
:10a8740063b40000c1b3000020b300007fb2000045
:10a88400e0b1000041b10000a3b0000005b0000039
:10a8940069af0000cdae000032ae000098ad0000fc
:10a8a400feac000065ac0000ceab000037ab00008e
:10a8b400a0aa00000baa000076a90000e3a80000eb
:10a8c40050a80000bea700002da700009ca6000011
:10a8d4000da600007ea50000f1a4000064a4000001
:10a8e400d8a300004da30000c2a2000039a20000ba
:10a8f400b1a1000029a10000a3a000001da0000038
:10a90400989f0000159f0000929e0000109e00007a
:10a914008f9d00000f9d0000909c0000129c000081
:10a92400949b0000189b00009d9a0000239a00004d
:10a93400aa99000031990000ba98000044980000d8
:10a94400ce9700005a970000e79600007596000025
:10a95400039600009395000024950000b69400002f
:10a9640049940000dd9300007293000008930000f6
:10a974009f92000037920000d09100006a9100007d
:10a9840005910000a29000003f900000de8f0000bf
:10a994007d8f00001e8f0000c08e0000638e0000bb
:10a9a400078e0000ac8d0000528d0000f98c000071
:10a9b400a28c00004b8c0000f68b0000a18b0000e1
:10a9c4004e8b0000fc8a0000ab8a00005b8a00000a
:10a9d4000d8a0000bf8900007389000028890000e7
:10a9e400de880000958800004d880000068800007d
:10a9f400c18700007c87000039870000f7860000cb
:10aa0400b68600007786000038860000fb850000cb
:10aa1400bf850000848500004a850000128500007f
:10aa2400da840000a48400006f8400003b840000ea
:10aa340008840000d7830000a78300007883000007
:10aa44004a8300001d830000f2820000c7820000d8
:10aa54009e82000077820000508200002b8200005a
:10aa640006820000e3810000c2810000a181000091
:10aa74008281000064810000478100002b81000076
:10aa840011810000f7800000df800000c980000011
:10aa9400b38000009f8000008c8000007a8000005a
:10aaa400698000005a8000004c8000003f80000054
:10aab40033800000288000001f8000001780000001
:10aac400108000000b80000007800000038000005d
:10aad400028000000180000002800000038000006a
:10aae400078000000b800000108000001780000029
:10aaf4001f80000028800000338000003f80000099
:10ab04004c8000005a800000698000007a800000b8
:10ab14008c8000009f800000b3800000c98000008a
:10ab2400df800000f7800000118100002b8100000d
:10ab3400478100006481000082810000a18100003f
:10ab4400c2810000e3810000068200002b82000025
:10ab540050820000778200009e820000c7820000bd
:10ab6400f28200001d8300004a8300007883000005
:10ab7400a7830000d7830000088400003b84000002
:10ab84006f840000a4840000da84000012850000b1
:10ab94004a85000084850000bf850000fb85000015
:10aba4003886000077860000b6860000f78600002d
:10abb400398700007c870000c187000006880000f8
:10abc4004d88000095880000de8800002889000078
:10abd40073890000bf8900000d8a00005b8a0000b1
:10abe400ab8a0000fc8a00004e8b0000a18b0000a1
:10abf400f68b00004b8c0000a28c0000f98c000046
:10ac0400528d0000ac8d0000078e0000638e0000a2
:10ac1400c08e00001e8f00007d8f0000de8f0000bc
:10ac24003f900000a2900000059100006a9100008e
:10ac3400d0910000379200009f920000089300001a
:10ac440072930000dd93000049940000b694000064
:10ac5400249500009395000003960000759600006b
:10ac6400e79600005a970000ce9700004498000031
:10ac7400ba98000031990000aa990000239a0000b4
:10ac84009d9a0000189b0000949b0000129c0000f9
:10ac9400909c00000f9d00008f9d0000109e0000fe
:10aca400929e0000159f0000989f00001da00000c8
:10acb400a3a0000029a10000b1a1000039a2000056
:10acc400c2a200004da30000d8a3000064a40000a9
:10acd400f1a400007ea500000da600009ca60000c3
:10ace4002da70000bea7000050a80000e3a80000a4
:10acf40076a900000baa0000a0aa000037ab000050
:10ad0400ceab000065ac0000feac000098ad0000c6
:10ad140032ae0000cdae000069af000005b0000007
:10ad2400a3b0000041b10000e0b100007fb2000018
:10ad340020b30000c1b3000063b4000005b50000f7
:10ad4400a8b500004cb60000f1b6000097b70000ab
:10ad54003db80000e4b800008bb9000033ba00002d
:10ad6400dcba000086bb000030bc0000dbbc000085
:10ad740086bd000032be0000dfbe00008dbf0000b3
:10ad84003bc00000e9c0000098c1000048c20000b8
:10ad9400f9c20000aac300005bc400000ec5000095
:10ada400c0c5000074c6000027c70000dcc700004f
:10adb40091c8000046c90000fcc90000b3ca0000e5
:10adc4006acb000021cc0000dacc000092cd000058
:10add4004bce000005cf0000bfcf000079d00000ab
:10ade40034d10000efd10000abd2000067d30000e3
:10adf40024d40000e1d400009fd500005dd60000fb
:10ae04001bd70000dad7000099d8000058d90000f9
:10ae140018da0000d8da000099db00005adc0000e0
:10ae24001bdd0000dddd00009fde000061df0000af
:10ae340023e00000e6e00000a9e100006de200006c
:10ae440031e30000f5e30000b9e400007ee5000012
:10ae540042e6000007e70000cde7000092e80000aa
:10ae640058e900001eea0000e4ea0000abeb000031
:10ae740071ec000038ed0000ffed0000c6ee0000ac
:10ae84008eef000055f000001df10000e4f1000019
:10ae9400acf2000074f300003cf4000005f500007f
:10aea400cdf5000096f600005ef7000027f80000dc
:10aeb400eff80000b8f9000081fa00004afb000036
:10aec40013fc0000dcfc0000a5fd00006efe000089
:10aed40037ff000025630000256c0000752e00007c
:10aee40025300000326c0000752000006d730000f6
:10aef400005b0000253700006c7500002e25000063
:10af04006c7500005d200000252d000037730000e3
:10af14002000000025300000347500002d250000bd
:10af240030320000752d000025300000327500001d
:10af34002025000030320000753a00002530000062
:10af4400327500003a250000303200007520000000
:10af54005554000043000000202800002530000064
:10af6400327500003a25000030320000753a0000c6
:10af74002530000032750000206c00006f63000073
:10af8400616c00002c20000055540000432b00008d
:10af940025640000290000002450000047470000f9
:10afa400554d00002c0000002530000032580000f0
:10afb4002c000000256c0000750000002a2500000c
:10afc40030320000580d00000a0000006e6f0000cf
:10afd400206d00006f640000756c00006174000057
:10afe400696f00006e000000746f00006f200000a5
:10aff4006d6100006e790000206200006974000039
:10b0040020650000727200006f720000730000007f
:10b01400202b0000205300004b310000207600005c
:10b02400696100002043000052430000000000005a
:10b03400202b0000207300006f66000074200000c5
:10b0440072650000747200007900000072650000ef
:10b054006d6f0000766100006c000000696e0000f6
:10b064007365000072740000696f00006e000000d8
:10b0740046520000414d0000450000002325000019
:10b084006c750000206300006f72000072200000e5
:10b09400256400002e2500003032000064200000ea
:10b0a400002d0000206e00006f740000206400007a
:10b0b400656300006f640000616200006c6500005d
:10b0c4002c2000006275000074200000256400003c
:10b0d4002e25000030320000642000006f6600005e
:10b0e40020690000742000006167000072650000a0
:10b0f4006573000020770000697400006820000078
:10b104007468000065200000657800007065000028
:10b114006374000065640000206600007261000032
:10b124006d65000020280000736e0000722000008e
:10b134002564000020640000422900003a20000039
:10b14400000d00000a000000434c00004f430000c3
:10b154004b000000636f00006e660000697200001f
:10b164006d650000642c0000206500007272000010
:10b174006f720000200000002c2000007874000092
:10b18400616c0000202500002b6c0000642000008e
:10b1940070700000620d00000a000000636f000080
:10b1a4006e660000697200006d6100007469000041
:10b1b4006f6e0000206f000075740000736900005a
:10b1c40064650000207400006865000020770000ba
:10b1d400696e0000646f0000772c00002069000095
:10b1e400676e00006f720000656400000d0a0000c5
:10b1f400002d0000206e00006f7400002064000029
:10b20400656300006f640000616200006c6500000b
:10b2140020280000257300002c200000736e00001d
:10b224007220000025640000206400004229000010
:10b234000d0a0000007300006e720000202500005b
:10b2440064200000644200002c20000066690000b5
:10b25400786500006420000025750000207300005c
:10b26400796d0000626f00006c28000073290000f3
:10b2740025730000257300003a2000000020000020
:10b284006c650000617000002073000065630000bd
:10b294006f6e000064200000257300002061000030
:10b2a4006e6e00006f7500006e6300006564000040
:10b2b4000020000044530000542000006368000094
:10b2c400616e000067650000206100006e6e000082
:10b2d4006f7500006e6300006564000000200000cc
:10b2e40074720000616e0000736d000069740000e8
:10b2f40074650000722000006d610000696e00003a
:10b30400746500006e6100006e630000652000003b
:10b31400706c0000616e00006e6500006420000027
:10b3240028250000752900000066000072610000f5
:10b334006d65000020610000677200006565000013
:10b344007320000077690000746800002063000027
:10b354006c6f0000636b00002c200000657200001d
:10b36400726f00007220000000530000594e00006c
:10b3740043480000524f00004e490000534500006e
:10b38400442000002d200000747700006f2000008e
:10b3940066720000616d00006573000020610000aa
:10b3a40067720000656500002c20000074690000cd
:10b3b4006d650000207300006574000020740000b7
:10b3c4006f2000000053000054450000505000005e
:10b3d40045440000202d0000206300006c6f000035
:10b3e400636b00002077000061730000206f000091
:10b3f400666600002062000079200000256c0000d1
:10b40400642000006d7300002c200000636f0000b6
:10b414006e660000697200006d6500006420000023
:10b424006279000020740000687200006565000005
:10b4340020660000726100006d650000730d00005d
:10b444000a0000006e6f0000742000007379000091
:10b454006e630000687200006f6e00006973000084
:10b46400656400002079000065740000202d000050
:10b474002077000061690000746900006e670000b5
:10b48400206600006f72000020610000207300003d
:10b49400656300006f6e00006420000066720000a7
:10b4a400616d000065200000746f000020630000df
:10b4b4006f6e000066690000726d00000d0a0000e6
:10b4c40000520000454a0000454300005445000076
:10b4d400442000002d20000066720000616d000011
:10b4e4006520000064690000666600006572000063
:10b4f40073200000667200006f6d0000206300007e
:10b504006c6f0000636b0000206200007920000073
:10b51400256c0000642000006d73000020280000ea
:10b524006b6500007074000020610000732000004f
:10b53400636100006e6400006964000061740000cf
:10b54400652900000d0a0000005200004157000068
:10b5540000250000303200005820000000200000c8
:10b564002d20000063680000656300006b2000006c
:10b574005349000034370000333500002c2000000c
:10b58400696e00006372000065610000736500006d
:10b5940020670000616900006e2000005232000044
:10b5a40037000000202d0000206900006e630000b9
:10b5b400726500006173000065200000676100008f
:10b5c400696e000020520000323700000053000072
:10b5d400494700004e4100004c0000006c6500002b
:10b5e400766500006c2000002533000075250000fe
:10b5f400252000005b250000735d00002000000092
:10b60400434c000049500000504900004e470000e0
:10b61400202800002575000020730000616d0000e3
:10b62400706c000065730000290000004e4f00009c
:10b634002f56000045520000592000004c4f0000d6
:10b644005720000041550000444900004f0000000d
:10b654002c200000766f00006c7500006d65000002
:10b6640020250000752f000036330000006c000018
:10b674006f770000004f00004b0000006869000075
:10b6840067680000002000002d20000064650000b1
:10b6940063720000656100007365000020670000ac
:10b6a400616900006e200000523200003700000083
:10b6b4002c200000636500006e74000072650000b9
:10b6c400202500006425000025000000207c0000e7
:10b6d400206300006172000072690000657200005e
:10b6e400202500006c6400002e250000303200008c
:10b6f4006c640000204800007a2000002825000027
:10b70400632500006c6400002e2500003032000028
:10b714006c6400002920000025730000002c000048
:10b724002027000030270000206200006974000018
:10b7340073200000617400002025000064200000d4
:10b7440064650000672c0000206e00006f69000033
:10b75400736500002025000064200000646500007b
:10b7640067000000207c000020720000616400007b
:10b77400696f00002052000053530000492000006c
:10b78400257500002064000042750000562000006a
:10b79400534e000052200000257500002064000074
:10b7a400420d00000a000000207c0000207200000e
:10b7b40061640000696f0000204e00004f540000d7
:10b7c4002052000045530000504f00004e4400003a
:10b7d400494e0000470d00000a00000056410000d9
:10b7e4004c49000044000000484f00004c44000055
:10b7f4004f56000045520000202800003e32000051
:10b8040034200000682c0000206e00006f740000db
:10b8140020760000616c00006964000029000000cb
:10b824005354000041540000555300000020000010
:10b83400257300002c2000006c610000737400006c
:10b84400206700006f6f0000642000006672000033
:10b85400616d000065200000256c0000752000006b
:10b8640073200000616700006f0000006e6f00002d
:10b8740020740000696d00006520000079650000f7
:10b8840074000000207c000020660000726100004b
:10b894006d6500007320000068650000617200009f
:10b8a40064200000256c0000752c00002075000049
:10b8b4006e640000656300006f6400006162000054
:10b8c4006c650000202500006c7500002c20000031
:10b8d400616300006365000070740000656400002b
:10b8e400202500006c75000020280000256c000055
:10b8f4007520000062790000206d00006174000072
:10b9040063680000696e000067200000746800002e
:10b914006520000065780000706500006374000015
:10b924006564000020660000726100006d6500001f
:10b93400292c000020720000656a00006563000085
:10b944007465000064200000256c0000752c000064
:10b95400207300007465000070730000202500004f
:10b964006c750000002000007c2000005050000096
:10b97400532000006d6900007373000065640000cb
:10b9840020250000752c0000206c00006f6700006b
:10b9940020640000726f0000707000006564000095
:10b9a40020250000750000000d0a00000d0a0000ab
:10b9b400004200004f4f000054000000652d0000bd
:10b9c400437a000061730000504c000020320000f4
:10b9d40032350000206b0000487a0000207200001d
:10b9e400656300006569000076650000722c000044
:10b9f40020660000697200006d770000617200002b
:10ba040065200000322e0000302e0000332000009c
:10ba1400285300006570000020320000352000002b
:10ba24003230000032360000290d00000a00000008
:10ba340053560000313a00002064000069610000a0
:10ba4400676e00006f730000746900006373000088
:10ba54002c20000053560000323a0000204e000013
:10ba64004d450000412000002447000050520000d2
:10ba74004d430000202800002b2400005047000004
:10ba8400475500004d2c00002024000050450000c4
:10ba9400435a0000292c00002031000031350000f9
:10baa4003230000030200000384e0000313b0000ee
:10bab400204c00004544000031200000676f000066
:10bac4006f64000020660000726100006d65000074
:10bad4002c2000004c45000044320000207200007d
:10bae4006563000065690000766900006e67000008
:10baf4002c2000004c45000044330000207400005a
:10bb0400696d000065200000766100006c6900002a
:10bb1400642c0000204c0000454400003420000048
:10bb240031500000505300000d0a00000052000084
:10bb340041440000494f0000005300004934000014
:10bb44003733000035200000696e0000697400007e
:10bb540020660000616900006c650000642000003c
:10bb640028250000642900002c20000072650000d4
:10bb740074720000796900006e6700000d0a00000d
:10bb840000740000756e00006564000020740000fd
:10bb94006f20000032320000342000006b480000a7
:10bba4007a20000055530000422c0000207700004a
:10bbb40061690000746900006e670000206600007f
:10bbc4006f720000207400006865000020320000dd
:10bbd40032350000206b0000487a0000206300002a
:10bbe4006172000072690000657200002028000084
:10bbf400312000006b4800007a200000746f0000c0
:10bc04006e650000290d00000a0000005349000081
:10bc14003437000033350000206e00006f740000dc
:10bc24002072000065730000706f00006e640000f5
:10bc3400696e0000672000002d200000726500007e
:10bc4400696e000069740000696100006c6900009d
:10bc5400736900006e6700000d0a000000730000a5
:10bc64006561000072630000686900006e6700008f
:10bc740020630000617200007269000065720000b8
:10bc8400006c00006f6300006b6900006e670000c9
:10bc94002028000066610000737400002900000081
:10bca4006c6f0000636b0000696e000067000000a9
:10bcb4006c6f0000636b000065640000000000000e
:10bcc40031de000043de000052de00005ade0000d8
:10bcd4005349000034370000333500003a20000097
:10bce4006e6f00002072000065730000706f00002a
:10bcf4006e730000650d00000a0000005349000047
:10bd040034370000333500003a2000007061000031
:10bd1400727400002025000030320000582000001a
:10bd240066770000202500006325000063200000e2
:10bd34006368000069700000202500006320000093
:10bd44006c69000062200000257500000d0a0000e7
:10bd5400005300004934000037330000353a000036
:10bd6400206c00006f610000646900006e670000d1
:10bd74002053000053420000207000006174000052
:10bd8400636800002e2e00002e00000020460000f4
:10bd9400414900004c450000440d00000a00000029
:10bda400206400006f6e0000650d00000a000000b2
:10bdb4005349000034370000333500003a200000b6
:10bdc400726500007600000020250000303200007b
:10bdd400580000000d0a0000000000002447000085
:10bde400505200004d4300002c2c0000562c000043
:10bdf4002c2c00002c2c00002c2c00002c2c0000df
:10be04002c4e00000024000047500000524d00005a
:10be1400432c0000002c00003532000031340000b7
:10be24002e35000030390000382c00004e2c000064
:10be34003032000031300000302e00003035000078
:10be4400303400002c4500002c3000002e3000005f
:10be5400302c000030300000302e0000302c000068
:10be6400002c00002c4500002c00000030310000a4
:10be74003233000034350000363700003839000012
:10be84004142000043440000454600000000000019
:10be9400000100000001000000010000000100009a
:10bea400000100000001000000010000000100008a
:10beb400000100000100000000000000000000007c
:10bec40001000000010a0000475500004d2b00004e
:10bed4000102000004080000030600000c0b00002f
:10bee400050a0000070e00000f0d00000901000004
:10bef4000204000008030000060c00000b0500000b
:10bf04000a0700000e0f00000d09000000000000e9
:10bf14000104000002080000050a0000030e0000ee
:10bf240009070000060d00000b0c00000c0a0000bd
:10bf34000c030000090700000100000000000000dd
:10bf4400bf160000190900008d0400000000000065
:10bf5400c233000048080000120200000001000083
:10bf640000010000000100000001000000010000c9
:10bf740000010000000100000001000000010000b9
:10bf840001000000000000000000000001000000ab
:04bf940001000000a8
:020000040000fa
:10bf98000041eb000004e0000c0032000104e00066
:10bfa8000a0032008180fb0082f82d00e2c0780090
:10bfb8008180fb000080fb00624078000080fb006d
:10bfc80000804000a1f62d00614178000240780011
:10bfd800000006000041eb000004e0000e00320003
:10bfe8000080fb0083f82d00634178000281fb008c
:10bff8006f0141008180fb0063c078000080fb0076
:10c0080000005100f2002000110009000200d800d1
:10c01800a0f62d0060c178000240780000000600fc
:10c0280063004000c380de0052f62d00e2c07800b5
:10c038008180fb000080ea00670060000088de0065
:10c048006140600000000600889fbe00e583400054
:10c05800fa0240000003eb008044eb00060478007d
:10c068000f00370002414100544171008301e8008c
:10c07800e48f5100fbff3a00826b78000603e8006a
:10c08800e4824200e90f530005003a000004b000c2
:10c098008002eb008043eb00050378000e003700b8
:10c0a800050278000941780088017800edff370023
:10c0b80002414100344171008301e800e48f5100de
:10c0c800fbff3a00825878008502e80064004000cf
:10c0d800e68f520004003200000278000741780021
:10c0e80086017800f2ff37004f04be00000006000a
:10c0f800881f7800fa834000e6024000960020007e
:10c1080038002000100037001582fb0002a2de0074
:10c11800e16962000201e900e10f4100faff3a001b
:10c128000603e900e48343008502e8000600e00016
:10c1380005003a0005042000818242000002eb005d
:10c14800360020000e0037008701780008017800cb
:10c15800edff3700e0417a008381fb008199de0022
:10c1680061d961008100e900e18f4000f9ff3a00e0
:10c178000402e800e4824200e60f520003003200a5
:10c188000501780086007800f2ff37004f04780038
:10c1980000000600cf04b000889fbe008a9fbe0042
:10c1a8008c9fbe008e1f7800a0a79f00f1a79f005c
:10c1b800b2af9f00c3af9f000087eb006000b800dc
:10c1c800d4a79f00e5a79f00b2a79f00c3a79f0021
:10c1d8000a0120000b0020009aaf9f00abaf9f0020
:10c1e8000006be000d0037008fd597000b04e00055
:10c1f800050032003fa09700cfa09700b0af9f0086
:10c20800c1af9f00040037005fa19700efa197001e
:10c21800b2af9f00c3af9f006a074700ffa1970016
:10c2280033427800f3a79f0084d79f000404e000fe
:10c23800030032003fa59700cfa597000200370002
:10c248005fa59700efa597008e004700255d2100a8
:10c258008580400012002000030020003faa9700bc
:10c26800cfaa97000405550085855d00f1b79f00aa
:10c278008e02780085bf9f000200be0004012000e6
:10c2880005002000840f5100858f590002003400fa
:10c298001fa89700afa897000a8ab900b4b79f00f3
:10c2a800c5b79f0000dab900f4af9f0085b79f00bb
:10c2b8003fb797008e0242000a00b8008180420012
:10c2c800b0b79f00c1b79f00e00f5000e08f580043
:10c2d80004003d006f024000e0824800b4b79f00b0
:10c2e800c5b79f003fb39700cfb397004c3fdd0021
:10c2f8004434de0008047700c4bcde003faa97007f
:10c30800cfaa97000800420089804a00cc0add00c5
:10c318004403de00068372007fb79700062f78007b
:10c32800feb79f004fb0de000c0643008d064800a4
:10c3380062014100e081490054012000050020000d
:10c34800840f5100858f5900cbff3a000fbf97002b
:10c35800553b2000850f5700a3ff3a000c00be0094
:10c36800023c200003002000d6d20700b0b79f008f
:10c37800c1b79f0047fa2f0087834700f7af9f0098
:10c388002fa49700e80654000000eb00000778008f
:10c398000cd521002200370054017800cf91de002f
:10c3a8003fb59700cfb597000a0151008b8159001e
:10c3b800550078004480de006105b900009cb90092
:10c3c80002ddb900080445000011b80083014400eb
:10c3d80006034100878349008c0f5200eeff3a00a4
:10c3e80001007800ffad970086adbe00fbaf9f004f
:10c3f800c270dd0082fa2f000f0141008100410068
:10c40800b10f1300a18f1b0001003d000007780049
:10c418000000e8008d86e800e70f500005003200b4
:10c42800045d21008d0278006033b8008000780038
:10c43800d9ff370063005700cf80de004f0edd00c4
:10c44800c106de008d0676004f06dd000e00e9000d
:10c45800e40f500054003e000e00e9004200dd00e9
:10c4680083fa2f008f814100008041001000be0038
:10c478000002be004fabde0086037800b4b79f0011
:10c48800c5b79f00d6b79f00e7b79f000e00e8002a
:10c498004200dd00008041001000be000004be0024
:10c4a8004fcdde008a057800f8af9f0089b79f005e
:10c4b8009ab79f00abb79f000400440085804c00ea
:10c4c80006014d0087814d00b0af9f00c1af9f00ae
:10c4d800d2af9f00e3af9f004270dd0081fa2f00ca
:10c4e8008f804000008040001000be004f89de00b1
:10c4f80082017800e4ff2f00f5ff2f00f6ff2f00e0
:10c50800f7ff2f0097d707003faa9700cfaa9700f9
:10c518005fab9700efab97000000420081804a00b4
:10c5280002014b0083814b000002400081824800d9
:10c5380002034900838349001b003b003fb097007a
:10c54800cfb097005fb19700efb197000804500093
:10c55800898458000a0559008b855900f8af9f0057
:10c5680089b79f009ab79f00abb79f000800be002d
:10c578000a01be00cf19dd004114de0083017400fa
:10c588004f11dd00410cde0002017400cf08dd0010
:10c598004104de00810074004f00dd0013d707005e
:10c5a8000c0640008d8648000c00be004f0778003e
:10c5b8004f06be004f05be004f04be00cf04b100b9
:10c5c800000006008000eb000000e00004003200dc
:10c5d80061016000828040000000d100fcff3a0049
:10c5e80001007800000006007e00fa00889fbe0067
:10c5f8008a9fbe008c9fbe00202f9800112f9800a4
:10c608000005eb00542f9800652f9800322f9800f2
:10c61800432f98000001200001002000702f98008f
:10c62800013798008a017800550037000c00e000b7
:10c63800050032003e299000ce299000123798005c
:10c6480023379800040037005e289000ee289000f9
:10c6580010379800213798000700e00003003200e7
:10c668003e2a9000ce2a9000020037005e2a9000f1
:10c67800ee2a90007438b9000e299000000041009d
:10c688000080e9000003470010002000010020009e
:10c698001e319000ae3190000202520083825a008f
:10c6a800673f98005c3f98000683e8000001be00e1
:10c6b8000c0120000d0020008c0f50008d8f5800b9
:10c6c800020034007e2990008e319000049eb9004b
:10c6d8003c3f98004d3f980002aeb9001c3f9800bf
:10c6e8002d3f98009e3e9000be3b90000786460076
:10c6f8000411b800830146000206be00e00f510095
:10c70800e08f590002003d006f064100e0864900b5
:10c718004c6ddd004464de0008047500c4ecde00e6
:10c728001e369000ae3690000801460089814e0002
:10c73800cc1edd004415de000a8576000a0b780061
:10c7480062004000e0804800520120000300200001
:10c75800820f5000838f5800d3ff3a00ee3b9000c1
:10c768005e3e90008703e800e28f5300afff3a0077
:10c778008c0178008301e800e28f51000800320044
:10c788000003eb00800220000098b90080037800c5
:10c79800072f98008603780003067800a3ff370068
:10c7a8002e2e90000005eb008a0578000b04780017
:10c7b8008a0645008d03780033003700fa0f5500cc
:10c7c80009003c00a1f42d0061407d000080fb00c1
:10c7d800850f5000040032001200200003002e00d4
:10c7e800828cbe00210037007428b9000080460002
:10c7f8000080e900000347000c0278006011b800cf
:10c808000b00780019379800782f9800b40078004a
:10c81800c488de00d6805000018cb900183f98000b
:10c82800293f98000201440083814c000000e80081
:10c83800ea0f5000f5ff3a009e3490007e2c9000dd
:10c84800cc18dd004410de000080700070379800be
:10c85800449bde00063f98007e3190008e399000a0
:10c8680060001100e0801900808cbe008502e8009d
:10c87800e4844400e28f5200d0ff3a000804e80044
:10c88800e20f54000900320088844300c34cdd00e5
:10c89800239c2000838444008b02780086022000b9
:10c8a80006c0b90080067800c4ff37000a05e80012
:10c8b8007406460007062000870f5500bbff3a00a4
:10c8c800a52c21001000200001002e00808abe0047
:10c8d800e82c2100000ceb003814780005027800e1
:10c8e800239c2000212d2100692d210003007800c0
:10c8f800732f980011379800130037001a00200092
:10c908000b002e000a89be001c0020000d002e001e
:10c91800b10f1600a18f1e0001003d008c88be00db
:10c92800e882420070004000680444009e3690008f
:10c93800e88646001d379800e884440021fc200062
:10c94800810f50003800320005037800800378001a
:10c95800783798001e3190001506be003005460055
:10c96800a0854e001a3f98002b3f98004006900083
:10c97800d006900038054600a8854e001e3e90005f
:10c98800ae3e90008c0f55008d8f5d0001003d007c
:10c998000c05be000a89be00890078006705900072
:10c9a800f70590001a3f98002b3f98002705900044
:10c9b800b705900036064500a6864d000c05be005a
:10c9c8001e3e9000ae3e9000fe31900033034600bc
:10c9d800a3834e008a0f53008b8f5b0001003d003c
:10c9e8000a03be008688be001205be000a06be0005
:10c9f800860f5500878f5d0001003d000606be00ca
:10ca08000c1955000d915d009118160091901e00ab
:10ca18001600200007002e00b20f1300a28f1b0083
:10ca2800b6ff3500b8ff3700fe299000682c2100ba
:10ca38006000b800008cbe00222c21000089be00d6
:10ca480025fb2000a02b2100e92b2100332f980083
:10ca5800502f9800170037001a0020000b002e00f6
:10ca68008a88be001c0020000d002e00b00f1600a2
:10ca7800a08f1e0001003d000c88be00f08252000d
:10ca88006801510068045400de2e9000e8865600c4
:10ca98005d2f9800e884540020fc2000800f51008e
:10caa80004003a00be299000a0fc20009e289000b7
:10cab8003b003700850378007237980018379800d4
:10cac800de28900025059000b50590003806450041
:10cad800a8864d001c3f98002d3f98001505be0004
:10cae80032064500a2864d001e3d9000ae3d9000e6
:10caf8008a0f56008b8f5e0001003d000a06be00bb
:10cb08008c88be000900780067069000f706900040
:10cb18007c2f98000d37980047059000d7059000a6
:10cb28001a3f98002b3f98000a06be00fe3190007d
:10cb380033054600a3854e007e2e90008e36900069
:10cb48009e31900033034600a3834e008a0f5300a2
:10cb58008b8f5b0001003d000a03be000688be0003
:10cb68001105be000a06be00860f5500878f5d00be
:10cb780001003d000606be008c1855008d905d0032
:10cb88001018160010901e001600200007002e0036
:10cb9800b10f1300a18f1b00afff3500b1ff3700a5
:10cba8001404be0018379800293798002404900010
:10cbb800b404900003017800800278001005be00dc
:10cbc8000806450089864d001c3f98002d3f9800b7
:10cbd8001e339000ae3390000605450087854d0052
:10cbe80033064500a3864d007c3798000d3f98001a
:10cbf8001e3b9000ae3b900043059000d30590008b
:10cc08000606450087864d007e3390008e3b9000d7
:10cc1800860f5600878f5e0001003d000606be00a5
:10cc28003c3798004d37980025059000b5059000d1
:10cc38000806450089864d007c3798000d3f98000e
:10cc480062039000f2039000762f9800073798004f
:10cc580022049000b2049000183f9800293f9800e1
:10cc68001e369000ae3690000c0344008d834c00b5
:10cc78000603450087834d007e3590008e3d900069
:10cc88007e2e90008e3690000a0446008b844e005b
:10cc9800860f5400878f5c0001003d000604be002b
:10cca8003e339000ce3390008618540087905c0085
:10ccb800e480400068024200f081410068004000c2
:10ccc800a75c2100870f5200b5ff3a004f06be004f
:10ccd8004f05be004f04be000080fa0000000600a9
:10cce8000001eb008040eb000143780077c0b300ff
:10ccf800850220008180fb0001c24000c708de00d9
:10cd080086417800b0cf10000100320087417800da
:10cd180084c069000201e800850f5100f5ff3a0060
:10cd28000140780000000600f4874700889fbe0095
:10cd38008a9fbe008c9fbe008e1f780080bf9f0018
:10cd48000f0078000002b100020009000018eb0093
:10cd58008fb897007a815700668040000800090064
:10cd680030597800f18657007b0020007ef92d00ad
:10cd7800ecf92d004d4578000a04e0000b00320064
:10cd880001fe2f008f8040000b8440008e04780045
:10cd98000804e800d94078000a4078007cfc0700c5
:10cda800184c68008c8f5400f9ff3a008b05e90095
:10cdb800e28f4500efff3a000fb9970000fe2f0001
:10cdc8000080470005000900305978006200b10072
:10cdd8004f0778004f06be004f05be004f04be0047
:10cde8004f01b100000006000f03b000889fbe008d
:10cdf8008a9fbe008c9fbe008e1f780080bf9f0058
:10ce0800abf62d003dfc2f008f8646000006eb0098
:10ce18006f0740000c0037008a4078005cfc070070
:10ce2800494068000804e900e10f4400faff3a00ad
:10ce3800806e78000080fb000c06700000f72d0063
:10ce4800808f5500050032005b4578008e0478001d
:10ce58000040eb00e8002000efff37000004eb0083
:10ce68000c00e000fb0032008f0078006103b10085
:10ce7800020009008018eb008058eb000f017800d1
:10ce8800f202b100060009000059eb0010c0b3001f
:10ce980090d79f00a0cf9f004fc5970041fc2f005f
:10cea80081804700e1b79f00e0ef9f001d00200050
:10ceb8000807780002fd2f0002814700d2b79f00c3
:10cec80088047800120037006fb09700504578004a
:10ced800e0b79f000900e0000d00340041fc2f007e
:10cee8008f8040008e854000acfc2f000f06460066
:10cef80018002000cb4078005c40780024fc070034
:10cf080000456d000804e800888f5400f9ff3d00d3
:10cf18000a04e00002003a008d06e8002b00370002
:10cf28005fa09700efa09700c0af9f00d1af9f0010
:10cf3800ffa09700e1af9f000fd19700e2df9f00ad
:10cf4800efe897000a40780022fc070000467800c6
:10cf5800e68f56000e003c000d04e900a0fc2f00ef
:10cf68000f004000080440000bfd2f008f8545008e
:10cf78000804e800db4078000c40780004fc070057
:10cf8800184c6800dfb09700810f5400f8ff3a0092
:10cf9800098044008e0f50000b003c000e00e80092
:10cfa8008904500012fd2f000281470080fd2f00e8
:10cfb800008047000600090030597800eaef9f001a
:10cfc8001d002000010037008d06e8000e07e8006c
:10cfd800e60f5700bcff3a0009047800e30f54003d
:10cfe80093003c008006eb000d067800fe00200050
:10cff8000800e800a1fc2f008f80400080804000de
:10d00800f1b79f00abfc2f008f854500080578001d
:10d018006f001600110009000e00d800a2f62d00be
:10d02800e2c478000a00e000090035007fb49700e8
:10d038000040eb0089407800d5fb070048406800b5
:10d048008b0f5400fbff3a000004e00007003a0091
:10d05800e38f56007800320041fc2f008f8040009b
:10d068000d8040001c6098008d06e8000c06e80062
:10d07800ef0f5600e6ff3a000a0478008d0f5400bf
:10d088006f003a00e2fd2f0002814700f2b79f00cf
:10d098008005eb000047eb00080578001a00370010
:10d0a800dc4078004d407800b9fb070080c46c0074
:10d0b8000804e8008b0f540002003c00880f55005c
:10d0c800f7ff3d007fb0970009687800f0b79f0030
:10d0d8008b05e800e68f55000b003a000a0478003b
:10d0e800fc805700f1b79f008006eb007b8157005a
:10d0f800d2b79f00f0fd2f0000804700c0b79f0007
:10d1080088047800460037008e4478000b00e00061
:10d11800ecff35008e4478000a00e000e9ff350096
:10d128009cfc2f000f0646008b06e80041fc2f00f0
:10d138008f8040008d8640008e4478000004eb000c
:10d14800d7ff37007fb1970052477800f2b79f00aa
:10d158000e80fb006f001000f20020001100090093
:10d168000200d800a0f62d00e0c578005fb4970053
:10d1780000c0b3004fb697008b40780084fb0700cf
:10d18800484068008c0f5400fbff3a0000457800c7
:10d198000900e0002c0034008b85fb0081f82d008d
:10d1a80061c07d000080fb0000004000e0b79f00e8
:10d1b8000006eb008045eb0018002000f20020007c
:10d1c800110009000206d800a0f62d00e0c0780082
:10d1d800a2fc2f000f01410062407c006cfb07009d
:10d1e80080c56d000884e8006fb09700000646000f
:10d1f800888f5400f1ff3d000b04e000140032005a
:10d208000e84fb008fb89700088440008b4078009c
:10d218000a4078006ffb0700184c68008d06e8008c
:10d228008d8f5400c7ff3c000904780009003700bf
:10d238000084eb00070037000084eb00050037008e
:10d248000084eb00030037000084eb000100370086
:10d258000084eb00080078004f0778004f06be00f6
:10d268004f05be004f04be000f03b10000000600ca
:10d278008f03b000889fbe008a9fbe008c9fbe00af
:10d288008e1f7800000578008106780082047800f7
:10d29800c1fb2f008f8040000a0078006afb07005e
:10d2a800c0fb2f000f004000cffe070000077800ea
:10d2b8000000eb000e00e000560035008a00780000
:10d2c800c0fb2f000f00400089fb070071052000fc
:10d2d8008a804000800520000044eb000206200000
:10d2e80008444400514474000000e800820f5000d4
:10d2f800fbff3a00f80545000b00780078fe0700b0
:10d30800884f5000100032000000eb000900e000d8
:10d3180040003200f90320008a844400194678004e
:10d328000c4078000004a200804c78000b007800c4
:10d338006bfe0700884f5000060032008c4c7800c6
:10d348000000eb00330037000000eb0080bf9f00b7
:10d35800020037001000200080bf9f00100020004e
:10d368000d00e0002b0032007a054500a9fc2f00d3
:10d378008f844400890578000004eb005c022000db
:10d388000800780026fb0700da6d68000804e8004a
:10d398008c0f5400faff3a00788257006000b800fa
:10d3a80000004000818048005981fb008001eb00ab
:10d3b8000200700083807000848f5400f8ff3a00e8
:10d3c800808ebe002fe89700004040009fe897003d
:10d3d80001407000c04698003fe89700d04698008a
:10d3e8004fe89700e04698005fe89700f0469800fd
:10d3f8007fe8970000404000efe897000140700088
:10d40800804e98009e4e98000ff09700b04e9800fe
:10d41800100020004f0778004f06be004f05be00e1
:10d428004f04be008f03b100000006004a00fa0056
:10d43800889fbe008a9fbe008c9fbe001027980060
:10d448000127980022279800abf62d008e06e900e8
:10d458000006eb006f044000781f98000c003700ae
:10d468008a407800cafa0700494068000804e900c1
:10d47800e10f4400faff3a00806e78000080fb005c
:10d488000c06700000f72d00808f55000500320053
:10d498005b457800fe1c90000040eb00e80020008f
:10d4a800efff37000000eb000c00e00063013200e2
:10d4b800e6004700020009008018eb008058eb00e6
:10d4c80010c0b300604798002e2190000200e000d1
:10d4d8001e0034008006eb00660647008e20900090
:10d4e8003180fb0001279800918828000101b800cd
:10d4f8004319de006f11b900020050000080fb00e4
:10d50800a2f62d00e24578008d06e8004240a90009
:10d518000b003400660047000d0440008d04e8004d
:10d5280089044000184578008b407800484078000e
:10d5380097fa07008a6468008c0f5400f9ff3a00d4
:10d54800ae209000818f5600e4ff3a006c0447003b
:10d558000006eb008046eb00082798001000370013
:10d56800ca4078005b40780089fa070080c46c00e4
:10d578000804e8008c0f540003003c002e209000a3
:10d58800880f5000f6ff3d008e20900089687800d3
:10d59800012798000c06e800e60f56000d0032003f
:10d5a8008d4478000c00e000f7ff35008d447800ca
:10d5b8002e2190000200e000f3ff35000c05e80082
:10d5c8000a054700e50547008d4478000004eb0094
:10d5d800e3ff370073004700060009000058eb001e
:10d5e800fa004700020009008018eb008058eb00a1
:10d5f80010c0b300205f9800305798002e2190008b
:10d608000005eb00e50f510011013400410037001f
:10d618006d004700ce209000e0c478000e219000f5
:10d628000201e800022798000a00e0000a0034001e
:10d63800810540007306470018002000cb407800a1
:10d648005c40780052fa070080c46c000804e800c7
:10d65800880f5500f9ff3d000904e00002003a0078
:10d668008d06e8002600370012022000020147005c
:10d67800730047000600090030597800ee789000e2
:10d688000940780053fa070000467800e68f5600f4
:10d698000c003c000d04e900f3004700088440003a
:10d6a800f90547000804e800db4078000c407800e2
:10d6b80037fa0700184c68006e189000800f540065
:10d6c800f8ff3a000a0045000e219000820f500032
:10d6d8000a003c0061051500020545007a00470074
:10d6e8001102200081004700060009003158780027
:10d6f800697f98001d002000010037008d06e800b2
:10d708004e2190000201e80042279800e60f5100e0
:10d71800bfff3a008a0045002e209000808040001c
:10d728000080eb00e68f5000c4003c008e007800bb
:10d738008102b000020009008018eb008058eb005d
:10d748000006eb000a2798000f003700da4078003f
:10d758000d4078000efa0700890447008968900098
:10d7680000c06800806c98000804e8002e21900032
:10d77800880f5100030035008b044400e68f5400e5
:10d78800f2ff34000c06e8000e209000800f5600cf
:10d798000c003c00ae2090000100e000f9ff3500cd
:10d7a800e60f5600f7ff3c008c0578007301470030
:10d7b800e2467e00650547008c0478000004eb0013
:10d7c800e2ff37000e2590002e209000000545004e
:10d7d8008006eb000d0678000a00e80081022000b0
:10d7e8008e80400080804000212798008b02200016
:10d7f8008e8545006f001600f20020001100090018
:10d808000200d800a0f62d00e0c478000a00e0006d
:10d81800090035002e2490000040eb008940780074
:10d82800dbf90700484068008b0f5400fbff3a0003
:10d838000004e00005003a00e68f56007a00320046
:10d848000d0047005c7098008d06e8000c06e800a3
:10d85800ef0f5600e7ff3a000080eb008d0f5500f0
:10d8680076003a00e1022000810047002127980055
:10d878000004eb000046eb001d003700dd40780097
:10d888000e2190004240780002279800c0f9070056
:10d8980080c46c008b05e8008b0f54000200350033
:10d8a8008b0f5500f5ff3d002e2090000968780089
:10d8b800202798000804e800e60f54000c003a00fe
:10d8c8004103200081004700212798008006eb00d3
:10d8d800f20220000e01410066014100721f98000b
:10d8e800f002200000004700601f98004a0037003f
:10d8f8008c4478000800e000ebff35008c44780089
:10d908000a00e000e8ff35007d0220008e86460010
:10d918008800e80081004700012798008c447800bf
:10d928008005eb00d5ff3700ae209000514178000c
:10d938002127980062c798000280fb006f00100042
:10d94800f2002000110009000200d800a0f62d0006
:10d95800e0c478007e1c90000046eb00eec5900005
:10d968000c4078008940780089f907004840680031
:10d97800ee189000810f5400faff3a006bc7980028
:10d98800004678000a00e000290034008984fb0082
:10d9980082f82d0062c07c000080fb00000040007f
:10d9a800002798008005eb008044eb001800200059
:10d9b800f2002000110009008205d800a0f62d0011
:10d9c800e0c07800820220000e01410062407c0025
:10d9d8006ff9070080c46c000884e8000e209000ee
:10d9e80080854500880f5500f1ff3d00eec090008e
:10d9f8000904e000100032000184fb001e219000a1
:10da080008044100894078000c40780071f907004b
:10da1800184c68008d06e8008a8f5600c2ff350052
:10da28000a007800050037000080eb00030037008b
:10da38000080eb00010037000080eb004f06be00bd
:10da48004f05be004f04be000080fa00000006002b
:10da5800ae20900001004700d04c900001047800ef
:10da68000001eb000227980010c0b300607f980007
:10da78001d00200002057800f9004700611f98008a
:10da880048279800f4fe370012002000f8fd070030
:10da9800000006003400fa00889fbe008a9fbe007e
:10daa8008c1f78000406780019fc2f008f8444002e
:10dab80089027800d40120007004120004003b00a1
:10dac8000804ea00080bde008003eb0004003700be
:10dad800080cdd000403de0006037400840bde007e
:10dae800e16a63000402e900e10f4200f2ff3a0034
:10daf8006140610080e79f000200d1006100600082
:10db080090e79f00ff8057000000eb008381fb0037
:10db18000099de00e16861000000e800e50f5000b0
:10db2800fbff3a0090f42d008c00780042f62d009f
:10db3800d0587800820f5000fdff3a007a05460061
:10db48000004eb005b0220000800780034f90700ad
:10db5800596d68000804e8008b0f5400faff3a007a
:10db6800f98057000c00780037f9070079805700d2
:10db78006dfc07008c007800798057005cf907007d
:10db88007800460056fc07007c05b00071002000b4
:10db98000081fb000190de00616e60008100e900f9
:10dba800e18f4000fbff3a004f0678004f05be00aa
:10dbb8004f04be000080fa0000000600fe87470000
:10dbc800889fbe008a9fbe008c9fbe008e1f780073
:10dbd80000077800a1b79f0092b79f00ee014700a9
:10dbe80094f42d0042f62d006055b8006044b8004a
:10dbf8006066b8006000b800bab79f00cbb79f0056
:10dc08000805be000004be0013009000130378004e
:10dc1800cfb3de00cf80de000603400087834800d4
:10dc2800a3009000cf8ade000683400087834a0065
:10dc38005404e000050032000804430089844b00c6
:10dc480061054500e0854d00080037000c064300db
:10dc58008d864b003fb39700cfb397006103430015
:10dc6800e0834b00b6b79f00c7b79f00f48141001f
:10dc7800820f5200e4ff3a000800be000a04be000a
:10dc88003fb59700cfb597000801be008dcc0700bf
:10dc98000004be000a01be000c00be0089cc0700cb
:10dca8000002be000001540081815c008000eb008e
:10dcb80037552100870f5100e08f59007700340055
:10dcc80032002000030020000400be007dcc0700c5
:10dcd8000005be0032002000030020000800be003e
:10dce80078cc07000004be00218420000a02be0090
:10dcf8000801be000e0078003bfa07002fb6970017
:10dd0800fa024600e48a20002d9c20006000b8003a
:10dd18006011b800b0b79f00c1b79f00d2b79f008d
:10dd2800e3b79f00d0af9f00e1af9f00f2af9f0025
:10dd380083b79f0004007800baaf9f00cbaf9f0065
:10dd4800f8b79f0089bf9f006044b8006055b800cd
:10dd5800850078005104e000020032001001be0086
:10dd6800030037001001be0060011100e0811900b6
:10dd7800cf9bde0008044100898449000a854b00d6
:10dd88008b854b003002be000401be00e00f52003c
:10dd9800e08f5a0002003d0060011200e0811a0085
:10dda8003fb29700cfb297005fb39700efb39700e9
:10ddb8004f9ede00040241008582490006034e00a2
:10ddc80087034e00b4b79f00c5b79f00d6b79f0022
:10ddd800e7b79f008d0f5000deff3a00d8af9f00d5
:10dde800e9af9f00faaf9f008bb79f007fb4970001
:10ddf8008fbc97003fad9700cfad97009fb09700bd
:10de08000100e000070032000a02be000801be005f
:10de1800afb097000e007800def807001fb197003a
:10de28000089be008000eb003fb29700cfb2970098
:10de38005fb39700efb39700e00f5200e08f5a00ee
:10de4800e00f5b00e08f5b00140032005fa89700d2
:10de5800efa897007fa997008fb19700ca19dd0036
:10de6800c612de00838172004a11dd00c60ade0098
:10de780002817200ca08dd00c602de0081807200dd
:10de88004a00dd003fb29700cfb297005fb397001a
:10de9800efb39700d5d00700800078000100780024
:10dea8004f0778004f06be004f05be004f04be0066
:10deb800ef01b10000000600cf1db000889fbe0032
:10dec8008a9fbe008c9fbe008e1f7800f0af9f0017
:10ded800e1af9f00ee0140004ee12f000f07470021
:10dee80090f42d00e0b79f0001e82f0081804700e3
:10def80081bf9f00800278000e0278006055b8004c
:10df08006044b8006066b8006000b8000e01780090
:10df1800c2b79f001301900013037800cfb3de004f
:10df28004f97de000603410087034f00230190004e
:10df38004f97de000603410087034f0006aabe0084
:10df48005504e000050032000000430081804b00ca
:10df580061044400e0844c00040037000c064300d0
:10df68008d864b0061054500e0854d00f481410038
:10df78000fb99700820f5200e6ff3a004fb797009b
:10df88000801be00cfcb07000004be000a01be0096
:10df98000c00be00cbcb07000005540081855c0057
:10dfa8002200200033552100830f5500e08f5d00cb
:10dfb800450234006066b8000003be00c8b79f0081
:10dfc800d9b79f00a0b79f00b1b79f008ab79f003d
:10dfd8009bb79f006fb197000805be005e04be00a6
:10dfe8005204e000020032000a02be0001003700bd
:10dff8000602be000402540085825c00cc29dd00c4
:10e008004420de0000807100c4a8de00008ab90048
:10e01800840142000002b800858241000c064200db
:10e028008d864a000fba9700840f5700ebff3a001d
:10e038004fb49700dfb497002fb09700bfb0970098
:10e048000fb597009fb597000001440081814c00ef
:10e058004f1ade0002014200e08149008383d100ab
:10e068000283d300c6b79f00d7b79f0044e52f00af
:10e078000f024200a2f52d008003eb00e7b79f00d6
:10e08800c7af9f000e01200015c0b30087017800bc
:10e09800a8b79f00b9b79f0080b79f0091b79f00ae
:10e0a800830078004fb49700dfb4970005407800ec
:10e0b8005403be00880f5300898f5b0001003c00a9
:10e0c8000040eb00f70f570006003c0012406800c4
:10e0d8000080fb000000ea004f00de008081410064
:10e0e80005003700124068000080fb000000ea00cd
:10e0f8004f00de00808040000e07e8000201e800c3
:10e10800fb0f5700e9ff3a00c1af9f00e3b79f003c
:10e118002fb49700bfb497000fb097009fb0970037
:10e1280012002000e28f5100e7013c00cfab9700be
:10e13800828f5300e4013c003200200003002000dd
:10e1480060cb0700c0b79f00d1b79f003200200006
:10e15800030020000800be005acb07000004be00e0
:10e16800218420004fb29700dfb297000801be005b
:10e178007fa897001cf90700e183200030e82f00f2
:10e188000f004000e39b200016c0b3008043eb0063
:10e198000000e800064178005102be00e00f52007e
:10e1a800e08f5a0001003c000741780002487800df
:10e1b800838f5000f6ff3a00efa99700100009007e
:10e1c8008019eb002302b100320020000300200078
:10e1d8000a00be003bcb07006faa9700500a9800c0
:10e1e800b2012000030020000c00be0035cb070060
:10e1f80076cb07000200200003f823000bcc0700b1
:10e20800a5ca07000006be000a00be006fcb0700c3
:10e218000200200003f02300c8cd07000200200000
:10e2280003d82300c5cd07000c01be00e4cc0700cd
:10e23800f226210033a82300fccb0700cbc9070036
:10e2480002002000031a2400bccd07002ecb0700d3
:10e25800efaa9700e00a98006c8242008081eb00e8
:10e268000043eb008002eb00f705200009003700af
:10e2780000404000524070008100e800e88f5000e4
:10e28800fbff3a00006a7800e8814100878f51005f
:10e298000600320040e82f000f0040000301400054
:10e2a8000640780085007800f1ff370041ee2f0026
:10e2b8008180470042e82f00028147002f000900b3
:10e2c800b2187800efa8970040ee2f000f0040002a
:10e2d800edfd07000000e0000c0032004fb297008f
:10e2e800dfb297000801be0041ee2f008f8040008a
:10e2f8007fa89700a7f70700efa99700f0099800f3
:10e30800811198000001eb006f01370032002000f6
:10e318006fb29700e10f52006b013c0045f42f00eb
:10e328008f8242000500e90081f42f008f804000b1
:10e33800e68242000042eb00f2ff2f00f3ff2700c5
:10e348000468780082a8be00850f5000fcff3a00e0
:10e35800aa8a20001b00200046f42f000f03430068
:10e36800e606430086037800e7834300e7b79f008b
:10e37800c0f42f000f004000f80040007c0040006f
:10e388000c062000a8b79f00b9b79f0001047800c9
:10e39800800478005a01be00e00f5100e08f590058
:10e3a80002003d0060011100e08119006f20970014
:10e3b800ff209700800f5100818f59000b003d000e
:10e3c8000000eb008d0378006fb3970088bf9f00b3
:10e3d800c9af9f006100200082b79f0093b79f00dc
:10e3e80009027800880278000a003700c1f42f007b
:10e3f8008f8040000b007800e4804000b10f51008e
:10e40800a18f590014003d00e50f5000edff3400c6
:10e4180008003700476378004501be0002a2be002d
:10e428008100e900808f5000faff3c000fb197008f
:10e438009fb1970084e12f000f0242008000420044
:10e44800ce689a004200dd000000420022189900c0
:10e4580033189900030037000000e800e70f500068
:10e46800e5ff3a000e07e8008c0f5700c9ff3a0095
:10e478002fb49700bfb497001e0020004cf42f0063
:10e488000f064600e8b79f00f9b79f006fad9700e9
:10e4980038003700080078004af807008e0f50004f
:10e4a8002d003a0047ee2f008783470040e82f00f1
:10e4b800008047002f000900b01b78000000eb0027
:10e4c8008040de000108a30008003200ec4078001c
:10e4d8008180fb0082e12f000f0141008100410093
:10e4e80041c991000204a200c2c899000000e800d6
:10e4f800e70f5000f2ff3a000001eb008a007800b5
:10e5080040ee2f000f00400059fb07000000e0001c
:10e51800110032006fb49700ffb497000e427800e4
:10e52800efa99700a44998004fb29700dfb297006f
:10e538000801be0041ee2f008f8040007fa89700a1
:10e5480014f70700efaa9700f00a980081129800c4
:10e558000001eb00dc0037000804e8000008200098
:10e56800800f5400cbff3a000e07e800e80f570071
:10e578000200320018002000c6ff37006fb4970071
:10e58800ffb49700daf62f000f0545008cf92f002d
:10e598000f064600cbf72f008f8545008003eb0060
:10e5a800070378002d84200007077800e80f530040
:10e5b80002003c00fb81430001003700fc8143005e
:10e5c8008301e900c219dd008d814100f4ff2f00ad
:10e5d800f5ff27000e0178005300be00e00f500041
:10e5e800e08f580002003d0060001000e080180035
:10e5f800800f5200818f5a00010034000002be00d3
:10e608000201e800e40f5100f3ff3a0004aebe0037
:10e61800e80f530002003c00664043000100370049
:10e6280069405300006d7800866d78000603e800a5
:10e63800e4834300ef0f5300dcff3a00ddf72f00bf
:10e648008f8646000005eb00150020008d05780038
:10e658005d4678000500e00021003400eb407d00b5
:10e668000c80fb004200dd00c6f92f000f034300b9
:10e67800000043001003be000180fb004200dd00e3
:10e68800cef92f000f07470000004700b00f130016
:10e69800a08f1b00140034000501e800028145002a
:10e6a8008a81450005007800016178000000e900d2
:10e6b8004240a9000d003400c34078000182fb00ed
:10e6c8004222dd00cef92f000f0747000402470061
:10e6d800b40f1300a48f1b00f3ff3c0003003700a6
:10e6e80005007800010037000500780081e12f005f
:10e6f8008f804000008040005ce09a008502e800be
:10e708000a05e800ef8f5200d1ff3a002a002000e6
:10e71800c2f82f000f0141006507410043ee2f00aa
:10e728008f814100648641008045eb005d00370021
:10e73800d181fb0084e12f000f02420083014200d7
:10e74800e3d1920003587800800f5100f8ff3a0097
:10e7580045ee2f008582470046e82f0006834700d4
:10e768002f000900b61a78000e027800a3012000d5
:10e77800e50320000f0037000040400051407000c2
:10e78800810f5100fcff3a00006a7800e4814100e3
:10e79800858f510007003a00c7f82f008f83430088
:10e7a8000702e900f30320000003eb0075052000d1
:10e7b8000f00370040ee2f000f004000830040009c
:10e7c800030146000b407800ebff37000040400093
:10e7d800524070008100e800e48f5000fbff3a00cf
:10e7e800006a7800e4814100858f510006003200fc
:10e7f80041ee2f008f804000038140000b407800dd
:10e8080086007800f1ff37000a01780081f62f00b2
:10e818008f804000c0f82f000f00400003fb070066
:10e82800800678000d00e0001b00350041ee2f0047
:10e838008f804000c0f82f000f0040002cf6070022
:10e848000001eb00efa8970040ee2f000f004000fa
:10e8580087fa07000000e0000f0032006fa9970058
:10e868004a4998001d4998004fb29700dfb29700b7
:10e878000801be0041ee2f008f8040007fa897005e
:10e8880044f60700efa99700f00998008111980055
:10e898000001eb000c0037000a85e800e60f550080
:10e8a800080032000a00e000a9ff340080f62f00bb
:10e8b8000f00400000014500c1f72f008f80400085
:10e8c8009bff370032002000020078004f077800d5
:10e8d8004f06be004f05be004f04be00cf1db1005d
:10e8e800000006001000fa00889fbe008a9fbe0044
:10e8f8000205be000004be00c4b79f00d5b79f0044
:10e90800e6b79f00f7b79f000800be000a01be00e7
:10e9180036ce070080bf9f0091bf9f00a2bf9f0017
:10e92800b3bf9f004fb29700dfb297006fb3970055
:10e93800ffb397000800be000a01be005bce0700c7
:10e94800e00f5000e08f5800e00f5900e08f5900a9
:10e9580011003200e00f5400e08f5c00e00f5d0012
:10e96800e08f5d000c003d000fb897009fb897003e
:10e978002fb99700bfb9970061005000e080580098
:10e9880060015900e081590080bf9f0091bf9f003e
:10e99800a2bf9f00b3bf9f000fb897009fb8970012
:10e9a8002fb99700bfb997004f05be004f04be00ae
:10e9b8000080fa00000006004f02b000889fbe00e9
:10e9c8008a9fbe008c9fbe008e1f7800800678004c
:10e9d8000d4791000e87fb000e00e9008000eb0058
:10e9e80081af9f00e10f5700840034006c00b9002c
:10e9f80080804600411a9000d11a9000611b900057
:10ea0800f11b900094af9f00a5af9f00b6af9f0089
:10ea1800c7af9f000004b000008046001004be008d
:10ea28006055b800d8af9f00e9af9f00faaf9f00cc
:10ea38008bb79f000046eb000c407800c2c0b300c3
:10ea48000440bc0002804600401a9000d01a900092
:10ea5800601b9000f01b90000204b0000281460089
:10ea68001204be006055b8000800be000a01be00ce
:10ea78005fac9700efac97007fad97008fb597001c
:10ea88000000540081805c0002015d0083815d000c
:10ea98004240a900540034001fac9700afac970067
:10eaa8003fad9700cfad97000404540085845c0007
:10eab80006055d0087855d0098b79f00a9b79f0090
:10eac800bab79f00cbb79f00e00f5400e08f5c00ff
:10ead800e00f5d00e08f5d00430034007d02900090
:10eae8008d0a90001d0b9000ad0b90001dce070005
:10eaf80004002000150020006033b80079ff0700eb
:10eb08000205be000004be00843821000500200074
:10eb18006033b8001fb09700afb097003fb19700bf
:10eb2800cfb19700b1cd070004502300c5002000e5
:10eb38006033b8000402400085824800060349009b
:10eb480087834900d4b79f00e5b79f00f6b79f00b9
:10eb580087bf9f001fb29700afb297003fb39700df
:10eb6800cfb397000800520089805a000a015b0061
:10eb78008b815b005fb29700efb297007fb397007d
:10eb88008fbb97000020e10001a8e10002b0e1007e
:10eb980003b8e100140035001fb29700afb2970028
:10eba8003fb39700cfb397000400540085805c0002
:10ebb80006015d0087815d005fb49700efb49700a0
:10ebc8007fb597008fbd97000040e10001c8e100c4
:10ebd80002d0e10003d8e100030035008fac9700b4
:10ebe8008904e80089af9f000c46e8000c80fb0010
:10ebf8000000e8008e0f50008fff35000fa8970027
:10ec08004f0778004f06be004f05be004f04be00f8
:10ec18004f02b1000000060011c0b300014878009f
:10ec280014009800250098003600980047009800c6
:10ec3800520098006300980034089800450898002e
:10ec480056089800670898007408980005109800fe
:10ec5800161098002710980032109800431098005a
:10ec6800617098008040eb00717098000140990035
:10ec7800000006001400fa00889fbe008a9fbe00ac
:10ec88008c1f78000006780094b79f00a5b79f00f6
:10ec9800b6b79f00c7b79f000204be000c409100a2
:10eca8000004e00053003200810320008c80400003
:10ecb8000040e900c2c0b3000440bc008201460025
:10ecc8004304b0000040eb0098bf9f00a9bf9f001d
:10ecd8001fb29700afb297003fb39700cfb397002a
:10ece80031045200b1845a0031055b0091855b0004
:10ecf8006100b100d8b79f00e9b79f00fab79f003d
:10ed08008bbf9f00f4ff2d0055d02200b6002000d5
:10ed1800070020000440e10005c8e10006d0e1003a
:10ed280007d8e1000e003c00c2c0b3000440bc009c
:10ed3800820546008b03b000010178003203be0053
:10ed4800868dbe004b00b000b21d7800b215780069
:10ed58001204be00a8059800b90598000040e80014
:10ed6800ec804000838f5000d9ff3a001fbc970009
:10ed7800afbc970000469900e64f500008003a00e3
:10ed8800800320000c004000ec004000c20320007b
:10ed9800f6cd07000c4091000040e90000469900bc
:10eda8000c409100c2c0b3000440bc000201460000
:10edb8001fb29700afb297003fb39700cfb3970049
:10edc8004419980055199800661998007719980001
:10edd80008219800192198000040e8000046990091
:10ede8004f0678004f05be004f04be000080fa00b1
:10edf800000006000040eb0000469900e8ff3700dd
:10ee08004c0009000018eb00a009b1000400200024
:10ee180005a0250026262000070020007400980081
:10ee280005089800160898002708980000000600b2
:10ee3800881f7800000478000202be005800900085
:10ee4800e80090006011b8000000520081805a006c
:10ee580060011900e081190078029000880a90008a
:10ee6800180b9000a80b90003ecd0700040020006e
:10ee7800150020006033b8009afe070018029000c1
:10ee8800a802900038039000c803900004024000d4
:10ee98008582480006034900878349000400be00b4
:10eea8000601be004f04780000000600f287470004
:10eeb800889fbe008a9fbe008c9fbe008e1f780070
:10eec8000006780094b79f00a5b79f00b6b79f00cb
:10eed800c7b79f0001077800820678008002eb0020
:10eee8001c04e000500032007c0490008c0c900060
:10eef8001c0d9000ac0d90001c009000ac00900020
:10ef08003c019000cc0190001fb29700afb297006f
:10ef18003fb39700cfb397000002520081825a0096
:10ef280002035b0083835b00d4b79f00e5b79f00b3
:10ef3800f6b79f0087bf9f00860378000503780017
:10ef4800840278000002eb0094b79f00a5b79f00e9
:10ef5800b6b79f00c7b79f000802be000a03be00ed
:10ef68001fb09700afb097003fb19700cfb197009f
:10ef78005cfe07000e00e000040032005c02900016
:10ef8800ec029000001f420001974a001500200083
:10ef98000d00e000240032000802be000a03be0093
:10efa800f0cc07001fb29700afb297003fb39700ad
:10efb800cfb397000000520081805a0002015b0025
:10efc80083815b0007003b00f4ff2f000500200051
:10efd8006033b800040040008580480006014900fd
:10efe8008781490001007800820078006119b90022
:10eff80004242400f50020006033b800d9cc0700b1
:10f008007c0290008c0a90001c0b9000ac0b9000c6
:10f018000502780086027800613bb90073cc0700ce
:10f02800808ebe0015002000050078004f0778008c
:10f038004f06be004f05be004f04be002f01b100b1
:10f0480000000600889fbe008a9fbe008000eb007b
:10f058001004e00013003200300c9000c00c900047
:10f06800500d9000e00d90000804520089845a0069
:10f078000a055b008b855b0011002000f4ff2f0060
:10f08800659a2a0046322000070020000440e1006b
:10f0980005c8e10006d0e10007d8e100010034000e
:10f0a8008000eb00010078004f05be004f04be0051
:10f0b80000000600889fbe008a9fbe00843e200094
:10f0c800050020006033b800800890001009900007
:10f0d800a009900070009000a2cc07000800200052
:10f0e800090027000afd2a006bff2f0008044000d2
:10f0f800898448000a0549008b85490004002000de
:10f10800850220006033b8000800be000a01be0076
:10f1180036cc07004f05be004f04be0000000600b5
:10f12800889fbe008a9fbe008c9fbe000145780064
:10f13800024678006104b800120020000300200095
:10f14800e24f5500010036006011b8000204540077
:10f1580083845c0002192000030020000800be0020
:10f1680058c707000001be0000e72f00009ab90049
:10f17800020252000010b800810042000000440062
:10f1880081804c008a85fb0099002000e24f5500e1
:10f1980001003600d9ff2f000c86fb008006eb002b
:10f1a8003459200055ff2f000c0642008d864a0076
:10f1b80015ab2300059bb9000202d00006024200ed
:10f1c8000511b800830142000c0141008d814900fe
:10f1d800d4162000048bb9000402b800850243004d
:10f1e8000201420083814a000003be00e00f500084
:10f1f800e08f580002003d0063034000e0834800b0
:10f208004e3cdd004232de0004027400c2bade0069
:10f218000206420083864a004206200003002000be
:10f2280028c707000006560081865e008b844400cc
:10f238009009200000c8b90062004000e080480042
:10f2480052002000030020001ec707000c064000e3
:10f258008d8648000018250000e9b90082004600a4
:10f268000066b8008d86400000c82b0021792c006c
:10f278000c0040008d8048004f06be004f05be00c0
:10f288004f04be0000000600ea874700889fbe00c2
:10f298008a9fbe008c9fbe008e1f78000004be00af
:10f2a800020778000218250013002000c3c70700d2
:10f2b80092532200b30020000006410081864900d5
:10f2c80002182500130020000800be00cbc7070065
:10f2d8000004be0012ab2300230020000c00be0077
:10f2e800f8c60700f0b79f0081bf9f00fa542c00b2
:10f2f8000fba97000aa1b900d0ff2f007fb397007b
:10f3080000b0b90002004000860078000a0db8007d
:10f318008b0540000a0546008b854e00c2ea28008e
:10f32800030020000a00be00e6c6070000064500ec
:10f3380081864d00425b2000030020000a00be00c9
:10f34800e0c607000006560081865e0002ab230077
:10f35800230020000a00be00dac60700000056009d
:10f3680081805e00d216200003002000d5c6070069
:10f378000006be004206200003002000d1c6070098
:10f3880032e92f0002eab9000c0252000261b8000b
:10f3980083014200000141008181490002014500ca
:10f3a80083814d000c02be00e00f5600e08f5e0026
:10f3b80002003d0063024600e0824e004e2bdd0055
:10f3c8004220de0000007300c2a8de0000055100e4
:10f3d800818559006559b9006550b8008100410020
:10f3e80062004000e08048009209200003002000ed
:10f3f800b4c60700e90f5000e08f580005003c0034
:10f4080063014000e0814800d2b79f00e3b79f0046
:10f418000400370069015000e0815800d2b79f000e
:10f42800e3b79f000a45e800940920000489b90061
:10f438000400b8008100410062004000e0804800fc
:10f4480052002000030020009ec60700004555001a
:10f458003a479800afe99700234798000019200021
:10f468007fb2970000a0b9000c06400010002000f1
:10f478005fb19700efb19700e20f5100e08f59009c
:10f48800010034000000eb00000f460002e12000fc
:10f49800030020000800be0048c707004047980046
:10f4a800c2032000030020000800be0043c7070075
:10f4b800c20320000300200050c7070050479800ef
:10f4c800c2032000030020000800be004bc707004d
:10f4d800604798004f0778004f06be004f05be00f2
:10f4e8004f04be00af00b100000006000800fa009b
:10f4f800889fbe000004be000200be005941900073
:10f508000204e0000f003a00484191000204e000c4
:10f518002a00320002c02800a30020000000410099
:10f528008180490038819000c8819000820f500086
:10f53800838f5800210031000040eb0040449900bf
:10f548001e0037006c8157004fff07006ff09700cf
:10f558000080fb000000e900625525000281b90027
:10f568004f80de00008051006300b900e440400095
:10f57800eccf500006003600afb897000100e80055
:10f5880012c0b30082407800e5fe07000300370090
:10f5980012c0b3002fb89700e1fe0700308498002e
:10f5a80041849800e940900010c0b3000104e000d5
:10f5b8000100320000c0eb00404499004f04be0037
:10f5c8000080fa00000006002000fa00889fbe00b4
:10f5d8008a9fbe008c9fbe0080067800e4b79f001b
:10f5e800f5b79f0086bf9f0097bf9f000106780070
:10f5f8001c0090006300b9001c0578006355b80032
:10f608008b0540001d04e000570132000a01be00ce
:10f618000d00780006fe07000203be000002be00cf
:10f62800e0af9f00f1af9f0082b79f0093b79f00a4
:10f638006fb09700ffb097000fb997009fb9970078
:10f648000400500085805800060159008781590040
:10f65800a0b79f00b1b79f00c2b79f00d3b79f0064
:10f6680000902000d10320006011b8002fb297004d
:10f67800bfb297004fb39700dfb397000002420074
:10f6880081824a0002034b0083834b00a4af9f0092
:10f69800b5af9f00c6af9f00d7af9f0000202100e5
:10f6a800a10720006011b8000020e10001a8e100d6
:10f6b80002b0e10003b8e10009013e008402200025
:10f6c800050020006033b8002fb09700bfb0970046
:10f6d8004fb19700dfb19700c4ca0700d0869800e1
:10f6e800e1869800da069800eb0698002fb097009c
:10f6f800bfb097004fb19700dfb19700e00f5000ff
:10f70800e08f5800e00f5900e08f590004003d00d9
:10f7180063004000e080480060014900e081490042
:10f728000203be000002be004222de004e2cdd00b5
:10f7380004027400c22ade004e34dd008502740023
:10f748004233de004e3cdd0006037400c2bbde001f
:10f75800a4b79f00b5b79f00c6b79f00d7b79f0053
:10f768006fa89700ffa897000fb197009fb1970067
:10f778000000420081804a0002014b0083814b0057
:10f7880090069800a1069800b2069800c306980053
:10f798006fb29700ffb297000fbb97009fbb97000f
:10f7a800b40e9800c50e9800d60e9800e70e980083
:10f7b8006d7090000004e0008a0032003d12900055
:10f7c800cd1290000404550085845d007525200045
:10f7d800850f5400e08f5c001c0036006fb0970066
:10f7e800ffb097000fb997009fb997007d0a900066
:10f7f8008d1290001d139000ad139000040050006e
:10f80800858058000601590087815900a0b79f00dc
:10f81800b1b79f00c2b79f00d3b79f00820178009d
:10f8280001017800800078000000eb000802be00ab
:10f838006033b8006dca0700f0069800810e980082
:10f84800920e9800a30e98006600370076072000f5
:10f85800860f5400e08f5c00620036000800be008e
:10f868006011b800a0b79f00b1b79f00c2b79f0052
:10f87800d3b79f007d0890008d1090001d11900057
:10f88800ad1190006fb29700ffb297000fbb9700c1
:10f898009fbb97000000520081805a0002015b0064
:10f8a80083815b0082017800010178008000780084
:10f8b8000000eb002fb29700bfb297004fb397003c
:10f8c800dfb3970049ca07000203be000002be006a
:10f8d800e0af9f00f1af9f0082b79f0093b79f00f2
:10f8e8000000200001602a00d2d92f00f3ff2f006a
:10f8f8000002420081824a0002034b0083834b00ce
:10f90800a4af9f00b5af9f00c6af9f00d7af9f00c1
:10f918002fb29700bfb297004fb39700dfb397009d
:10f9280000002000018823001200200003002000ae
:10f938002eca0700000240008182480002034900e5
:10f9480083834900a4b79f00b5b79f00c6b79f003f
:10f95800d7b79f002fa89700bfa897004fa9970077
:10f96800dfa997000400e1000588e1000690e100a6
:10f978000798e10013003c006022b8006033b8002b
:10f988000002520081825a0002035b0083835b00fd
:10f99800a4af9f00b5af9f00c6af9f00d7af9f0031
:10f9a8002fb09700bfb097004fb19700dfb1970015
:10f9b8000400e1000588e1000690e1000798e100f5
:10f9c80008003d006faa9700ffaa97000fb39700a1
:10f9d8009fb39700f4069800850e9800960e98003d
:10f9e800a70e98007d7090000004e00015003a0012
:10f9f8003d109000cd1090000000550081805d0002
:10fa0800f5c12100850f5000e08f58002a0036000c
:10fa18006fb09700ffb097000fb997009fb9970094
:10fa2800d0169800e1169800f2169800831e9800e8
:10fa38009a1e9800ab1e980010c0b300f07698008c
:10fa48001d0037001d189000ad18900000005500eb
:10fa580081805d00f2c12100820f5000e08f5800c4
:10fa680015003600a00220000d004000fe80460070
:10fa78003002be008488be004100b000b018780093
:10fa8800b01078001003be00a6009800b7009800d8
:10fa98006fb09700ffb097000fb997009fb9970014
:10faa800d0169800e1169800f2169800831e980068
:10fab8009a1e9800ab1e98000040eb008046990003
:10fac8007d8090008d88900061004000e0804800b3
:10fad800f0869800818e98000004eb00360037000d
:10fae8000a01be006fb29700ffb297000fbb9700e4
:10faf8009fbb97000d0078005efc07000d007800a2
:10fb0800adfb0700e10f50000f0034000a01be00f2
:10fb18006fb29700ffb297000fbb97009fbb97008b
:10fb28000d0078003cfc07003d889000cd889000cf
:10fb380061004000e0804800b08e9800c18e9800b7
:10fb4800280020001c0037001d889000ad88900018
:10fb580061004000e0804800908e9800a18e9800d7
:10fb6800480020001e0037000a01be006fb297004f
:10fb7800ffb297000fbb97009fbb97000d0078005e
:10fb88003cfc07000d0078008bfb070038002000c4
:10fb98000000e000120034000a01be006fb29700b6
:10fba800ffb297000fbb97009fbb97000d0078002e
:10fbb80019fc070018002000cc40900091469900dd
:10fbc8007c419000a24699008c499000b346990068
:10fbd8000a01be008c0078000d00780043fe070083
:10fbe800080078004f06be004f05be004f04be0057
:10fbf8000080fa00000006001800fa00889fbe0086
:10fc08008a9fbe008c9fbe0000067800a4b79f00a4
:10fc1800b5b79f00c6b79f00d7b79f008106780089
:10fc280002fe2f000f014100c1fd2f008f80400010
:10fc38000c0078009dfc0700800078000004eb00b1
:10fc48000100e000430032006fac9700ffac970062
:10fc580032002000030020000800be0057c507003e
:10fc68000005be0032002000030020000800be008e
:10fc780062c5070002242400028ab9006f03b90094
:10fc8800040243000201b800830142000fb097004c
:10fc98009fb09700020140008381480000362e0083
:10fca80061012000800f5100818f59000200360049
:10fcb80061054500e0854d006358b9006351b800ff
:10fcc800830140000c00780059fc07002fb2970010
:10fcd800bfb297004fb39700dfb3970000025200fe
:10fce80081825a0002035b0083835b00e4b79f00b4
:10fcf800f5b79f0086bf9f0097bf9f000090200028
:10fd0800d10320006011b8000002420081824a003d
:10fd180002034b0083834b00a4b79f00b5b79f0035
:10fd2800c6b79f00d7b79f000004eb000020210052
:10fd3800a10720006011b8000020e10001a8e1003f
:10fd480002b0e10003b8e10002003e008a8ebe0066
:10fd580018002000080078004f06be004f05be00be
:10fd68004f04be000080fa0000000600e687470046
:10fd7800889fbe008a9fbe008c9fbe008e1f7800a1
:10fd8800000778000605be000404be001e04e0005b
:10fd9800420032004e4091000004e0001f00320093
:10fda8000001eb00f28057000e0078003ffc0700ce
:10fdb8000000e000190032003e869000ce869000d8
:10fdc8007fb097008fb89700800f5600818f5e0034
:10fdd80012003e000c01be000e00780014fc070063
:10fde80010079800210798003207980043079800e9
:10fdf8004e4091000000fb00cf80de000006560058
:10fe080081865e005c0798006d0798000040eb0053
:10fe18004047990070779800607798001e0290001c
:10fe2800ae0290003e039000ce03900004025400fe
:10fe380085825c0006035d0087835d0000002a0060
:10fe48001171280012022000030020000020e100a8
:10fe580001a8e10002b0e10003b8e1000f0034009e
:10fe68005e049000ee04900080bb2000010020009a
:10fe780008044000898448000801be000e0078008c
:10fe8800ebfb07001007980021079800320798003d
:10fe98004307980058079800690798004f077800ab
:10fea8004f06be004f05be004f04be006f00b100f4
:10feb80000000600889fbe008a9fbe008c9fbe007f
:10fec8000005be000004be00e00f5000e08f58009f
:10fed80002003d0060041000e0841800823e20000b
:10fee800030020000800be00c4c40700a2002000d0
:10fef80003002000b1c407000006be00823e2000b7
:10ff0800030020000800be00acc407000001be00ca
:10ff1800b1022000e00f5500e08f5d0001003d00b8
:10ff2800d10220008c9fbe00829fbe00811f7800f6
:10ff3800c0762d00801f7800550c0700ec8757000d
:10ff48004f06be004f05be004f04be00000006006d
:10ff5800b10d070004882300150020006033b800a5
:10ff680000c9070000000600889fbe008a9fbe00e7
:10ff78008c1f780000067800a70d070024032000d6
:10ff8800050020006033b8008dc807000205be00d8
:10ff98000004be008c1f7800a2002000030020008f
:10ffa80096c40700809fbe00a20020000300200026
:10ffb8000800be0081c40700809fbe00b0772d00f6
:10ffc800801f7800320c0700ec8757004f06780036
:10ffd8004f05be004f04be00000006000800fa00ee
:10ffe800889fbe008a1f78000004be000245780082
:10fff8006e815700a4fc07000ff897000080fb00f3
:020000040001f9
:10000800801f78005ff097000080fb00801f780059
:100018002ff097000080fb00801f78007fe8970092
:100028000080fb00801f78004fe897000080fb00ed
:10003800801f78004fb09700801f7800c0782d008f
:10004800801f7800120c0700ee8757000a04e000b2
:10005800190035000a01fb00cf91de0000e1200005
:10006800009ab9000010b800810042000000440066
:1000780081804c006e81570083fc07000a05fb0055
:100088008a1f78006ff097000080fb00801f7800bf
:100098003ff097000080fb00801f78000ff097006a
:1000a8000080fb00801f7800e07a2d00801f780018
:1000b800f70b0700ea8757004f0578004f04be008a
:1000c8000080fa0000000600889fbe008a9fbe00dc
:1000d8008c9fbe008e1f7800000778000204be00c7
:1000e800e07c2d0007000900305f78008e00b10029
:1000f800670547006f8640003b0020006d7d2d009e
:100108005c80fb00801f78008d1f78000a00780053
:1001180002c90700000545008b05e800e487570081
:10012800ec8f5500f6ff3a00889fbe00c07d2d0079
:10013800801f78000a007800f8c80700000545000d
:100148000e00e800e68757008040eb00800f55005e
:1001580003003600b0c068008a0f5000fdff3a0067
:100168008180fb00811f7800007e2d00801f7800b1
:100178000a007800e9c80700000545000e00550090
:10018800e48757004f0778004f06be004f05be00b2
:100198004f04be0000000600b000fa00889fbe00b1
:1001a8008a9fbe008c9fbe00405b22003004be00c8
:1001b8002005be008f007800c10bb10010000900b7
:1001c8008018eb0041f42f008f804000005d220072
:1001d80039f7070000067800e10f560003003a00df
:1001e800105b22000048eb00e3013700048823007d
:1001f800150020006033b8000800be000a01be00e8
:1002080058c8070008782c00e9ff2f00faff2f00d4
:10021800fbff2f0008044000898448000a054900b4
:100228008b8549001440800025408000610242000f
:10023800e0824a001440880025408800a0832d00f1
:1002480049ff0700f42d8100f03f280000006200fc
:1002580004003b000000e90001c02f00008070008e
:100268000000e800410620000180b900e00f5000be
:10027800e08f580002003d00f03fb0000180b00060
:10028800c60add004a01de0002817200821f780082
:10029800040078000400e00002003d00f03f200068
:1002a800040040004a80de00801f7800164080006d
:1002b80027408000869fbe0000842d00801f7800a4
:1002c800730b0700ea875700e30f5600a4003a00b3
:1002d8000648e200a200320061f62f008f8040003d
:1002e8000802be000a03be00c088230042fe0700c1
:1002f8000000e000970132006000b800d0379f008e
:10030800e1379f00c09623009041d000d09623008b
:100318001080fb004200dd0080c17100b096230010
:1003280090c17100e09623001080fb00e10060009e
:10033800c308dd0081c171000000d1004400dd0068
:1003480004f92f000f02420080c17100a09623001b
:10035800104178003f309700cf309700cdf5070067
:10036800a2f62f000f01410001f92f008f804000f5
:10037800005d220011f607000006780030332000e7
:10038800800f560073013400e1f62f00818047008a
:100398006496230010000900b41878003f339700d2
:1003a800cf339700f6379f00873f9f005f30970055
:1003b800ef3097004f89de0082017800048823001f
:1003c800150020006033b800e6c70700e00f5000b2
:1003d800e08f5800e00f5900e08f590007003d00fa
:1003e800f4ff2700050020006033b8000400400037
:1003f8008580480006014900878149000203be0044
:100408000002be004f22de00c12edd00048276000d
:10041800cf2ade00c136dd00858276004f33de004c
:10042800c13edd0006837600cfbbde00e1f62f007b
:100438008f8040000802420089824a000a034b006c
:100448008b834b00c08823005ffc07000004780002
:10045800404080005140800061004000e08048003a
:1004680040408800514088008f309700811f7800f5
:10047800f03f28000000660004003b000000e9008f
:1004880001c02f00008070000000e8004106200035
:100498000180b900e00f5000e08f580002003d00d5
:1004a800f03fb0000180b000460add004a01de00de
:1004b80002017200821f78000c0078000c00e00036
:1004c80002003d00f03f20000c0040004a80de00a2
:1004d800801f780030852d00801f7800ec0a070007
:1004e8000f3197006311b9007f2897006300b800a7
:1004f800810041002fe99600b8fe0700308a2d00e0
:10050800da0a0700608a2d0097fe0700e88757007f
:100518000800e0000d003a00c08a2d00d30a070049
:10052800b0c88100c1c8810062fe0700c0882300ee
:10053800e0fa0700809fbe00e08b2d00801f780046
:10054800d30a0700e687570002003700008d2d0008
:10055800c60a0700105b22000048eb0006013700be
:100568000c00e000140032006640800077408000f4
:1005780061034300e0834b006640880077408800b1
:100588008f309700607f2d00e20f560001003a007f
:10059800807e2d00811f7800801f7800b08f2d008d
:1005a800801f7800ba0a0700105b22000048eb00a1
:1005b800e6875700f00037001f309700af309700ec
:1005c8004f89de008201780004882300150020008e
:1005d8006033b80063c70700e00f5000e08f580091
:1005e800e00f5900e08f590007003d00f4ff270095
:1005f800050020006033b8000400400085804800f2
:1006080006014900878149004f00de00c10bdd006b
:1006180000807300cf08de00c113dd008180730005
:100628004f11de00c11bdd0002817300cf99de008f
:1006380008044000898448000a0549008b85490060
:100648006066b8008cbf9f009dbf9f00c0882300d4
:100658001004e0001d003200208a230030025400fc
:10066800b0825c0030035d0090835d000400be0032
:100678000601be0004a02500252620006033b8002e
:10068800dac607000006be003f2097006300b900e5
:100698002f2197006311b80083014000c088230010
:1006a800e3f907000000540081805c0002015d004e
:1006b80083815d0004c42900050020006033b80070
:1006c800cac6070080bf9f0091bf9f0041f42f005a
:1006d8008f8040000802be000a03be00c0882300c5
:1006e800b9fb07000004780091812d007fc89600af
:1006f8000004e00001003200a1802d0090812d004f
:100708006fc996000204e00001003200a0812d00ac
:10071800811f7800801f78001fc896000080fb00aa
:10072800801f7800df2b9700871f7800d0912d005d
:10073800801f7800560a07006f1997006311b900e7
:100748005f1897006300b800810041006f79960038
:1007580022fe0700ea8757001fc896000004e00041
:100768000a00320000832d00afc896000104e000a3
:100778000100320080822d00801f780010942d0027
:10078800801f7800420a0700e48757003fc8960098
:100798000004e00002003200b0952d00330a070083
:1007a8004fc896000004e000060032000080fb00fd
:1007b800801f780010972d00801f7800340a0700ea
:1007c800e4875700308a2d00280a0700e10f5400fb
:1007d8001500320005003900e20f540020003200f5
:1007e800e30f54002d003a0027003700608a2d00df
:1007f800ddfd070070992d001c0a0700b0c88100b4
:10080800c1c88100abfd0700c088230029fa070092
:10081800809fbe00e08b2d00801f78001c0a070017
:10082800e687570028003700608a2d00cefd0700b4
:10083800709b2d000d0a07003f2197006311b90036
:100848002f2097006300b8008100410000c1eb0031
:10085800e2fd0700308a2d00040a07001a0037005d
:10086800608a2d00c0fd07000fb897009fb8970059
:10087800809fbe00509e2d00801f7800040a07004c
:10088800e687570010003700608a2d00b6fd070084
:1008980040a22d00f50907001b003700608a2d00d3
:1008a800b1fd07000fba97009fba9700849fbe005a
:1008b80030a62d00801f7800f5090700e68757004d
:1008c800e20f540010003e006596230046f42f0006
:1008d8000683470010000900b61a780010c0b3005c
:1008e80006e8b7001ae8b7000008e20006003a0078
:1008f8000c01be0041f42f008f804000609223005d
:10090800f1fd07000040880070aa2d0096fd070041
:1009180008f52f000f044400ccf52f000f06460001
:10092800b9aa2d005880fb00801f7800891f780025
:10093800d7090700e48757008c0f5400f9ff3a00e5
:10094800308a2d00c9090700105b22000048eb001f
:10095800090037006040800071408000610040005d
:10096800e080480060408800714088008f30970020
:10097800607f2d0007ff37004f06be004f05be0001
:100988004f04be000080fa00000006001800fa00bc
:10099800889fbe008a9fbe008c9fbe006cfd07002a
:1009a8000205be000004be000203be000002be0035
:1009b800c0882300edfc070002fe2f000f01410054
:1009c800c1fd2f008f8040000802be000a03be0050
:1009d800c088230035f907000000e0004600320017
:1009e8006fa89700ffa8970061064000e0864800be
:1009f8000c01be00c08823000df90700e0b79f0076
:100a0800f1b79f0082bf9f0093bf9f00080250006c
:100a1800898258000a0359008b835900f04f23003c
:100a2800c10020006011b8000020e10001a8e10029
:100a380002b0e10003b8e10009003c00610646008d
:100a4800e0864e000c01be00c0882300f8f80700bd
:100a5800e0b79f00f1b79f0082bf9f0093bf9f0040
:100a68007c8157000c00be0007fa07000802be0090
:100a78000a03be00c088230072f9070080017800cd
:100a880012002000fc80570000d72200e30907006d
:100a9800024080000200e0000a0032000204400028
:100aa800f10f2000810f540006003e0001d72200fc
:100ab8000100400061922300a5c607000028ef004e
:100ac80008007800c04088006fb09700ffb097001a
:100ad8000fb997009fb9970004d62200009abe006c
:100ae8000292be004c6b89005d6b890011c0b30097
:100af800c0d62200014878004f06be004f05be0050
:100b08004f04be000080fa0000000600889fbe0067
:100b18008a1f780042ec8000cf91de0030ec800024
:100b2800cf80de000001510081815900400620007d
:100b3800009ab9000011b800830142000200be000b
:100b4800e00f5100e08f590004003d00f0ff2f0036
:100b58000100200002004000838048000104780062
:100b68005aec8000350807008044780042ec800089
:100b7800cf91de0030ec8000cf80de000201400023
:100b88008381480020032000009ab9000011b800b2
:100b9800830142000200be00e00f5100e08f5900bf
:100ba80004003d00f0ff2700010020000200400083
:100bb80083804800410add004f01de000201720017
:100bc8008240880020d52100b606070090408000aa
:100bd800880f500001003100984088000a00780012
:100be8001428b400e20f550005003600a1c0b30078
:100bf800eccf54000b003600e3c054000900370066
:100c080050052000800f540005003600a1c0b30035
:100c180081cf5400030036008940e9000100370005
:100c28008940780070022000800f54000c003e00bc
:100c38000a00e0000a003a001648ec0016e8b7007f
:100c4800e44f5000070036001668ef00e0c3b30019
:100c580080cf540003003e008940e80001003700bf
:100c68001668ef0089cf500002003200014078007a
:100c7800e90707004f0578004f04be000000060092
:100c88001e00fa00889fbe008a9fbe008c9fbe008f
:100c98009a408000ac408000e80707008045780053
:100ca80020d521009b0607000004be0000962700ff
:100cb800e1ff2f000801400089814800420f980099
:100cc800530f98001228ef001428ef00d0cc2c0006
:100cd8000050b800420ade000e81e8000000eb0078
:100ce800d3c2b30035c2b30083407800800f5200ee
:100cf8000100360085407800016978000000e800ae
:100d0800f40f5000f8ff3a000040eb0070579800cd
:100d180090ae2d0094fc0700e31f47008a1f78005f
:100d280000af2d00801f7800d9080700e68757001c
:100d38000c00e000060032008c1f780020b02d0067
:100d4800801f7800d2080700e48757001800370092
:100d5800e90f550009003e0080b12d00c3080700c7
:100d68000b80fb00801f7800a0b22d00801f780048
:100d7800c7080700e48757001a003700fd0f550021
:100d880003003e0090b32d00b808070008003700a4
:100d980050052000800f550003003e00d0b32d0001
:100da800b20807000200370000b42d00af080700a2
:100db8000b80fb00801f7800a0b22d00801f7800f8
:100dc800b3080700e4875700e20f56000500360015
:100dd800eacf550003003e0050b42d00a3080700d9
:100de8000a003700fd0f550008003e00e0c3b300bd
:100df80080cf55000500360040ad2d00e90f5500a5
:100e080001003e0010ab2d00980807001008f800fc
:100e1800a0b52d00801f78009d080700f0ea80002b
:100e28000000400021e62d00e1007800610f9800e5
:100e38004e0d9000de0d9000e00f5500e08f5d0034
:100e480002003d0060051500e0851d0042062000f7
:100e5800030020000a00be00c9c007000006be004b
:100e680042062000030020000a00be0015c007004b
:100e78000001be00e4875700b10220004e0a90002e
:100e8800de0a9000e00f5200e08f5a0001003d009a
:100e9800d1022000ee0a9000851f78008c9fbe00ca
:100ea800829fbe00811f78004206200003002000b8
:100eb8000800be00b2c00700809fbe0042062000a6
:100ec800030020000800be00febf0700809fbe0090
:100ed80080b62d00801f78006d080700f687570040
:100ee800f0ea8000e30f500022003a00e2eb8000b5
:100ef800f3eb80004c1add004410de0000007200a5
:100f0800c498de0082162000028ab9000200b800e8
:100f1800810042000001be00e00f5000e08f580041
:100f280004003d00f2ff2f000300200000014100f3
:100f380081814900831f780080162000d1eb800052
:100f48000088b900e00f5000e08f580004003d0011
:100f5800f2ff2f00030020000000410081804900bb
:100f6800811f780010b92d00801f780048080700fd
:100f7800e68757000e007800320707000000e000ff
:100f88000a003a001e4090000080fb00801f780095
:100f98001e80fb00801f780040bb2d00801f78005a
:100fa8003b080700e68757000200370060bd2d00a8
:100fb8002e0807004f06be004f05be004f04be00b6
:100fc8000080fa00000006000400fa00889fbe00b6
:100fd8008a9fbe008c9fbe00ddfb07000205be0095
:100fe8000004be0020c12d00dffb07000001eb005c
:100ff800f08057000802be000a03be00c088230024
:10100800aaf707000000e00020003200208a230031
:1010180030025400b0825c0030035d0090835d00b4
:101028000400be000601be0004a0250025262000fd
:101038006033b8006dc407000006be00d0902300de
:10104800104178000fb897009fb89700e3fb07009e
:101058000802be000a03be00c0882300f9f7070093
:1010680061bf2d000000e0000100320001bf2d002b
:101078008c9fbe00811f780090c12d00801f7800d2
:1010880003080700e88757000200370080c32d00d7
:10109800f607070016c9810027c98100869fbe0090
:1010a800f0c8810001c98100809fbe0044408000d3
:1010b80055408000849fbe00d6c88100e7c88100e3
:1010c800869fbe006040800071408000809fbe0007
:1010d8001440800025408000849fbe0040c42d003d
:1010e800801f7800ea070700706b8100fa875700b5
:1010f8000000e00003003a00f90707000000e000e4
:1011080007003200f6070700801f78006e2df800f0
:1011180050cb2d00801f7800dd070700e6875700b9
:10112800308a2d00d10707004f06be004f05be00cc
:101138004f04be000080fa00000006004f06b00011
:10114800889fbe008a9fbe008c9fbe008e1f7800bd
:10115800a90807009107070060cd2d00c307070005
:10116800b0cd2d0080fb070000ce2d00bf07070083
:10117800b0cd2d007cfb0700a0d12d00bb070700d8
:1011880018070700c08823001df707003900200052
:101198009ad92d00fbd92d0001060700000478001c
:1011a8000800e000090032000a0078006efb070022
:1011b800881f78008b1f7800b50707008904e900ad
:1011c800e48757000900e000f3ff3a001a09070016
:1011d80040a7a80090d92d0063fb070030dc2d0044
:1011e800a207070012090700800578000b0678009f
:1011f8000b0578008bbf9f008046eb00ce8823004c
:1012080004003700080578008046eb00010037002d
:10121800080578000609070000047800fe080700a2
:10122800f4f82500150020006033b800491f20009d
:101238000400e1000588e1000690e1000798e1005c
:1012480001003600893821000060fe00155b22008d
:101258001504e00001003200cffb07001e04e00087
:1012680020003200c0d6220036c0b300904f1300d1
:10127800020032001004e00012003a00c0d622003a
:1012880037c0b30090cf13000b003a0030fb0700c3
:101298000203be000002be000e00780069f70700d6
:1012a800610060004800dd00211680000180a10077
:1012b8008100700021168800c0d622000048eb008b
:1012c800b2fd0700e140800081005400f480500026
:1012d800a0142000808f50001a003e0088070700e5
:1012e800180037000fb8970080005400301f200006
:1012f800808f5000120036008001eb000301780057
:101308008300780000f92f000f004000c307070092
:101318008000780000f92f000f00400079070700cf
:10132800014080000100e0000300320060922300c9
:10133800740707000028ef00c502a90088bf9f00b6
:101348006f0707008b005400301f2000808f50006b
:1013580002003600edfd0700880578000c005400f7
:10136800808f540002003e0045fe07000806780002
:101378000a00540074382100840f5000a5ff36007d
:1013880011ff070000f92f000f0040002d0607008d
:101398000000e0009bff32008d46e800e2cf5600d7
:1013a8009bff360090d92d00effa070080e02d0052
:1013b8002e0707007a050700080578008046eb002d
:1013c80094ff37004f22b000889fbe008a9fbe005e
:1013d8008c9fbe008e1f7800fbfa2d008084eb00e6
:1013e8006011b8000003eb000cff2f001e00200066
:1013f800080120003d1020000202be000500370051
:101408000c0378000704e000010032000003eb0041
:10141800ea844400db4378000c0178000704e0000c
:10142800010032000001eb008981440000dd2f003b
:101438000f004000830140000e00780006015100b3
:101448008bbf9f0080007800f00f5000010034002f
:1014580088007800028db900eab79f00fbb79f00ab
:101468008a0078000100e00001003d00ef804000a4
:10147800c488de008680400081297800cf8dde0098
:101488000482400085824d000080e800f50f50007e
:10149800ecff3a008fbd97008d8f5400d8ff3a00bb
:1014a8000401be00e4dc2f000f024200e0662300c6
:1014b800768657006044b8006055b800e5102000f3
:1014c800d4007800058bb900820053000128780009
:1014d800018bb900cfb8de000804430089844b00b3
:1014e8000a8548008b8548008c0f5200f4ff3a00ab
:1014f8000800be000a01be00a4be0700d041880053
:10150800e14188004f0778004f06be004f05be0036
:101518004f04be00ef1fb1006f02b10000000600cb
:101528000800fa00889fbe008a9fbe008c9fbe00fc
:1015380080007800e0662300ab8823006066b8006e
:10154800f83f200009002000080578000202650025
:101558007d0342000603430061037b0044b3de00c1
:10156800d003780006bbb9000c0643008d864b00fb
:1015780061014100e08149008b0f5000f3ff3a0000
:101588000001eb00e00f5600e08f5e003e003400e3
:1015980020842000008040001001be000202be002e
:1015a8004fabde0086037800e4b79f00f5b79f00d5
:1015b80086bf9f0097bf9f00608420008080400006
:1015c8001102be006033b8000400be000601be0070
:1015d800e4102000050020006033b80061c3070054
:1015e8000205be000004be006fb29700ffb297006c
:1015f8000fbb97009fbb97000400be000601be000a
:1016080058c307000002540081825c0002035d0099
:1016180083835d000001eb004240a9001a003400fa
:101628000400be000601be0058be0700d24180007b
:10163800e3418000c1c00700020020007338240085
:10164800dfbf070094bd07000004be000c00be0009
:101658005ebe07000801be00d9bf070002002000d7
:1016680003482400b5c0070027be07000540200036
:10167800850f5000e08f580002003c000001780000
:101688000100370002402000020078004f06be002b
:101698004f05be004f04be000080fa00000006009f
:1016a800f2874700889fbe008a9fbe008c9fbe00bd
:1016b8008e1f780000047800a083200000004400fa
:1016c8003002be002003be00d4b79f00e5b79f00dc
:1016d800f6b79f0087bf9f00d010200001002000b0
:1016e8006011b8000020e10001a8e10002b0e100ab
:1016f80003b8e100ca003600d410b1000580b1007b
:101708000680b1000780b10094b79f00a5b79f007d
:10171800b6b79f00c7b79f000401be000800780055
:101728007fff070080047800a084200068407800cc
:101738000004e00003003200e14f500046003a0088
:1017480019003700b0122000808f5400b200340016
:1017580010c0b300a184200000f47800c1842000e8
:10176800810044008008eb000185200009b478005e
:10177800e284200021852000e2307c006185200081
:10178800810044001fb29700afb297003fb39700a3
:10179800cfb397008498be008690be00e1852000f4
:1017a80000f478009c003700e0852000684078004d
:1017b8000004e0000500320040852000093478006c
:1017c800e0852000000044000048eb000085200070
:1017d80000004400908f540010003400e184200081
:1017e8002085200061307c000085200009347800c5
:1017f80060852000000044001fb29700afb2970038
:101808003fb39700cfb397000498be000690be0080
:1018180011c0b300e085200001747800c184200065
:10182800810044001100e80080087800d1102000f1
:10183800810f500078003600e0852000684078006d
:101848000004e00074003a0021c0b300a084200026
:1018580001747800700037006085200000004400a3
:101868003002be002003be0094b79f00a5b79f00ba
:10187800b6b79f00c7b79f000400be000601be00b0
:10188800703cb0000180b0000280b0000380b0005e
:101898005fb29700efb297007fb397008fbb9700b6
:1018a8000020e10001a8e10002b0e10003b8e10076
:1018b80059003900f0852000684078000004e000f5
:1018c8004f003a001fb39700afb397006805530065
:1018d800e0855b0020852000e80278000085200074
:1018e800680778004085200068027800e2ff2f0032
:1018f80002f1b9004fa8de000281420083014800ce
:10190800cfa0de00020142008381480002014100ad
:10191800838149006000b800e00f5100e08f590052
:1019280007003d0004825200cfa2de004f28dd00f0
:10193800c120de00810070004f20dd0061bd07007e
:1019480002002400820f5000e08f5800020034008b
:1019580000002400010020000002be00d0b79f0054
:10196800e1b79f0000002c00f1ff2f00800f52000c
:10197800818f5a0002003d00d0b79f00e1b79f0059
:10198800c186200081004400c600210006034400ef
:10199800f43f200005002000840178000a866100d9
:1019a8007d00460000004000e828780061054500f9
:1019b800e0854d00868f5000f8ff3a002086200011
:1019c800000044001fb29700afb297003fb39700e2
:1019d800cfb397000498be000690be00a0862000f2
:1019e800dfb2970005347800c08620000e347800f6
:1019f80011c0b300f085200001747800030037009f
:101a080000862000000044001048e800a084200060
:101a1800000044000048eb00e0842000093478000e
:101a28004f0778004f06be004f05be004f04be00aa
:101a38002f01b100000006000400fa00889fbe00d4
:101a48008a9fbe008c9fbe000005be000204be0037
:101a58000206be00e00f5100e08f590002003d0071
:101a680060061100e08619000a00be00e00f55006c
:101a7800e08f5d0002003d0060001500e0801d0061
:101a880080bf9f0091bf9f000c01be00800f5600d1
:101a9800818f5e00010031000001be000000eb00f4
:101aa800e00f5100e08f5900490032000c02be00df
:101ab8000fb897009fb89700800f5600818f5e007f
:101ac800010036000002be00f1ff2700810f51001f
:101ad800e08f590009003600f0ff270001002000c0
:101ae8008301d1000281d3008502d1000482d30092
:101af800800f5100818f5900f9ff3e004f28dd000b
:101b0800c120de00810070004f20dd00abbd070062
:101b1800024e2f00028ab900000252000201b800ea
:101b280083014200040020000559200002024200ff
:101b380083824a00412bdd004f21de000201730041
:101b4800cfa9de00040022000500200002014200a7
:101b580083814a00009bb900028ab900060242004c
:101b68000010b800810042004109dd004f02de008c
:101b780004027100cf8ade000fb897009fb8970063
:101b8800800f5600818f5e000400310000002400a1
:101b9800010020000402500085825800e00f540024
:101ba800e08f5c0004003d000000280001002000d8
:101bb8000402500085825800e00f5500e08f5d0058
:101bc80002003d0060021200e0821a000400780062
:101bd8004f06be004f05be004f04be000080fa004d
:101be800000006003400fa00889fbe008a9fbe00ed
:101bf8008c1f7800000678000403be00ec029000f9
:101c08000500e00007013a00461add00ca10de00b0
:101c180081007200f1b79f00ca9ade0085bf9f005d
:101c2800463ddd00ca34de0089047500d9b79f003f
:101c3800cabdde00ebb79f007fb097008fb8970052
:101c48004f89de0082017800d0af9f00e1af9f008e
:101c5800f2af9f0083b79f000c1490009c14900073
:101c68004fcdde008a0578005fb29700efb297008b
:101c78004fabde008603780094af9f00a5af9f00ae
:101c8800b6af9f00c7af9f002c109000bc1090000b
:101c98000002be004fabde0086037800d4a79f0089
:101ca800e5a79f00f6a79f0087af9f000802be0028
:101cb8000a03be005fa89700efa897007fa99700c6
:101cc8008fb19700a7c107000203be000002be0043
:101cd8000c0890009c0890002c099000bc0990000a
:101ce8000000420081804a0002014b0083814b00c2
:101cf80090a79f00a1a79f00b2a79f00c3a79f001e
:101d08005fa29700efa297007fa397008fab970081
:101d18001fa89700afa897003fa99700cfa99700e1
:101d280090c107001fa29700afa297003fa397009a
:101d3800cfa397000002420081824a0002034b00b1
:101d480083834b0094b79f00a5b79f00b6b79f0049
:101d5800c7b79f00040e9800150e9800260e98002d
:101d6800370e98000802be000a03be001fa897009d
:101d7800afa897003fa99700cfa9970079c107009e
:101d88000205be000004be005fa29700efa2970004
:101d98007fa397008fab97005fa89700efa89700e5
:101da8007fa997008fb197006ec10700000054000b
:101db80081805c0002015d0083815d004c0a900017
:101dc800dc0a90006c0b9000fc0b900004024000b1
:101dd800858248000603490087834900440e98001d
:101de800550e9800660e9800770e98007fb49700fd
:101df8008fbc970008169800191698005fb59700d1
:101e0800efb597002a1698003b1698007c009000c2
:101e18000000e80070069800311f2000810f500074
:101e280012003e00310137008381d1000281d300c6
:101e38008180d3000080d3007fb297008fba9700cb
:101e48001fbb9700afbb97008783d1000683d300e1
:101e58008582d3000482d300f4b79f0085bf9f001a
:101e680096bf9f00a7bf9f00080037001fb09700cc
:101e7800afb097003fb19700cfb19700f4b79f007c
:101e880085bf9f0096bf9f00a7bf9f00f8ff2f0048
:101e9800f9ff23006055b800080240008982480015
:101ea8000a0349008b834900e8ff2f00f9ff270048
:101eb8006055b8000820e10009a8e1000ab0e10077
:101ec8000bb8e100d8ff3e007fb297008fba9700a9
:101ed8001fbb9700afbb9700f8ff2f00f9ff230047
:101ee8006055b8000820e10009a8e1000ab0e10047
:101ef8000bb8e100ccff3c001800200009002c00c2
:101f0800faff2f00fbff2f000820e10009a8e100dd
:101f18000ab0e1000bb8e100c3ff350090b79f009d
:101f2800a1b79f00b2b79f00c3b79f007fb29700c9
:101f38008fba97001fbb9700afbb97001fb19700e0
:101f4800afb197000400be00bbfe0700c1cc200063
:101f58000180b9002c029000bc02900000024200ef
:101f680081824a0024069800350698004c019000aa
:101f7800dc019000d64d22006710200002034300c8
:101f880083834b00860f5200878f5a00020034006b
:101f9800260698003706980034b22d0095ef2f00da
:101fa8000201420083814a002c029000bc0290008a
:101fb800820f5200838f5a0002003d0022069800cb
:101fc800330698006022b8006033b800440e9800c9
:101fd800550e9800660e9800770e9800040e98002b
:101fe800150e9800260e9800370e98000001eb0099
:101ff80072069800f2ff2f00030020000000410045
:1020080081804900e2ff2f0013002000820f50005a
:10201800838f5800b5003e0010002000600698002d
:10202800b20037004c1090004f01de000001410063
:102038000281d100810f510002003d006108b90002
:10204800240037006101b9006108b900020050009e
:1020580083805800e38f52001e003a005c13900002
:10206800ec1390004c3cdd004432de0004027400a6
:10207800c4bade00b9712000890f5200e08f5a00ff
:1020880014003c00480ddd004802de000402750023
:10209800c88ade00040141008581490054332f00bd
:1020a800f5ff2f00840f5100858f5900020035007d
:1020b80042332f00f3ff2f0064552d00f5ff2f004a
:1020c800840f5100858f590001003d000401be00b6
:1020d800421698006c0290008402420002fa2d0019
:1020e80062817a006114b900028bb90000ccb90092
:1020f800060344000201b800830143001c0e41009e
:102108005c96490082fa2d0062817a006114b90058
:10211800028bb90000ccb900860244000201b80065
:1021280083814200c61ddd004a13de000683750068
:10213800ca9bde002c019000bc0190000603410000
:102148008783490026069800370698004c019000be
:10215800dc019000d84d22006910200002044400e0
:1021680083844c00880f5300898f5b000200340081
:10217800280698003906980036b22d0097ef2f00f0
:102188000201430083814b002c039000bc039000a4
:10219800820f5300838f5b0002003d0022069800e7
:1021a800330698007c0190000201e800720698004e
:1021b800e10f520008003a00b35d2000830f510080
:1021c8000500360022002000620698000001eb009e
:1021d8007206980009003700e20f520007003a0023
:1021e800b35d2000830f5100040036003200200048
:1021f800620698000001eb00720698005c129000dd
:10220800ec1290000001be00e00f5000e08f580073
:1022180002003d0060011000e08118004418dd0054
:10222800cc10de00810070004410dd000401500075
:1022380085815800471bdd004910de00000073004f
:10224800c998de000000420081804a0050169800bc
:10225800611698006c019000e30f510023003a00ca
:10226800cc0bdd004401de0002817300c489de006e
:10227800781c2100880f5100e08f590019003400a4
:102288007c1090000000e80070169800813821004a
:10229800810f5000150036000000eb006006980022
:1022a800700698006022b8006033b800440e9800a9
:1022b800550e9800660e9800770e9800040e980048
:1022c800150e9800260e9800370e98007016980084
:1022d8004c059000dc0590002a0698003b06980003
:1022e800020037000000eb00701698004f067800d7
:1022f8004f05be004f04be000080fa000000060033
:10230800fe874700889fbe008a9fbe008c9fbe0044
:102318008e1f7800f0af9f001001be00d2af9f0063
:10232800e3af9f00201f9000b01e9000401a90005d
:1023380084b79f008003780027039000b7039000bc
:1023480096b79f00a7b79f00010678000202be005b
:102358008001eb006055b8006044b800c1f62c005d
:10236800d8b79f00e9b79f00bab79f00cbb79f00c7
:102378003c007800462dde000b0020000a017800a2
:102388000a10200002054500f93f200009056500f4
:102398000a05450061057d000a85b900485cdd0035
:1023a8004853de0006037400c8dbde005fb5970003
:1023b800efb597000a0543008b854b00dab79f00fd
:1023c800ebb79f0002014100610579000a85b90059
:1023d8004859dd004854de0008047100c8dcde00fe
:1023e8003fb59700cfb597000805550089855d0072
:1023f800bab79f00cbb79f001fb59700afb597003e
:102408000402450085824d00808f560001003d0082
:1024180080067800800f570001003400000778001c
:102428008beb27000b00400002d72f00820f5000d3
:10243800030036000fb597000a05e8008ab79f0029
:102448008301e800f48f5100c9ff3a005fb4970098
:10245800efb497003fb59700cfb597001fb197002d
:10246800afb197005faa9700efaa97000200420059
:1024780083804a00afb297007329b9001fb3970051
:102488007332b80085024100ffab9700841b4000ff
:1024980085934800ae1b9800bd1b98000fb09700ad
:1024a800c01b98000801be000a00be0062fd0700bc
:1024b800000678000801be00e00f5400e08f5c00c1
:1024c80002003d0060011400e0811c000a00be000b
:1024d800e00f5500e08f5d0002003d006000150030
:1024e800e0801d00800f5100818f59000a003400e0
:1024f800630ab9006300b800810042004d0bdd009b
:102508004302de0004027300c38ade0004014100b6
:102518008581490009003700631ab9006311b800c2
:1025280083014200cd1bdd004312de0004827300ec
:10253800c39ade0004014000858148007fa8970007
:10254800001a9000901a90000401510085815900ea
:102558004a1bdd004610de0000007300c698de004e
:102568000000420081804a00ffab9700801b980062
:10257800911b98000a02be000801be008c0078007a
:102588000700780097fd0700a08320007fac970024
:10259800000044003002be002003be006102420079
:1025a800e0824a0060034b00e0834b000498be00c1
:1025b8000690be00f23f20000300200004006100e6
:1025c8007d014000020141000c34790044e6de0040
:1025d80022842000020144001205be00cfe1de0083
:1025e8000a0546008b854900dab79f00ebb79f00c4
:1025f8000a89be000ce6b90062842000020144008a
:1026080032044600a2844e000806be000889be00b7
:10261800d8102000090020006055b8000820e1000b
:1026280009a8e1000ab0e1000bb8e1001500360086
:10263800f43f200005002000e010b1000401600014
:102648007d01410002014100ffac9700690079005b
:102658004480de0021842000818044006101b900ab
:102668005fb59700efb597008218550083905d001d
:1026780061842000818044000081b90082185600de
:1026880083905e007fa8970005fc07004f0778003d
:102698004f06be004f05be004f04be00ef01b1005b
:1026a80000000600f1ff27002118980011002800fb
:1026b800311898008000eb004118980000000600cf
:1026c800881f780000047800e0002100060809004f
:1026d800001ceb00000454003afb07009099290005
:1026e8009199210040049800510498002004980012
:1026f80031049800f0932e00401498000000eb007d
:102708006004980008007800e6ff07004f0478008e
:1027180000000600b0009000200090004f89de0005
:102728008201780004242400f50020006033b800fa
:102738000cbf07000200be00000006000200fa00fd
:10274800889fbe008a9fbe000040eb00e0f79f0014
:102758008a3e20001bc0b30018ee220009002000aa
:102768000b417800ea80570010c1b300c901070087
:102778000000e00006003a006ff097000004e00057
:1027880003003d004600de006100600006003700df
:102798000800be00e60307000060fe000a05e90025
:1027a800efff3a000080eb004f05be004f04be006b
:1027b8000080fa0000000600889fbe0080047800b0
:1027c80001447800ddff0700800078000080eb00fe
:1027d8000100e0000a00350008417800890078000f
:1027e80010c1b30085010700800078000080eb006d
:1027f8000100e00002003a00d0ff07004f80de0031
:102808004f04be0000000600ea874700889fbe000c
:102818008a9fbe008c9fbe008e1f78000000eb00d0
:10282800118685000100e0002b00320000057800c9
:102838008a0578008a0478002d8685004c132b00c1
:102848006f8457000107780060c1b300a0ef9f00b4
:102858008b8f5600080036000b804500610c2b005a
:1028680061007800890f500003003a0050c1b3009e
:10287800a0ef9f008b05e8008c0045008100e9006f
:102888007680570051687800880f5000fdff3a00a5
:1028980082c0b300f680570010c1b300570107008b
:1028a8000000e00009003a00a4ff07000000e00073
:1028b800080035008904e80067054500890f5700be
:1028c800e1ff3e000000eb00030037000080eb0052
:1028d800010037000080eb004f0778004f06be006c
:1028e8004f05be004f04be00af00b1000000060057
:1028f8000600fa00881f780022c1b30082ff9f00fb
:102908000041eb0092ff9f004801de00a2ff9f00fc
:10291800b0ff9f004808de00c0ff9f00d1ff9f0066
:1029280061c0b30068805700a3ff07000004780067
:10293800a0002000a1020700080078004f047800da
:102948000080fa00000006000600fa00881f7800e0
:1029580002c4b30082ff9f0012c8b30092ff9f0019
:102968000041eb00a2ff9f0002ceb300b2ff9f0020
:10297800c0ff9f00d1ff9f0061c0b300688057006f
:102988008dff070000047800400620008b02070036
:10299800080078004f0478000080fa000000060064
:1029a8000c00fa00889fbe008a1f7800d462a80035
:1029b8004006200081020700d462a90040062000da
:1029c8007e020700d462a800400620007b020700b0
:1029d80010c0b300e0ef9f00f0c1b300f0ef9f001c
:1029e80050c0b30080f79f0031c0b3007280570019
:1029f80071ff07000000e00004003200a0e62d008f
:102a08009a0107000080eb007f00370082c0b30006
:102a1800ef80570010c1b3001e0107000000e0005e
:102a280013003a000ff897000080fb00801f780021
:102a38005ff097000080fb00801f78000ff0970080
:102a48000080fb00801f78005fe897000080fb0093
:102a5800801f78002fe897000080fb00801f780017
:102a680000e82d00801f780089010700ec875700d7
:102a780010c0b300e0ef9f0010c3b300f0ef9f0059
:102a880050c0b30080f79f0031c0b3007280570078
:102a980049ff070080007800e0ff2f000100e000f8
:102aa80059003a006022200044020700b0ea2d00d5
:102ab8006e01070054ff07000000e0000400320028
:102ac80080ec2d0069010700d0ff2f004e00370071
:102ad80020ed2d006501070010c0b300e0ef9f0056
:102ae80010c1b300f0ef9f0050c0b30080f79f0003
:102af80031c0b300728057002fff0700800c200000
:102b08002e020700210129001010200078ff07007d
:102b180080007800c0ff2f000100e0003a003a0072
:102b2800e1832000914078008180fb0000002400b0
:102b38006fff070011c0b3000040eb0082ff0700e1
:102b4800602220001d0207005101290010102000fa
:102b580067ff07008000eb000010200064ff0700fb
:102b6800416327003010230061ff070081cbb300c9
:102b780020c8b30074ff070080007800b0ff2f0062
:102b88000100e00020003a0000c1b300e0ef9f0020
:102b980011c0b3007280570007ff0700800078005b
:102ba8000000eb000100e00017003a0082c0b3000b
:102bb800ef80570010c1b300b6000700800078000e
:102bc8000000eb000100e0000f003a00a0ed2d002e
:102bd800260107006f845700e88457006aee2d002d
:102be8005880fb00801f78008a1f780028010700a2
:102bf800e4875700890f5400f9ff3a00c0ee2d0012
:102c08001a0107000000eb004f0578004f04be00d2
:102c18000080fa0000000600f1c3b300814f5000a5
:102c280001003600014078003ee8b7008080fb00d4
:102c3800000024002eff0700000006003ec8bf0069
:102c4800000006000800fa00881f780000047800d9
:102c580030c4b300e0f79f0010c0b300f0f79f0046
:102c680021c0b3006a805700d3fe070080007800b7
:102c78000080eb000100e0000f003a0062c0b300e2
:102c8800e880570010c1b300820007008000780078
:102c98000080eb000100e00007003a000ff8970001
:102ca800204498004ff89700004c78005ff8970090
:102cb800104498000000eb004f0478000080fa00f0
:102cc8000000060002e22400908160000400320047
:102cd8000201e900fcff3a000080eb000400370025
:102ce8000000eb000200e00001003a000080eb0069
:102cf80000000600f101200060202000f1ff07001d
:102d0800800078000080eb000100e00003003a003a
:102d18000100240080202000eaff070000000600d0
:102d2800f4ff0700800078000080eb000100e0005d
:102d380004003a000602a8001100200060202000cc
:102d4800e0ff070000000600eaff07000642a800af
:102d58004100200060202000daff07000000060084
:102d6800881f780000447800e2ff070080007800a0
:102d78000080eb000100e00012003a000884fb002c
:102d8800181088000100240080202000cdff0700d3
:102d9800800078000080eb000100e00009003a00a4
:102da800d4ff0700800078000080eb000100e000fd
:102db80004003a000000eb000802e20001003d00b8
:102dc800e0ff2f004f0478000000060007e2a9008a
:102dd80000192000010020005502070007e2a800a2
:102de800000006000622ef00b0182000201088001e
:102df8000722a80007e2a80000000600889fbe007e
:102e08008a9fbe00804578000105780082447800da
:102e1800c3ff0700000478000800e00012003a0031
:102e28000bc04500ceff0700800578000b00e000ce
:102e38000c003a000904e000130032008944e9005c
:102e48003a407800c6ff0700000478000800e00058
:102e580005003a000904e0000b0032008944e9004b
:102e6800f7ff37000b047800b7ff0700e10f4400b5
:102e780001003a00d5ff0700080078004f05be00a2
:102e88004f04be0000000600afff07000b047800e7
:102e9800f9ff3700889fbe008a9fbe008c1f78000c
:102ea8008044780001057800024478009cff070000
:102eb800000678000c00e0002a003a0009c044002f
:102ec8000004a000a6ff0700000678000c00e00040
:102ed8001c0032002300370086ff07000000e000d6
:102ee80029003a000662a8008b00780009007800e3
:102ef80074ff07000000e00023003a000010800083
:102f0800005d78000844e9000880fb000000e90043
:102f18004f00de004500dd00311080000150a100a7
:102f280081007000311088000682a800010120008d
:102f38000900780063ff07000000e0000600320087
:102f4800110037008b002000692020000804e000f1
:102f5800e1ff3a000f0037000804e000deff3a0006
:102f68000c00370078ff0700e10f460001003a0027
:102f780096ff07000c0078004f0678004f05be004a
:102f88004f04be00000006006fff07000086eb003c
:102f9800f7ff37006cff0700f6ff37002022ef002d
:102fa8002062a80050052000401188003022ef0060
:102fb8003062a800c011880023a2a90023e2a9005a
:102fc80033a2a90033e2a90080ff2f00aa00b600af
:102fd8003000b30050058800f1ff280090058000fc
:102fe80080806000000023000100700090058800c8
:102ff80021e2a8002342a80031e2a8003342a80039
:103008008580a9009580a80087e0a90097e0a8001e
:103018009560a90097c0a90000000600f43f2000b1
:10302800052723000d003700b24180000201e800a7
:1030380004016100c3418000828f510002003a0000
:103048003428ec0004003700b34180003043780096
:1030580086f27900b24188008100e9000100e000b1
:10306800f1ff3a008580a80000000600881f78005c
:1030780000047800080078007cbd07008000780014
:1030880008007800e5ff07004f04780000000600fc
:10309800a000fa0083f52f008f8141004f29970087
:1030a800010a200000f62f000f00400087bd07002e
:1030b800f1092000810f5000010034000100780060
:1030c8000000e000040034008000780000f62f00c3
:1030d8000f004000d1ff07000080fa000000060042
:1030e800a0418000000006009041800081418000de
:1030f8000000e90001005000f03fb20000000600a7
:10310800000006000100e000170032008241800044
:103118000201e800f23fb20093418000828f510023
:10312800110032008100e90004e72200f53f200089
:1031380007003700824180000201e80005016100b4
:103148008100e90096418000820f5300060032009a
:10315800834180003043780006f27900824188007c
:103168000100e000f3ff3a0087e0a8000000060035
:103178008180fb00d2cc2c000209b8004319de0084
:1031880003c3b300035841006a11b900028150001b
:1031980001c3b30001584100000006001141780046
:1031a8000204e000060032008001780082597800ad
:1031b80003007800514178000204e000fbff3a0068
:1031c800000006000000e8000041eb00810f5000fd
:1031d8000300310030416900810f5000fdff3a00c3
:1031e800a0c2b30080487800010078000281fb008b
:1031f800c411de0081f32d0061e879006f016100e0
:1032080061687900d1c0b30001687800a1c0b3003b
:10321800016878000068eb0000000600889fbe0087
:103228008a1f78008004780001047800030578007c
:103238000200e00008003a0001ef2d0009007800c4
:10324800d6ff07008000780009007800ddff07003e
:10325800090050002300370051f02d0009007800c4
:10326800ceff0700c8409000c1ff0700d84090007b
:10327800bfff0700e8409000bdff0700c1c2b300d0
:10328800015878000a00e000190032001ac4b3009f
:103298000a587800d1f02d00c0ff0700b840900010
:1032a800b3ff0700a8409000b1ff07008001780035
:1032b8009800780042062000110009008280d8009a
:1032c80003007800aaff070031f32d00b3ff0700c1
:1032d800800078008a58780009007800b9ff070054
:1032e800090050004f0578004f04be00000006009a
:1032f80061c5b30001587800d1f02d00a7ff070081
:10330800b84090009aff0700a840900098ff070077
:10331800800178009800780042062000110009001a
:103328008280d8000300780091ff070031f32d0058
:103338009aff0700eac4b300e5ff3700e001200068
:10334800303a8800f0f32f004427b60000fe2f0023
:103358004427b600a1092000320020008007200081
:1033680033742000804978008149780082497800c8
:10337800123a80000200a0007105200060042000bd
:1033880023742000804978008149780082497800b8
:103398000200270001002300133a800003006100a7
:1033a800810f5000fcff3a0001022000123a800011
:1033b80002806000fdff320000000600881f7800d0
:1033c8008a9fbe00000478000800e0000700320071
:1033d8000ac429000b0020000a00be00d400070020
:1033e8000060fe000804e900fbff3a004f05be003c
:1033f8004f0478000000060040a7a900cfff07008f
:10340800e0ff2f0060198800c422ef00cc22ef00f3
:10341800d422ef00d462a800d482a800d4a2a800c5
:10342800c002a800c102a900c142a900c962a9003e
:10343800c982a900c9a2a900c862a900c842a800f7
:10344800d002a900d062a900d082a900d0a2a90008
:1034580068c0a800103a80000060a1006104200044
:103468007205200023742000814978008249780081
:103478008049780000fe2f006436800084016000d7
:103488003300b30063368800f30f2e0064368000e3
:1034980084826100043021000502720064368800cd
:1034a80014368000848161000450200003027200f9
:1034b8001436880084368000840160003301b3002c
:1034c80083368800a606b6000010a00030358800b4
:1034d800103a80000060a000237420008149780021
:0c34e8008249780080497800000006004e
:020000040000fa
:020000040001f9
:1034f400703600001c020000000000003a080000c2
:103504000400000000000000420800001015000044
:10351400000000008c380000fc00000000000000e7
:10352400000800001800000000000000521d000008
:103534001e11000000000000180800001800000020
:1035440000000000d8470000280000000000000030
:10355400b047000028000000000000003e08000002
:1035640002000000020000003a000000702e00007b
:103574000008000000000000300800000a000000fd
:1035840000000000400800000200000000000000ed
:10359400c639000002000000000000008839000065
:1035a4001e00000002000000286e69006c29000063
:1035b40025006800076c09004c836a009074a00021
:1035c4007ac000008068880000846c00820081005a
:1035d400a63900001000000002000000494e460019
:1035e40000696e0066004e00414e00006e616e0080
:1035f40000000000b63900001000000002000000c6
:10360400494e460000696e0066004e00414e0000bf
:0c3614006e616e0000000000000000006d
:020000040000fa
:020000040001f9
:10362000ff3ffc00848220003400be002401be0065
:103630000000fc0000000600f040800000000600d2
:1036400020d5210020fc07001021ef00f0fc2f0006
:103650001001b6000040a000800888000ca1ef0017
:103660000621ef001221ef000a21ef00f0f92000ff
:10367000700888002023ef002143a80000302000bc
:103680002023b700f0f12f002003b6000060a00057
:10369000001988002043a8002183a8002223ef00fe
:1036a0002423ef0040c0b30024e3b7003223ef002f
:1036b0002823ef008023ef00c0ff2f008003b60017
:1036c0000010a000001c8800d0002000101c880002
:1036d00000302000401c8800807d2000201c8800d5
:1036e000007b2000301c880030012000501c880026
:1036f00080ff2f00a600b6006000b30030058800f0
:103700008480a9009480a80081e3a800f18f2f0095
:1037100030058000808060000050200001007000b3
:10372000300588008a21ef0021e3a80011e1a800fc
:0837300013e1a80000000600ef
:020000040000fa
:020000040001f9
:10373800f03fb1000180b10006003500ee0309003a
:1037480000000000403fb1000180b100fbff3d00d8
:103758001000b000203fb0000200350000800900d2
:08376800000000000000060053
:00000001FF
