:020000040000fa
:04005c00b6040000e6
:020000040000fa
:04001000b604000032
:020000040000fa
:04025c00b6040000e4
:020000040000fa
:04021000b604000030
:020000040000fa
:0402b400b60400008c
:020000040000fa
:0402b000b604000090
:020000040000fa
:04034000b6040000ff
:020000040000fa
:04027000b6040000d0
:020000040000fa
:04027400b6040000cc
:020000040000fa
:04033400b60400000b
:020000040000fa
:04036400b6040000db
:020000040000fa
:04036000b6040000df
:020000040000fa
:04023800c8020000f8
:020000040000fa
:04026000b6040000e0
:020000040000fa
:04028800b6040000b8
:020000040000fa
:0402b800b604000088
:020000040000fa
:0402e000b604000060
:020000040000fa
:04031c00b604000023
:020000040000fa
:04033800b604000007
:020000040000fa
:04033c00b604000003
:020000040000fa
:04021c00b604000024
:020000040000fa
:04032400b60400001b
:020000040000fa
:04035000b6040000ef
:020000040000fa
:04022c00b604000014
:020000040000fa
:04023c00b604000004
:020000040000fa
:04028000b6040000c0
:020000040000fa
:04028400b6040000bc
:020000040000fa
:04022800b604000018
:020000040000fa
:04027800b6040000c8
:020000040000fa
:04029c00b6040000a4
:020000040000fa
:04026400b6040000dc
:020000040000fa
:04027c00b6040000c4
:020000040000fa
:0402bc00b604000084
:020000040000fa
:0402c000b604000080
:020000040000fa
:0402c400b60400007c
:020000040000fa
:0402c800b604000078
:020000040000fa
:0402cc00b604000074
:020000040000fa
:0402d000b604000070
:020000040000fa
:0402d400b60400006c
:020000040000fa
:0402d800b604000068
:020000040000fa
:0402e400b60400005c
:020000040000fa
:0402e800b604000058
:020000040000fa
:0402ec00b604000054
:020000040000fa
:0402f000b604000050
:020000040000fa
:0402f400b60400004c
:020000040000fa
:0402f800b604000048
:020000040000fa
:0402fc00b604000044
:020000040000fa
:04030000b60400003f
:020000040000fa
:04030400b60400003b
:020000040000fa
:04030800b604000037
:020000040000fa
:04031400b60400002b
:020000040000fa
:04031800b604000027
:020000040000fa
:04032800b604000017
:020000040000fa
:04034400b6040000fb
:020000040000fa
:04034800b6040000f7
:020000040000fa
:04035800b6040000e7
:020000040000fa
:04035c00b6040000e3
:020000040000fa
:04026c00b6040000d4
:020000040000fa
:04030c00b604000033
:020000040000fa
:04034c00b6040000f3
:020000040000fa
:04021800b604000028
:020000040000fa
:04023000b604000010
:020000040000fa
:04024000f6030000c1
:020000040000fa
:04028c00b6040000b4
:020000040000fa
:04029000b6040000b0
:020000040000fa
:04020c00b604000034
:020000040000fa
:0402dc00b604000064
:020000040000fa
:04031000b60400002f
:020000040000fa
:04035400b6040000eb
:020000040000fa
:04032000b60400001f
:020000040000fa
:04020800b604000038
:020000040000fa
:04022000b604000020
:020000040000fa
:04022400b60400001c
:020000040000fa
:04026800b6040000d8
:020000040000fa
:04024c00b6040000f4
:020000040000fa
:04025000b6040000f0
:020000040000fa
:0402a800b604000098
:020000040000fa
:0402ac00b604000094
:020000040000fa
:04021400b60400002c
:020000040000fa
:04023400b60400000c
:020000040000fa
:04024400b6040000fc
:020000040000fa
:04024800b6040000f8
:020000040000fa
:04029400b6040000ac
:020000040000fa
:04029800b6040000a8
:020000040000fa
:04032c00b604000013
:020000040000fa
:04025400b6040000ec
:020000040000fa
:04025800420400005c
:020000040000fa
:04033000b60400000f
:020000040000fa
:0402a000b6040000a0
:020000040000fa
:0402a4007c040000d6
:020000040000fa
:0400b400b60400008e
:020000040000fa
:0400b000b604000092
:020000040000fa
:04014000b604000001
:020000040000fa
:04007000b6040000d2
:020000040000fa
:04007400b6040000ce
:020000040000fa
:04013400b60400000d
:020000040000fa
:04016400b6040000dd
:020000040000fa
:04016000b6040000e1
:020000040000fa
:04006000b6040000e2
:020000040000fa
:04008800b6040000ba
:020000040000fa
:0400b800b60400008a
:020000040000fa
:0400e000b604000062
:020000040000fa
:04011c00b604000025
:020000040000fa
:04013800b604000009
:020000040000fa
:04013c00b604000005
:020000040000fa
:04001c00b604000026
:020000040000fa
:04012400b60400001d
:020000040000fa
:04015000b6040000f1
:020000040000fa
:04002c00b604000016
:020000040000fa
:04003c00b604000006
:020000040000fa
:04008000b6040000c2
:020000040000fa
:04008400b6040000be
:020000040000fa
:04002800b60400001a
:020000040000fa
:04007800b6040000ca
:020000040000fa
:04009c00b6040000a6
:020000040000fa
:04006400b6040000de
:020000040000fa
:04007c00b6040000c6
:020000040000fa
:0400bc00b604000086
:020000040000fa
:0400c000b604000082
:020000040000fa
:0400c400b60400007e
:020000040000fa
:0400c800b60400007a
:020000040000fa
:0400cc00b604000076
:020000040000fa
:0400d000b604000072
:020000040000fa
:0400d400b60400006e
:020000040000fa
:0400d800b60400006a
:020000040000fa
:0400e400b60400005e
:020000040000fa
:0400e800b60400005a
:020000040000fa
:0400ec00b604000056
:020000040000fa
:0400f000b604000052
:020000040000fa
:0400f400b60400004e
:020000040000fa
:0400f800b60400004a
:020000040000fa
:0400fc00b604000046
:020000040000fa
:04010000b604000041
:020000040000fa
:04010400b60400003d
:020000040000fa
:04010800b604000039
:020000040000fa
:04011400b60400002d
:020000040000fa
:04011800b604000029
:020000040000fa
:04012800b604000019
:020000040000fa
:04014400b6040000fd
:020000040000fa
:04014800b6040000f9
:020000040000fa
:04015800b6040000e9
:020000040000fa
:04015c00b6040000e5
:020000040000fa
:04006c00b6040000d6
:020000040000fa
:04010c00b604000035
:020000040000fa
:04014c00b6040000f5
:020000040000fa
:04001800b60400002a
:020000040000fa
:04003000b604000012
:020000040000fa
:04008c00b6040000b6
:020000040000fa
:04009000b6040000b2
:020000040000fa
:04000c00b604000036
:020000040000fa
:0400dc00b604000066
:020000040000fa
:04011000b604000031
:020000040000fa
:04015400b6040000ed
:020000040000fa
:04012000b604000021
:020000040000fa
:04000800b60400003a
:020000040000fa
:04002000b604000022
:020000040000fa
:04002400b60400001e
:020000040000fa
:04006800b6040000da
:020000040000fa
:04004c00b6040000f6
:020000040000fa
:04005000b6040000f2
:020000040000fa
:0400a800b60400009a
:020000040000fa
:0400ac00b604000096
:020000040000fa
:04001400b60400002e
:020000040000fa
:04003400b60400000e
:020000040000fa
:04004400b6040000fe
:020000040000fa
:04004800b6040000fa
:020000040000fa
:04009400b6040000ae
:020000040000fa
:04009800b6040000aa
:020000040000fa
:04012c00b604000015
:020000040000fa
:04005400b6040000ee
:020000040000fa
:04013000b604000011
:020000040000fa
:0400a000b6040000a2
:020000040000fa
:080000000002040000000000f2
:020000040000fa
:100400002f9e23000e7a24000e01880000000000b9
:10041000000020000000e000020032000001200087
:100420002002880014000700a70207000000e00077
:1004300003003a00c0282a00010020000200370013
:100440000000200001002000810f70000100320038
:1004500014000700000020000000e000020032004d
:100460000000020000000000748e02000000000086
:100470000040da000000fe004440a900a010230064
:100480000000e0000300320000002000a00188000e
:100490004440a800000006008a1f78008b1f7800e7
:1004a0000000060091018800800478000000eb0045
:1004b0001a003700e284440032a0b4009905ba0063
:1004c000e284440032a0b4009906ba00e2844400f9
:1004d00032a0b4000006eb00476fde00fd07b2005b
:1004e000636ce10003003a00ebff07000000eb0043
:1004f0000a003700606ce10004003a00005deb0088
:100500008b05e900fdff3e00040037006168e10053
:10051000010032000086eb000b00070019c7ba008b
:100520001905ba000e04e00003003a000a00e000da
:10053000e0ff3a0000000600fe07b2009e018800be
:100540008a047800f5ff3700395dba008b05e900b1
:100550000c003200295dba008b05e900080032006a
:100560000c00e00003003a00e284440032a0b40032
:10057000f5ff370019ddba008b05e900faff3a00f4
:100580008904e800e184440032a0b40000000600c1
:100590003600f800809fbe00829fbe00849fbe0090
:1005a000869fbe00889fbe008a9fbe008c9fbe00b3
:1005b0008e1f78003400f80000002000a0018800a1
:1005c000f28747003e0880005d0880008480a90013
:1005d000087b2400e203ab0001003200887d240088
:1005e00008067800808220003002be002003be0092
:1005f00061044200e0844a0060054b00e0854b0046
:10060000c8bf9f00d9bf9f00eabf9f00fbbf9f00ec
:100610000898be000a90be005001be004000be0017
:100620001e28ec00e4d6220019c0b30094cf1400b9
:1006300040003a0025d622005503be004502be0008
:1006400008fa2000090020006055b80008044200a4
:1006500089844a000a054b008b854b0088bf9f00a8
:1006600099bf9f00aabf9f00bbbf9f000d0254000f
:10067000e0825c0060035d00e0835d00c4bf9f001a
:10068000d5bf9f00e6bf9f00f7bf9f0004882300ef
:10069000150020006033b800340707004fbc9700f6
:1006a000dfbc97006fbd9700ffbd970000005400ae
:1006b00081805c0002015d0083815d004240a900f1
:1006c00005003c0000d722001008e800e0d6220018
:1006d0000048eb0017003700f4972a00350020008f
:1006e0006033b8000400e1000588e1000690e100f5
:1006f0000798e1000f003c008a21ef004300de0074
:10070000cd0cdd000080740000004700400c880024
:1007100084c0a90094c0a80080ff2f008a01b60001
:100720000000a000500c880021c0b300e0d62200d9
:10073000014878002248e2000c003200f1408000bd
:100740000041800000805000080033003008800025
:1007500068004000400c880080ff2f008a01b6002e
:100760000010a000500c88002268ef002648e2002c
:1007700006003200f14080002041800000805000df
:1007800002003300cd62a9002668ef008c007800db
:1007900040d52100eb490700e05922001080fb0002
:1007a0000000ea004f00de004a00dd002116800054
:1007b00001a0a10081007000211688002f01b10066
:1007c0003400f9004f0778004f06be004f05be0009
:1007d0004f04be004f03be004f02be004f01be00db
:1007e0004f00be003600f900004006003600f80059
:1007f000809fbe00829fbe00849fbe00869fbe0079
:1008000084c0a90094c0a9001808e20004003200c6
:10081000c140800020d72200454e07001828ef0075
:10082000f0408000e0408800f04080002003b000ed
:100830000041880010c0b30022e8b7001a48e20067
:1008400007003200cd62a800f0408000a00fb00089
:100850002041880010c0b30026e8b7001a68ef00f6
:1008600031c0b300e0d62200014878004f03be003b
:100870004f02be004f01be004f00be003600f9001f
:1008800000400600809fbe00829fbe00841f78004b
:100890008580a9002322ab0013003a00c0418000ec
:1008a0003608e3001000320023272300f23f200027
:1008b00001202000c0418000634078000000fb0060
:1008c000201188003808ec0002026000c441880052
:1008d000141180000480600003003a00c0418000d1
:1008e0003608e300f3ff3a004f0278004f01be00e4
:1008f0004f00be0000400600809fbe00829fbe00e9
:10090000841f780087e0a9003322ab0013003a006f
:10091000904180003008e3001000320023e72200fd
:10092000f23f2000012020009041800063407800c9
:100930000000fb00a01188003208ec0002026000f9
:1009400094418800941180000480600003003a0004
:10095000904180003008e300f3ff3a004f02780036
:100960004f01be004f00be00004006000040da000c
:100970000000fe00f6874700889fbe008a9fbe00e9
:100980008c9fbe008e1f78000001be000600200074
:1009900007f82f000003430081834b00f4ff2f0072
:1009a000f5f72700840f5300858f5b001b0036008e
:1009b0000002400081824800e00f5200e08f5a00a0
:1009c00006003a000001be00de0307000001be0081
:1009d0000000200001f82b0008003700e00f500055
:1009e000e08f580007003d001202200002cf89006e
:1009f0000001be00060207006011b800f202070005
:100a0000a10037000200200003c02400cd0307002e
:100a10000001be007efe2f000a003700840f500048
:100a2000858f580098003e006000b8000400200048
:100a300005f82300840f5100858f59009200320081
:100a40000007eb00d0b02f00a104200002024000fc
:100a50008382480094b79f00a5b79f00fe07b100ae
:100a6000afb09700f107b20004007800324f2000c9
:100a700053f3230000004100818049000200200060
:100a800003f82300e20107000004be00020020007a
:100a900003002400e70107000001be000800be00bb
:100aa000c90207000002be000001be00f4b79f00ab
:100ab00085bf9f00a30307000006be000001be0023
:100ac000a00307000005be000200200003f0230081
:100ad0000800be009b0307000801be009903070041
:100ae0000001be00f0af9f0081b79f000800be006c
:100af000c701070081017800c3b79f0002002f00e3
:100b000000016100b2b79f003fb19700cfb19700dd
:100b10000800be00be0107007fa997008fb19700b3
:100b2000bb0107000003be00e29e2e0013e9230074
:100b30000a00be00d6b79f00e7b79f0081030700f9
:100b4000a2aa2a00a3f22300ba0107000001be00f6
:100b50000c00be007b0307000004be0062e2290017
:100b600083e723000a00be007603070032e12c0071
:100b7000c3ec2300af0107000001be000a00be0065
:100b8000700307000001be000800be00a9010700b5
:100b90000001be007fa897008fb09700a501070055
:100ba0000001be007fb297008fba97000400be001c
:100bb000640307000001be005fb39700efb3970026
:100bc0000600be009b0107000005be001fb2970093
:100bd000afb297004728de00010020000000470068
:100be000cf80de00fb0007000004be00b27d2200c3
:100bf00043552300530307000006be003fb1970092
:100c0000cfb197000a00be008a01070092ad2e0006
:100c100043802b004b0307000001be000c00be0008
:100c2000840107000006be0002002600e3ed230059
:100c30000a00be00430307000001be000c00be0016
:100c40007c0107000005be0002002600e3ed230042
:100c50003fb09700cfb097003a0307000001be00f5
:100c60000a00be00730107000005be000208220052
:100c7000a3e923000800be00320307000001be0004
:100c80000a00be006b0107004f0778004f06be0048
:100c90004f05be004f04be006f01b100000006000a
:100ca000889fbe008a9fbe008c9fbe000004be00cd
:100cb0000400200005f82700858360000403780005
:100cc000840f5300858f5b0007003a000801be00c7
:100cd0000800be001b0307000001be000800be00a4
:100ce0005401070010003700e00f5000e08f58005b
:100cf0000f003c008101780003f0a10000017800a2
:100d0000e00f5100e08f59006a003200100220000d
:100d100000cf89000801be000800be003c010700aa
:100d20000001be00280207000004be006100370079
:100d3000478cde00cf8cde00e00f5400e08f5c00bb
:100d40000f003a006044b800040037000000400083
:100d50008180480061044400e0844c0004002000cd
:100d6000050820008181620004017800e00f510035
:100d7000e08f5900f5ff320061041400e0841c008c
:100d8000f807b1000980b10081017800f307b200d3
:100d9000000178000200be000170a0000808a30056
:100da0000200320000004000818048008984d100a8
:100db0000884d30000004000818048009401200096
:100dc00002002000031020006055b8006066b800e3
:100dd0000c0341008d834900800f5300818f5b001d
:100de00006003c00060641008786490006005000c8
:100df000878058000a0541008b85490000004000ab
:100e0000818048008301d1000281d3000402e900ff
:100e1000efff3a00e00f5000e08f58001b00320057
:100e20000226240023da20000000200001f823001d
:100e3000f70007000200200003f82300320007003b
:100e40000000e000110035000226240023da200013
:100e50000000200001f82300f60007000200200037
:100e600003f82300280007000000e000030034001e
:100e700062054500e0854d00040037006000b800c1
:100e8000610065000005450081854d00c744dd0017
:100e9000080020000000200001f0230008044000aa
:100ea000898448008b85d1000a85d3000804450059
:100eb00089844d000800be004f06be004f05be00ed
:100ec0004f04be000000060000000500839f68007c
:100ed0000100e00002003d0060001000e08018000a
:100ee0000300e00002003d0060011100e0811900f4
:100ef000b40007004f00e00002003b00600010005b
:100f0000e080180000000600f4ff2f0040053700c5
:100f10000001be00870007000470a70003f0a100d5
:100f20006509b100160032000d0035006828e100a7
:100f300006003500f0ff2f00f1ff27000300e0005e
:100f400013003b00010028000000050000004000e5
:100f5000818048008502e900fcff3a000800370064
:100f6000f88f420002003c008000eb00000005000a
:100f70008100d1000080d3008502e800fcff3a0028
:100f80000300e00002003b0060001000e080180059
:100f900000000600881f7800030478000300e000ca
:100fa00007003d0060001000e0801800600119009b
:100fb000e081190002003b0001f02d000300370022
:100fc0000700070008f0a70001f0a0004f04780018
:100fd000000006004f89de0082017800edff370037
:100fe000889fbe008a9fbe000082700004027100cc
:100ff00004827100260032000004be000200be0020
:101000006011b8006b092000950220000182cf001a
:101010000a0039000541b1000082cf000700390005
:101020000541b1000982cf00040039000541b1003b
:101030000882cf00010039000541b100054252008d
:10104000120032000a003b008281710061016400dd
:101050008100d1000080d3008984d3000884d300ac
:101060008b05e8000442e800f7ff3a00070037006c
:101070000804440089844c00000048008180480036
:101080008b05e9000442e900f9ff3a00030007007c
:101090004f05be004f04be00000006008100200086
:1010a000618055000b003d000b00200061fe2f0009
:1010b0000100e1001d0034008281710061016400c3
:1010c0008904d1000884d3000000e800faff3a0048
:1010d00071002000610064000300700002006000e5
:1010e0000900320061044400e0844c000988a50036
:1010f000050032008b05e8006808e10002003a00b4
:101100008904d1000884d300f20f20000258e100c6
:1011100005003d00c75ddd00f907b200898075005c
:1011200008007800000006000bf827008b0078000c
:1011300000000500c70ade00f107b200f50fb2009b
:1011400008003200e1cf4200020032000170a0002e
:1011500024000500810f7000010032000408050022
:1011600044000500810f700002003a0014000500e1
:101170008502e9000000400081c04800fcff3b0000
:101180000170a00024000500811f78000100e0002c
:1011900002003d0060001000e08018000300e00045
:1011a00002003d0060011100e081190015000700f8
:1011b0004f00e00002003b0060001000e0801800db
:1011c000000006006022b800060220000000d000e7
:1011d0008180d2000482d2008582d2000000a0006b
:1011e0000202520083825a000300310002024200d0
:1011f00083824a000000a1000603e900f3ff3a00e1
:1012000000000600efff07000400be00000006001b
:1012100007f82700078361000638e10004003a0060
:10122000f7072000878361008703710001003a00ff
:1012300003f0a200889fbe008a9fbe008c9fbe0064
:10124000470ade000480a100c71ade000580a10065
:10125000070028000785600087856100f70f2000e0
:101260000720e1009e0032000728e1009c003200c8
:10127000010678000400e000b4003200f707200007
:10128000878060000170a0000500e000c00032000f
:10129000f7072000878161000370a0000506520057
:1012a0000f003a000b50e1000b0032000308e10090
:1012b00002003a000200e1007e0032000204500009
:1012c00083845800040031000001fd008101fd000d
:1012d0008402fd008a05fd006044b800210037004b
:1012e0000520e10005003d000001fd008101fd0039
:1012f0008402fd008a05fd00050652007a60e100c7
:10130000050035000170a1004722dd0084807000d7
:101310008a807000630037006044b800ef02660006
:1013200007ff2f00070666000500e00006003400f6
:10133000f08312008714dd000511de00071bdd00bd
:10134000060171008519de007060e10005003500be
:101350000904780082047800030178008001eb0022
:10136000700656000b50e10003003a0002004000f6
:10137000838048000400370060041400e0841c00ef
:1013800002005800838058000188a3000600320044
:101390008100d1000080d3008984d3000884d30069
:1013a0000402e800270037000178a30025003a0076
:1013b0000100e000030032008186cf0069865600fc
:1013c0000a0037008c0020000000e00004003a0012
:1013d00009007800880478000004eb0070025200d5
:1013e0008086cf000d0646000c06e9007060e10023
:1013f0000600350080007800090078008804780035
:101400000004eb0070065600700252000c00e00071
:101410000c0034008c08dd00f00316000703de002a
:10142000868070000c00dd00074bde0006007000b7
:101430008c4cdd000743de00868474000c44dd0024
:101440000c0252006120e1002000350061016000c3
:101450000700280087816400f7ff27008783640066
:10146000070374000300e0000600320082037300eb
:10147000040032000000e800e08048000188a3007a
:101480000e003a00f70f20000720e1004a003d005f
:101490000170a1004722dd00810072008a80700087
:1014a0000000be004f06be004f05be004f04be0048
:1014b000000006006000b800faff37008100d1008c
:1014c0000080d3000402e800eeff3700040178003a
:1014d00089017400a10107008a807000f1ff3700c4
:1014e000f7010700070278000001fd008101fd00ff
:1014f000f301070087027800850372000778a300d4
:10150000040032000001fd008101fd000602070019
:10151000e4ff3700850362000768a300080032007b
:101520000b50e10003003200f0ff2f00f1ff270015
:10153000dcff37000001fd008101fd00d9ff37000d
:101540000468a300d7ff3200faff3700f8ff270036
:10155000888360000b003a000000e00009003a00b8
:101560008303640082837300020032000200be0025
:10157000ccff37000b50e100ceff3a000200be0066
:10158000c8ff370014002000810064003eff3700d0
:10159000f8ff27008883610004003a000200e000a1
:1015a00002003a008c007800beff370015002000d2
:1015b0008301640039ff370001f827000000200094
:1015c00081007500b7ff3700889fbe008a9fbe006c
:1015d0008c9fbe001b0020000202be000586680032
:1015e00006002800060666004709de00f20fb2007a
:1015f000820032000243e80080003200c729de008a
:10160000f30fb2007d0032000343e8007b0032009c
:10161000f107b2000170a000f507b2000570a0004c
:10162000c708dd004903de00868070004700dd004a
:10163000c72add004923de00868272004722dd00d2
:101640000305510004035000858358000300310056
:1016500000004000818048000a05e9008c1f7800e6
:101660008a9fbe000400500085805800040242009a
:1016700085824a0000004000818048000005eb00a0
:101680000004be006033b8000406be000d48e1004f
:1016900056003100110009004dccd8000c01b800f3
:1016a0000d02b8008481410060824a0082835300a9
:1016b00003045c0084845c0060055d000a00e000b7
:1016c00025003a00800578000d40e1004900310016
:1016d0008800780007007800110009004d88d800c4
:1016e0000c01b8000d02b8008481410060824a00fc
:1016f0006003110083835b0004045c00e0845c00f1
:101700000900e00021003a004f01be000300e000a4
:101710002b003200e3016000070673008c8171002a
:1017200001003200640070004200de004e5edd0009
:101730000c007000c258de0001e0a0008301070029
:10174000cf017800818071004f06be004f05be00ba
:101750004f04be00000006008c8343000d044c00c3
:10176000e0844c0060054d000000e9000a00e00044
:10177000d4ff32008c8343000d044c00e0844c0005
:1017800060054d000000e900ceff37000c03430068
:101790008d834b0060044c00e0844c000000e900a5
:1017a0000900e000d8ff32000c0343008d834b009a
:1017b00060044c00e0844c000000e900d2ff3700d8
:1017c0004200de004e5edd000c007000c258de00fc
:1017d00001e0a000cf0178000300e000daff320052
:1017e00060001000e0801800d7ff3700f0ff2f00e6
:1017f000aaff3700f0ff2f00b9ff37000404be0036
:101800002f010700870678000004fd008104fd0019
:101810002b010700078366000678a300030032004f
:101820000960a7000800be002c0037000d78a30057
:10183000020032000800be00280037000778a3002d
:1018400026003a0001f0a10009f0a1000668a300fb
:1018500003003200f1ff2700f0ff2f00baff37002e
:101860000d68a300030032000800be008c807000e9
:10187000b5ff37000768a30007003a000648a30039
:1018800003003200f1ff2700f0ff2f00aeff37000a
:101890000d48a300030032006000b8008c80700087
:1018a000a9ff37000748a3000400320001f8270011
:1018b000000020008c807000a3ff37007601070035
:1018c0000004fd008104fd0002057800720107009c
:1018d0000802be008a01780059ff37000160a000ad
:1018e000120220001242880097ff37000100e0003a
:1018f000120032000500e00010003200889fbe0098
:101900008a9fbe008c9fbe000006eb0001f8a3007a
:101910000300320060001000e08018000cf0a0000e
:1019200005f8a3000300320060021200e0821a00f2
:101930000cf0a2008005eb0041ff37006000b8000a
:101940000200050003836800070028000703630006
:10195000470ade000480a100c71ade000580a1004e
:10196000f70f20000720e100420032000728e100c5
:1019700040003200889fbe008a9fbe008c1f780006
:10198000f107b200f307b2000400e0006400320087
:101990000170a0000500e000680032000370a000a4
:1019a00085054200eb07b1000204b8000302b8004d
:1019b0008484440060854a00020ab800848444009c
:1019c0000a854a00030ab8000405450004003300f4
:1019d0000804d0008984d2000a85d2008b05e90072
:1019e0006158e1003d00350002102000090161004e
:1019f0000308200089816100f707200087836400c5
:101a000008867300c84cde00c853dd00878474006c
:101a10004855de000300e000060032008203760035
:101a2000040032008904e80060054d000a88a30024
:101a30000c003a00f70f20000758e10044003d0079
:101a40000a70a100c75ddd000a8575008a00730079
:101a5000090078004f0678004f05be004f04be0015
:101a6000000006000a05d1008984d3008b05e80038
:101a7000f0ff3700881f7800060478009000070008
:101a8000070278000001fd008101fd008c000700c5
:101a900087027800850372000778a30005003200f2
:101aa0000001fd008101fd009f0007004f04780048
:101ab00000000600850372000748a30003003200ff
:101ac000f0ff2f00f1ff2700f8ff37000000200093
:101ad00001f8270088807000f4ff37008801780043
:101ae0004848dd00808171004848de00c850dd00b4
:101af00001007000c850de00060478000b01780079
:101b00001600070088807000d2ff37000500e00053
:101b100005003200170020003a0007009dff370043
:101b200081037000f9ff3a00860078004f067800c4
:101b30004f05be004f04be00000005008303710086
:101b4000f9ff3200270020002e00070094ff370025
:101b500001f8270086807000f4ff37000100e000e4
:101b600026003200610111007810e10023003c00e2
:101b70006022b8007010e100040035008002780097
:101b8000010078008000eb00700151000200e000cd
:101b90000900340070031100062add00822ade00ed
:101ba0008603dd00878272000200de00860bdd0006
:101bb000070070008208de0084817100f4ff2700b6
:101bc0000482620084817100040028008482620023
:101bd0006102600005f0a6000000060004827100aa
:101be000070032000000e800e08048000000060026
:101bf0000002be006000b800efff37006000b800d0
:101c000000000600889fbe000004eb006138e10080
:101c100016003a000100e00008003a00c800de00ab
:101c20004800dd00880020000100e00003003a00c9
:101c3000c800de004800dd00680444008184cf0055
:101c4000e9845400060034008908dd00f0831400a4
:101c50008703de00878070000900dd00090444006e
:101c6000610214004f04be00000006000300e00003
:101c700008003a00c811de004811dd00880020008d
:101c80000300e00003003a00c811de004811dd0047
:101c9000680444008384cf00e984540006003400c3
:101ca0008919dd00f08314008713de00878171003d
:101cb0000911dd0009044400e1021400e9ff3700c6
:101cc0002700200001f0a70017002000470bde00ce
:101cd000f60fb200040032000643e8000a003200aa
:101ce0004702b3000000060001037800f607b200c7
:101cf0000603700002003a000703b300000006006c
:101d00008702b3000000060001037800f607b20066
:101d100006037000020032000770a00000000600f9
:101d20000760a000000006000478a3000400320051
:101d30000578a300030032000168a30001003a0007
:101d40000200be000160a0000000060081017000da
:101d5000270032008002eb0001f8a30003003200ec
:101d600060001000e080180015002000f40720003b
:101d70000202420020003400f703200087036000c5
:101d80000604200000036300020820000001610037
:101d90004700de00c909dd0000807100c708de00d1
:101da0000600e000080032008703710006003200e0
:101db0001000b0000180b0000188a30002003200d2
:101dc000c108de000402e800f107b200f30f2000b2
:101dd0000320e10003003d004722dd008100720086
:101de0002900370001f827000000eb00260037002b
:101df0006000b80000000600680212007f20e100c9
:101e0000020034006000b8001f0037006011b80005
:101e10007020e100040035008001780001007800a6
:101e20008000eb00700252000400e0000900340062
:101e3000f00312000719dd008419de000703dd003e
:101e4000868171000400de00070bdd0006007000d3
:101e50008408de00f7ff2700838363008703710097
:101e60000600280003036300070032000700e000bb
:101e700003003a0061016000028173000200320039
:101e80001000b0000180b0000500a60000000600b0
:101e900001f0a000000006004f0ade004709de0046
:101ea000f107b200f20fb2000b003200f207b100ee
:101eb0000170a000c708dd00c901de00838070004a
:101ec0004700dd000400a6000000060060001000ce
:101ed000e080180000000600810f700001003a0049
:101ee000000006008182cf000500e00010003e00e7
:101ef0008082cf00ee8242007028e10004003900a9
:101f000007003e00800078000000eb000e00370064
:101f1000708312008600de000500dd000a00370035
:101f2000708352008600dd000000eb0006003700e1
:101f3000e28252008508dd00708312000603de0095
:101f4000868070000500dd007507b0000501ea001d
:101f50000400a6000000060060001000e0801800e9
:101f600000000600889fbe008a9fbe003004420029
:101f7000b0844a0030054b0090854b006000b100f2
:101f80000898be000a90be000440e10005c8e100c8
:101f900006d0e10007d8e1000200310068004000ef
:101fa0001008e8004f05be004f04be000000060008
:101fb000889fbe008a9fbe003004be002005be0080
:101fc0000418540005985c0006185d0007985d0031
:101fd000110020000440e10005c8e10006d0e10046
:101fe00007d8e100010039008000eb0010881000e4
:101ff0004f05be004f04be00000006001200fa00ac
:10200000889fbe008a9fbe008c9fbe00e0b79f00e5
:10201000f1b79f0082bf9f0093bf9f000605be00df
:102020000404be000000eb00d0b79f00c0b79f00c3
:10203000b0b79f00a0b79f0090b79f000006780040
:102040005fb19700cfb09700820141003fb0970089
:102050000200e00004003d00370007007e805700ca
:10206000c0ff070003003700330007007e805700e1
:10207000cfff0700dfb697000d00e0000c00350031
:102080006fb29700ffb297000fbb97009fbb9700fe
:1020900010002000010020006011b8000002720052
:1020a0008182720002037300838373001b000700a8
:1020b0000c06e80001042000810f5600e0ff3a0002
:1020c0000d00e00004003d000802be000a03be004f
:1020d0007e805700a3ff07005fa897000000e00084
:1020e00005003a001fb29700afb297003fb39700c8
:1020f000cfb39700090007006fb09700ffb09700bb
:102100000fb997009fb997004f06be004f05be005c
:102110004f04be000080fa00000006000100070026
:1021200000000600a4b79f00b5b79f00c6b79f0088
:10213000d7b79f00000006004f09de0082817100c2
:10214000b3b79f004f01de008180400082807000a5
:10215000a1b79f008fb097004f09de00000040003c
:102160000200700090b79f007fa897004f01de002b
:10217000818040008280700081b79f000d000700c1
:102180004f3ade000000400004007000f0af9f00f6
:10219000080007000402420085824a0006034b0043
:1021a00087834b00dfff07000802be000a03be0062
:1021b000000006002fb29700bfb297004fb3970000
:1021c000dfb3970000000600881f78001800200089
:1021d000881f780089ff07008f87e9004f04780087
:1021e00000000600801feb0084ff07008f87e900d6
:1021f00000000600889fbe008a9fbe00e00f5000ce
:10220000e08f5800e00f5900e08f59000c003d00ae
:102210006044b8006055b8000000540081805c0044
:1022200002015d0083815d00180020001500070099
:1022300008003d00180007000004eb00050037000f
:102240000004eb000f00070002003d001200070031
:1022500018002000dcff07000800e0000600320044
:102260006022b8006033b8000000520081805a003c
:1022700002015b0083815b004f05be004f04be007e
:1022800000000600e00f5200e08f5a00e00f5b00f4
:10229000e08f5b00000006006044b8006055b800a5
:1022a0000402540085825c0006035d0087835d00a4
:1022b00000000600889fbe008a9fbe008c1f780029
:1022c000e00f5000e08f5800e00f5900e08f5900f8
:1022d0000d003d006044b8006055b8000000540097
:1022e00081805c0002015d0083815d001c00200094
:1022f0000820e10009a8e1000ab0e1000bb8e10004
:102300000d003d00080037000006eb00e00f520012
:10231000e08f5a00e00f5b00e08f5b0006003d009d
:102320006044b8006055b8000402540085825c0027
:1023300006035d0087835d00aaff07000c00e00034
:10234000060032006022b8006033b800000052007e
:1023500081805a0002015b0083815b004f06780098
:102360004f05be004f04be0000000600889fbe005f
:102370008a9fbe008c1f78000006eb00e00f500023
:10238000e08f5800e00f5900e08f590007003d0032
:102390006044b8006055b8000000540081805c00c3
:1023a00002015d0083815d001c002000e00f5200ef
:1023b000e08f5a00e00f5b00e08f5b0007003d00fc
:1023c0006044b8006055b8000402540085825c0087
:1023d00006035d0087835d000c00a2002f0007004c
:1023e0000c00e000060032006022b8006033b80044
:1023f0000000520081805a0002015b0083815b0073
:102400004f0678004f05be004f04be0000000600d6
:10241000889fbe008a9fbe00841f780017000700b7
:102420004f00780011003300f0ff2f00838f6c0005
:1024300006003b00040565000a00a70008003700fd
:1024400009f0a6001000200008003700820f540099
:10245000838f5c00030039001000200001003e0063
:102460000000200009f0a7000000ea004f05be00b0
:102470004f04be000000e000000006000004be00a3
:102480002cfb07000003be000405be000200be00d6
:1024900028fb0700844f750000000600889fbe00df
:1024a0008a9fbe008c9fbe000404b8000506b800d9
:1024b0008904460060854e000606b8000a054600fd
:1024c000e0854e000706b8008b054600040eb800f4
:1024d000890446000a854e00e0854d00050eb800cf
:1024e0000a0546008b854e00060eb8008b05460097
:1024f0000416b8000a0546008b854e000516b80084
:102500008b054600041eb8008b0546000800be007f
:102510000a01be004f06be004f05be004f04be00bc
:10252000000006000000fa0068815700cfb897004d
:10253000690207000080fa00000006008d00070015
:10254000e500070096010700be010700170107001c
:10255000b9020700640237008001780002003700ea
:10256000b15978000201e9000200e000fcff3a00e6
:10257000000006008001780081027800810f500081
:102580003b00320002824000840f50000300310003
:1025900002024000848f500001003900eeff370036
:1025a00000826800810f50001b0031000408a30066
:1025b00005003200150037000200e0002c00320058
:1025c0000201e900b15978000308a300faff3a00bc
:1025d00003037800820278000102780002003700cd
:1025e000b41978000281e900e10f5100fcff3e00c0
:1025f000618162000500a1008501430085824000e1
:1026000002003700b55978000201e9000200e0003d
:10261000fcff3a00000006000408a30012003a0084
:10262000040037000200e000110032000201e9005e
:1026300061707900820140000308a300f9ff3a00ad
:1026400082017800020037000281e90061307900e0
:10265000e10f5100fcff3e00618161000200370084
:102660000201e900617079000200e000fcff3a001d
:102670000000060080007800040037003104e0000c
:1026800002003a000000510000000600010178003d
:102690000108a300f9ff3a008101780031017800b8
:1026a000f4ef2f00020242000281ea000201620000
:1026b0000408280004016100f7ff3200830078005d
:1026c000010178003104e000fdff3a0000005100f4
:1026d000000006000f04b0008e1f78000202780090
:1026e000030178000000e0000200320000077800db
:1026f000020037000efc2f000f0747008002eb009e
:102700000100e000010032008102e9000f007800c2
:10271000e003b1001d0009000018eb000080eb0091
:1027200090a79f0023102000a3a79f00bea79f0093
:10273000c1a79f00d5a79f000100e00003003d0056
:10274000b104200001cf890007003700004feb00e3
:10275000fea79f00eea79f008400780020fc2f00ba
:102760000f004000000507004f0778000f04b1007c
:1027700000000600ec874700889fbe008a9fbe00cd
:102780008c9fbe008e1f7800000678000104780040
:10279000180790002805900098067800cdb79f0094
:1027a000b80590003202be002203be000400be0045
:1027b0000601be004f18de006011b8008000eb007b
:1027c000d0b79f00e1b79f00f2b79f0083bf9f0083
:1027d000800478000900e000060032006000b800c4
:1027e0006011b800040250008582580006035900a9
:1027f000878359000e00e000020035000d10a10093
:10280000cdb79f000900e00005003a004fb09700e7
:102810000028a30002003a000038a30002003200a2
:102820008a00e900010037008a007800f88157002b
:10283000a200200008007800860007000900e000e0
:1028400003003a00cfb097000128a300080032002f
:102850000000e90000814500b1c2b3000900e000ba
:1028600001003200d1c2b3000149780005003700f1
:102870000138a300030032000000e90001c2b300e8
:1028800081757800480190000201e90000015100c3
:10289000808045004fb297008a0178000c007800d4
:1028a000300207009c0090000188a3000400320061
:1028b00098009000810f500001003d000100780059
:1028c0004f0778004f06be004f05be004f04be0004
:1028d000cf00b100000006000200fa00889fbe0091
:1028e0008a9fbe008005780001047800020078000d
:1028f000180190002805900098007800b1bf9f0053
:10290000b80490000200e000020035000110a100b0
:10291000b1bf9f00ea815700820020008a00780042
:102920003002be002003be00080078004900070006
:102930003fb99700f0006100030032000000e90099
:1029400001c3b300817478003fb99700e8006100cb
:10295000030032000000e90001c2b3008174780076
:10296000480190000201e90000015100808044000c
:102970003fba97008a0178000b007800f901070040
:102980009b0090000188a300040032009800900092
:10299000810f500001003d00010078004f05be008e
:1029a0004f04be000080fa0000000600ea874700de
:1029b000889fbe008a9fbe008e1f780000047800aa
:1029c000030078007287570084e2260055c726006e
:1029d000049fbe00c3962200030f78006c87570047
:1029e000004feb0011059000a104900091057800c4
:1029f0000200e00002003200020778000100370008
:102a0000728757000000e00002003a000e007800d4
:102a100018ff07000a00e000030035008a0f50008d
:102a2000010036000a0078000b0278008901780066
:102a3000000178008e00780008007800c9010700c6
:102a40004f0778004f05be004f04be00af00b10035
:102a500000000600f4874700889fbe008a9fbe00e2
:102a60008c9fbe008e1f78000605be000404be00c9
:102a700081bf9f0082b79f00f3b79f00b000900016
:102a8000e1b79f001301780092b79f009006900075
:102a9000400090000000e900000678000d00e00012
:102aa00001003d001d0020008040eb00efb19700c9
:102ab000817178001e0020001f0037000c06e9001d
:102ac0000fb09700cf80de006109b900a0b79f006a
:102ad000b1b79f00c2b79f00d3b79f000203be00eb
:102ae0000002be000800be000a01be00bdfd0700d6
:102af000000778000e4078000043b000efb0970068
:102b000080707e008d06e9000fb997000201e90090
:102b100082bf9f002fb29700bfb297004fb39700bc
:102b2000dfb397000800be000a01be00a6fd070043
:102b30000205be000004be000c00e0000d003400e1
:102b4000e00f5400e08f5c00e00f5d00e08f5d005f
:102b5000daff3a000d00e000d8ff3c008fb9970083
:102b60000300e000030034001fb097000018a3002a
:102b7000d2ff3a000e00e00002003a00ffb09700da
:102b80001140a1000c0078004f0778004f06be00ee
:102b90004f05be004f04be004f01b100000006000b
:102ba0000200fa00889fbe008a9fbe0000057800e0
:102bb000010478000200780018019000a804900039
:102bc00098007800b1bf9f00b80590000200e000b7
:102bd000020035000110a100b1bf9f00ea8157003b
:102be000a2002000890078003002be002003be0051
:102bf0000800780097ff0700480190000201e900f3
:102c000000015100808045003fba9700890178009b
:102c10000a007800530107009a0090000188a30081
:102c20000400320098009000810f500001003d0028
:102c3000010078004f05be004f04be000080fa007e
:102c400000000600fa874700889fbe008a9fbe00ea
:102c50008c9fbe008e1f78008004780001047800ed
:102c60008205780018019000280590001807780068
:102c7000b80090000200e000020035000e10a10034
:102c8000010037001200200070006700e0b79f00cd
:102c9000090032003b02be002b03be00e00f5200d1
:102ca000e08f5a00e00f5b00e08f5b000200320013
:102cb0008a86e900010037008a067800e80267008a
:102cc000f5b79f00010032008d06e9003b02be000f
:102cd0002b03be00e4af9f00f5af9f0086b79f00b7
:102ce00097b79f00480690000c06e9000040eb00f3
:102cf00080707e00efb297007fb297008903780062
:102d000081047800d8af9f00020478008bbf9f0039
:102d10008a057800034578002a0037000c06e90090
:102d20006fab97006f006300e90f500002003c009a
:102d30000003b000010037007005b0000a03fb007b
:102d40001604b100f90f53000c003e000003780098
:102d50000650a0001606b100f90f530007003e0010
:102d6000b4b79f00a5b79f00c7b79f0077030700c0
:102d7000cfb39700afb297003fb2970080747e0048
:102d80000804e9008d06e9006fa89700ffa89700e6
:102d90000fb197009fb19700460020008301d1003a
:102da0000281d3008180d3000080d3000603e900b4
:102db000faff3a00e0af9f00f1af9f0082b79f009b
:102dc00093b79f00e10f56000f0034006fa89700e3
:102dd000ffa897000fb197009fb19700e00f500038
:102de000e08f5800e00f5900e08f5900cbff3a0008
:102df0000800e000c9ff3c000d00e00002003400c4
:102e00000e18a300c5ff3a0089007800f4b79f00b0
:102e1000870478005fac97008a4178000b05780042
:102e20008fbd97000500e000100032003b02be009d
:102e30002b03be00e4af9f00f5af9f0086b79f0055
:102e400097b79f00e00f5200e08f5a00e00f5b0041
:102e5000e08f5b00050032000c06e90083707e0005
:102e60000c06e90000c3b30080707e00ffb297003b
:102e70000500e000030032000c06e90000c2b300c8
:102e800080707e00480190000201e9000c015100b1
:102e90008c8040000e0278008a01780009007800da
:102ea000b0000700990090000188a30004003200e0
:102eb00098009000810f500001003d000100780053
:102ec0004f0778004f06be004f05be004f04be00fe
:102ed000af01b10000000600820178000101780016
:102ee000f1ff27002e03370084082000848f500054
:102ef0001d0032000d003c0014082000848f50009b
:102f00002700320002003c000408200004003700c3
:102f100024082000848f5000340032004408200030
:102f2000848f500043003a0036003700040a200026
:102f3000848f50002700320004003c000409200068
:102f4000848f50003b003a0028003700020c20001c
:102f5000828f50002f003200020f2000828f50001d
:102f600034003a002b0037009380e9000200e000b3
:102f700005003200810978001102fb00cfa2de00bb
:102f8000612bb900280037008109780011427800d0
:102f90000482fb008002eb006033b800220037009f
:102fa00013027800e40052000200e0000500320045
:102fb000810978001102be004fabde008603780065
:102fc00019003700810978001102be006033b80093
:102fd000150037009380e90081097800110278001c
:102fe000cfa2de00612bb9000f00370093027800fa
:102ff000e8805200810978003102be002103be0042
:10300000090037009380e9000200e000020032006e
:10301000f1ff37009380e900810978001102780000
:103020008002eb006033b8000498be000690be003a
:10303000100005000000050044082000848f5000a7
:103040002500320008003c0014082000848f500046
:103050001400320024082000848f50002400320025
:10306000040820000c00370004092000848f500061
:103070001f00320004003c0084082000848f5000b0
:1030800024003a000e003700040a2000848f50000c
:1030900011003200040c2000848f50001d003a0003
:1030a0000d0037009380e9008109780091007800d5
:1030b00001087800cf91de008288be00140037003e
:1030c0009380e90081097800910078000108780078
:1030d000824878000e0037009380e900810978006b
:1030e0009100780001087800820878000800370015
:1030f0009380e90081097800910078000108780048
:103100006112b900612bb9008498be008690be00a0
:103110001000050000000500889fbe000004780034
:103120004800900082047800808f5400010036002f
:1031300080047800090178005800900006fd07001f
:10314000580090000900400050049800c80090000a
:1031500089845000490498000048eb004f04be00e9
:1031600000000600f2874700889fbe008a9fbe00cd
:103170008c9fbe008e1f78008004780001057800c7
:1031800002047800830578006107620002003a00bb
:103190008b0f540008003900080178008a0078007d
:1031a00009007800dcff07008b0f54000200390093
:1031b000880578001e003700088655000c0178004d
:1031c000f00f56000100360002012000010220002d
:1031d0007e805700f20107008c067800050037005a
:1031e00002012000fe80570009007800caff070096
:1031f000f0865600ef8f5600f9ff3e004461de0076
:1032000000ff2f000091b90002014600fe80570028
:1032100009007800c0ff07000e00e00004003a003b
:10322000080178008a00780009007800baff0700da
:103230000b0078004f0778004f06be004f05be0018
:103240004f04be002f01b100000006000000050081
:103250000000050000000500000178000040eb00c0
:103260008080fb0081804000a39a230063c2780025
:103270000404e00003003a00b09a230060c0780024
:103280000000060092017800934f520004003a00bb
:10329000b09a230060c078000309e80001003700fd
:1032a0000040e800ea4f5000edff36000000060045
:1032b000f6874700889fbe008a9fbe008c9fbe0095
:1032c0008e1f7800000578000104780083057800df
:1032d000040678000000eb00c0b79f008080eb0080
:1032e000d1b79f00e0b79f00f2b79f000008200011
:1032f00080bf9f0098007800010078008004eb00f8
:10330000010037008904e800304178000204e00041
:103310000300320053c2b300834f5100f9ff3a005b
:103320000900e00004003200090178000a0078007a
:1033300079ff0700188c44001807780050c2b300ca
:103340009e4f10003f013a000e07e8000e0c780077
:1033500010003700cfb097000100a0000b0037002d
:10336000cfb097000110a00008003700cfb0970041
:103370000120a00005003700cfb097000130a00069
:1033800002003700cfb097000140a000c1b79f00f6
:10339000000ce8001800780090407800b2c2b3003a
:1033a00082cf5000f1ff320007003c0002c2b300a0
:1033b00082cf5000f0ff320032c2b30082cf500003
:1033c00007003a00efff3700d2c2b30082cf5000af
:1033d000e0ff320002c3b30082cf5000e0ff3200b2
:1033e000a2c2b30082cf50000d003a00000ce800ea
:1033f0001c80e900000e780010007800e0b79f0004
:103400000000e0000f003d00cfb097000100a200d7
:10341000c1b79f000000ea00e0b79f000900370035
:1034200039010700e0b79f0001003700000ce800f9
:10343000180078009000fb000103b100e98f5000f4
:10344000faff36004fb097000008a30002003200d8
:103450000010a100c0b79f0018007800e1c2b300bf
:1034600090cf100016003a008000eb00d1b79f000b
:103470000000e800000c7800a1c2b30090cf10005b
:1034800006003a00000ce8001c80e900000e7800fd
:1034900010007800d0b79f00090037001a0107001c
:1034a000d0b79f0001003700000ce800180078003a
:1034b0009000fb000103b100e98f5000faff3600d5
:1034c0000800780064ff0700804678001800780044
:1034d0001000fb009601070091062000810f5000ac
:1034e0003800320012003c0041062000810f5000dd
:1034f000340032000a003c0011062000810f500009
:103500002000320031062000810f5000a000320060
:1035100051022000810f5000bc003a00b400370077
:1035200071062000810f5000b8003c008800370071
:1035300001072000810f50005c00320007003c00b2
:10354000e1062000810f50007a003200f1062000d1
:10355000810f5000ad003a003900370051072000bc
:10356000810f50002700320081072000810f50009a
:103570004200320031072000810f5000a3003a00c2
:103580008f0037008d80fb000c01780000fe2f00bb
:103590000f004000a70107000000e000a800320073
:1035a00018007800000ce8009041780002fe2f001f
:1035b0000f014100f88057000a007800bd010700a4
:1035c0000e0037008d80fb008c0178001200200077
:1035d00000fe2f000f00400043fe07000000e00047
:1035e00097003200180ce80002fe2f000f01410086
:1035f000f88057000a0078005efc070080844400d1
:10360000900037008d80fb008c0178000001eb00fa
:1036100000fe2f000f00400033fe07000000e00016
:1036200087003200180ce80002fe2f000f01410055
:10363000f88057000a00780059fd0700efff3700b7
:103640008d80fb008c0178000001eb0000fe2f0054
:103650000f00400024fe07000000e0007800320068
:10366000180ce80002fe2f000f014100f8805700ff
:103670000a00780098fc0700e0ff37008d80fb000f
:103680008c0178000001eb0000fe2f000f004000cd
:1036900015fe07000000e000690032001800780005
:1036a000000ce800904178001c0037008c01780085
:1036b0000001eb00010f200000fe2f000f00400072
:1036c00009fe07000000e0005d003200180ce80071
:1036d0000fb097009fb097002fb19700bfb1970030
:1036e000e00f5000e08f5800e00f5900e08f5900c4
:1036f00009003a00cfb597006fb49700209a2300d5
:10370000dcfb07000b0278008801780000017800dc
:10371000219a23004700370083c7b30002fe2f0021
:103720000f014100f88057000a00780045fd0700ae
:10373000b2ff37000b8144008d80fb008c017800c4
:1037400000fe2f000f0040003bfe07003c0037004a
:103750008d80fb000c01780000fe2f000f00400060
:10376000340107000000e000350032001800780046
:10377000000ce8009041780002fe2f000f0141008c
:10378000f88057000a007800ed0307009bff370020
:1037900000c8b30080cf560029003a00180ce8009a
:1037a0001c80e900000e780010407800e0df9f00e8
:1037b00013002000e2fd2f000f0141000800370038
:1037c00000c8b30080cf56001d003a00180ce80076
:1037d0001c80e900000e78008001eb0010017800e9
:1037e000f88057000a00780070fc070083ff37005c
:1037f00000c8b30080cf560011003a00180ce80052
:103800004fb29700efb19700080037000e0c780018
:103810000000eb00c0b79f00e0b79f000080eb0006
:10382000d0b79f000002eb00840178001200200056
:10383000819a23000a0078004afe07006fff3700d4
:10384000180ce800090078004f0778004f06be000a
:103850004f05be004f04be006f01b100000006001e
:103860008200fa00889fbe008a1f78000005780059
:1038700082047800c13f9f000004eb001000370075
:103880000902780088017800a2f72f000f0141009b
:1038900081f72f008f8040000a00780084fe070027
:1038a00008004000880f500004003d00b0042000d4
:1038b00000cf89000084eb0004003700000478008a
:1038c0004f3897001004e000edff3a000800780040
:1038d0004f0578004f04be000080fa00000006008b
:1038e000800078001000200002022000828f50002b
:1038f00004003200e9805000e48f500001003600df
:103900000000eb0000000600889fbe008a1f7800c0
:10391000000578000a047800984478000805e8005b
:103920000900fb00eeff07000000e000f9ff3a008d
:10393000b0c2b30080cf540005003200d0c2b30043
:103940008000eb0080cf540005003a0002003700f1
:103950008000eb0001003700110020000804e8009f
:103960000000eb00030037006a02b90002005200b9
:103970000003b0003801fb0003fd2f0082814100ed
:10398000e98f5100f8ff36000100e00001003a0025
:103990000000ea004f0578004f04be00000006005a
:1039a000889fbe008a9fbe00800478000200e0006d
:1039b0005b00320001407800814c78008281440035
:1039c000f1f99f00e20f5100550036009144980034
:1039d000a1449800e1f99f00d1f99f00e60f510042
:1039e0004f003600b1449800c1f99f00e80f510024
:1039f0004b0036000905ea00630565000a844400af
:103a00000a055100c1ff2f00010565000080fb0081
:103a10008000eb001210200013102000ad060700fc
:103a2000008cbe000a01440060b99f0071b99f007c
:103a3000e80f55003a003600200498003104980041
:103a4000400498005104980020b99f0031b99f00ac
:103a500040b99f0051b99f00f80f55003000360063
:103a60006004980071049800000c9800110c9800f4
:103a7000200c9800310c9800400c9800510c9800d4
:103a800020b19f0031b19f0040b19f0051b19f0014
:103a900060b19f0071b19f0000b99f0011b99f00f4
:103aa00064016400780141000204440002055500ed
:103ab0006011b8000203be000002be000403be0095
:103ac0006022b80000007200818072000201730061
:103ad0008381730010003700009cbe000294be007a
:103ae0004004980051049800620498007304980000
:103af000000c9800110c9800220c9800330c9800d0
:103b0000400c9800510c9800620c9800730c9800bf
:103b10000a02b1000802b000ff0f5500eeff3e00a0
:103b2000090078004f05be004f04be0000000600eb
:103b3000f1fb2f0080804000f98f500001003e0013
:103b40000050a00000000600f9ff3700f1f92f0037
:103b500080804000f98f500001003e00f005b20067
:103b600000000600f9ff37000200fa00881f780005
:103b700000047800e2bf9f006481570008007800cd
:103b800037ff0700980090000148a30001003200b1
:103b90000080eb004f0478000080fa00000006006f
:103ba000f28747008e1f7800020278000301780038
:103bb0000000e0000200320000077800010037003a
:103bc000728757008002eb000100e0000100320024
:103bd0008102e90070805700060009000018eb0020
:103be0000080eb0080bf9f002310200093bf9f0048
:103bf000aebf9f00b1bf9f00c5bf9f000100e000a6
:103c000003003d00b104200001cf89000600370009
:103c1000004feb00eebf9f00debf9f0084007800e6
:103c200070805700a10507004f0778002f01b100f1
:103c300000000600881f78000004780000082000bb
:103c4000808f50001700350010082000808f500032
:103c50000b00340030082000808f500011003a0023
:103c60009200780068805000000978003002be00a1
:103c70002003be00049cbe000694be00070037006f
:103c80009202780064805200000978001000be00a3
:103c9000c5050700009cbe000294be001000200075
:103ca000010037000000eb004f0478000000060020
:103cb000000006003e00fa00889fbe008a9fbe00fa
:103cc0008c9fbe0010079800834678001100780092
:103cd000400f980091019000430798002102900046
:103ce000240f9800c1029000050f7800b1009000e9
:103cf000611f98003204be002205be00281f9800f4
:103d0000391f98004a1f98005b1f98006022b80076
:103d10006033b8000800be000a01be009805070025
:103d20000000e00009003d000800be000a01be00de
:103d300003f0a200201f9800311f9800421f980036
:103d4000531f9800d0c2b30004003700ce08900083
:103d50000128a30009003200b0c2b3006e19900020
:103d600000497800ae0990008301e900330f980004
:103d700014002000540f980010003700ce0a900065
:103d80000538a3000900320000c2b3006e1b90008a
:103d9000004b7800ae0b90008703e900370f9800c6
:103da00018002000580f980004003700ae0c900057
:103db000390f98000005eb005a0f98002e1890005c
:103dc000be1890004e199000de199000b8ff070051
:103dd000f4ff2f00f5ff2f00f6ff2f00f7ff27005d
:103de0000402600085826000060361008783610031
:103df0006000b8000200200003ff27000020e1005f
:103e000001a8e10002b0e10003b8e1000c003a00b3
:103e10008d06fb001d04b100ee1d9000de08900031
:103e200001804500019c2300f98f560001003600f7
:103e3000419c23002b050700409c23002f023700e4
:103e40000020e10001a8e10002b0e10003b8e100b8
:103e50000c0036008d06fb001d04b1006e199000a9
:103e6000de09900003004100819c2300f98f560079
:103e700001003600c19c23001a050700c09c2300e6
:103e80001e02370000c3b3006e1a9000de0a9000d5
:103e900000f27a000500e800000142008d00fb00fe
:103ea000f6fb2f00068340002607980081c7b30069
:103eb000f90f530001003e0081c5b30001497800ad
:103ec0000000e800500f98006022b8006033b8008e
:103ed0002e189000be1890004e199000de19900028
:103ee000270507000000e0005e0032008003eb00c1
:103ef0006044b8000a0020000bff23006807980008
:103f0000790798000a0f98001b0f980007067800a1
:103f1000050037000c06e8006e0c9000fe0c9000c7
:103f20000e1590009e1590000802be000a03be0008
:103f30000800be000a01be00720507000002be00b4
:103f40000203be00640f9800750f980006179800d2
:103f5000171798002e189000be1890004e19900068
:103f6000de199000060507000000e000e9ff3d00b3
:103f70006c0f98002a0037006022b800060020006d
:103f800007fe23000800be000a01be005706070016
:103f90006022b8006033b800f90407000000e000b8
:103fa00016003a006022b800060020000735240001
:103fb0000800be000a01be004c0607000004be0057
:103fc0000205be006022b80006002000073524006c
:103fd0002e189000be1890004e199000de19900027
:103fe000420607000002be000203be00241f980024
:103ff000351f9800461f9800571f98006022b80090
:104000000600200007fe23000800be000a01be00d3
:10401000360607000004be000205be000c06e900db
:104020000802be000a03be002e189000be189000c1
:104030004e199000de199000d10407000000e00046
:10404000cdff35000800be000a01be0060079800e1
:1040500071079800020f9800130f98006c0f9800da
:10406000090037008000eb00610f98006022b80063
:104070000600200007ff23006407980075079800da
:10408000060f9800170f9800ce02900080012000c4
:104090000500e000010035004e0090000000e8003f
:1040a000300798006e049000fe0490000e0d900002
:1040b0009e0d900068179800791798000a1f9800c5
:1040c0001b1f98002e1c9000be1c90004e1d9000df
:1040d000de1d90000006eb003a0037006e129000e3
:1040e000fe1290000e1b90009e1b90000800be0068
:1040f0000a01be004e050700a60707000002be0029
:104100000203be0024179800351798004617980040
:1041100057179800c30407008002780055079800dd
:104120006e129000fe1290000e1b90009e1b9000dd
:104130002e109000be1090004e119000de119000e5
:10414000ea0507000002be000203be000800be0030
:104150000a01be00e50407000004be000205be001f
:104160006022b8000600200007fb23006e109000bc
:10417000fe1090000e1990009e199000db050700bc
:104180000002be000203be00641798007517980075
:10419000061f9800171f98000c06e800ce0290003a
:1041a0000500e00007003d006022b8006033b80061
:1041b0000800be000a01be00710407000000e00014
:1041c000040032003e039000860f5600c3ff350006
:1041d000010037003c0798006022b800060020006c
:1041e000070224006e109000fe1090000e1990003f
:1041f0009e199000bd0507000002be000203be002c
:104200006417980075179800061f9800171f9800ec
:104210000800be000a01be00590407000000e000cb
:104220000d0035006e129000fe1290000e1b9000e3
:104230009e1b90000800be000a01be00500407004b
:104240000000e00011003a00de0290000508a30023
:10425000080032000d0037006044b8006055b80017
:1042600068179800791798000a1f98001b1f98007c
:10427000060037006000b8006011b80060179800b1
:1042800071179800021f9800131f98006e1290007b
:10429000fe1290000e1b90009e1b90002e189000a6
:1042a000be1890004e199000de199000950407008a
:1042b0000002be000203be00641798007517980044
:1042c000061f9800171f980079fe07000203be0022
:1042d0000002be00f0ff2f00f1ff2f00f2ff2f00c1
:1042e000f3ff27000004620081846200020563007e
:1042f00083856300281f9800391f98004a1f980083
:104300005b1f98006000b8000200200003ff270038
:104310000040e10001c8e10002d0e10003d8e10063
:10432000bbfe3200be0c90008984e900291f980072
:104330005e0e90008006eb005d0798002d17980038
:104340006f0037006e029000fe0290000e0b90008e
:104350009e0b90006e109000fe1090000e199000c1
:104360009e199000b20407000a0707000004be006f
:104370000205be002b040700800078000100e00069
:1043800006003a002e1090000000e000030032000a
:104390008d06e8003d0f9800330037005e01900065
:1043a0000200e0000c003a00ae1190000300e000b3
:1043b00009003200e0c2b3006e1a900000727e0065
:1043c0000c06e800ae1a90008502e900251f98004f
:1043d0001600200056079800ee1b90000c81430049
:1043e0000d007800070278000300370003c3b30014
:1043f000035978000000e9000000e000fbff3a00ec
:10440000300f9800641f98000d064600e98f500099
:1044100003003c00000320000100400002003700c0
:104420007005200001004000ae009000f98f5000a0
:1044300006003e00800078000150a0001106b10087
:10444000f98f500001003e00c0fd07006e1990007a
:1044500000717e000c06e8008d86ea00ae1990001f
:104460008d814100231f98006e029000fe02900093
:104470000e0b90009e0b90000800be000a01be00cb
:104480001a0507000002be000203be006e10900075
:10449000fe1090000e1990009e1990001304070062
:1044a0000002be000203be00641798007517980052
:1044b000061f9800171f98006022b8000600200011
:1044c00007fb23006e009000fe0090000e09900094
:1044d0009e099000050507000004be000205be000d
:1044e00068079800790798000a0f98001b0f98003a
:1044f000ae1490008904e90029179800be0e9000c0
:104500002e1590000a00ea00be0590008b0f5000a7
:1045100004003d009e00780065805000800f56002a
:1045200088ff39005e0190000200e0001e003a00a2
:104530000d00e0007d003400ce0190000300e0009b
:104540007a0034004e0a90000408a30077003a0075
:10455000ee1a90008c804200e0c2b30080487800e0
:104560000d0078008501780002c3b30082687800ee
:104570000000e900fcff3a00631f98000c8646002b
:104580000c06e8002e1b90000600e9000d0050000c
:10459000201f980004003700e0c2b300ee1b90001b
:1045a00080737e000c06e8006e1c90000c00440036
:1045b0000048eb009e0478008900e9000041eb0010
:1045c00002f478008001eb006e0d90000a00e0001c
:1045d00003003d000a05ea006a0f9800130020005e
:1045e000120020006e0a9000810378002e1b9000bc
:1045f0006e1c900080067800090037008103780067
:10460000a5002000110009000502d8000002be002c
:104610000543b00005f47b000201e9000603e90050
:104620008700e9000400e000f4ff3a00e10f5100c8
:10463000f2ff3200261f9800681f98000d007800d6
:1046400001024400b2c2b3000300e00001003200e6
:10465000d2c2b300024a78000101e900ee199000cd
:104660008280410003c7b3002e029000f90f520070
:1046700001003e0003c5b30083487800820f560056
:1046800001003d0017030700ce0a9000638062001e
:10469000e20f500018003a002e1b90000684e9003b
:1046a0004240a900140034006e189000f1f7070092
:1046b000800044008100e800ee1b900081804300f0
:1046c0008701780002003700e36078000000e9000d
:1046d000de0c9000890f5000fbff3d00631f980027
:1046e000098041000801780001032000acfc0700ac
:1046f0000005eb002a0f98006e189000ddf7070008
:104700004e0a9000ae09900000017800ee1890006b
:104710001e00900093fa07004f06be004f05be0032
:104720004f04be000080fa0000000600ce0d90008d
:104730000b48a30098ff3a009bff370000000600db
:104740004200fa00889fbe008a9fbe008c9fbe0078
:1047500020079800110f9800034f9800110078006f
:10476000400f980091009000610f98009e09900002
:10477000a3019000330f98001e0a9000440290009d
:10478000140798009e0a9000b50290000527980033
:104790003204be002205be006022b8006033b800bb
:1047a0000800be000a01be00f50207000000e0009c
:1047b00003003d000bf0a200d0c2b300040037009c
:1047c0004e0b90000628a30009003200b0c2b300cf
:1047d0008e239000804b78003e0890000000e90096
:1047e000700f980011002000510f98001000370042
:1047f0004e0990000238a3000900320000c2b30045
:104800008e219000804978003e0a90000402e90061
:10481000740f980015002000550f98000400370011
:104820003e0b9000760f98008003eb00570f980026
:104830000800be000a01be00c0ff0700f4ff2f0001
:10484000f5ff2f00f6ff2f00f7ff2700040260009e
:104850008582600006036100878361006000b80004
:104860000200200003ff27000020e10001a8e10072
:1048700002b0e10003b8e10011003a000e489000d8
:104880008000fb001104b1000e219000de099000b1
:1048900003004100f98f500002003e00019d2300fb
:1048a00001003700419d23008e020700409d230038
:1048b00070f707005e0a9000040140001500370001
:1048c0000020e10001a8e10002b0e10003b8e1002e
:1048d000130036008e4a90008500fb001104b100e1
:1048e0000e239000de0b900007004300f98f50006c
:1048f00002003e00819d230001003700c19d23007e
:1049000078020700c09d23005af70700de089000d8
:10491000010140004e0a9000be099000500237008d
:104920006022b8006033b8000800be000a01be0073
:10493000930207000000e0006a0032006022b80025
:104940000600200007ff2300441798005517980021
:1049500066179800771798008006eb000800be00e5
:104960000a01be00001f9800111f9800221f980026
:10497000331f98000e269000070037008d06e800d0
:104980000802be000a03be0044179800551798009d
:1049900066179800771798006022b800060020007c
:1049a000470224004e109000de1090006e1190001f
:1049b000fe119000cd0307000004be000205be00fa
:1049c0000002be000203be000e1890009e18900068
:1049d0002e199000be199000690207000000e00047
:1049e000e6ff3d000c2798000006eb004e149000f7
:1049f000de1490006e159000fe1590002500370023
:104a000040ed2f00808f560019003d000c00e000a3
:104a100016003a006022b800060020000735240086
:104a20000e1890009e1890002e199000be1990004c
:104a3000ae0307000002be000203be00041f980080
:104a4000151f9800261f9800371f98006022b80095
:104a500006002000073524000800be000a01be0041
:104a6000a20307000004be000205be001c002000d7
:104a70006022b80006002000470224000800be00a3
:104a80000a01be00ea0207000004be000205be00e3
:104a90008d06e9000802be000a03be000e18900051
:104aa0009e1890002e199000be1990003402070045
:104ab0000000e000d2ff35000800be000a01be0081
:104ac00040179800511798006217980073179800c4
:104ad0000e1c90009e1c90002e1d9000be1d90008c
:104ae000080037006022b8000600200007ff2300fe
:104af0004417980055179800661798007717980084
:104b00008006eb008e4a90000500fb0008fc0700c1
:104b1000104f98006e0b9000600020000600e0002f
:104b2000010035006e08900071c6b3009e4b9000e6
:104b300081cf53000a003a00ee0890000100e00027
:104b4000cf013200cf0137008d0f5000d3013c0060
:104b5000001f980052c6b300425f98001e00370045
:104b60009e499000435f98000200370064c6b3007e
:104b7000445f98000000e800001f980060c6b30082
:104b8000ce5a900080cf520013003a000d00e00092
:104b900008003d006000b8000200200003ff230071
:104ba00040179800511798006217980073179800e3
:104bb0008006eb0061c6b300415f980070c6b30089
:104bc0001e499000804f5100030032008e19900062
:104bd0008d814100031f98004e129000de1290005c
:104be0006e139000fe139000441f9800551f98000c
:104bf000661f9800771f98000800be000a01be00db
:104c00000017980011179800221798003317980082
:104c10000006eb000802be000a03be00540798001d
:104c20006507980076079800070f98003100370055
:104c30004e1a9000de1a90006e1b9000fe1b900032
:104c40000e1090009e1090002e119000be1190004a
:104c500077020700cf0407000004be000205be0073
:104c6000f001070080027800250f98004e1a90008e
:104c7000de1a90006e1b9000fe1b90000800be0024
:104c80000a01be00190307000e1290009e12900048
:104c90002e139000be139000140207000002be0005
:104ca0000203be0007f0a200041798001517980031
:104cb00026179800371798006022b80006002000d9
:104cc000470224004e189000de1890006e199000e4
:104cd000fe199000560207000002be000203be004b
:104ce000441f9800551f9800661f9800771f980072
:104cf0000c06e8008e1a9000850f5600ccff350098
:104d00005e049000ee0490007e0590008e0d9000f1
:104d10006022b80006002000470124004e189000d1
:104d2000de1890006e199000fe199000ef02070047
:104d30000002be000203be00441f9800551f9800e9
:104d4000661f9800771f98000e1090009e1090002c
:104d50002e119000be119000890107000000e000b4
:104d60000f0035004e1a9000de1a90006e1b900066
:104d7000fe1b90000e1090009e1090002e119000cf
:104d8000be1190007e0107000000e00011003a0013
:104d9000ae0a90000508a300080032000d0037009d
:104da0006000b8006011b800401f9800511f9800c3
:104db000621f9800731f9800060037006022b80039
:104dc0006033b800441f9800551f9800661f980074
:104dd000771f98004e1a9000de1a90006e1b90000c
:104de000fe1b90000800be000a01be00c5010700be
:104df0000002be000203be000417980015179800b9
:104e000026179800371798006022b8000600200087
:104e1000470224004e109000de1090006e119000aa
:104e2000fe119000b10207000004be000205be00a2
:104e30000002be000203be000e1090009e10900003
:104e40002e119000be119000520107000000e000fa
:104e5000090035008d06e80060c6b300ce5a900008
:104e600080cf520008003a000e1b90000603e800b5
:104e7000061f9800110037004e149000de149000b9
:104e80006e159000fe15900050c6b3004e5990006c
:104e9000804f510009003a000802be000a03be001c
:104ea000441f9800551f9800661f9800771f9800b0
:104eb0008002eb0045179800070037000800be008d
:104ec0000a01be00401f9800511f9800621f980001
:104ed000731f98004d1798005e0e90000001eb00c4
:104ee000220f980032079800520798000d0f7800a3
:104ef0006a0037004e1a9000de1a90006e1b900078
:104f0000fe1b90000e1090009e1090002e1190003d
:104f1000be119000c60107001e0407000004be0079
:104f20000205be003f010700e90f500001003400f8
:104f300090002000ce0990000348a3000c003a0026
:104f40000000e0000a003a0071c6b3001e4a90005b
:104f5000814f520006003a00ce1290000500e0009a
:104f600003003d002e0b90008606e800230037006a
:104f7000be0390000700e0000c003a00ce10900045
:104f80000100e00009003d00e1c2b3000e219000e5
:104f900001717e000c06e800fe0990008301e90023
:104fa000730f980014002000340798008e229000a0
:104fb0000c814200ae0e900085017800030037009e
:104fc00001c3b300015978008d06e9000d00e0002f
:104fd000fbff3a00032798002e0b900006064600c0
:104fe0000043b00080717e000c06e8000680ea00f5
:104ff000fe0b900080834300770f98004e1a9000bc
:10500000de1a90006e1b9000fe1b90000800be0090
:105010000a01be00350207000e1290009e12900099
:105020002e139000be139000300107000002be0056
:105030000203be0007f0a20004179800151798009d
:1050400026179800371798006022b8000600200045
:10505000470224004e189000de1890006e19900050
:10506000fe199000720107000002be000203be009c
:10507000441f9800551f9800661f9800771f9800de
:10508000ce1290008502e900451798005e0390005b
:105090000603e800560798002d0f9800de039000e5
:1050a0000e189000808f530005003d009e08900070
:1050b0004100900065005000800f56008dff3900c0
:1050c0009e0678003e0190000200e00007003a00d2
:1050d000ce0990000348a30004003200e0c2b300f0
:1050e0000e22900000727e000c06e8008e229000d6
:1050f0000c8042000048eb0051c6b3004e5b9000ac
:10510000814f530038003a009e0390008700e90069
:105110000041eb0082f278008001eb000d00e0001e
:1051200002003d008d06ea0013002000220020004e
:1051300001037800fe0a90008e239000000478009e
:105140000a00370001037800a400200011000900c4
:105150008406d80001027800800678000443b0007d
:1051600084737b000201e9008502e9008600e90002
:105170000d00e000f3ff3a000200e000f1ff3c0008
:10518000750f9800072798000800780001824300f7
:10519000b2c2b3000300e00001003200d2c2b3008b
:1051a000024a78000101e9008e21900082804100ce
:1051b0008e4a90000502fb001404b10053c6b300f0
:1051c000f90f520001003e0053c4b3008348780039
:1051d0007e0b90000683e900760f9800820f560040
:1051e00001003d003f000700ce0b9000638063008c
:1051f000e20f500015003a007e0890000000e00029
:10520000120034000e2090001af507008e21900045
:10521000040037007e09900082804100e37078002e
:105220000000e900de0a9000850f5000f9ff3d0004
:1052300003279800058041007e09900001032000ab
:10524000d7f907000003eb00360f98000e209000fe
:1052500008f507004e0a9000be0990000001780092
:105260008e2090002e009000bef707004f06be0073
:105270004f05be004f04be000080fa00000006008b
:1052800010002000e48f46002ffe3d00001f980014
:1052900057c6b300475f98004ffe37000d00e0008f
:1052a00032fe3500001f980042fe37000200fa006f
:1052b000881f780000047800e2bf9f0064815700d7
:1052c0000800780066f90700980090000148a300e4
:1052d000010032000080eb004f0478000080fa00eb
:1052e00000000600881f780000047800080078009d
:1052f00003000700080078004f0478000000060053
:105300000101780080017800008268000408a30091
:1053100005003200130037003240780080597800d1
:105320000004e00014003200030278000208a30029
:10533000f9ff3a00030078000100370003187800f5
:1053400082007800b2017800f5ef2f0083824200de
:105350000382ea0004826200050828000502620058
:10536000f6ff3200000278003141780002587800e0
:105370000204e000fbff3a00040078000000060091
:105380008f1fd1007a0207008f87e9000000e0003c
:1053900000000600809feb00750207008f87e90080
:1053a0000000e000000006008103780061ef0700c4
:1053b0000001be006000b8000478a30013003a00aa
:1053c0006220e10015003e000d0039008301d1008c
:1053d0000281d3008180d3008301d1000281d300f8
:1053e0008180d3008301d1000281d3008180d3006a
:1053f0000538b000c42add00f300b20083817200da
:1054000007f0a70003f0a0000000060083ff2700bc
:10541000020020006110b900f9ff370003ff2700e8
:10542000f7ff37001400fa00889fbe008a9fbe0075
:105430008c9fbe000004be000205be00680047004d
:105440000a90be000890be00840207000070a7000a
:105450000bf0a100304320009e0290008082520099
:10546000b0fe2f000028e10011003d00b0fc2f002d
:105470000028e100150034001e0990008e089000fd
:105480007e0090000501b0000201d1008180d300b0
:105490000080d3008502e800fbff3a000b00e0002b
:1054a000a9023b0060001000e0801800a60237004f
:1054b000f0ff2f00f1ff27000b00e000a2023b00ed
:1054c00001002800000020009f0237006000b800a3
:1054d0009d023700020ab900001bb9000200b800a3
:1054e0008100420081004300000006008c9fbe0046
:1054f0008a9fbe00889fbe00ca0107000bf0a20071
:10550000040037008c9fbe008a9fbe00889fbe00ab
:10551000c40107000c48e1000b003a000c40e10018
:10552000020032008b010700400037008b066d003f
:105530003e0032000af0a100f3012000f2ff2f002c
:105540006110b900390037000c40e100370032002b
:105550000940e100010036007e0107008a856d00e8
:10556000cf5dde000b0575000006eb008804fd0032
:1055700089045400010032007d0107000a04e000a4
:1055800011003a000800e00028003200040040004a
:105590008580480006014900878149000358a3001f
:1055a000180032008301d1000281d3008180d30032
:1055b0000080d3000c86d30001003900610676001c
:1055c0000804e800180037000400500085805800e7
:1055d0000601590087815900060031000af0a20037
:1055e0000c06ea0060001800e08018006001190055
:1055f000e081190003003a000004eb000005eb0015
:105600000a0037000348a30007003a000c064600d2
:105610000000480081804800020149008381490060
:105620000804e900f7ff3700af013700c901370070
:105630008c9fbe008a9fbe00889fbe007901070034
:105640000b056d000940e1000a003a000800e00087
:10565000020032000c40e10006003a000af0a1000e
:105660000c047800f3012000f2ff2f006110b90054
:105670009d0037000c40e1009b0032000800e00074
:10568000990032000c48e10002003a000004eb00ef
:10569000030037000900e00004003a000c04780021
:1056a0006000b8006011b8008f0037000348a30005
:1056b00006003a00000040008180480002014900d5
:1056c000838149000804e900f8ff37000748a30078
:1056d00006003a000402420085824a0006034b009d
:1056e00087834b008904e900f8ff3700fd3f200065
:1056f0008d845400090454008a1f7800881f7800a4
:1057000000047800810478000205780083057800a1
:105710006000b8006011b8000d04200005003700db
:105720000804440089844c000a054d008b854d0017
:10573000080031000404540085845c0006055d0007
:1057400087855d008381d2008d06d300f4ff3b0086
:10575000070037000404440085844c0006054d0012
:1057600087854d008381d2008d06d300ecff3b007e
:105770000804440089844c000a054d008b854d00c7
:10578000080031000404540085845c0006055d00b7
:1057900087855d000281d2008d06d300f4ff3b00b7
:1057a000070037000404440085844c0006054d00c2
:1057b00087854d000281d2008d06d300ecff3b00af
:1057c0000804440089844c000a054d008b854d0077
:1057d000080031000404540085845c0006055d0067
:1057e00087855d008180d2008d06d300f4ff3b00e9
:1057f000070037000404440085844c0006054d0072
:1058000087854d008180d2008d06d300ecff3b00e0
:105810000804440089844c000a054d008b854d0026
:10582000080031000404540085845c0006055d0016
:1058300087855d000080d2008d06d300f4ff3b0019
:10584000070037000404440085844c0006054d0021
:1058500087854d000080d2008d06d300ecff3b0011
:105860000b00e00004003d000404440085844c006b
:1058700006054d0087854d000006eb008301d10031
:105880000281d3008180d3000080d3000c86d30036
:105890008301d1000281d3008180d3000080d30036
:1058a0000c86d300890474008b0575008b8474000a
:1058b00001003200610676004f0478004f05780041
:1058c0000348a30007003a000c0646000000480009
:1058d0008180480002014900838149000804e900f1
:1058e000f7ff3700000137001a0137008c9fbe0018
:1058f0008a9fbe00889fbe00ca0007000b056d008e
:105900008a0578000c40e10008003a000900e00038
:1059100082003a000af0a1000c047800f301200094
:10592000f2ff2f006110b9007c0037000c48e10045
:1059300004003a00870007000900e00077003a0001
:10594000f4ff37000800e000740032000900e000b6
:1059500002003a007f00070070003700ed3f200092
:105960008d845400090444008a1f7800881f780041
:10597000871f7800861f7800851f7800841f7800b5
:10598000cb19dd00c515de008b8571004b11dd00e4
:10599000450dde000a057100cb08dd00c504de0000
:1059a000898470004b04dd000440b8000546b8004f
:1059b0008c80400060814e00044eb8008c80400016
:1059c0000d0149008001eb000318ad000456b8003a
:1059d0000c0141008d8149000002eb000420ad0064
:1059e0000646b8000c0141008d81490060024a0062
:1059f000054eb8000c0141008d81490060024a004b
:105a00000556b8008c8141000d024a008002eb006f
:105a10000528ad000746b8008c8141000d024a0000
:105a2000e0824a00064eb8008c8141000d024a0017
:105a3000e0824a004f0678000c5eb8008c8141007d
:105a40000d024a00e0824a000656b8000c024200ed
:105a50008d824a000003eb000630ad00074eb8000f
:105a60000c0242008d824a0060034b004f06780012
:105a70000c5eb8000c0242008d824a0060034b00ad
:105a80000756b8008c8242000d034b008003eb00e8
:105a90000738ad004f0678000c5eb8008c824200db
:105aa0000d034b00e0834b004f0678000c5eb800fe
:105ab0000c0343008d834b004f0478004f057800a2
:105ac0000748a3000a003a00000040008180480017
:105ad000020149008381490004024a0085824a008c
:105ae00006034b0087834b000804e900f4ff3700ee
:105af0000306780080807000828070000100320010
:105b0000610676008701780006017800850078003c
:105b10000400780088047800780037008d00370092
:105b20008c06460002003a000000a60000000600b5
:105b300060004800e080480060014900e0814900c1
:105b40000350a600000006008301d1000804e8000d
:105b5000000006000002fd008102fd000203fd00be
:105b60008303fd008804fd008a05fd000000060097
:105b70007048e1001a0039007d0320000d48e10063
:105b80000a00390081057000830671008c8575005c
:105b90008d8575000006eb000cd8e70061067600e5
:105ba0006000b8006011b800000006007048e10015
:105bb0000b0039008c0578000006780001007800a1
:105bc00082007800030178008001eb0003d8e70031
:105bd00061067600f0845400f4ff3a0000000600ed
:105be0006160e1000c48ad00f08514008b06dd001b
:105bf0000966de000d0676008b0edd000900de0072
:105c00000d0070008b16dd008908de008d807000ad
:105c10008b1edd000911de000d0171008919de0007
:105c2000000006000d002800fc7f20000d856100ab
:105c3000441cde00ef8161000c04640001003200ae
:105c40000340a0008d856300c43cde00ef83630049
:105c50008c846400010032000740a0000c40e10089
:105c600006003a00ef866100828676008186760023
:105c70008086760001003200180037000c48e100f1
:105c800007003a00ef8663008686760085867600f8
:105c90008486760002003200aeff07000f00370056
:105ca0000348a30005003a00810670008286760052
:105cb00083867600010032000804e8000748a3004c
:105cc00005003a0085067200868676008786760093
:105cd000010032008904e80000000600cf047800cb
:105ce000cf0578001b0037000002780081027800a1
:105cf0000203780083037800880478000cf0a70082
:105d000087ff0700fd7f20000d40e1000400350003
:105d10000d0478006000b8006011b8000d00370075
:105d20000800e0000b003c000400780085007800cb
:105d30000601780087017800e18414008cff0700d9
:105d40000cf0a70076ff07000004eb000340a7005b
:105d50000804e8004444dd006fc561008801750057
:105d60004f04be004f05be004f06be0000000600f7
:105d7000889fbe008a9fbe008c9fbe000404be00a8
:105d80000605be00809fbe00829fbe002100070066
:105d9000040678000800be000a01be001d000700ce
:105da000840678004f03be004f02be008d4f760080
:105db0007fb0970013003300f0ff2f008b8f6b0034
:105dc00006003b000d0666000c00a7000a00370025
:105dd00007f0a600100020000a003700880f5200cc
:105de000898f5a008a0f5b008b8f5b00030039009c
:105df0001000200001003e000000200007f0a70076
:105e00000000ea004f06be004f05be004f04be0072
:105e10000000060005ff2700058261000700320030
:105e20000428e100010032002400050006000700fc
:105e300001003a00440005000408050002000700c4
:105e4000f9ff3a00140005006f82610081027000c2
:105e50008502710085027200000006008000780053
:105e60005002be005003be004439de00f700b2000d
:105e7000f37f200003016100090032000218e100f5
:105e800016003a008501720083017300838173005c
:105e90000008200015003a004000200013003700e1
:105ea00085017200830173008381730005003a004d
:105eb00004a8be0006a8be00100020000b0037009a
:105ec0000201e9000402420085824a0006034b00f9
:105ed00087834b000748a300f9ff32000740a0006a
:105ee00004a8be0006a8be00200020008000980084
:105ef0009200980000000600680447000294be006b
:105f00000094be00fc0447008694be008494be004a
:105f100009007800d1ff070008007800cfff0700d4
:105f200099007800814f70000b003b000800be0014
:105f30000a0007004f00b10003003700f3ff2700fd
:105f4000f2ff2f006110b9004f06be004f05be00e2
:105f50004f04be000080fa0000000600e48240000a
:105f60001078a30007003200640240001178a300fb
:105f70003400be001401be00040032000330a7004c
:105f8000000006003500be001501be000330a00071
:105f9000000006001800fa00889fbe008a9fbe001d
:105fa0008c1f78000004be000205be000802be007f
:105fb0000a03be00443ade00f07f200000066200c3
:105fc00020432000800f560067003c006022b8008c
:105fd0006033b8000800be00e9fc07000000e000e4
:105fe000610032000802be000a03be00b4b79f0081
:105ff000c5b79f00d6b79f00e7b79f00e00f5200dc
:10600000e08f5a00e00f5b00e08f5b000b003d006b
:106010006022b80006002000073324000800be00fc
:106020000a01be0031fd07006022b8000600200012
:106030000733240033fd07000a0037006022b80050
:1060400006002000073324000800be000a01be003d
:106050002cfd07006022b800060020000733240052
:1060600022fd07000802be000a03be001ffd070054
:106070000002be000203be00f4b79f0085bf9f0070
:1060800096bf9f00a7bf9f00e03f2000800f5600f3
:1060900017003c007fb097008fb897001fb997009a
:1060a000afb99700f0af9f0081b79f0092b79f00f4
:1060b000a3b79f006044b8006055b8003fb2970096
:1060c000cfb297005fb39700efb39700e00f520095
:1060d000e08f5a00e00f5b00e08f5b0022003d0084
:1060e0006044b8000a0020000bff2b001e003700a0
:1060f0006022b8006033b8007fb097008fb8970077
:106100001fb99700afb99700a2fc07000000e0009c
:106110000c0034007fb297008fba97001fbb970026
:10612000afbb97000800be000a01be00f5fc0700e7
:106130006022b8000600200007ff2300ebfc0700e8
:10614000070037007fb297008fba97001fbb9700f8
:10615000afbb97000800be000a01be00e9fc0700c3
:106160000004be000205be000800be000a01be0019
:106170004f0678004f05be004f04be000080fa00b5
:046180000000060015
:020000040000fa
:0200000401f009
:04000800ffffff00f7
:020000040000fa
:0200000401f009
:04001c00dfff000002
:020000040000fa
:0200000401f009
:04001800f7000000ed
:020000040000fa
:0200000401f009
:04001400590000008f
:020000040000fa
:0200000401f009
:0400100046000000a6
:020000040000fa
:0200000401f009
:04000c0000000000f0
:020000040000fa
:04003800c8020000fa
:020000040000fa
:04004000f6030000c3
:020000040000fa
:04005800420400005e
:020000040000fa
:0400a4007c040000d8
:020000040000fa
:1061840051040000370000000000000080000000ff
:106194007301000076010000780100007a0100001c
:1061a4007c0100007f0100008101000084010000e7
:1061b40086010000880100008a0100008c010000b3
:1061c4008e01000090010000920100009401000083
:1061d40051020000680200008a02000095020000db
:1061e400f50200006503000068030000930300004b
:1061f400ae030000b1030000b4030000d9030000a3
:10620400e2030000e7030000ea030000ec030000df
:10621400ef030000f2030000f5030000f7030000a1
:10622400fb030000fe03000010040000270400002c
:106234002d04000032040000340400003604000081
:10624400390400003c040000400400004304000042
:1062540045040000490400004b0400004e04000003
:106264005004000000030000740b0000d4840000fc
:10627400606f0000ae6c0000f9bb000084a2000057
:1062840065b100004bf60000720100001a21000005
:10629400e85a0000d8d60000047300005e2c000009
:1062a400226e0000c4e90000b58b0000819a000052
:1062b4001ee4000087c900009e7b00001752000006
:1062c4006dad0000e3e500008b040000a72e000084
:1062d400996a000032aa000099970000cca6000039
:1062e4005b150000795600004801000063b100000e
:1062f400df5400002706000057060000538c0000fe
:10630400a6270000aa6600008903000018510000b7
:106314007efb000067d30000cedd00003ffd0000df
:106324003d1f00004784000001f30000856e00005b
:10633400f83b0000792b00000c9000004b67000034
:10634400467d000054880000fdd6000012e50000e0
:10635400e7480000f20e0000db9900004d710000d8
:10636400a540000068d90000c959000039e40000c4
:10637400752000001ce90000b1f50000013c00009c
:1063840019bb000060f70000fa6b00001e680000f3
:106394009f190000b6ed0000140f000056bc000069
:1063a400c1340000cb0000009d430000d40f000066
:1063b400f36200009c9d0000f78b00009d530000d9
:1063c4003a8d00002f3d0000de3d00003831000012
:1063d400039b0000c7c1000059e90000d17500000b
:1063e400888d000036580000867000004e5b000067
:1063f4009ed00000dbcb0000f7ea00001fdb0000aa
:10640400a53b0000b3bd00006bbc0000f3700000ae
:1064140065d50000170f000064150000242000005b
:10642400d5b800007b0d00002729000085880000f6
:106434001f580000225700004f090000c04d000003
:10644400d6e40000c6b500003a3700003327000048
:10645400bb6a000014690000031b0000eda80000e3
:10646400c3430000e8ea0000de4100000625000006
:10647400c5c800003cbf000032b20000a7dd000028
:1064840022c20000e9ca000084f20000c026000015
:106494007c78000001f70000d5c600000533000039
:1064a400e4c2000078ec00001bfd0000d2500000a4
:1064b4007d1100002957000099b00000f15500003b
:1064c40066740000b458000023a000006f2e000082
:1064d400d89b000008b300003e530000cf5e0000cc
:1064e400cc7a0000df4e0000ed420000166a000086
:1064f40091880000431b00001d8400005c520000d2
:10650400216600005824000036710000c56a0000ae
:106514000d2c0000869a0000239d0000e035000049
:1065240043c900007f410000bd82000099ed0000d6
:106534007a260000b2d30000a6ce00004f0000006f
:10654400e6870000e3d700006828000086f7000013
:10655400ced20000b3d300001b04000002b9000037
:1065640078b30000ade000003c530000a68a0000b0
:106574004a220000be1f0000ceb1000076f20000e7
:106584002f810000a8c1000078720000b01500003f
:1065940065190000e3320000a74d00000cd3000091
:1065a40000b90000c3270000be7400004dd10000f4
:1065b400e10c000036dd000023fb0000a7220000f0
:1065c400d3440000cab30000081b0000b40d00004f
:1065d4004bdf00001aa6000090320000925c00001d
:1065e4001aa70000cd8500002e35000011720000ae
:1065f400f8210000357d00003fdb0000298d0000fc
:1066040030b300004f45000014770000cf9900001c
:106614002fa3000090810000b0ae0000e845000008
:10662400e63a0000a9a2000062b70000dbbe000049
:1066340025390000a5fc0000eac50000bc3a0000b2
:10664400ec900000aea60000fb120000aac70000f8
:1066540062220000afa9000084b9000064b8000001
:10666400fb8d0000c11c0000c3d00000876d00003a
:106674005cb40000fe3f0000a4b80000d88900000c
:10668400f401000059bb000004a5000043440000cd
:106694001acb000041300000f75b00009aee0000c6
:1066a40028f400004c71000099ca00004b7f0000e0
:1066b4002a130000f04b000054b30000fc900000cb
:1066c400edbe0000483f0000f15e00000da1000097
:1066d400bb1e00005916000015f000004b500000ce
:1066e4004c960000861b0000a9cc0000c269000083
:1066f4004e10000003f00000e9530000e5e2000042
:10670400bb450000e28d0000ae40000071080000af
:10671400864d000008f400009690000058530000d5
:1067240040a500008b5b00003cad000047b50000b5
:10673400d7e200006a13000078d40000dcc900002e
:10674400ec0e000093f00000c01d00009536000020
:1067540076a4000053850000c9ac0000e471000079
:106764008daf000068610000209d0000ff4500001f
:10677400356e000004d8000027320000c3da0000a0
:10678400eea2000066040000b721000006520000db
:106794007f3900008ffd0000ee90000074b6000009
:1067a4004fb60000240e000012480000f0b20000b2
:1067b40030f20000a54c000091520000e3c6000036
:1067c400487b000038960000239e0000d71b000081
:1067d400951500003ac900008b6f0000637d00002e
:1067e4001dc90000ea960000e6010000d7850000fc
:1067f400c0ea00003dca0000d3b70000fb07000058
:10680400543a0000003100003d740000e41200001e
:106814005ba20000383300005bbf00001ddc0000f9
:106824004ee800008510000077ab0000ea65000028
:1068340079b00000aa30000061c60000f63b0000f9
:10684400cc950000fc8300007f8c00007bb5000029
:1068540052050000ebf7000021de000089b60000bd
:106864006dee00003177000013aa0000935500007c
:10687400960800006e1c000082b500007e950000a2
:10688400b9940000dd680000425c00003a0000009a
:10689400c37b00006f6000006a2c000007d7000073
:1068a4006c820000fbb200008125000069d6000064
:1068b400720a0000d2e80000500500008849000078
:1068c4001b630000729900006ce300007aae0000c4
:1068d400b01b00009ed4000025540000258a00004f
:1068e4009017000097df000039b800007cea000030
:1068f400f0820000dd250000d2ad0000e7f60000c4
:106904003623000084a90000c96a000053f4000083
:10691400822c00001dea000006c600004f70000033
:1069240054370000802a00006b630000dbcc0000b9
:1069340086e600008c7f0000278c00007254000063
:10694400739e00001bd600004cfa00000582000074
:1069540080d70000b711000098000000000000007c
:10696400000000000006000098690000151c0000eb
:10697400fc86000087740000845b0000d40f0000d4
:10698400dbd7000027c500004ab200008f290000b1
:106994007a4a0000230a0000b8070000d03400003f
:1069a400708100008e530000ef430000163f00008a
:1069b400a8a700009e5a000077c0000091b700000d
:1069c4008915000052480000c0b7000062ab000007
:1069d400e174000064100000aa0900006b97000035
:1069e4007421000079350000a197000025fc000007
:1069f40078c10000ec6e000087770000408700003b
:106a04001a7400008281000056dd0000ec3700009b
:106a1400adaf000003310000ac47000085740000f6
:106a2400c02a0000459d0000f41200000cf900008b
:106a340086b000004a160000d81100006c46000021
:106a4400c44a0000679800008b1b000042c200008b
:106a5400bebb00000e48000084f7000008a600003a
:106a6400c38f00008e8d0000abc200009b5d000050
:106a74005c600000285700008f0e0000ad2e00005f
:106a8400c15e0000952900009af400008a270000e6
:106a9400d4410000bb4a0000ac5d0000b29300008a
:106aa40026fd0000878100003f27000035a6000076
:106ab400422c000015380000adf80000026f000001
:106ac40094da000008ee000019d8000090fa0000e3
:106ad40089c30000ad890000fec600000246000024
:106ae400811d00000c8d0000782f0000eed3000003
:106af400ed6c00007b9500004956000087f400000f
:106b0400e2630000da390000ce68000016180000c5
:106b1400ed980000ee860000f3b30000c1120000ff
:106b24001a5100009b5700001d1900009e98000098
:106b34007ed20000fd3d00002b59000015460000e8
:106b440074570000791400008171000089d9000095
:106b540022dd000092100000d989000091df0000be
:106b6400670000006e530000afda0000b528000093
:106b7400301e000047e60000b70500002d2200008b
:106b8400cf7f00006acd0000889000006b8c00006d
:106b94001636000088070000a1b70000aff300001c
:106ba40031c40000db7600008b9600009ef00000ec
:106bb40017a700003f84000078910000a8cd0000d2
:106bc4003f8f0000a5dd000052140000f9390000d9
:106bd4005d0b0000568e00001c5a00005b8900000b
:106be400ee8000009e330000bdb10000451500009a
:106bf400423400005978000020fc00002ddb000026
:106c0400c92e00000f35000026cf0000239b000092
:106c14003e1d00009f0f0000260e0000b7b50000c7
:106c24004eac0000a2860000d5da00003604000055
:106c34005a730000466a000088c500002aa00000bc
:106c440083e800008b5f00003caf00006a44000052
:106c54004e7500009b8f000093370000353800000c
:106c6400bd0200009a1d0000842900006425000074
:106c740097e000007c2a0000b6cb0000c16600004b
:106c8400513c0000bc3b0000f35500002bb7000052
:106c9400bd810000ecf3000049d50000f8030000ba
:106ca400e0bd0000c60c0000eec0000019080000a2
:106cb400fb4f00008c940000080e0000a53000007b
:106cc40037f00000b81800009373000000bb000008
:106cd40052520000b49800000d4b000045b900006a
:106ce400890a000034e900001c2400005a8f0000c7
:106cf400a89d0000c2d9000027a90000eebf000033
:106d0400c080000090bc00002a93000043fb0000f8
:106d14000ab3000096d10000ae1300004101000048
:106d240068b900002c530000537c000000a500004b
:106d340084410000d698000088980000fede000020
:106d4400f7e2000037430000620e00009383000066
:106d5400ee0300000a8d0000ca87000059360000c7
:106d64006f610000f7f40000d6ab00008b0f000049
:106d74009c83000096a400006c4600004380000041
:106d84006bea000050dc0000d8ce0000d4f4000010
:106d9400ae5b0000c601000043850000718d000059
:106da4000c3900005ee400003b2b0000c4880000a6
:106db400b2c50000549600000e8700009a500000ef
:106dc40093d600009c910000ca090000648b000067
:106dd40023c40000294400001a670000e1da00001f
:106de400c71b000025170000022c00008f2a00009a
:106df400133a0000cfd60000653100002b100000cc
:106e0400f5b5000096df0000019900007bad00009d
:106e1400d6b40000c0350000a3480000e3b0000071
:106e24009efe0000331000001a090000ae3c000072
:106e34000aa10000728f000000510000e1780000f8
:106e440023f50000e2bf0000a646000028b30000be
:106e54004b240000b1a10000deb10000c4480000d2
:106e64006fed00005ad4000061f00000dbe1000087
:106e7400085c000064c00000cae90000a9de00004c
:106e8400deec0000c06800005b6d0000bd43000044
:106e9400828c0000ca690000b1a90000c87100001a
:106ea4000d5d00006da50000ab1a000067940000a2
:106eb400ee05000093e300003fe800001ae600003e
:106ec4000f7f000079f20000cbc5000037570000a7
:106ed400dffc00004fb4000060c70000973c0000d6
:106ee40061b000000c46000064f40000439200000e
:106ef400d2a50000f0f30000b7df0000ab200000d3
:106f0400b1f50000302a0000b3dc00004b3900006a
:106f1400b78500003e1e00001b9400008c26000074
:106f24002880000045d6000001360000d0ec0000a7
:106f34009346000088d30000d58900005d7a0000e4
:106f4400822100003ec2000040e30000b4de0000e5
:106f5400f5a5000069d50000694900005c890000be
:106f6400cdae00001370000070ed0000690c00004d
:106f7400ecc60000fe750000eb4e0000d6b3000026
:106f8400c8600000fb3400001ef80000649200009a
:106f9400d9290000a8130000383d000079c400007e
:106fa400bf210000379d0000e34f000021e50000f1
:106fb4003f2c00005c5f000041ff000014870000cc
:106fc40091e00000820400000b1e000055530000f5
:106fd400dc56000040a4000035780000e29b00006d
:106fe400492200002e090000cd1f00006f9400000c
:106ff40083ee0000ea8b0000c4c2000010e0000031
:1070040080d90000a55f0000533400009c8c000070
:10701400ea9500006487000094d60000321c00004a
:10702400eb930000bfe3000055830000c2f60000ac
:10703400fcc8000085b20000945c0000425f0000c0
:107044006b8e00003b970000797400007ee3000023
:107054005cc20000631a000022b100007f940000ab
:10706400cbe70000b7ff00000e37000095af00002b
:10707400105300001788000012720000ddcb0000de
:10708400ab4b00006b68000024ac0000c95c00003e
:10709400720900004ff10000fb1d0000e7a2000090
:1070a40030e90000204b0000da7000007c9e0000f4
:1070b400e2340000eb6a000035c2000033d7000060
:1070c4009d070000b1ef0000f6750000f5fd00001b
:1070d400adc700004bd00000b7dd0000ae1e0000bd
:1070e4008d1e0000c03900009ca700001cc50000d4
:1070f400cc39000050c600006bc60000da3700002f
:10710400c7e1000020eb000074a500003dc00000b2
:1071140008fa0000c2df0000f29e0000432b0000ca
:10712400f0770000504900008cc300002f68000075
:10713400f32a00009b8300001adc000005d800003d
:10714400b77c00003c61000011760000ec2d0000cb
:10715400fe8600000887000015a30000c01c000084
:10716400b46a00008d9e0000bf9a0000d5c80000dc
:107174005b0500001810000015fb0000c63c000071
:10718400eec50000524b00003136000007b9000084
:107194004c810000ea830000d7820000fefc00005e
:1071a400435900004e200000bdd3000065cf00000d
:1071b4001f5c0000711f0000bf260000ec440000ab
:1071c400eb010000748200003c8e000060df0000d0
:1071d40047900000311700007e160000c0ec00004c
:1071e4001ec300003a7a000059210000a29b00004f
:1071f4008e87000025d30000fe850000dd6d0000b1
:10720400e6d80000ca740000badb00004230000077
:10721400963d000086220000866f0000de370000e5
:107224001a9300002f0300002ee100006e160000e8
:1072340062c10000e12d0000fecb0000a8df0000c9
:1072440064050000ef230000bc710000617b0000b6
:107254001b60000022270000bdc60000a3720000ce
:1072640007aa000009b0000052f20000191500003e
:107274004dbe0000af2600003b4d000062a600009a
:107284003c410000077a0000342500003cd6000091
:10729400cdb6000055470000871e0000cbcf00008c
:1072a400ced200000d950000c0d8000072a60000e8
:1072b400e033000024260000517e000071c7000066
:1072c400533f0000d467000073520000cb780000e5
:1072d4005a00000011150000715f00008d3c000091
:1072e400cf400000cdd9000074300000d9a10000c7
:1072f4003fc6000058bc0000be78000018310000f2
:107304009a39000060bb00008d7b000034950000ba
:10731400a5f10000543b0000b985000099af0000be
:10732400c4450000eb640000a76e00005960000033
:10733400eb1e00007afb0000fd92000043230000d6
:10734400f1270000ac66000012660000288a0000e5
:107354005cf60000c63f000076040000e809000067
:1073640027ed000005aa000026e50000b4ad0000ea
:1073740040ba0000f7f4000084cb00007f0700004f
:10738400108d0000b6c70000d4770000eaba0000f0
:10739400962a000098f0000056d70000ff50000025
:1073a4004d590000793d000041e00000faa90000b9
:1073b4009d3e0000a6d9000079c800000dd1000050
:1073c40056c50000add70000fb7000003cbd0000b6
:1073d400f3e900005d1c000053930000331d00001e
:1073e400f81b0000ee9f0000b7500000ac8f0000b7
:1073f4004859000061c90000859e0000c8b0000023
:10740400d274000039df000033f5000028e00000ea
:1074140063110000a7c4000005bd00003ad90000b4
:1074240034ca0000f9aa0000e2000000e6e6000009
:10743400385700003eec0000197c00000d270000c6
:1074440045c5000052c40000fff4000069c50000f7
:10745400f5730000734f0000e3070000c7cf00007e
:10746400382300005b9c000099a200006a720000af
:10747400b035000039c100000ac700001c1a000022
:1074840030600000181d00002bf00000c8f100005f
:1074940079a3000094e300003635000093690000ee
:1074a400059100000712000060440000fdb60000d2
:1074b400c6ff0000e0cf0000a2cf0000c2a300007e
:1074c40058ac000032e300002eec00000d9d0000db
:1074d4001bfb000005400000ba6700008ecb0000d3
:1074e40038d70000609c0000fe9e0000a1700000e0
:1074f400cc400000728c00008c50000071850000ac
:10750400dd840000925c0000ee440000b6e0000060
:107514008015000032dd00001b4b00008c6e000063
:107524008e39000097a50000afc60000f4290000c2
:1075340085d300008593000085c8000054e4000052
:10754400591d00004ea00000fec5000007c1000048
:10755400f732000052f900004d45000085fc0000a0
:10756400a0fa000037b500009d470000e852000073
:10757400238d00009287000043b40000b84f000040
:10758400951b00001e4f0000e5450000bfce000023
:10759400c80c0000b27d0000e7d900002e8800006e
:1075a400b72a000061e100002dc40000212e000074
:1075b400b84d0000fd2100008730000025110000b7
:1075c400ec1f00002994000031d2000092850000d5
:1075d40038170000da6300004d8c0000b406000088
:1075e40055640000b76c0000fcc200008d5d000013
:1075f4009786000009d3000043690000e8350000c5
:1076040077cc0000af910000363c00007ca3000062
:107614006e4e00004aa20000c941000050ea00007a
:10762400abdf000087040000704f000016f5000077
:10763400a0380000f560000016cd00000ce5000045
:10764400c7e30000ad000000126b000012850000cb
:107654003c5c00007f760000ed490000f29d0000d4
:107664008fdf0000abe10000dd87000001ed0000ca
:107674002c1b00004b550000117f0000c39200003a
:10768400d3910000c1d80000a7370000c7e500006f
:107694005b4800002bed000031de0000cefb000053
:1076a4009500000000000000000000000000000041
:1076b40000080000e3510000840000000b4d0000ae
:1076c40026730000118b00001ee200000000000081
:1076d400000000000000000000000000040400009e
:1076e40073e0000072ff0000e6590000c9000000ca
:1076f400000000000000000004480000bfab0000d0
:10770400f3990000877c00000700000000000000df
:107714000000000004fb000033b1000063610000be
:1077240061120000ad000000000000000000000035
:1077340008aa000030ac0000174d0000308600009d
:10774400bf67000013f10000a70000000000000064
:107754000000000000000000000400001b480000be
:107764004223000084bb00007fb40000000000003e
:107774000000000000080000a69f000043780000fd
:107784005ca100004e8b0000a6e600007c490000ce
:1077940000000000000000000000000000000000e5
:1077a40001f70000315d00002730000000000000f8
:1077b400000000000000000000000000010b0000b9
:1077c400570b000079f700000000000000000000e3
:1077d40000000000000000000244000033bb000071
:1077e400b45b0000c70000000000000000000000bf
:1077f4000000000001ab0000e3010000c2d2000061
:107804000000000000000000000000000000000074
:10781400017a0000079e0000ad8400000000000013
:1078240000000000000000000000000002f1000061
:10783400eef70000d829000050000000000000000e
:107844000000000000000000012c0000355400007e
:107854003acc00000000000000000000000000001e
:107864000000000001c900003d6600006a980000a5
:1078740000000000000000000000000000050000ff
:10788400247a0000f71c000024400000eba2000052
:107894004dc2000066c80000372c0000030f000032
:1078a400f3010000066d00009a420000f09400000d
:1078b4008fed0000bfe30000283b00007269000068
:1078c40037750000b4a000009a6e000031fd00007e
:1078d400665b0000cbf30000ba8c0000a43100000a
:1078e400ffba00007c24000054d30000c6630000eb
:1078f40089930000e4ed0000da580000474e0000d0
:10790400b58f0000d7930000fdaf000031ea0000fe
:10791400b4ec0000c90500007d2b000015960000a2
:10792400c10000007e800000e6f7000047cd0000a3
:107934006a770000f10e000059130000aa5c0000f1
:107944008388000070dc0000c45200005220000054
:10795400b66900002d6c00006c8b0000662a0000e4
:10796400cd5a000041300000d6fb00007ba000008f
:10797400ec7a0000228800007c7100006eaf0000e9
:1079840062060000f4a80000c688000085760000a6
:1079940036c50000c0d80000679600007ce80000ef
:1079a4004dd40000fba900006f0f0000b2a7000037
:1079b400a31900006a300000fd6f0000fc2b0000da
:1079c400cea400001b8e00005748000051c60000e2
:1079d400980f0000e50800007b4d0000fc590000f2
:1079e400ddcf0000131b0000310c00005e3b0000e3
:1079f40098e10000f4c3000041d70000a264000035
:107a04005e160000f9eb0000ae200000e95d000006
:107a140054bd000099d30000a7c10000d9e50000bf
:107a240032220000d69f00004fdd00006b3c0000b6
:107a34006de900004d96000052110000da230000a9
:107a440086be000001c4000051c200009cc60000b4
:107a5400f52f00001fd00000f1f500005782000050
:107a6400fecb0000fb4a0000df1d000000460000c2
:107a7400b8a700003a56000066080000714e0000e6
:107a840047f80000272600005f6c0000d8c3000000
:107a9400059900000a7500008f4f0000c18800009e
:107aa40072a000005a13000008a3000082840000a2
:107ab4002ece0000b5a3000046050000d66a0000e3
:107ac400785600004423000086f20000c9630000d9
:107ad400088b0000bdee000056d40000361f0000e5
:107ae4003753000018e70000da1c0000fad0000049
:107af40005d500005fe70000b7ad0000362b00009d
:107b0400cb060000c0530000f4320000a87500004a
:107b14006fe30000c9a10000b0a60000e6c20000a7
:107b2400410f00005d2e00000a6400005046000072
:107b3400924900005b2d0000002e0000b5210000da
:107b44003f0b00004a71000096880000844c00003e
:107b540098aa000028230000ebef0000455c000019
:107b640062780000d6e40000fb6d0000c3d9000079
:107b7400356c0000b92a0000c674000071c400000e
:107b84000c6500007ca30000f96e00002db9000014
:107b940086b000000463000094cf0000267d00003e
:107ba4009e1e0000f7990000dae000008cdd000062
:107bb40086f30000c8f10000c64e0000155d000009
:107bc400ed340000bb900000cdd600002609000073
:107bd4001ef600002384000051c10000ae420000e4
:107be4008f84000096c9000057ae000016360000ce
:107bf4003a29000087650000b2ba000056960000da
:107c0400d2f5000009ef0000304a00000f620000c6
:107c140036fe000000300000bd0900001b500000cb
:107c2400c33c000048d7000025e100008eb20000ec
:107c34006f4d0000752d0000adc600001eba000097
:107c4400fa4f000041af00007a6f0000a0a00000ce
:107c54004fb6000088340000698a00009e8300004b
:107c64007a600000f3a800007e3900002a2000009a
:107c74009c3200005e7d0000c4aa000097e600006c
:107c84002635000042a10000a0ef000039b3000037
:107c94001c27000063d200007f750000c01e000096
:107ca400b4fa00004d7a00008181000039e0000040
:107cb400792f000094a50000283a0000437e0000bc
:107cc40097b5000094af00002a100000380a0000a5
:107cd4007f49000091c000006c6500009ac6000056
:107ce400c95d0000d55200004698000074ac000045
:107cf40093e4000021b00000eb080000faf4000057
:107d0400412e0000a6f90000c5ed0000e337000095
:107d140098c50000df52000082410000a2f200007a
:107d2400561a0000f3a40000c64000008db90000fc
:107d34005faa0000751e0000151e00006878000090
:107d44002b2b0000f43e0000c7cb0000f31300000f
:107d540060e00000f4850000798800000c22000037
:107d640075870000b7510000e0d60000e3a00000d2
:107d740092d30000d7e300006c5b00003eb7000024
:107d840080e7000048d60000d92f000049cc00004d
:107d940075a0000004c9000048880000e9cc000078
:107da40032410000af300000dec60000bc9d000080
:107db400f7fc0000ff6900000350000058a1000018
:107dc400d6b800007b5e000060fc0000cc00000020
:107dd40014af00003a30000041b300004e630000cd
:107de40047950000e4bd000053740000d0f000008b
:107df40002b40000fe480000196c00003f2300009c
:107e0400f79b000044110000f2c2000045a60000e8
:107e1400377700006c100000630e00001ba7000001
:107e2400d1960000ca0d00004f5b000043510000d2
:107e3400d6140000b7230000e7990000a49f0000b7
:107e44004c7d0000d7dd000008110000844d0000c7
:107e54005ce9000060900000048b000014900000b6
:107e6400f06f0000264500000f2000008ce30000a6
:107e74006f46000078eb000012b400005ef00000d2
:107e8400deeb00002227000062780000429300002d
:107e9400bce8000048c0000088bd00000fde000000
:107ea400232b0000d18800000ae20000b433000054
:107eb4008e6100003643000058420000ae6b0000a3
:107ec400d7f20000fe0a0000c1260000947a0000e8
:107ed400ce8c00003b4300005a620000ef700000ab
:107ee4008afe00004dd2000037db0000a1b1000083
:107ef400061b0000301700004ca00000241e0000e8
:107f0400becb000064e20000ce1300005cd700008a
:107f140005a600007639000038f30000852c000027
:107f2400160e0000b3e200003dff00007988000057
:107f34000b930000efad000055cd0000b4ef00003e
:107f44008fb80000167a000005c000005e920000a1
:107f54000f4f000098580000d4220000ad430000e9
:107f64002531000078520000c69a0000ca5e000065
:107f7400a64e0000799700009abb0000df6d000058
:107f8400f1e20000d0b30000ca2a00005c46000001
:107f9400825c00001edd0000d0c5000019890000cd
:107fa4002b2c0000bdc0000084d900003339000030
:107fb40067e40000e479000026b600009d1c000080
:107fc4001de4000070a50000a761000089250000e1
:107fd4004a570000337d00000dca0000f3cc0000b6
:107fe40022aa0000d7d90000cbe60000b296000018
:107ff4004615000095680000d80f0000df6b0000f4
:1080040036da00001982000016ce0000384e000057
:10801400cff2000036c8000080070000538800003b
:10802400042f0000b2140000195d0000c56c0000ac
:10803400ef9500009c6000008b6a0000e4fc0000e7
:108044009db200009ced00001d9c00001bca0000b6
:10805400a3260000dd9c0000635b00003b88000059
:108064002bba0000223500002401000048ee000075
:10807400a04f00006e9600004e29000091aa000057
:10808400af56000047bd00007bdd0000a155000095
:1080940099d80000b5a10000479300007bcd0000f3
:1080a4007bcf000065de000050180000f2050000e0
:1080b40049f1000099d80000942100003f7d0000a0
:1080c40052c60000b1b40000e19f0000f07e000041
:1080d400606400008b300000e4ad00002c970000c9
:1080e400fb470000f7090000010400007bf40000d6
:1080f400f7a70000a8040000a57f000008580000ae
:10810400796d0000262700006ad00000d9af000076
:10811400c1c7000012230000e1ae000098a40000d3
:108124000fbc00001bfa00009d9100000b1500001d
:1081340015a50000245300001a130000e0c300003a
:1081440000950000389c0000364c0000cff600007b
:10815400a9bc0000c153000006040000f46f000035
:10816400bf570000e0a6000014a6000049700000fc
:108174007f3900002a4a00005a59000036330000b3
:10818400b90d0000472500003937000004770000ce
:108194007c450000ac1900009325000049e0000074
:1081a4007a7b0000a2c60000957600008d3c00009a
:1081b40079b10000a7c3000083630000032300001b
:1081c40047d70000acfb0000841600006f220000bb
:1081d400490b000097aa0000d5380000575e000044
:1081e4002bbb0000a7490000edd20000d57a0000a7
:1081f40096be00008df50000f946000056f500001b
:108204002fa70000a87a0000ff3f0000e7e8000065
:108214008cf1000048e8000046cb00004d2500002a
:10822400f9350000932f0000ce8b0000b8a90000a0
:10823400c5d30000d2270000718600006f720000d1
:10824400d9ca00004e900000d36d0000b13c00007c
:10825400d3cb0000c93000003a260000459d000041
:10826400664400005c5f0000d8e30000907c0000de
:108274001bd8000082dd0000d3840000d4c60000b7
:108284001b580000bf020000a53b0000100a0000bc
:108294003ee30000099400000b990000882b0000c5
:1082a40047a7000090890000c4480000253600005c
:1082b400db72000031ac0000f5a3000001150000e2
:1082c400d0e6000021610000eb59000072dc0000e0
:1082d4009400000000980000f7b00000f9fa0000d4
:1082e400c10a00007edc000069ce0000905e000040
:1082f400821100000b970000e299000055a20000d3
:108304003dfa0000eb880000bc4d0000c2540000a0
:108314008d5f0000dea30000e2480000132000008f
:1083240046c50000a081000004c400002b9a000090
:1083340084150000b89e00009b620000a1ec0000c0
:108344007d0800003cad0000214b000089fc0000ca
:10835400c69600007c3a0000413500008a130000f4
:10836400bd1b000043bf0000367a00004ece000063
:10837400709e00002af6000039330000c733000065
:108384004b3400007d2a000081fa0000252e0000f5
:10839400c5c40000a12800000ed500004d15000042
:1083a400e06900001271000019aa0000ff590000e2
:1083b4004881000056530000c9350000124d0000ea
:1083c4008469000091360000d8ad0000f754000025
:1083d400d58c0000f9c6000084120000622200005f
:1083e400f1b900002b1d0000a57c0000567a0000a6
:1083f4004d5a0000c4f000009d8f00005db50000e0
:108404009a7f0000e7b70000a85d00006d37000008
:108414000000000000000000e4f20000ea7a00001e
:1084240073f80000fc67000017f30000d960000037
:10843400090e00008b0f0000e2f9000083610000c8
:10844400df53000069d00000ee42000051b5000087
:108454005148000064f80000dd3e0000eea7000073
:1084640047f000007c4b0000bb2b00008ee20000b4
:108474008b600000576300004b9b0000aa6700005c
:1084840063ea0000a3d500007c43000041a900007a
:1084940054740000d2860000c31100004269000039
:1084a400c50900003e8f000094af0000c59900008c
:1084b400bbbb0000ac6100006461000001f200007d
:1084c400d3590000b141000050910000166c000027
:1084d400cc9b0000ec5c0000fe3b0000b3ec000011
:1084e4006ed70000f10e00005a8a00005f1d0000e4
:1084f400b0c500007654000026070000bc660000ea
:10850400f0ed0000519a00001fe80000f751000050
:10851400588e00001e800000991f0000eed6000057
:1085240043cc0000fa2f0000ae800000f2a8000047
:10853400a8ae0000437c000080760000d41a00003e
:10854400d473000074610000dfbf0000296f0000d5
:10855400561500009307000058920000f11d00001a
:10856400e87b000068b200005420000030010000e5
:108574002dc50000d8fd000061500000140f00005c
:10858400584c00001a540000001200007e460000ff
:10859400990c00009dd10000a3040000f1820000aa
:1085a40017fe0000fc120000e575000081af00001a
:1085b400ff3d000008d50000398700004a8e000006
:1085c400f07a0000d4d00000d6cf0000a9d6000075
:1085d4005948000041c2000068e30000a4350000cf
:1085e400458d0000141a0000c400000000000000c3
:1085f40000000000448900002c630000c8af0000a4
:108604007bac00003543000027be00007ecf000095
:10861400564000003da50000ac0f000097cc0000c0
:10862400d46e0000d0310000d71400006045000073
:10863400aedf00000aaa000033b3000088e00000a7
:108644001c260000dc000000b8750000c8670000ac
:1086540011a10000b587000071f900004a6a00000a
:10866400ec3f00000e41000021c200004f920000c8
:108674008f17000053ee0000d5ea00004f91000070
:108684007502000059000000000000000294000080
:10869400e4da00004ab30000aaa700002e9c000000
:1086a400c7800000465e0000bd060000331d0000c8
:1086b400d85d00009f5f0000777300000a7d000012
:1086c400386b0000a70e00008f4e00007d010000f3
:1086d400da44000074d20000f17a00002f7f000019
:1086e400e1ec0000f1a500007d0300003b2f000039
:1086f40017b60000e80d0000333c00002191000093
:10870400915b0000302c000011c60000586a000084
:10871400e43500001bb50000a8470000b3ff0000cb
:10872400d09600000e4800004e970000376000000d
:1087340012040000ffcb0000a5f500001d4000005e
:108744009cdf0000361200003dd900002a720000b0
:10875400dae800008be400005bcf0000e938000099
:1087640052ec00002ca00000f7790000ad200000be
:108774007059000020620000739c0000e346000072
:1087840009c9000012d4000077550000074b00000f
:108794006a2600001e5d000007780000104e0000ed
:1087a4004ada00005ef600003b9b00008dfd0000ed
:1087b40048d00000bbaa0000212e0000f5df000015
:1087c400854c0000a71d00001a2600001ba0000015
:1087d400828600007f4b000002d20000f660000099
:1087e400c98600000c1d0000bf73000069860000ec
:1087f400184b000044bc000074e500008217000020
:1088040093b500000a56000008b700004a73000040
:10881400b8040000d2140000215e00002ca0000067
:10882400e0c20000015f0000dece0000642a000008
:10883400d86500002bf0000074e3000054bf000072
:10884400a09b000050ba0000020000002c9500001c
:10885400ce2a00004fcf00002b2b00000e9b0000ff
:10886400dd8f0000675b000054a10000472e00006c
:10887400842e000024fa000034e000005a100000a6
:108884003bcf0000afe20000ed280000d11700004c
:108894006b9a00001b4900006cfc0000cb7a0000be
:1088a400740900002a4100005aff0000a1f50000ed
:1088b40098c600000cd2000069830000d2c30000f7
:1088c400698700005e7e0000bbfc0000c0d1000090
:1088d400c1170000d79b0000e153000070b70000ef
:1088e40043d000003825000026490000405b00000a
:1088f40057ba000049320000aa9f000039aa0000bc
:108904008e73000000850000137900006df10000f3
:10891400912f00009ea30000a06500007c7d000054
:1089240053b4000070530000016b0000925f00001c
:1089340038f10000d73d00007ad60000077200002d
:108944007adb0000a1650000a507000041000000db
:108954004beb0000c5d000003beb00003061000091
:10896400420d00004ba30000d80700008b1200004a
:10897400f58900003d7c0000fb2e000079a7000073
:10898400bcd50000bf7200009ad800001539000061
:10899400ad25000070d100006cb000005dbb00008c
:1089a400f43a0000f660000056fa0000f2a5000058
:1089b40028ae00000d760000b3790000f14b0000f2
:1089c400c72e00006eb600006162000022d90000cc
:1089d400a73000002345000021de0000478c000082
:1089e400ebe500004c8b00004e790000a09d0000d8
:1089f40095b3000005aa0000afec0000e674000087
:108a040073f00000dc370000ad9300003b20000051
:108a14006da10000d8cf0000f97e00009ec60000c2
:108a2400bb40000064560000a61800007528000032
:108a3400d2ba0000786400005c4800004570000071
:108a4400358c0000499a0000454a00006df2000090
:108a54009c8d0000480a0000612e0000e3d4000051
:108a6400eea80000294000004b530000bb56000054
:108a740039ce0000816c0000fd370000a0790000b1
:108a84001cc70000941700006c370000ea97000030
:108a9400f4d80000d49f00009f3000004fe5000090
:108aa400a4080000b86b0000aeb90000bc4f000081
:108ab4006120000044df000092db00001e0400007f
:108ac40083c00000a12c000009d80000df210000b1
:108ad400f020000004800000af73000091bc00008f
:108ae4000eba0000e4f700009b3600003c300000a2
:108af400f1b40000badc0000fa650000f22b0000bb
:108b04001d1800004e16000062d40000ac8b00005b
:108b140021a50000a2f1000032c30000c9650000d5
:108b2400632d0000316b0000b88f0000e1240000c9
:108b34009387000004990000e6bd0000ba280000f5
:108b440030630000daac0000c7990000378a0000e7
:108b540086660000b3440000d5840000aaa100008a
:108b640053420000a03800001e5d0000f70500001d
:108b740029e70000ca2a00000b6a0000abce0000ff
:108b8400f03a0000f3900000e6d1000025a10000b7
:108b9400331c0000339900007d240000d1740000d0
:108ba40023fc00006f7d0000dba70000e9c2000089
:108bb400de170000122d00001cb300007e880000a8
:108bc4000000000000000000000000000308000096
:108bd400757d00009a49000037af00006004000072
:108be4007cbc0000d31c00005370000034970000cc
:108bf400ebe10000cd30000079a200008694000073
:108c0400585a000099c2000069d70000b23200002f
:108c1400626c00000a36000069b1000035480000ab
:108c240041ce0000799600007a0d00002d3300003b
:108c3400bf4d00002fb80000d8b30000fbe40000d3
:108c440071930000b91800000d510000abbb000087
:108c540009d900000dd70000671e00004728000056
:108c6400c7f70000ce60000058280000235e000013
:108c740095fc00002bdb0000f90d00001fab000089
:108c840049e60000d0a700003779000020e4000086
:108c9400cf050000e364000021ac0000dfb1000058
:108ca400e8f90000e04c00003b5e00008968000029
:108cb4002a480000c56400000edb0000f1530000e8
:108cc4008b1a00002ff600000c1800009c520000c4
:108cd4009b2100002e4a0000e7d60000bbb700002d
:108ce4001a0a000022ab00004afd0000d302000073
:108cf4007d210000ffb900000e0f000029ab000029
:108d0400acf40000445e00000fd50000f3570000ef
:108d1400e54f0000617200004eba000055370000b4
:108d24008f9a00001cd40000b8300000af0a000085
:108d3400951a000013860000d40a0000835c00002a
:108d4400991b00002bc0000093f5000013f50000f0
:108d5400eafb00006f750000746c00002e770000c1
:108d6400c3440000c538000062b90000f5ac00003f
:108d740058b40000966e0000a4a5000045b500009c
:108d84001b7c00009d21000095160000ee290000c8
:108d94005720000012bb0000f80a00002325000041
:108da400ac510000fd7a0000e09d000043b00000db
:108db400276f00002adf000004080000d3f1000040
:108dc4001d3c0000128d0000aff20000d7b9000076
:108dd400029d000046e30000abff000061c80000f4
:108de400612b000019c80000c1a100006d0a000039
:108df400a7440000fab50000a8d700001e530000e5
:108e0400156f00007a48000041e9000030b5000009
:108e1400ade20000f0700000406a0000f331000091
:108e2400dd19000050e50000bcb400003d830000e3
:108e34009fdf0000c825000027900000405b000071
:108e44003204000047810000fa530000b40a000015
:108e5400401500007a7400005bdb000024ab0000c6
:108e64003ab7000091e3000044b700004707000050
:108e740039900000d2f50000a9080000465800000f
:108e8400dc32000010a3000047320000044500005b
:108e94004413000071ac00002ea70000c97100004b
:108ea400d0f90000517e0000cae5000009a80000c6
:108eb4001e7700005b3a000008aa0000431c000073
:108ec400d68d000060910000466d000064560000dd
:108ed4009e1600002ece0000b3990000c8f60000d4
:108ee4005527000013840000bc8a0000b3c80000aa
:108ef400f51a000072f700006a0c000046950000a5
:108f04002f4a000086b60000d298000094f10000b9
:108f1400c33700000e0c000087110000567e0000cd
:108f2400afda0000222900006feb0000faec000029
:108f340096e00000276b000042a1000070090000c9
:108f44001aad000048880000dafc0000e13b000094
:108f540062950000285600007028000003b200004b
:108f6400586700008d0a0000ea9a00001595000079
:108f7400515f00008307000009200000bf37000094
:108f8400aff700000a7400003ca5000052f1000095
:108f9400e3f5000058300000e1170000de980000ff
:108fa400f13800007bf00000afbd0000165900004e
:108fb400529900006c74000070480000771400009f
:108fc400ff53000041840000bcc50000372f00009f
:108fd400718400003df50000467c000063e0000061
:108fe40000a0000056070000f78c00006357000043
:108ff400be5400005ce10000fdac000035fa000046
:10900400c2d50000f25a0000be7c0000318e000080
:10901400bddb0000fe4d0000036f00005ea60000f3
:109024001f2300002dca000068f00000c6140000d1
:10903400ccc300003ef0000021d40000402a000010
:1090440072b600007ee2000085d600008afb0000b4
:109054004851000027770000e4cb0000cd2f00002a
:10906400f6e10000bcfe0000eda10000145f00006a
:10907400e5320000fccf0000d9fb00002fe900001e
:10908400ad7d00002d680000e79a000015950000f2
:109094006a4a0000e4ab0000e4eb0000e00d0000cd
:1090a40040bd0000ef8f0000b9750000b439000026
:1090b400086d0000c09f000004ff0000ccde00002b
:1090c400133000004eb60000e4e00000cb6900005d
:1090d400e5c600001c2f0000436a00006325000061
:1090e40072d50000dfbd0000dc0b0000e9080000c1
:1090f4009d3d0000266f0000c3890000f8180000a1
:10910400ac420000bf4e00009d5d000028b000008e
:1091140026410000367600008d86000084fa0000a7
:10912400d8d400006758000019690000202d000001
:1091340035fe000009d900008cfd0000f921000073
:10914400a1570000df170000ae8e0000cbc900005d
:109154007f26000054de00001043000072dd000092
:10916400bc180000b9340000f9ab000070f900002d
:10917400744d00008e6d00002a33000014060000b8
:10918400d0710000e6ad0000aabe0000862e0000eb
:109194009a8d000087880000af0300009fcb000079
:1091a400f87800009a66000038090000cdae00008f
:1091b40089c20000ccaf00006a1600001409000048
:1091c40048ae00009b550000e40f0000a586000097
:1091d400a17500007f7c0000ef0d0000cb3a000079
:1091e400b30d00001f02000000000000000c00008e
:1091f400801f0000b4f40000e0a6000041cc000091
:10920400870000004061000043e70000fcb4000058
:10921400000000000001000024ca000045340000e2
:10922400253c000039ff0000098c0000398500004e
:109234005a5b0000cc2700003cbd0000284300001e
:1092440086450000179a00004e35000024a4000053
:1092540023a20000fdca00006cd40000fbba000089
:10926400e7410000b3fb00007c55000007b5000097
:109274006e3e0000b129000072cc000038ea000004
:109284002730000080b900008cb80000ee540000c4
:10929400ab3e0000dbdd000006d0000095ea0000d4
:1092a4003e420000886b0000ae890000c7e8000061
:1092b4004c380000b6930000f6be00004c200000bd
:1092c4004a8c0000ce2b000022d20000724900001c
:1092d4004618000056800000706700005afa00002b
:1092e400c0ca00006d53000021ca0000e3860000dc
:1092f40068910000d37c0000a9d50000ad6a00008d
:1093040072a10000fe530000e940000085ea00005d
:1093140062a90000637500003a2d0000ec9b000078
:10932400fe580000d87300002052000010430000d3
:109334005c2d0000b4210000b99600001f720000eb
:109344006dba000042ea0000f2850000be5200003f
:1093540012a70000b13e00002b890000ef0f0000af
:10936400730500007c990000c3c500005f960000ef
:1093740053f80000af9b00007a490000a0440000ad
:109384005460000055f00000103a0000608d0000a9
:109394009050000065ae0000f7790000db2e00005d
:1093a40008f90000bbf20000d2780000d08600006b
:1093b400b5940000a10e0000b981000089b7000037
:1093c400f9c0000043e800008f38000019da0000fb
:1093d400ed2f0000a75c0000db010000b3380000a3
:1093e400cee60000c3f20000d5aa0000879e00006c
:1093f400116f0000d8050000f0720000abd9000026
:10940400a10f0000ff460000e94a00008c000000a4
:1094140093e90000866f00006b14000070be00002a
:10942400b1b8000089c90000cc7d00001a11000009
:10943400d2790000fbd90000d72400001394000067
:109444008f0100009c4b000069330000660100009e
:109454008298000088f800004c130000310f0000cf
:1094640058c1000006110000300000000000000098
:1094740000b4000089910000349b000089fc0000c6
:1094840075cd000011ca00001a6f0000fa710000c7
:10949400d6450000e70f0000eb39000009b30000d7
:1094a4005a1300001faa00003a930000cf8d000059
:1094b4006eca0000ec2c00008ec50000831b000067
:1094c4005ad60000d1890000ac0200004fcb000046
:1094d4000f25000076960000e05d00002cff0000e0
:1094e400a7ea0000ea920000f17200005bee0000bf
:1094f40008d80000848a0000a9590000e312000083
:1095040077da0000d6ca00004e3600002d7c000039
:10951400a4130000d1e800001831000099020000f3
:10952400540a0000d07a000074a00000ad2c0000a2
:10953400834a00006ff10000b15000001b6400007a
:1095440069e80000842f00002cc80000eb9500009f
:109554003da5000018c700004b820000fc880000f5
:10956400e1d300007b0e0000be100000ba650000cd
:10957400028500009b4600009a3700007a770000bd
:109584004dc20000c4530000306700009154000035
:10959400f63d00003944000043420000132e000051
:1095a40009290000fd500000a6da000094ce000056
:1095b40086970000102b00005c1c000009cd000001
:1095c4000ffc000015dc0000543b000053e10000d8
:1095d4007ca70000e1fd000047c20000af7e000050
:1095e400ea34000000000000000000000c6f0000de
:1095f400e65c0000043000006c840000c7510000e9
:10960400e3b500005f3400009edd000005000000ab
:1096140000000000000c00001cd40000bcfb000093
:10962400cd3a0000aebc0000529200005485000008
:109634002ced00000ffb0000000000000000000003
:10964400f8730000105d0000d81f000006e0000061
:10965400a159000026b40000393f0000c1190000e0
:10966400f9d40000be4f0000f4330000ec3f0000ca
:109674003ffe00008f910000d0440000f212000071
:10968400789000009e790000a9270000ee050000f4
:10969400cb9f00005a4b000015de00006739000024
:1096a400181f0000e73a00000a41000098e7000094
:1096b400dea7000028a00000d35400006633000099
:1096c40079b500003a830000375f000025400000b0
:1096d40070470000b87900006b620000963f0000fc
:1096e40048ea00009f6e0000cb350000e16f0000e7
:1096f4002dc40000c24b00009ba700004d050000d4
:10970400790e00001cfe0000095a00009f8700002b
:10971400227a0000131b00009f9900004d050000f1
:10972400db15000073d8000065fe0000395e000000
:10973400a44300007b6c000079bd0000739100001d
:109744004c9b00004c94000018870000ea6800005d
:10975400a74400009f5c000036660000fd41000045
:10976400145e0000b18e0000eb450000da770000c3
:109774000ee00000ec5e0000f40d0000bf410000ac
:10978400c6480000f0150000d8600000f740000053
:10979400762300007b1c0000e559000044500000c3
:1097a40030ce0000064e0000c5a6000070c30000c5
:1097b40018170000a2370000acbf00002c6f000097
:1097c400bc9b00003f58000012110000103900003b
:1097d40000180000db7d00000bd200002cee00001e
:1097e4000aaf0000769400007ac100005c210000fa
:1097f400d26100009f1d00007a96000095df0000f2
:10980400a451000081e600001bd500007c36000056
:1098140044f0000060ff00003af6000032ec000063
:109824008fe000009ac70000e3bc0000adeb00002d
:10983400a6940000714b00006d00000000000000c1
:109844000000000000380000974c000036a2000021
:1098540075ff0000fb3f0000eb600000e1310000f9
:10986400b1bc0000327700006cbd000049930000d9
:109874004bc2000007ba0000f0670000fd6800005a
:10988400caf50000a4ff00002a5e0000e2be00004a
:10989400b5690000b2a00000639300001bb400008f
:1098a400bd46000012fa0000ee8800005f4600008a
:1098b400dfb20000bae80000ba54000047ea000032
:1098c4000000000018fa000008910000779b0000d7
:1098d4001c8700008b010000709e0000c005000082
:1098e4002baa0000d7af000030a80000018b0000b5
:1098f40028a00000f5950000993200005f000000e8
:10990400000000000000000000080000c4ef000098
:10991400654500003cc300006def0000b834000052
:109924009d1c00000000000000000000000000007a
:10993400000000000466000086f20000bc9d0000e8
:1099440087970000be000000000000000000000037
:1099540008dd000058dd0000530f00007dec00001e
:10996400930b0000b95b0000e3000000000000005e
:109974000000000000000000000800007615000050
:10998400dfc70000682f0000a8f800004d33000076
:109994008fae000000000000000000000000000086
:1099a4000000000008840000c3e80000cb9c000015
:1099b4007180000009d7000011630000210000003d
:1099c400000000000000000000000000000400008f
:1099d4000ec60000f05000009e0a0000a799000087
:1099e4000000000000000000001400009a5a00006b
:1099f400f9aa00005f060000df5c00005237000097
:109a04004b3900000c7e000018c10000abd60000ea
:109a140036f5000078bd00009f79000000000000ca
:109a2400000e0000f2330000610e0000c30b0000c2
:109a34005a240000023f0000423500003da400000b
:109a4400adc50000305000000000000076e70000c3
:109a5400e34500000866000018210000ebdd00006b
:109a640014760000f8f1000055e800003b9d00006a
:109a74008b93000092ff0000a780000034380000a0
:109a8400c2ad00007cff0000bd2300002b0b0000d2
:109a94002c5f0000eac0000095000000fb8c000071
:109aa400376b00008a420000913e0000efd60000b0
:109ab40051430000216f0000803e0000bdf2000011
:109ac400b324000007a50000924a0000765100006c
:109ad400317200003547000025e70000b9d00000ce
:109ae400f4c20000dd520000353a000023c4000037
:109af40016fa00002a8d000099d00000b953000026
:109b0400c21200005c3f0000ce8d0000dbd10000db
:109b1400c8d1000059e5000088ff00004911000089
:109b2400abab00007bd10000f2b400003749000069
:109b3400a0b10000fefe00006c080000761d0000cd
:109b44000b000000000000009af40000b16d00005a
:109b5400a0f2000020e4000017a700004d850000db
:109b6400b38e00007acb000087300000af110000f4
:109b740090200000a8190000ea22000007fa000063
:109b8400c14c0000e8fc0000a20300008f2a000082
:109b9400c5360000e4af0000669b0000ba0a00006e
:109ba400dd65000090da0000d727000062d90000cc
:109bb400193b0000abf60000668900002da50000eb
:109bc40030700000e9aa0000e2d90000c1230000bf
:109bd40047fd00009a2500004a5f000089620000ea
:109be400976100004b910000fc3400001bfc000056
:109bf40097b200007b870000f4540000fcd60000fc
:109c040036480000c287000079a30000c48f00001a
:109c140042b1000031470000dde80000d00a000036
:109c24007147000022f30000f49f0000287a00002e
:109c3400700c0000bc59000030e00000e413000088
:109c440024650000bd4c00000e6d00009e4d000018
:109c54001590000019720000c9280000b695000094
:109c64000e920000f97900005c640000b9b90000ac
:109c74007bd70000dcb40000b9b40000967f00007c
:109c840072550000ae000000001e0000b00200008b
:109c94008e450000bdf00000a5900000b730000024
:109ca40012400000b64000009cf100006263000016
:109cb400726d0000f0ba00001af60000f0400000d7
:109cc4006a470000a2fc00009bd800007019000045
:109cd400000000000000000000000000001a000066
:109ce400f5240000f64d00002f640000fdf700008d
:109cf400c3fd0000a74500005d940000318f000003
:109d0400d69f00005d21000066410000d4390000a8
:109d140051af0000618c00001e9f00000000000095
:109d24000000000006110000e97a000088310000fc
:109d3400e1260000b61c00007400000000000000d2
:109d440006f5000098350000171a0000ab19000052
:109d54003a8c0000c6000000000000000e7e0000e7
:109d640014d000006e4400001c660000616700000f
:109d7400f18e00002872000030d20000bf7d000088
:109d84006f000000000800001799000062ee000058
:109d940078180000543a0000d57f000061ac000040
:109da40000000000000000000000000000000000af
:109db400108300003e2c0000924f00005a980000cf
:109dc40059970000fb82000097ad0000c8730000a3
:109dd400a26c00000d060000cf000000000000008f
:109de40000000000000000000a690000daeb000037
:109df4009ef70000677f0000dee80000830b000090
:109e0400465a00003f00000000000000000000006f
:109e140000020000b36000007fdc0000a3ff00002c
:109e2400000000000000000000000000001400001a
:109e34008ecf0000a265000072ce00003e1100002b
:109e4400392d000094940000478e0000c78c000058
:109e5400706b00007c4900008e3c0000d74c000071
:109e64000000000000020000c8770000a5fd00000b
:109e7400ba9a00000000000000000000000000008a
:109e8400000a00001a1b0000d94a000083030000e6
:109e9400dfe20000756e000028d90000631f000097
:109ea4000000000000000000000000000218000094
:109eb400272700008f4b0000e7000000000000008f
:109ec40000000000000000000000000000a90000e5
:109ed4000200000000000000c90000009201000020
:109ee4005b02000024030000ed030000b604000040
:109ef4007f0500004806000011070000d907000094
:109f0400a20800006a090000330a0000fb0a0000ee
:109f1400c40b00008c0c0000540d00001c0e00004b
:109f2400e30e0000ab0f0000721000003a110000b5
:109f340001120000c81200008f1300005514000025
:109f44001c150000e2150000a81600006e170000a2
:109f540033180000f9180000be190000821a00002e
:109f6400471b00000b1c0000cf1c0000931d0000c9
:109f7400571e00001a1f0000dd1f00009f20000074
:109f84006121000023220000e5220000a623000036
:109f94006724000028250000e8250000a82600000a
:109fa4006727000026280000e5280000a3290000f8
:109fb400612a00001f2b0000dc2b0000992c0000fc
:109fc400552d0000112e0000cc2e0000872f00001c
:109fd40041300000fb300000b53100006e3200005b
:109fe40026330000df330000963400004d350000b6
:109ff40004360000ba3600006f3700002438000031
:10a00400d93800008c390000403a0000f23a0000d0
:10a01400a53b0000563c0000073d0000b83d000091
:10a02400683e0000173f0000c53f00007340000079
:10a0340021410000ce4100007a4200002543000087
:10a04400d04300007a44000024450000cd450000c0
:10a05400754600001c470000c34700006948000023
:10a064000f490000b4490000584a0000fb4a0000b0
:10a074009d4b00003f4c0000e04c0000814d00006f
:10a08400204e0000bf4e00005d4f0000fb4f00005b
:10a094009750000033510000ce5100006852000078
:10a0a400025300009b53000032540000c9540000c6
:10a0b40060550000f55500008a5600001d57000049
:10a0c400b057000042580000d35800006459000003
:10a0d400f3590000825a00000f5b00009c5b0000f3
:10a0e400285c0000b35c00003e5d0000c75d00001a
:10a0f4004f5e0000d75e00005d5f0000e35f00007c
:10a1040068600000eb6000006e610000f061000018
:10a1140071620000f162000070630000ee630000f1
:10a124006c640000e864000063650000dd65000005
:10a1340056660000cf66000046670000bc6700005a
:10a1440032680000a6680000196900008b690000ed
:10a15400fd6900006d6a0000dc6a00004a6b0000c3
:10a16400b76b0000236c00008e6c0000f86c0000dc
:10a17400616d0000c96d0000306e0000966e000035
:10a18400fb6e00005e6f0000c16f000022700000d3
:10a1940083700000e2700000407100009d710000b7
:10a1a400f971000054720000ae72000007730000e1
:10a1b4005e730000b57300000a7400005f74000051
:10a1c400b27400000475000055750000a575000008
:10a1d400f3750000417600008d760000d87600000b
:10a1e400227700006b770000b3770000fa77000055
:10a1f4003f78000084780000c778000009790000e7
:10a204004a79000089790000c8790000057a0000c5
:10a21400417a00007c7a0000b67a0000ee7a0000f1
:10a22400267b00005c7b0000917b0000c57b000066
:10a23400f87b0000297c0000597c0000887c000029
:10a24400b67c0000e37c00000e7d0000397d000038
:10a25400627d0000897d0000b07d0000d57d000096
:10a26400fa7d00001d7e00003e7e00005f7e00003f
:10a274007e7e00009c7e0000b97e0000d57e00003a
:10a28400ef7e0000097f0000217f0000377f00007f
:10a294004d7f0000617f0000747f0000867f000016
:10a2a400977f0000a67f0000b47f0000c17f0000fc
:10a2b400cd7f0000d87f0000e17f0000e97f00002f
:10a2c400f07f0000f57f0000f97f0000fd7f0000b3
:10a2d400fe7f0000ff7f0000fe7f0000fd7f000086
:10a2e400f97f0000f57f0000f07f0000e97f0000a7
:10a2f400e17f0000d87f0000cd7f0000c17f000017
:10a30400b47f0000a67f0000977f0000867f0000d6
:10a31400747f0000617f00004d7f0000377f0000e4
:10a32400217f0000097f0000ef7e0000d57e000041
:10a33400b97e00009c7e00007e7e00005f7e0000ef
:10a344003e7e00001d7e0000fa7d0000d57d0000e9
:10a35400b07d0000897d0000627d0000397d000031
:10a364000e7d0000e37c0000b67c0000887c0000c9
:10a37400597c0000297c0000f87b0000c57b0000ac
:10a38400917b00005c7b0000267b0000ee7a0000dd
:10a39400b67a00007c7a0000417a0000057a000059
:10a3a400c8790000897900004a7900000979000021
:10a3b400c7780000847800003f780000fa77000036
:10a3c400b37700006b77000022770000d876000096
:10a3d4008d76000041760000f3750000a57500003d
:10a3e4005575000004750000b27400005f7400002d
:10a3f4000a740000b57300005e7300000773000068
:10a40400ae72000054720000f97100009d710000ea
:10a4140040710000e27000008370000022700000b0
:10a42400c16f00005e6f0000fb6e0000966e0000be
:10a43400306e0000c96d0000616d0000f86c000012
:10a444008e6c0000236c0000b76b00004a6b0000a8
:10a45400dc6a00006d6a0000fd6900008b69000081
:10a4640019690000a668000032680000bc6700009b
:10a4740046670000cf66000056660000dd650000f8
:10a4840063650000e86400006c640000ee63000093
:10a4940070630000f162000071620000f06100006e
:10a4a4006e610000eb60000068600000e35f000084
:10a4b4005d5f0000d75e00004f5e0000c75d0000d6
:10a4c4003e5d0000b35c0000285c00009c5b000063
:10a4d4000f5b0000825a0000f35900006459000029
:10a4e400d358000042580000b05700001d57000028
:10a4f4008a560000f555000060550000c95400005c
:10a50400325400009b5300000253000068520000c4
:10a51400ce5100003351000097500000fb4f000063
:10a524005d4f0000bf4e0000204e0000814d000032
:10a53400e04c00003f4c00009d4b0000fb4a000033
:10a54400584a0000b44900000f490000694800005f
:10a55400c34700001c47000075460000cd450000bd
:10a56400244500007a440000d04300002543000045
:10a574007a420000ce4100002141000073400000f7
:10a58400c53f0000173f0000683e0000b83d0000d2
:10a59400073d0000563c0000a53b0000f23a0000d5
:10a5a400403a00008c390000d938000024380000fb
:10a5b4006f370000ba360000043600004d35000045
:10a5c40096340000df330000263300006e320000b2
:10a5d400b5310000fb30000041300000872f00003f
:10a5e400cc2e0000112e0000552d0000992c0000e7
:10a5f400dc2b00001f2b0000612a0000a3290000af
:10a60400e52800002628000067270000a82600008f
:10a61400e82500002825000067240000a623000088
:10a62400e522000023220000612100009f20000099
:10a63400dd1f00001a1f0000571e0000931d0000bc
:10a64400cf1c00000b1c0000471b0000821a0000f6
:10a65400be190000f9180000331800006e1700003e
:10a66400a8160000e21500001c1500005514000097
:10a674008f130000c8120000011200003a110000fc
:10a6840072100000ab0f0000e30e00001c0e00006f
:10a69400540d00008c0c0000c40b0000fb0a0000e9
:10a6a400330a00006a090000a2080000d90700006c
:10a6b40011070000480600007f050000b6040000f2
:10a6c400ed030000240300005b020000920100007f
:10a6d400c90000000000000037ff00006efe00000b
:10a6e400a5fd0000dcfc000013fc00004afb000098
:10a6f40081fa0000b8f90000eff8000027f8000024
:10a704005ef7000096f60000cdf5000005f50000a8
:10a714003cf4000074f30000acf20000e4f100002b
:10a724001df1000055f000008eef0000c6ee0000a1
:10a73400ffed000038ed000071ec0000abeb000011
:10a74400e4ea00001eea000058e9000092e8000074
:10a75400cde7000007e7000042e600007ee50000c8
:10a76400b9e40000f5e3000031e300006de200000d
:10a77400a9e10000e6e0000023e0000061df000042
:10a784009fde0000dddd00001bdd00005adc000060
:10a7940099db0000d8da000018da000058d900006c
:10a7a40099d80000dad700001bd700005dd600005e
:10a7b4009fd50000e1d4000024d4000067d300003a
:10a7c400abd20000efd1000034d1000079d00000fa
:10a7d400bfcf000005cf00004bce000092cd00009b
:10a7e400dacc000021cc00006acb0000b3ca000020
:10a7f400fcc9000046c9000091c80000dcc7000085
:10a8040027c7000074c60000c0c500000ec50000c4
:10a814005bc40000aac30000f9c2000048c20000e3
:10a8240098c10000e9c000003bc000008dbf0000db
:10a83400dfbe000032be000086bd0000dbbc0000ad
:10a8440030bc000086bb0000dcba000033ba000054
:10a854008bb90000e4b800003db8000097b70000d1
:10a86400f1b600004cb60000a8b5000005b5000024
:10a8740063b40000c1b3000020b300007fb2000045
:10a88400e0b1000041b10000a3b0000005b0000039
:10a8940069af0000cdae000032ae000098ad0000fc
:10a8a400feac000065ac0000ceab000037ab00008e
:10a8b400a0aa00000baa000076a90000e3a80000eb
:10a8c40050a80000bea700002da700009ca6000011
:10a8d4000da600007ea50000f1a4000064a4000001
:10a8e400d8a300004da30000c2a2000039a20000ba
:10a8f400b1a1000029a10000a3a000001da0000038
:10a90400989f0000159f0000929e0000109e00007a
:10a914008f9d00000f9d0000909c0000129c000081
:10a92400949b0000189b00009d9a0000239a00004d
:10a93400aa99000031990000ba98000044980000d8
:10a94400ce9700005a970000e79600007596000025
:10a95400039600009395000024950000b69400002f
:10a9640049940000dd9300007293000008930000f6
:10a974009f92000037920000d09100006a9100007d
:10a9840005910000a29000003f900000de8f0000bf
:10a994007d8f00001e8f0000c08e0000638e0000bb
:10a9a400078e0000ac8d0000528d0000f98c000071
:10a9b400a28c00004b8c0000f68b0000a18b0000e1
:10a9c4004e8b0000fc8a0000ab8a00005b8a00000a
:10a9d4000d8a0000bf8900007389000028890000e7
:10a9e400de880000958800004d880000068800007d
:10a9f400c18700007c87000039870000f7860000cb
:10aa0400b68600007786000038860000fb850000cb
:10aa1400bf850000848500004a850000128500007f
:10aa2400da840000a48400006f8400003b840000ea
:10aa340008840000d7830000a78300007883000007
:10aa44004a8300001d830000f2820000c7820000d8
:10aa54009e82000077820000508200002b8200005a
:10aa640006820000e3810000c2810000a181000091
:10aa74008281000064810000478100002b81000076
:10aa840011810000f7800000df800000c980000011
:10aa9400b38000009f8000008c8000007a8000005a
:10aaa400698000005a8000004c8000003f80000054
:10aab40033800000288000001f8000001780000001
:10aac400108000000b80000007800000038000005d
:10aad400028000000180000002800000038000006a
:10aae400078000000b800000108000001780000029
:10aaf4001f80000028800000338000003f80000099
:10ab04004c8000005a800000698000007a800000b8
:10ab14008c8000009f800000b3800000c98000008a
:10ab2400df800000f7800000118100002b8100000d
:10ab3400478100006481000082810000a18100003f
:10ab4400c2810000e3810000068200002b82000025
:10ab540050820000778200009e820000c7820000bd
:10ab6400f28200001d8300004a8300007883000005
:10ab7400a7830000d7830000088400003b84000002
:10ab84006f840000a4840000da84000012850000b1
:10ab94004a85000084850000bf850000fb85000015
:10aba4003886000077860000b6860000f78600002d
:10abb400398700007c870000c187000006880000f8
:10abc4004d88000095880000de8800002889000078
:10abd40073890000bf8900000d8a00005b8a0000b1
:10abe400ab8a0000fc8a00004e8b0000a18b0000a1
:10abf400f68b00004b8c0000a28c0000f98c000046
:10ac0400528d0000ac8d0000078e0000638e0000a2
:10ac1400c08e00001e8f00007d8f0000de8f0000bc
:10ac24003f900000a2900000059100006a9100008e
:10ac3400d0910000379200009f920000089300001a
:10ac440072930000dd93000049940000b694000064
:10ac5400249500009395000003960000759600006b
:10ac6400e79600005a970000ce9700004498000031
:10ac7400ba98000031990000aa990000239a0000b4
:10ac84009d9a0000189b0000949b0000129c0000f9
:10ac9400909c00000f9d00008f9d0000109e0000fe
:10aca400929e0000159f0000989f00001da00000c8
:10acb400a3a0000029a10000b1a1000039a2000056
:10acc400c2a200004da30000d8a3000064a40000a9
:10acd400f1a400007ea500000da600009ca60000c3
:10ace4002da70000bea7000050a80000e3a80000a4
:10acf40076a900000baa0000a0aa000037ab000050
:10ad0400ceab000065ac0000feac000098ad0000c6
:10ad140032ae0000cdae000069af000005b0000007
:10ad2400a3b0000041b10000e0b100007fb2000018
:10ad340020b30000c1b3000063b4000005b50000f7
:10ad4400a8b500004cb60000f1b6000097b70000ab
:10ad54003db80000e4b800008bb9000033ba00002d
:10ad6400dcba000086bb000030bc0000dbbc000085
:10ad740086bd000032be0000dfbe00008dbf0000b3
:10ad84003bc00000e9c0000098c1000048c20000b8
:10ad9400f9c20000aac300005bc400000ec5000095
:10ada400c0c5000074c6000027c70000dcc700004f
:10adb40091c8000046c90000fcc90000b3ca0000e5
:10adc4006acb000021cc0000dacc000092cd000058
:10add4004bce000005cf0000bfcf000079d00000ab
:10ade40034d10000efd10000abd2000067d30000e3
:10adf40024d40000e1d400009fd500005dd60000fb
:10ae04001bd70000dad7000099d8000058d90000f9
:10ae140018da0000d8da000099db00005adc0000e0
:10ae24001bdd0000dddd00009fde000061df0000af
:10ae340023e00000e6e00000a9e100006de200006c
:10ae440031e30000f5e30000b9e400007ee5000012
:10ae540042e6000007e70000cde7000092e80000aa
:10ae640058e900001eea0000e4ea0000abeb000031
:10ae740071ec000038ed0000ffed0000c6ee0000ac
:10ae84008eef000055f000001df10000e4f1000019
:10ae9400acf2000074f300003cf4000005f500007f
:10aea400cdf5000096f600005ef7000027f80000dc
:10aeb400eff80000b8f9000081fa00004afb000036
:10aec40013fc0000dcfc0000a5fd00006efe000089
:10aed40037ff000025630000256c0000752e00007c
:10aee40025300000326c0000752000006d730000f6
:10aef400005b0000253700006c7500002e25000063
:10af04006c7500005d200000252d000037730000e3
:10af14002000000025300000347500002d250000bd
:10af240030320000752d000025300000327500001d
:10af34002025000030320000753a00002530000062
:10af4400327500003a250000303200007520000000
:10af54005554000043000000202800002530000064
:10af6400327500003a25000030320000753a0000c6
:10af74002530000032750000206c00006f63000073
:10af8400616c00002c20000055540000432b00008d
:10af940025640000290000002450000047470000f9
:10afa400554d00002c0000002530000032580000f0
:10afb4002c000000256c0000750000002a2500000c
:10afc40030320000580d00000a0000006e6f0000cf
:10afd400206d00006f640000756c00006174000057
:10afe400696f00006e000000746f00006f200000a5
:10aff4006d6100006e790000206200006974000039
:10b0040020650000727200006f720000730000007f
:10b01400202b0000205300004b310000207600005c
:10b02400696100002043000052430000000000005a
:10b03400202b0000207300006f66000074200000c5
:10b0440072650000747200007900000072650000ef
:10b054006d6f0000766100006c000000696e0000f6
:10b064007365000072740000696f00006e000000d8
:10b0740046520000414d0000450000002325000019
:10b084006c750000206300006f72000072200000e5
:10b09400256400002e2500003032000064200000ea
:10b0a400002d0000206e00006f740000206400007a
:10b0b400656300006f640000616200006c6500005d
:10b0c4002c2000006275000074200000256400003c
:10b0d4002e25000030320000642000006f6600005e
:10b0e40020690000742000006167000072650000a0
:10b0f4006573000020770000697400006820000078
:10b10400746800006520000066720000616d000034
:10b11400652000007072000065640000696300002f
:10b124007465000064200000627900002061000062
:10b134006e20000065610000726c0000696500000b
:10b14400722000006f6e000065200000287300006c
:10b154006e7200002025000064200000644200009c
:10b16400293a0000200000000d0a000000430000fe
:10b174004c4f0000434b000000530000594e0000a8
:10b1840043480000524f00004e4900005345000060
:10b19400442000002d2000006f6e00006520000098
:10b1a40064650000636f00006465000064200000b3
:10b1b40066720000616d000065200000636f00008e
:10b1c4006e660000697200006d6500006420000076
:10b1d4006279000020740000776f0000206d000089
:10b1e4006f720000652c000020740000696d00007f
:10b1f400652000007365000074200000746f000077
:10b20400200000006e6f00007420000073790000bd
:10b214006e630000687200006f6e000069730000c6
:10b22400656400002079000065740000202d000092
:10b23400206f00006e650000206d00006f7200003a
:10b24400652000006d6100007463000068690000ff
:10b254006e67000020660000726100006d650000ea
:10b26400206e00006565000064650000640d000048
:10b274000a0000002d2000006e6f00007420000002
:10b2840064650000636f000064610000626c00008c
:10b29400652c000020620000757400002025000069
:10b2a400642e00002530000032640000206f00008e
:10b2b40066200000697400002061000067720000cd
:10b2c4006565000073200000776900007468000061
:10b2d400207400006865000020650000787000009c
:10b2e400656300007465000064200000667200005d
:10b2f400616d000065200000287300006e7200007c
:10b30400202500006420000064420000293a000067
:10b3140020000000636f00006e6600006972000088
:10b324006d650000642c000020650000727200004e
:10b334006f720000200000002c20000078740000d0
:10b34400616c0000202500002b6c000064200000cc
:10b3540070700000620d00000a000000636f0000be
:10b364006e660000697200006d610000746900007f
:10b374006f6e0000206f0000757400007369000098
:10b3840064650000207400006865000020770000f8
:10b39400696e0000646f0000772c000020690000d3
:10b3a400676e00006f720000656400000d0a000003
:10b3b400002d0000206e00006f7400002064000067
:10b3c400656300006f640000616200006c6500004a
:10b3d40020280000257300002c200000736e00005c
:10b3e400722000002564000020640000422900004f
:10b3f4000d0a0000007300006e720000202500009a
:10b4040064200000644200002c20000066690000f3
:10b41400786500006420000025750000207300009a
:10b42400796d0000626f00006c2800007329000031
:10b4340025730000257300003a200000002000005e
:10b444006c650000617000002073000065630000fb
:10b454006f6e00006420000025730000206100006e
:10b464006e6e00006f7500006e630000656400007e
:10b4740000200000445300005420000063680000d2
:10b48400616e000067650000206100006e6e0000c0
:10b494006f7500006e63000065640000002000000a
:10b4a40074720000616e0000736d00006974000026
:10b4b40074650000722000006d610000696e000078
:10b4c400746500006e6100006e630000652000007a
:10b4d400706c0000616e00006e6500006420000066
:10b4e4002825000075290000006600007261000034
:10b4f4006d65000020610000677200006565000052
:10b504007320000077690000746800002063000065
:10b514006c6f0000636b00002c200000657200005b
:10b52400726f00007220000000530000594e0000aa
:10b5340043480000524f00004e49000053450000ac
:10b54400442000002d200000747700006f200000cc
:10b5540066720000616d00006573000020610000e8
:10b5640067720000656500002c200000746900000b
:10b574006d650000207300006574000020740000f5
:10b584006f2000000053000054450000505000009c
:10b5940045440000202d0000206300006c6f000073
:10b5a400636b00002077000061730000206f0000cf
:10b5b400666600002062000079200000256c00000f
:10b5c400642000006d7300002c200000636f0000f5
:10b5d4006e660000697200006d6500006420000062
:10b5e4006279000020740000687200006565000044
:10b5f40020660000726100006d650000730d00009c
:10b604000a0000006e6f00007420000073790000cf
:10b614006e630000687200006f6e000069730000c2
:10b62400656400002079000065740000202d00008e
:10b634002077000061690000746900006e670000f3
:10b64400206600006f72000020610000207300007b
:10b65400656300006f6e00006420000066720000e5
:10b66400616d000065200000746f0000206300001d
:10b674006f6e000066690000726d00000d0a000024
:10b6840000520000454a00004543000054450000b4
:10b69400442000002d20000066720000616d00004f
:10b6a40065200000646900006666000065720000a1
:10b6b40073200000667200006f6d000020630000bc
:10b6c4006c6f0000636b00002062000079200000b2
:10b6d400256c0000642000006d7300002028000029
:10b6e4006b6500007074000020610000732000008e
:10b6f400636100006e64000069640000617400000e
:10b70400652900000d0a00000052000041570000a6
:10b714000025000030320000582000000020000006
:10b724002d20000063680000656300006b200000aa
:10b734005349000034370000333500002c2000004a
:10b74400696e0000637200006561000073650000ab
:10b7540020670000616900006e2000005232000082
:10b7640037000000202d0000206900006e630000f7
:10b7740072650000617300006520000067610000cd
:10b78400696e0000205200003237000000530000b0
:10b79400494700004e4100004c0000006c65000069
:10b7a400766500006c20000025330000752500003c
:10b7b400252000005b250000735d000020000000d0
:10b7c400434c000049500000504900004e4700001f
:10b7d400202800002575000020730000616d000022
:10b7e400706c000065730000290000004e4f0000db
:10b7f4002f56000045520000592000004c4f000015
:10b804005720000041550000444900004f0000004b
:10b814002c200000766f00006c7500006d65000040
:10b8240020250000752f000036330000006c000056
:10b834006f770000004f00004b00000068690000b3
:10b8440067680000002000002d20000064650000ef
:10b8540063720000656100007365000020670000ea
:10b86400616900006e2000005232000037000000c1
:10b874002c200000636500006e74000072650000f7
:10b88400202500006425000025000000207c000025
:10b89400206300006172000072690000657200009c
:10b8a400202500006c6400002e25000030320000ca
:10b8b4006c640000204800007a2000002825000065
:10b8c400632500006c6400002e2500003032000067
:10b8d4006c6400002920000025730000002c000087
:10b8e4002027000030270000206200006974000057
:10b8f4007320000061740000202500006420000013
:10b9040064650000672c0000206e00006f69000071
:10b9140073650000202500006420000064650000b9
:10b9240067000000207c00002072000061640000b9
:10b93400696f0000205200005353000049200000aa
:10b9440025750000206400004275000056200000a8
:10b95400534e0000522000002575000020640000b2
:10b96400420d00000a000000207c0000207200004c
:10b9740061640000696f0000204e00004f54000015
:10b984002052000045530000504f00004e44000078
:10b99400494e0000470d00000a0000005641000017
:10b9a4004c49000044000000484f00004c44000093
:10b9b4004f56000045520000202800003e3200008f
:10b9c40034200000682c0000206e00006f7400001a
:10b9d40020760000616c000069640000290000000a
:10b9e400535400004154000055530000002000004f
:10b9f400257300002c2000006c61000073740000ab
:10ba0400206700006f6f0000642000006672000071
:10ba1400616d000065200000256c000075200000a9
:10ba240073200000616700006f0000006e6f00006b
:10ba340020740000696d0000652000007965000035
:10ba440074000000207c0000206600007261000089
:10ba54006d650000732000006865000061720000dd
:10ba640064200000256c0000752c00002075000087
:10ba74006e640000656300006f6400006162000092
:10ba84006c650000202500006c7500002c2000006f
:10ba94006163000063650000707400006564000069
:10baa400202500006c75000020280000256c000093
:10bab4007520000062790000206d000061740000b0
:10bac40063680000696e000067200000746800006d
:10bad4006520000065780000706500006374000054
:10bae4006564000020660000726100006d6500005e
:10baf400292c000020720000656a000065630000c4
:10bb04007465000064200000256c0000752c0000a2
:10bb1400207300007465000070730000202500008d
:10bb24006c750000002000007c20000050500000d4
:10bb3400532000006d690000737300006564000009
:10bb440020250000752c0000206c00006f670000a9
:10bb540020640000726f00007070000065640000d3
:10bb640020250000750000000d0a00000d0a0000e9
:10bb7400004200004f4f000054000000652d0000fb
:10bb8400437a000061730000504c00002032000032
:10bb940032350000206b0000487a0000207200005b
:10bba400656300006569000076650000722c000082
:10bbb40020660000697200006d7700006172000069
:10bbc40065200000322e0000302e000034200000da
:10bbd4002853000065700000203200003620000069
:10bbe4003230000032360000290d00000a00000047
:10bbf40053560000313a00002064000069610000df
:10bc0400676e00006f7300007469000063730000c6
:10bc14002c20000053560000323a0000204e000051
:10bc24004d45000041200000244700005052000010
:10bc34004d430000202800002b2400005047000042
:10bc4400475500004d2c0000202400005045000002
:10bc5400435a0000292c0000203100003135000037
:10bc64003230000030200000384e0000313b00002c
:10bc7400204c00004544000031200000676f0000a4
:10bc84006f64000020660000726100006d650000b2
:10bc94002c2000004c4500004432000020720000bb
:10bca4006563000065690000766900006e67000046
:10bcb4002c2000004c450000443300002074000098
:10bcc400696d000065200000766100006c69000069
:10bcd400642c0000204c0000454400003420000087
:10bce40031500000505300000d0a000000520000c3
:10bcf40041440000494f0000005300004934000053
:10bd04003733000035200000696e000069740000bc
:10bd140020660000616900006c650000642000007a
:10bd240028250000642900002c2000007265000012
:10bd340074720000796900006e6700000d0a00004b
:10bd440000740000756e000065640000207400003b
:10bd54006f20000032320000342000006b480000e5
:10bd64007a20000055530000422c00002077000088
:10bd740061690000746900006e67000020660000bd
:10bd84006f7200002074000068650000203200001b
:10bd940032350000206b0000487a00002063000068
:10bda40061720000726900006572000020280000c2
:10bdb400312000006b4800007a200000746f0000fe
:10bdc4006e650000290d00000a00000053490000c0
:10bdd4003437000033350000206e00006f7400001b
:10bde4002072000065730000706f00006e64000034
:10bdf400696e0000672000002d20000072650000bd
:10be0400696e000069740000696100006c690000db
:10be1400736900006e6700000d0a000000730000e3
:10be24006561000072630000686900006e670000cd
:10be340020630000617200007269000065720000f6
:10be4400006c00006f6300006b6900006e67000007
:10be540020280000666100007374000029000000bf
:10be64006c6f0000636b0000696e000067000000e7
:10be74006c6f0000636b000065640000000000004c
:10be840011df000023df000032df00003adf000092
:10be9400256c0000752e0000256c00007520000044
:10bea400704600000053000049340000373300009e
:10beb400353a0000206e00006f200000726500001b
:10bec400737000006f6e0000736500000d0a0000bf
:10bed400005300004934000037330000353a0000b5
:10bee4002070000061720000742000002530000002
:10bef400325800002066000077200000256300000f
:10bf040025630000206300006869000070200000c1
:10bf140025630000206c00006962000020250000f9
:10bf2400750d00000a00000053490000343700007a
:10bf3400333500003a2000006c6f0000616400009b
:10bf4400696e000067200000535300004220000087
:10bf54007061000074630000682e00002e2e000043
:10bf64000020000046410000494c00004544000008
:10bf74000d0a000000200000646f00006e650000e0
:10bf84000d0a00000053000049340000373300005c
:10bf9400353a0000207200006576000000200000a1
:10bfa4002530000032580000000d00000a00000097
:10bfb400524500004655000053450000442000004f
:10bfc400284500005252000029000000616300006f
:10bfd4006365000070740000656400000053000095
:10bfe4004934000037330000353a00002073000064
:10bff400746100006e64000061720000642000003f
:10c00400616e0000746500006e6e00006120000027
:10c014007365000074740000696e000067200000fe
:10c02400307800002530000034580000202500003e
:10c03400732c000020630000686900007020000079
:10c044007573000065730000204100004e54000029
:10c054004341000050200000256c000064000000f3
:10c064002028000062650000666f00007265000011
:10c074003a200000256c0000642900000d0a00002d
:10c08400005300004934000037330000353a000003
:10c09400206100006e740000656e00006e61000097
:10c0a4002073000077650000657000002c200000fc
:10c0b4005253000053490000206400004275000000
:10c0c400563a00000020000072610000646900001c
:10c0d4006f20000065720000726f0000720d000096
:10c0e4000a000000202500006400000053490000fd
:10c0f40034370000333500003a2000006e6f000032
:10c10400206100006e740000656e00006e61000026
:10c1140020720000657300006f6e0000616e000005
:10c1240063650000206900006e2000007261000059
:10c134006e670000652000002d2000006b65000084
:10c1440065700000696e00006720000074680000dc
:10c154006520000073740000616e000064610000db
:10c1640072640000207300006574000074690000ac
:10c174006e6700000d0a00000053000049340000ff
:10c1840037330000353a0000206100006e7400006f
:10c19400656e00006e61000020740000756e000082
:10c1a400656400002c200000414e00005443000050
:10c1b40041500000200000002c20000052530000d9
:10c1c4005349000020250000642000006442000060
:10c1d400755600000d0a000000000000244700000e
:10c1e400505200004d4300002c2c0000562c00003f
:10c1f4002c2c00002c2c00002c2c00002c2c0000db
:10c204002c4e00000024000047500000524d000056
:10c21400432c0000002c00003532000031340000b3
:10c224002e35000030390000382c00004e2c000060
:10c234003032000031300000302e00003035000074
:10c24400303400002c4500002c3000002e3000005b
:10c25400302c000030300000302e0000302c000064
:10c26400002c00002c4500002c00000030310000a0
:10c27400323300003435000036370000383900000e
:10c284004142000043440000454600000000000015
:10c294000001000000010000000100000001000096
:10c2a4000001000000010000000100000001000086
:10c2b4000001000001000000000000000000000078
:10c2c40001000000010a0000475500004d2b00004a
:10c2d4000102000004080000030600000c0b00002b
:10c2e400050a0000070e00000f0d00000901000000
:10c2f4000204000008030000060c00000b05000007
:10c304000a0700000e0f00000d09000000000000e5
:10c314000104000002080000050a0000030e0000ea
:10c3240009070000060d00000b0c00000c0a0000b9
:10c334000c030000090700000100000000000000d9
:10c34400bf160000190900008d0400000000000061
:10c35400c23300004808000012020000000100007f
:10c3640000010000000100000001000000010000c5
:10c3740000010000000100000001000000010000b5
:10c3840001000000000000000000000001000000a7
:04c3940001000000a4
:020000040000fa
:10c398000041eb000004e0000c0032000104e00062
:10c3a8000a0032008180fb0082182e00e2c078006b
:10c3b8008180fb000080fb00624078000080fb0069
:10c3c80000804000a1162e006141780002407800ec
:10c3d800000006000041eb000004e0000e003200ff
:10c3e8000080fb0083182e00634178000281fb0067
:10c3f8006f0141008180fb0063c078000080fb0072
:10c4080000005100f2002000110009000200d800cd
:10c41800a0162e0060c178000240780000000600d7
:10c4280063004000c380de0052162e00e2c0780090
:10c438008180fb000080ea00670060000088de0061
:10c448006140600000000600889fbe00e583400050
:10c45800fa0240000003eb008044eb000604780079
:10c468000f00370002414100544171008301e80088
:10c47800e48f5100fbff3a00826b78000603e80066
:10c48800e4824200e90f530005003a000004b000be
:10c498008002eb008043eb00050378000e003700b4
:10c4a800050278000941780088017800edff37001f
:10c4b80002414100344171008301e800e48f5100da
:10c4c800fbff3a00825878008502e80064004000cb
:10c4d800e68f52000400320000027800074178001d
:10c4e80086017800f2ff37004f04be000000060006
:10c4f800881f7800fa834000e6024000960020007a
:10c5080038002000100037001582fb0002a2de0070
:10c51800e16962000201e900e10f4100faff3a0017
:10c528000603e900e48343008502e8000600e00012
:10c5380005003a0005042000818242000002eb0059
:10c54800360020000e0037008701780008017800c7
:10c55800edff3700e0417a008381fb008199de001e
:10c5680061d961008100e900e18f4000f9ff3a00dc
:10c578000402e800e4824200e60f520003003200a1
:10c588000501780086007800f2ff37004f04780034
:10c5980000000600cf04b000889fbe008a9fbe003e
:10c5a8008c9fbe008e1f7800a0a79f00f1a79f0058
:10c5b800b2af9f00c3af9f000087eb006000b800d8
:10c5c800d4a79f00e5a79f00b2a79f00c3a79f001d
:10c5d8000a0120000b0020009aaf9f00abaf9f001c
:10c5e8000006be000d0037008fd597000b04e00051
:10c5f800050032003fa09700cfa09700b0af9f0082
:10c60800c1af9f00040037005fa19700efa197001a
:10c61800b2af9f00c3af9f006a074700ffa1970012
:10c6280033427800f3a79f0084d79f000404e000fa
:10c63800030032003fa59700cfa5970002003700fe
:10c648005fa59700efa597008e004700455d210084
:10c658008580400012002000030020003faa9700b8
:10c66800cfaa97000405550085855d00f1b79f00a6
:10c678008e02780085bf9f000200be0004012000e2
:10c6880005002000840f5100858f590002003400f6
:10c698001fa89700afa897000a8ab900b4b79f00ef
:10c6a800c5b79f0000dab900f4af9f0085b79f00b7
:10c6b8003fb797008e0242000a00b800818042000e
:10c6c800b0b79f00c1b79f00e00f5000e08f58003f
:10c6d80004003d006f024000e0824800b4b79f00ac
:10c6e800c5b79f003fb39700cfb397004c3fdd001d
:10c6f8004434de0008047700c4bcde003faa97007b
:10c70800cfaa97000800420089804a00cc0add00c1
:10c718004403de00068372007fb79700062f780077
:10c72800feb79f004fb0de000c0643008d064800a0
:10c7380062014100e0814900540120000500200009
:10c74800840f5100858f5900cbff3a000fbf970027
:10c75800553b2000850f5700a3ff3a000c00be0090
:10c76800023c200003002000d6d10700b0b79f008c
:10c77800c1b79f0047fa2f0087834700f7af9f0094
:10c788002fa49700e80654000000eb00000778008b
:10c798002cd521002200370054017800cf91de000b
:10c7a8003fb59700cfb597000a0151008b8159001a
:10c7b800550078004480de006105b900009cb9008e
:10c7c80002ddb900080445000011b80083014400e7
:10c7d80006034100878349008c0f5200eeff3a00a0
:10c7e80001007800ffad970086adbe00fbaf9f004b
:10c7f800c270dd0082fa2f000f0141008100410064
:10c80800b10f1300a18f1b0001003d000007780045
:10c818000000e8008d86e800e70f500005003200b0
:10c82800245d21008d0278006033b8008000780014
:10c83800d9ff370063005700cf80de004f0edd00c0
:10c84800c106de008d0676004f06dd000e00e90009
:10c85800e40f500054003e000e00e9004200dd00e5
:10c8680083fa2f008f814100008041001000be0034
:10c878000002be004fabde0086037800b4b79f000d
:10c88800c5b79f00d6b79f00e7b79f000e00e80026
:10c898004200dd00008041001000be000004be0020
:10c8a8004fcdde008a057800f8af9f0089b79f005a
:10c8b8009ab79f00abb79f000400440085804c00e6
:10c8c80006014d0087814d00b0af9f00c1af9f00aa
:10c8d800d2af9f00e3af9f004270dd0081fa2f00c6
:10c8e8008f804000008040001000be004f89de00ad
:10c8f80082017800e4ff2f00f5ff2f00f6ff2f00dc
:10c90800f7ff2f0097d607003faa9700cfaa9700f6
:10c918005fab9700efab97000000420081804a00b0
:10c9280002014b0083814b000002400081824800d5
:10c9380002034900838349001b003b003fb0970076
:10c94800cfb097005fb19700efb19700080450008f
:10c95800898458000a0559008b855900f8af9f0053
:10c9680089b79f009ab79f00abb79f000800be0029
:10c978000a01be00cf19dd004114de0083017400f6
:10c988004f11dd00410cde0002017400cf08dd000c
:10c998004104de00810074004f00dd0013d607005b
:10c9a8000c0640008d8648000c00be004f0778003a
:10c9b8004f06be004f05be004f04be00cf04b100b5
:10c9c800000006008000eb000000e00004003200d8
:10c9d80061016000828040000000d100fcff3a0045
:10c9e80001007800000006007e00fa00889fbe0063
:10c9f8008a9fbe008c9fbe00202f9800112f9800a0
:10ca08000005eb00542f9800652f9800322f9800ee
:10ca1800432f98000001200001002000702f98008b
:10ca2800013798008a017800550037000c00e000b3
:10ca3800050032003e299000ce2990001237980058
:10ca480023379800040037005e289000ee289000f5
:10ca580010379800213798000700e00003003200e3
:10ca68003e2a9000ce2a9000020037005e2a9000ed
:10ca7800ee2a90007438b9000e2990000000410099
:10ca88000080e9000003470010002000010020009a
:10ca98001e319000ae3190000202520083825a008b
:10caa800673f98005c3f98000683e8000001be00dd
:10cab8000c0120000d0020008c0f50008d8f5800b5
:10cac800020034007e2990008e319000049eb90047
:10cad8003c3f98004d3f980002aeb9001c3f9800bb
:10cae8002d3f98009e3e9000be3b90000786460072
:10caf8000411b800830146000206be00e00f510091
:10cb0800e08f590002003d006f064100e0864900b1
:10cb18004c6ddd004464de0008047500c4ecde00e2
:10cb28001e369000ae3690000801460089814e00fe
:10cb3800cc1edd004415de000a8576000a0b78005d
:10cb480062004000e08048005201200003002000fd
:10cb5800820f5000838f5800d3ff3a00ee3b9000bd
:10cb68005e3e90008703e800e28f5300afff3a0073
:10cb78008c0178008301e800e28f51000800320040
:10cb88000003eb00800220000098b90080037800c1
:10cb9800072f98008603780003067800a3ff370064
:10cba8002e2e90000005eb008a0578000b04780013
:10cbb8008a0645008d03780033003700fa0f5500c8
:10cbc80009003c00a1142e0061407d000080fb009c
:10cbd800850f5000040032001200200003002e00d0
:10cbe800828cbe00210037007428b90000804600fe
:10cbf8000080e900000347000c0278006011b800cb
:10cc08000b00780019379800782f9800b400780046
:10cc1800c488de00d6805000018cb900183f980007
:10cc2800293f98000201440083814c000000e8007d
:10cc3800ea0f5000f5ff3a009e3490007e2c9000d9
:10cc4800cc18dd004410de000080700070379800ba
:10cc5800449bde00063f98007e3190008e3990009c
:10cc680060001100e0801900808cbe008502e80099
:10cc7800e4844400e28f5200d0ff3a000804e80040
:10cc8800e20f54000900320088844300c34cdd00e1
:10cc9800439c2000838444008b0278008602200095
:10cca80006c0b90080067800c4ff37000a05e8000e
:10ccb8007406460007062000870f5500bbff3a00a0
:10ccc800c52c21001000200001002e00808abe0023
:10ccd800082d2100000ceb003814780005027800bc
:10cce800439c2000412d2100892d2100030078005c
:10ccf800732f980011379800130037001a0020008e
:10cd08000b002e000a89be001c0020000d002e001a
:10cd1800b10f1600a18f1e0001003d008c88be00d7
:10cd2800e882420070004000680444009e3690008b
:10cd3800e88646001d379800e884440041fc20003e
:10cd4800810f500038003200050378008003780016
:10cd5800783798001e3190001506be003005460051
:10cd6800a0854e001a3f98002b3f9800400690007f
:10cd7800d006900038054600a8854e001e3e90005b
:10cd8800ae3e90008c0f55008d8f5d0001003d0078
:10cd98000c05be000a89be0089007800670590006e
:10cda800f70590001a3f98002b3f98002705900040
:10cdb800b705900036064500a6864d000c05be0056
:10cdc8001e3e9000ae3e9000fe31900033034600b8
:10cdd800a3834e008a0f53008b8f5b0001003d0038
:10cde8000a03be008688be001205be000a06be0001
:10cdf800860f5500878f5d0001003d000606be00c6
:10ce08000c1955000d915d009118160091901e00a7
:10ce18001600200007002e00b20f1300a28f1b007f
:10ce2800b6ff3500b8ff3700fe299000882c210096
:10ce38006000b800008cbe00422c21000089be00b2
:10ce480045fb2000c02b2100092c2100332f98001e
:10ce5800502f9800170037001a0020000b002e00f2
:10ce68008a88be001c0020000d002e00b00f16009e
:10ce7800a08f1e0001003d000c88be00f082520009
:10ce88006801510068045400de2e9000e8865600c0
:10ce98005d2f9800e884540040fc2000800f51006a
:10cea80004003a00be299000c0fc20009e28900093
:10ceb8003b003700850378007237980018379800d0
:10cec800de28900025059000b5059000380645003d
:10ced800a8864d001c3f98002d3f98001505be0000
:10cee80032064500a2864d001e3d9000ae3d9000e2
:10cef8008a0f56008b8f5e0001003d000a06be00b7
:10cf08008c88be000900780067069000f70690003c
:10cf18007c2f98000d37980047059000d7059000a2
:10cf28001a3f98002b3f98000a06be00fe31900079
:10cf380033054600a3854e007e2e90008e36900065
:10cf48009e31900033034600a3834e008a0f53009e
:10cf58008b8f5b0001003d000a03be000688be00ff
:10cf68001105be000a06be00860f5500878f5d00ba
:10cf780001003d000606be008c1855008d905d002e
:10cf88001018160010901e001600200007002e0032
:10cf9800b10f1300a18f1b00afff3500b1ff3700a1
:10cfa8001404be001837980029379800240490000c
:10cfb800b404900003017800800278001005be00d8
:10cfc8000806450089864d001c3f98002d3f9800b3
:10cfd8001e339000ae3390000605450087854d004e
:10cfe80033064500a3864d007c3798000d3f980016
:10cff8001e3b9000ae3b900043059000d305900087
:10d008000606450087864d007e3390008e3b9000d3
:10d01800860f5600878f5e0001003d000606be00a1
:10d028003c3798004d37980025059000b5059000cd
:10d038000806450089864d007c3798000d3f98000a
:10d0480062039000f2039000762f9800073798004b
:10d0580022049000b2049000183f9800293f9800dd
:10d068001e369000ae3690000c0344008d834c00b1
:10d078000603450087834d007e3590008e3d900065
:10d088007e2e90008e3690000a0446008b844e0057
:10d09800860f5400878f5c0001003d000604be0027
:10d0a8003e339000ce3390008618540087905c0081
:10d0b800e480400068024200f081410068004000be
:10d0c800c75c2100870f5200b5ff3a004f06be002b
:10d0d8004f05be004f04be000080fa0000000600a5
:10d0e8000001eb008040eb000143780077c0b300fb
:10d0f800850220008180fb0001c24000c708de00d5
:10d1080086417800b0cf10000100320087417800d6
:10d1180084c069000201e800850f5100f5ff3a005c
:10d128000140780000000600f4874700889fbe0091
:10d138008a9fbe008c9fbe008e1f780080bf9f0014
:10d148000f0078000002b100020009000018eb008f
:10d158008fb897007a815700668040000800090060
:10d1680030597800f18657007b0020007e192e0088
:10d17800ec192e004d4578000a04e0000b0032003f
:10d1880001fe2f008f8040000b8440008e04780041
:10d198000804e800d94078000a4078007cfc0700c1
:10d1a800184c68008c8f5400f9ff3a008b05e90091
:10d1b800e28f4500efff3a000fb9970000fe2f00fd
:10d1c8000080470005000900305978006200b1006e
:10d1d8004f0778004f06be004f05be004f04be0043
:10d1e8004f01b100000006000f03b000889fbe0089
:10d1f8008a9fbe008c9fbe008e1f780080bf9f0054
:10d20800ab162e003dfc2f008f8646000006eb0073
:10d218006f0740000c0037008a4078005cfc07006c
:10d22800494068000804e900e10f4400faff3a00a9
:10d23800806e78000080fb000c06700000172e003e
:10d24800808f5500050032005b4578008e04780019
:10d258000040eb00e8002000efff37000004eb007f
:10d268000c00e000fb0032008f0078006103b10081
:10d27800020009008018eb008058eb000f017800cd
:10d28800f202b100060009000059eb0010c0b3001b
:10d2980090d79f00a0cf9f004fc5970041fc2f005b
:10d2a80081804700e1b79f00e0ef9f001d0020004c
:10d2b8000807780002fd2f0002814700d2b79f00bf
:10d2c80088047800120037006fb097005045780046
:10d2d800e0b79f000900e0000d00340041fc2f007a
:10d2e8008f8040008e854000acfc2f000f06460062
:10d2f80018002000cb4078005c40780024fc070030
:10d3080000456d000804e800888f5400f9ff3d00cf
:10d318000a04e00002003a008d06e8002b003700fe
:10d328005fa09700efa09700c0af9f00d1af9f000c
:10d33800ffa09700e1af9f000fd19700e2df9f00a9
:10d34800efe897000a40780022fc070000467800c2
:10d35800e68f56000e003c000d04e900a0fc2f00eb
:10d368000f004000080440000bfd2f008f8545008a
:10d378000804e800db4078000c40780004fc070053
:10d38800184c6800dfb09700810f5400f8ff3a008e
:10d39800098044008e0f50000b003c000e00e8008e
:10d3a8008904500012fd2f000281470080fd2f00e4
:10d3b800008047000600090030597800eaef9f0016
:10d3c8001d002000010037008d06e8000e07e80068
:10d3d800e60f5700bcff3a0009047800e30f540039
:10d3e80093003c008006eb000d067800fe0020004c
:10d3f8000800e800a1fc2f008f80400080804000da
:10d40800f1b79f00abfc2f008f8545000805780019
:10d418006f001600110009000e00d800a2162e0099
:10d42800e2c478000a00e000090035007fb49700e4
:10d438000040eb0089407800d5fb070048406800b1
:10d448008b0f5400fbff3a000004e00007003a008d
:10d45800e38f56007800320041fc2f008f80400097
:10d468000d8040001c6098008d06e8000c06e8005e
:10d47800ef0f5600e6ff3a000a0478008d0f5400bb
:10d488006f003a00e2fd2f0002814700f2b79f00cb
:10d498008005eb000047eb00080578001a0037000c
:10d4a800dc4078004d407800b9fb070080c46c0070
:10d4b8000804e8008b0f540002003c00880f550058
:10d4c800f7ff3d007fb0970009687800f0b79f002c
:10d4d8008b05e800e68f55000b003a000a04780037
:10d4e800fc805700f1b79f008006eb007b81570056
:10d4f800d2b79f00f0fd2f0000804700c0b79f0003
:10d5080088047800460037008e4478000b00e0005d
:10d51800ecff35008e4478000a00e000e9ff350092
:10d528009cfc2f000f0646008b06e80041fc2f00ec
:10d538008f8040008d8640008e4478000004eb0008
:10d54800d7ff37007fb1970052477800f2b79f00a6
:10d558000e80fb006f001000f2002000110009008f
:10d568000200d800a0162e00e0c578005fb497002e
:10d5780000c0b3004fb697008b40780084fb0700cb
:10d58800484068008c0f5400fbff3a0000457800c3
:10d598000900e0002c0034008b85fb0081182e0068
:10d5a80061c07d000080fb0000004000e0b79f00e4
:10d5b8000006eb008045eb0018002000f200200078
:10d5c800110009000206d800a0162e00e0c078005d
:10d5d800a2fc2f000f01410062407c006cfb070099
:10d5e80080c56d000884e8006fb09700000646000b
:10d5f800888f5400f1ff3d000b04e0001400320056
:10d608000e84fb008fb89700088440008b40780098
:10d618000a4078006ffb0700184c68008d06e80088
:10d628008d8f5400c7ff3c000904780009003700bb
:10d638000084eb00070037000084eb00050037008a
:10d648000084eb00030037000084eb000100370082
:10d658000084eb00080078004f0778004f06be00f2
:10d668004f05be004f04be000f03b10000000600c6
:10d678008f03b000889fbe008a9fbe008c9fbe00ab
:10d688008e1f7800000578008106780082047800f3
:10d69800c1fb2f008f8040000a0078006afb07005a
:10d6a800c0fb2f000f004000cffe070000077800e6
:10d6b8000000eb000e00e000560035008a007800fc
:10d6c800c0fb2f000f00400089fb070071052000f8
:10d6d8008a804000800520000044eb0002062000fc
:10d6e80008444400514474000000e800820f5000d0
:10d6f800fbff3a00f80545000b00780078fe0700ac
:10d70800884f5000100032000000eb000900e000d4
:10d7180040003200f90320008a844400194678004a
:10d728000c4078000004a200804c78000b007800c0
:10d738006bfe0700884f5000060032008c4c7800c2
:10d748000000eb00330037000000eb0080bf9f00b3
:10d75800020037001000200080bf9f00100020004a
:10d768000d00e0002b0032007a054500a9fc2f00cf
:10d778008f844400890578000004eb005c022000d7
:10d788000800780026fb0700da6d68000804e80046
:10d798008c0f5400faff3a00788257006000b800f6
:10d7a80000004000818048005981fb008001eb00a7
:10d7b8000200700083807000848f5400f8ff3a00e4
:10d7c800808ebe002fe89700004040009fe8970039
:10d7d80001407000c04698003fe89700d046980086
:10d7e8004fe89700e04698005fe89700f0469800f9
:10d7f8007fe8970000404000efe897000140700084
:10d80800804e98009e4e98000ff09700b04e9800fa
:10d81800100020004f0778004f06be004f05be00dd
:10d828004f04be008f03b100000006004a00fa0052
:10d83800889fbe008a9fbe008c9fbe00102798005c
:10d848000127980022279800ab162e008e06e900c3
:10d858000006eb006f044000781f98000c003700aa
:10d868008a407800cafa0700494068000804e900bd
:10d87800e10f4400faff3a00806e78000080fb0058
:10d888000c06700000172e00808f5500050032002e
:10d898005b457800fe1c90000040eb00e80020008b
:10d8a800efff37000000eb000c00e00063013200de
:10d8b800e6004700020009008018eb008058eb00e2
:10d8c80010c0b300604798002e2190000200e000cd
:10d8d8001e0034008006eb00660647008e2090008c
:10d8e8003180fb0001279800918828000101b800c9
:10d8f8004319de006f11b900020050000080fb00e0
:10d90800a2162e00e24578008d06e8004240a900e4
:10d918000b003400660047000d0440008d04e80049
:10d9280089044000184578008b407800484078000a
:10d9380097fa07008a6468008c0f5400f9ff3a00d0
:10d94800ae209000818f5600e4ff3a006c04470037
:10d958000006eb008046eb0008279800100037000f
:10d96800ca4078005b40780089fa070080c46c00e0
:10d978000804e8008c0f540003003c002e2090009f
:10d98800880f5000f6ff3d008e20900089687800cf
:10d99800012798000c06e800e60f56000d0032003b
:10d9a8008d4478000c00e000f7ff35008d447800c6
:10d9b8002e2190000200e000f3ff35000c05e8007e
:10d9c8000a054700e50547008d4478000004eb0090
:10d9d800e3ff370073004700060009000058eb001a
:10d9e800fa004700020009008018eb008058eb009d
:10d9f80010c0b300205f9800305798002e21900087
:10da08000005eb00e50f510011013400410037001b
:10da18006d004700ce209000e0c478000e219000f1
:10da28000201e800022798000a00e0000a0034001a
:10da3800810540007306470018002000cb4078009d
:10da48005c40780052fa070080c46c000804e800c3
:10da5800880f5500f9ff3d000904e00002003a0074
:10da68008d06e80026003700120220000201470058
:10da7800730047000600090030597800ee789000de
:10da88000940780053fa070000467800e68f5600f0
:10da98000c003c000d04e900f30047000884400036
:10daa800f90547000804e800db4078000c407800de
:10dab80037fa0700184c68006e189000800f540061
:10dac800f8ff3a000a0045000e219000820f50002e
:10dad8000a003c0061051500020545007a00470070
:10dae8001102200081004700060009003158780023
:10daf800697f98001d002000010037008d06e800ae
:10db08004e2190000201e80042279800e60f5100dc
:10db1800bfff3a008a0045002e2090008080400018
:10db28000080eb00e68f5000c4003c008e007800b7
:10db38008102b000020009008018eb008058eb0059
:10db48000006eb000a2798000f003700da4078003b
:10db58000d4078000efa0700890447008968900094
:10db680000c06800806c98000804e8002e2190002e
:10db7800880f5100030035008b044400e68f5400e1
:10db8800f2ff34000c06e8000e209000800f5600cb
:10db98000c003c00ae2090000100e000f9ff3500c9
:10dba800e60f5600f7ff3c008c057800730147002c
:10dbb800e2467e00650547008c0478000004eb000f
:10dbc800e2ff37000e2590002e209000000545004a
:10dbd8008006eb000d0678000a00e80081022000ac
:10dbe8008e80400080804000212798008b02200012
:10dbf8008e8545006f001600f20020001100090014
:10dc08000200d800a0162e00e0c478000a00e00048
:10dc1800090035002e2490000040eb008940780070
:10dc2800dbf90700484068008b0f5400fbff3a00ff
:10dc38000004e00005003a00e68f56007a00320042
:10dc48000d0047005c7098008d06e8000c06e8009f
:10dc5800ef0f5600e7ff3a000080eb008d0f5500ec
:10dc680076003a00e1022000810047002127980051
:10dc78000004eb000046eb001d003700dd40780093
:10dc88000e2190004240780002279800c0f9070052
:10dc980080c46c008b05e8008b0f5400020035002f
:10dca8008b0f5500f5ff3d002e2090000968780085
:10dcb800202798000804e800e60f54000c003a00fa
:10dcc8004103200081004700212798008006eb00cf
:10dcd800f20220000e01410066014100721f980007
:10dce800f002200000004700601f98004a0037003b
:10dcf8008c4478000800e000ebff35008c44780085
:10dd08000a00e000e8ff35007d0220008e8646000c
:10dd18008800e80081004700012798008c447800bb
:10dd28008005eb00d5ff3700ae2090005141780008
:10dd38002127980062c798000280fb006f0010003e
:10dd4800f2002000110009000200d800a0162e00e1
:10dd5800e0c478007e1c90000046eb00eec5900001
:10dd68000c4078008940780089f90700484068002d
:10dd7800ee189000810f5400faff3a006bc7980024
:10dd8800004678000a00e000290034008984fb007e
:10dd980082182e0062c07c000080fb00000040005a
:10dda800002798008005eb008044eb001800200055
:10ddb800f2002000110009008205d800a0162e00ec
:10ddc800e0c07800820220000e01410062407c0021
:10ddd8006ff9070080c46c000884e8000e209000ea
:10dde80080854500880f5500f1ff3d00eec090008a
:10ddf8000904e000100032000184fb001e2190009d
:10de080008044100894078000c40780071f9070047
:10de1800184c68008d06e8008a8f5600c2ff35004e
:10de28000a007800050037000080eb000300370087
:10de38000080eb00010037000080eb004f06be00b9
:10de48004f05be004f04be000080fa000000060027
:10de5800ae20900001004700d04c900001047800eb
:10de68000001eb000227980010c0b300607f980003
:10de78001d00200002057800f9004700611f980086
:10de880048279800f4fe370012002000f8fd07002c
:10de9800000006003400fa00889fbe008a9fbe007a
:10dea8008c1f78000406780019fc2f008f8444002a
:10deb80089027800d40120007004120004003b009d
:10dec8000804ea00080bde008003eb0004003700ba
:10ded800080cdd000403de0006037400840bde007a
:10dee800e16a63000402e900e10f4200f2ff3a0030
:10def8006140610080e79f000200d100610060007e
:10df080090e79f00ff8057000000eb008381fb0033
:10df18000099de00e16861000000e800e50f5000ac
:10df2800fbff3a0090142e008c00780042162e0059
:10df3800d0587800820f5000fdff3a007a0546005d
:10df48000004eb005b0220000800780034f90700a9
:10df5800596d68000804e8008b0f5400faff3a0076
:10df6800f98057000c00780037f9070079805700ce
:10df78006dfc07008c007800798057005cf9070079
:10df88007800460056fc07007c05b00071002000b0
:10df98000081fb000190de00616e60008100e900f5
:10dfa800e18f4000fbff3a004f0678004f05be00a6
:10dfb8004f04be000080fa0000000600fe874700fc
:10dfc800889fbe008a9fbe008c9fbe008e1f78006f
:10dfd80000077800a1b79f0092b79f00ee014700a5
:10dfe80094142e0042162e006055b8006044b80004
:10dff8006066b8006000b800bab79f00cbb79f0052
:10e008000805be000004be0013009000130378004a
:10e01800cfb3de00cf80de000603400087834800d0
:10e02800a3009000cf8ade000683400087834a0061
:10e038005404e000050032000804430089844b00c2
:10e0480061054500e0854d00080037000c064300d7
:10e058008d864b003fb39700cfb397006103430011
:10e06800e0834b00b6b79f00c7b79f00f48141001b
:10e07800820f5200e4ff3a000800be000a04be0006
:10e088003fb59700cfb597000801be008dcb0700bc
:10e098000004be000a01be000c00be0089cb0700c8
:10e0a8000002be000001540081815c008000eb008a
:10e0b80037552100870f5100e08f59007700340051
:10e0c80032002000030020000400be007dcb0700c2
:10e0d8000005be0032002000030020000800be003a
:10e0e80078cb07000004be00418420000a02be006d
:10e0f8000801be000e0078003bfa07002fb6970013
:10e10800fa024600048b20004d9c20006000b800f5
:10e118006011b800b0b79f00c1b79f00d2b79f0089
:10e12800e3b79f00d0af9f00e1af9f00f2af9f0021
:10e1380083b79f0004007800baaf9f00cbaf9f0061
:10e14800f8b79f0089bf9f006044b8006055b800c9
:10e15800850078005104e000020032001001be0082
:10e16800030037001001be0060011100e0811900b2
:10e17800cf9bde0008044100898449000a854b00d2
:10e188008b854b003002be000401be00e00f520038
:10e19800e08f5a0002003d0060011200e0811a0081
:10e1a8003fb29700cfb297005fb39700efb39700e5
:10e1b8004f9ede00040241008582490006034e009e
:10e1c80087034e00b4b79f00c5b79f00d6b79f001e
:10e1d800e7b79f008d0f5000deff3a00d8af9f00d1
:10e1e800e9af9f00faaf9f008bb79f007fb49700fd
:10e1f8008fbc97003fad9700cfad97009fb09700b9
:10e208000100e000070032000a02be000801be005b
:10e21800afb097000e007800def807001fb1970036
:10e228000089be008000eb003fb29700cfb2970094
:10e238005fb39700efb39700e00f5200e08f5a00ea
:10e24800e00f5b00e08f5b00140032005fa89700ce
:10e25800efa897007fa997008fb19700ca19dd0032
:10e26800c612de00838172004a11dd00c60ade0094
:10e2780002817200ca08dd00c602de0081807200d9
:10e288004a00dd003fb29700cfb297005fb3970016
:10e29800efb39700d5cf0700800078000100780021
:10e2a8004f0778004f06be004f05be004f04be0062
:10e2b800ef01b10000000600cf1db000889fbe002e
:10e2c8008a9fbe008c9fbe008e1f7800f0af9f0013
:10e2d800e1af9f00ee0140004ee12f000f0747001d
:10e2e80090142e00e0b79f0001e82f0081804700be
:10e2f80081bf9f00800278000e0278006055b80048
:10e308006044b8006066b8006000b8000e0178008c
:10e31800c2b79f001301900013037800cfb3de004b
:10e328004f97de000603410087034f00230190004a
:10e338004f97de000603410087034f0006aabe0080
:10e348005504e000050032000000430081804b00c6
:10e3580061044400e0844c00040037000c064300cc
:10e368008d864b0061054500e0854d00f481410034
:10e378000fb99700820f5200e6ff3a004fb7970097
:10e388000801be00cfca07000004be000a01be0093
:10e398000c00be00cbca07000005540081855c0054
:10e3a8002200200033552100830f5500e08f5d00c7
:10e3b800450234006066b8000003be00c8b79f007d
:10e3c800d9b79f00a0b79f00b1b79f008ab79f0039
:10e3d8009bb79f006fb197000805be005e04be00a2
:10e3e8005204e000020032000a02be0001003700b9
:10e3f8000602be000402540085825c00cc29dd00c0
:10e408004420de0000807100c4a8de00008ab90044
:10e41800840142000002b800858241000c064200d7
:10e428008d864a000fba9700840f5700ebff3a0019
:10e438004fb49700dfb497002fb09700bfb0970094
:10e448000fb597009fb597000001440081814c00eb
:10e458004f1ade0002014200e08149008383d100a7
:10e468000283d300c6b79f00d7b79f0044e52f00ab
:10e478000f024200a2152e008003eb00e7b79f00b1
:10e48800c7af9f000e01200015c0b30087017800b8
:10e49800a8b79f00b9b79f0080b79f0091b79f00aa
:10e4a800830078004fb49700dfb4970005407800e8
:10e4b8005403be00880f5300898f5b0001003c00a5
:10e4c8000040eb00f70f570006003c0012406800c0
:10e4d8000080fb000000ea004f00de008081410060
:10e4e80005003700124068000080fb000000ea00c9
:10e4f8004f00de00808040000e07e8000201e800bf
:10e50800fb0f5700e9ff3a00c1af9f00e3b79f0038
:10e518002fb49700bfb497000fb097009fb0970033
:10e5280012002000e28f5100e7013c00cfab9700ba
:10e53800828f5300e4013c003200200003002000d9
:10e5480060ca0700c0b79f00d1b79f003200200003
:10e55800030020000800be005aca07000004be00dd
:10e56800418420004fb29700dfb297000801be0037
:10e578007fa897001cf907000184200030e82f00cd
:10e588000f004000039c200016c0b3008043eb003e
:10e598000000e800064178005102be00e00f52007a
:10e5a800e08f5a0001003c000741780002487800db
:10e5b800838f5000f6ff3a00efa99700100009007a
:10e5c8008019eb002302b100320020000300200074
:10e5d8000a00be003bca07006faa9700500a9800bd
:10e5e800b2012000030020000c00be0035ca07005d
:10e5f80076ca07000200200003f823000bcb0700af
:10e60800a5c907000006be000a00be006fca0700c1
:10e618000200200003f02300c8cc070002002000fd
:10e6280003d82300c5cc07000c01be00e4cb0700cb
:10e63800f226210033a82300fcca0700cbc8070034
:10e6480002002000031a2400bccc07002eca0700d1
:10e65800efaa9700e00a98006c8242008081eb00e4
:10e668000043eb008002eb00f705200009003700ab
:10e6780000404000524070008100e800e88f5000e0
:10e68800fbff3a00006a7800e8814100878f51005b
:10e698000600320040e82f000f0040000301400050
:10e6a8000640780085007800f1ff370041ee2f0022
:10e6b8008180470042e82f00028147002f000900af
:10e6c800b2187800efa8970040ee2f000f00400026
:10e6d800edfd07000000e0000c0032004fb297008b
:10e6e800dfb297000801be0041ee2f008f80400086
:10e6f8007fa89700a7f70700efa99700f0099800ef
:10e70800811198000001eb006f01370032002000f2
:10e718006fb29700e10f52006b013c0045f42f00e7
:10e728008f8242000500e90081f42f008f804000ad
:10e73800e68242000042eb00f2ff2f00f3ff2700c1
:10e748000468780082a8be00850f5000fcff3a00dc
:10e75800ca8a20001b00200046f42f000f03430044
:10e76800e606430086037800e7834300e7b79f0087
:10e77800c0f42f000f004000f80040007c0040006b
:10e788000c062000a8b79f00b9b79f0001047800c5
:10e79800800478005a01be00e00f5100e08f590054
:10e7a80002003d0060011100e08119006f20970010
:10e7b800ff209700800f5100818f59000b003d000a
:10e7c8000000eb008d0378006fb3970088bf9f00af
:10e7d800c9af9f006100200082b79f0093b79f00d8
:10e7e80009027800880278000a003700c1f42f0077
:10e7f8008f8040000b007800e4804000b10f51008a
:10e80800a18f590014003d00e50f5000edff3400c2
:10e8180008003700476378004501be0002a2be0029
:10e828008100e900808f5000faff3c000fb197008b
:10e838009fb1970084e12f000f0242008000420040
:10e84800ce689a004200dd000000420022189900bc
:10e8580033189900030037000000e800e70f500064
:10e86800e5ff3a000e07e8008c0f5700c9ff3a0091
:10e878002fb49700bfb497001e0020004cf42f005f
:10e888000f064600e8b79f00f9b79f006fad9700e5
:10e8980038003700080078004af807008e0f50004b
:10e8a8002d003a0047ee2f008783470040e82f00ed
:10e8b800008047002f000900b01b78000000eb0023
:10e8c8008040de000108a30008003200ec40780018
:10e8d8008180fb0082e12f000f014100810041008f
:10e8e80041c991000204a200c2c899000000e800d2
:10e8f800e70f5000f2ff3a000001eb008a007800b1
:10e9080040ee2f000f00400059fb07000000e00018
:10e91800110032006fb49700ffb497000e427800e0
:10e92800efa99700a44998004fb29700dfb297006b
:10e938000801be0041ee2f008f8040007fa897009d
:10e9480014f70700efaa9700f00a980081129800c0
:10e958000001eb00dc0037000804e8000008200094
:10e96800800f5400cbff3a000e07e800e80f57006d
:10e978000200320018002000c6ff37006fb497006d
:10e98800ffb49700daf62f000f0545008cf92f0029
:10e998000f064600cbf72f008f8545008003eb005c
:10e9a800070378004d84200007077800e80f53001c
:10e9b80002003c00fb81430001003700fc8143005a
:10e9c8008301e900c219dd008d814100f4ff2f00a9
:10e9d800f5ff27000e0178005300be00e00f50003d
:10e9e800e08f580002003d0060001000e080180031
:10e9f800800f5200818f5a00010034000002be00cf
:10ea08000201e800e40f5100f3ff3a0004aebe0033
:10ea1800e80f530002003c00664043000100370045
:10ea280069405300006d7800866d78000603e800a1
:10ea3800e4834300ef0f5300dcff3a00ddf72f00bb
:10ea48008f8646000005eb00150020008d05780034
:10ea58005d4678000500e00021003400eb407d00b1
:10ea68000c80fb004200dd00c6f92f000f034300b5
:10ea7800000043001003be000180fb004200dd00df
:10ea8800cef92f000f07470000004700b00f130012
:10ea9800a08f1b00140034000501e8000281450026
:10eaa8008a81450005007800016178000000e900ce
:10eab8004240a9000d003400c34078000182fb00e9
:10eac8004222dd00cef92f000f074700040247005d
:10ead800b40f1300a48f1b00f3ff3c0003003700a2
:10eae80005007800010037000500780081e12f005b
:10eaf8008f804000008040005ce09a008502e800ba
:10eb08000a05e800ef8f5200d1ff3a002a002000e2
:10eb1800c2f82f000f0141006507410043ee2f00a6
:10eb28008f814100648641008045eb005d0037001d
:10eb3800d181fb0084e12f000f02420083014200d3
:10eb4800e3d1920003587800800f5100f8ff3a0093
:10eb580045ee2f008582470046e82f0006834700d0
:10eb68002f000900b61a78000e027800a3012000d1
:10eb7800e50320000f0037000040400051407000be
:10eb8800810f5100fcff3a00006a7800e4814100df
:10eb9800858f510007003a00c7f82f008f83430084
:10eba8000702e900f30320000003eb0075052000cd
:10ebb8000f00370040ee2f000f0040008300400098
:10ebc800030146000b407800ebff3700004040008f
:10ebd800524070008100e800e48f5000fbff3a00cb
:10ebe800006a7800e4814100858f510006003200f8
:10ebf80041ee2f008f804000038140000b407800d9
:10ec080086007800f1ff37000a01780081f62f00ae
:10ec18008f804000c0f82f000f00400003fb070062
:10ec2800800678000d00e0001b00350041ee2f0043
:10ec38008f804000c0f82f000f0040002cf607001e
:10ec48000001eb00efa8970040ee2f000f004000f6
:10ec580087fa07000000e0000f0032006fa9970054
:10ec68004a4998001d4998004fb29700dfb29700b3
:10ec78000801be0041ee2f008f8040007fa897005a
:10ec880044f60700efa99700f00998008111980051
:10ec98000001eb000c0037000a85e800e60f55007c
:10eca800080032000a00e000a9ff340080f62f00b7
:10ecb8000f00400000014500c1f72f008f80400081
:10ecc8009bff370032002000020078004f077800d1
:10ecd8004f06be004f05be004f04be00cf1db10059
:10ece800000006001000fa00889fbe008a9fbe0040
:10ecf8000205be000004be00c4b79f00d5b79f0040
:10ed0800e6b79f00f7b79f000800be000a01be00e3
:10ed180036cd070080bf9f0091bf9f00a2bf9f0014
:10ed2800b3bf9f004fb29700dfb297006fb3970051
:10ed3800ffb397000800be000a01be005bcd0700c4
:10ed4800e00f5000e08f5800e00f5900e08f5900a5
:10ed580011003200e00f5400e08f5c00e00f5d000e
:10ed6800e08f5d000c003d000fb897009fb897003a
:10ed78002fb99700bfb9970061005000e080580094
:10ed880060015900e081590080bf9f0091bf9f003a
:10ed9800a2bf9f00b3bf9f000fb897009fb897000e
:10eda8002fb99700bfb997004f05be004f04be00aa
:10edb8000080fa00000006004f02b000889fbe00e5
:10edc8008a9fbe008c9fbe008e1f78008006780048
:10edd8000d5f91000e87fb000e00e9008000eb003c
:10ede80081af9f00e10f570085003400c400dd00ab
:10edf80081804600411a9000d11a9000611b900052
:10ee0800f11b900094af9f00a5af9f00b6af9f0085
:10ee1800c7af9f00630047004400dd000080460044
:10ee28001004be006055b800d8af9f00e9af9f003e
:10ee3800faaf9f008bb79f000046eb000c80fb00e9
:10ee4800c400dd0081804600411a9000d11a90006c
:10ee5800611b9000f11b9000640040004400dd003d
:10ee6800008046001004be006055b8000800be00cf
:10ee78000a01be005fac9700efac97007fad97002a
:10ee88008fb597000000540081805c0002015d008e
:10ee980083815d004240a900540034001fac9700f4
:10eea800afac97003fad9700cfad97000404540076
:10eeb80085845c0006055d0087855d0098b79f0026
:10eec800a9b79f00bab79f00cbb79f00e00f5400c7
:10eed800e08f5c00e00f5d00e08f5d0043003400d0
:10eee8007d0290008d0a90001d0b9000ad0b9000e4
:10eef8001ccd070004002000150020006033b80076
:10ef080078ff07000205be000004be008438210017
:10ef1800050020006033b8001fb09700afb097001d
:10ef28003fb19700cfb19700b0cc07000450230041
:10ef3800c50020006033b800040240008582480004
:10ef48000603490087834900d4b79f00e5b79f00af
:10ef5800f6b79f0087bf9f001fb29700afb2970018
:10ef68003fb39700cfb397000800520089805a003a
:10ef78000a015b008b815b005fb29700efb29700dc
:10ef88007fb397008fbb97000020e10001a8e10044
:10ef980002b0e10003b8e100140035001fb2970089
:10efa800afb297003fb39700cfb397000400540067
:10efb80085805c0006015d0087815d005fb4970075
:10efc800efb497007fb597008fbd97000040e10030
:10efd80001c8e10002d0e10003d8e10003003500d8
:10efe8008fac97008904e80089af9f000c46e800c1
:10eff8000c80fb000000e8008e0f50008fff3500ea
:10f008000fa897004f0778004f06be004f05be00b7
:10f018004f04be004f02b1000000060011c0b3004b
:10f0280001487800140098002500980036009800e0
:10f038004700980052009800630098003408980030
:10f0480045089800560898006708980074089800c2
:10f058000510980016109800271098003210980094
:10f0680043109800617098008040eb007170980020
:10f078000158990000000600ec874700889fbe00f1
:10f088008a9fbe008c9fbe008e1f780080bf9f00a5
:10f09800c4b79f00d5b79f00e6b79f00f7b79f009a
:10f0a8000204be0081057800805891000104e00048
:10f0b800670032008003b0000141e9000281fb00d3
:10f0c8004411dd000fbd9700020145008204b00025
:10f0d8008040eb008a0178000806be000b07780024
:10f0e8004fb49700dfb497006fb59700ffb597004e
:10f0f80030025400b0825c0030035d0090835d00f4
:10f108006000b100f8ff2d0059d02200ba0020009d
:10f118000b0020000820e10009a8e1000ab0e10086
:10f128000bb8e10009003c000182fb004422dd002d
:10f138000482410089032000890442000700090075
:10f14800b01c78000001b1008140e8007000400068
:10f15800820f5000e2ff3a0083bf9f000c04be00fc
:10f168008e05780081599900e6cf500009003a00d1
:10f17800030078008003b000f00040000205200082
:10f18800facc07000fbd97000a5891000040e9002b
:10f19800005d99000fb89700805891000181fb002d
:10f1a8004410dd008fb99700008041004fb29700ee
:10f1b800dfb297006fb39700ffb397004418980029
:10f1c800551898006618980077189800640141004f
:10f1d8004411dd00028141000889be00cb42900045
:10f1e80045c098000b499000eb41900083c1410055
:10f1f8007b4290004222dd00834172005b42900016
:10f2080004c271000281fb00e1016100c319dd0045
:10f21800834172000201d1004411dd0002c1710076
:10f2280052c098006004b0000048eb008140e8003c
:10f238000fbb9700015b99004f0778004f06be008f
:10f248004f05be004f04be00cf00b100000006000d
:10f258000040eb008fbb9700805b9900cdff370023
:10f26800580009000018eb00200bb1000400200032
:10f2780005a025002626200007002000740098001d
:10f28800050898001608980027089800000006004e
:10f29800881f7800000478000202be005800900021
:10f2a800e80090006011b8000000520081805a0008
:10f2b80060011900e081190078029000880a900026
:10f2c800180b9000a80b900026cc07000400200023
:10f2d800150020006033b80082fe07001802900075
:10f2e800a802900038039000c80390000402400070
:10f2f8008582480006034900878349000400be0050
:10f308000601be004f04780000000600f28747009f
:10f31800889fbe008a9fbe008c9fbe008e1f78000b
:10f328000006780094b79f00a5b79f00b6b79f0066
:10f33800c7b79f0001077800820678008002eb00bb
:10f348001c04e000500032007c0490008c0c9000fb
:10f358001c0d9000ac0d90001c009000ac009000bb
:10f368003c019000cc0190001fb29700afb297000b
:10f378003fb39700cfb397000002520081825a0032
:10f3880002035b0083835b00d4b79f00e5b79f004f
:10f39800f6b79f0087bf9f008603780005037800b3
:10f3a800840278000002eb0094b79f00a5b79f0085
:10f3b800b6b79f00c7b79f000802be000a03be0089
:10f3c8001fb09700afb097003fb19700cfb197003b
:10f3d80044fe07000e00e000040032005c029000ca
:10f3e800ec029000001f420001974a00150020001f
:10f3f8000d00e000240032000802be000a03be002f
:10f40800d8cb07001fb29700afb297003fb3970061
:10f41800cfb397000000520081805a0002015b00c0
:10f4280083815b0007003b00f4ff2f0005002000ec
:10f438006033b80004004000858048000601490098
:10f448008781490001007800820078006119b900bd
:10f4580004242400f50020006033b800c1cb070065
:10f468007c0290008c0a90001c0b9000ac0b900062
:10f478000502780086027800613bb9005bcb070083
:10f48800808ebe0015002000050078004f07780028
:10f498004f06be004f05be004f04be002f01b1004d
:10f4a80000000600889fbe008a9fbe008000eb0017
:10f4b8001004e00013003200300c9000c00c9000e3
:10f4c800500d9000e00d90000804520089845a0005
:10f4d8000a055b008b855b0011002000f4ff2f00fc
:10f4e800659a2a0046322000070020000440e10007
:10f4f80005c8e10006d0e10007d8e10001003400aa
:10f508008000eb00010078004f05be004f04be00ec
:10f5180000000600889fbe008a9fbe00843e20002f
:10f52800050020006033b8008008900010099000a2
:10f53800a0099000700090008acb07000800200006
:10f54800090027000afd2a006bff2f00080440006d
:10f55800898448000a0549008b8549000400200079
:10f56800850220006033b8000800be000a01be0012
:10f578001ecb07004f05be004f04be00000006006a
:10f58800889fbe008a9fbe008c9fbe000145780000
:10f59800024678006104b800120020000300200031
:10f5a800e24f5500010036006011b8000204540013
:10f5b80083845c0002192000030020000800be00bc
:10f5c80040c607000001be0000e72f00009ab900fe
:10f5d800020252000010b8008100420000004400fe
:10f5e80081804c008a85fb0099002000e24f55007d
:10f5f80001003600d9ff2f000c86fb008006eb00c7
:10f608003459200055ff2f000c0642008d864a0011
:10f6180015ab2300059bb9000202d0000602420088
:10f628000511b800830142000c0141008d81490099
:10f63800d4162000048bb9000402b80085024300e8
:10f648000201420083814a000003be00e00f50001f
:10f65800e08f580002003d0063034000e08348004b
:10f668004e3cdd004232de0004027400c2bade0005
:10f678000206420083864a0042062000030020005a
:10f6880010c607000006560081865e008b84440081
:10f698009009200000c8b90062004000e0804800de
:10f6a800520020000300200006c607000c06400098
:10f6b8008d8648000018250000e9b9008200460040
:10f6c8000066b8008d86400000c82b0021792c0008
:10f6d8000c0040008d8048004f06be004f05be005c
:10f6e8004f04be0000000600ea874700889fbe005e
:10f6f8008a9fbe008c9fbe008e1f78000004be004b
:10f70800020778000218250013002000abc6070086
:10f7180092532200b3002000000641008186490070
:10f7280002182500130020000800be00b3c6070019
:10f738000004be0012ab2300230020000c00be0012
:10f74800e0c50700f0b79f0081bf9f00fa542c0066
:10f758000fba97000aa1b900d0ff2f007fb3970016
:10f7680000b0b90002004000860078000a0db80019
:10f778008b0540000a0546008b854e00c2ea28002a
:10f78800030020000a00be00cec5070000064500a1
:10f7980081864d00425b2000030020000a00be0065
:10f7a800c8c507000006560081865e0002ab23002c
:10f7b800230020000a00be00c2c507000000560052
:10f7c80081805e00d216200003002000bdc507001e
:10f7d8000006be004206200003002000b9c507004d
:10f7e80032e92f0002eab9000c0252000261b800a7
:10f7f8008301420000014100818149000201450066
:10f8080083814d000c02be00e00f5600e08f5e00c1
:10f8180002003d0063024600e0824e004e2bdd00f0
:10f828004220de0000007300c2a8de00000551007f
:10f83800818559006559b9006550b80081004100bb
:10f8480062004000e0804800920920000300200088
:10f858009cc50700e90f5000e08f580005003c00e8
:10f8680063014000e0814800d2b79f00e3b79f00e2
:10f878000400370069015000e0815800d2b79f00aa
:10f88800e3b79f000a45e800940920000489b900fd
:10f898000400b8008100410062004000e080480098
:10f8a800520020000300200086c5070000455500cf
:10f8b8003a479800afe997002347980000192000bd
:10f8c8007fb2970000a0b9000c064000100020008d
:10f8d8005fb19700efb19700e20f5100e08f590038
:10f8e800010034000000eb00000f460002e1200098
:10f8f800030020000800be0030c6070040479800fb
:10f90800c2032000030020000800be002bc6070029
:10f91800c20320000300200038c6070050479800a3
:10f92800c2032000030020000800be0033c6070001
:10f93800604798004f0778004f06be004f05be008d
:10f948004f04be00af00b100000006000800fa0036
:10f95800889fbe000004be000200be00594190000e
:10f968000204e0000f003a00485991000204e00048
:10f978002a00320002c02800a30020000000410035
:10f98800818049007889900088919000820f50000a
:10f99800838f5800210031000040eb00405c990043
:10f9a8001e0037006c8157004fff07006ff097006b
:10f9b8000080fb000000e900625525000281b900c3
:10f9c8004f80de00008051006300b900e440400031
:10f9d800eccf500006003600afb897000100e800f1
:10f9e80012c0b30082407800e5fe0700030037002c
:10f9f80012c0b3002fb89700e1fe0700708c980082
:10fa080001949800e940900010c0b3000104e000a0
:10fa18000100320000c0eb00405c99004f04be00ba
:10fa28000080fa00000006002000fa00889fbe004f
:10fa38008a9fbe008c9fbe0080067800e4b79f00b6
:10fa4800f5b79f0086bf9f0097bf9f00010678000b
:10fa58001c0090006300b9001c0578006355b800cd
:10fa68008b0540001d04e000580132000a01be0069
:10fa78000d00780006fe07000203be000002be006b
:10fa8800e0af9f00f1af9f0082b79f0093b79f0040
:10fa98006fb09700ffb097000fb997009fb9970014
:10faa80004005000858058000601590087815900dc
:10fab800a0b79f00b1b79f00c2b79f00d3b79f0000
:10fac80000902000d10320006011b8002fb29700e9
:10fad800bfb297004fb39700dfb397000002420010
:10fae80081824a0002034b0083834b00a4af9f002e
:10faf800b5af9f00c6af9f00d7af9f000020210081
:10fb0800a10720006011b8000020e10001a8e10071
:10fb180002b0e10003b8e10009013e0084022000c0
:10fb2800050020006033b8002fb09700bfb09700e1
:10fb38004fb19700dfb19700acc9070090969800c5
:10fb4800a1969800da069800eb0698002fb0970067
:10fb5800bfb097004fb19700dfb19700e00f50009a
:10fb6800e08f5800e00f5900e08f590004003d0075
:10fb780063004000e080480060014900e0814900de
:10fb88000203be000002be004222de004e2cdd0051
:10fb980004027400c22ade004e34dd0085027400bf
:10fba8004233de004e3cdd0006037400c2bbde00bb
:10fbb800a4b79f00b5b79f00c6b79f00d7b79f00ef
:10fbc8006fa89700ffa897000fb197009fb1970003
:10fbd8000000420081804a0002014b0083814b00f3
:10fbe80090069800a1069800b2069800c3069800ef
:10fbf8006fb29700ffb297000fbb97009fbb9700ab
:10fc0800b40e9800c50e9800d60e9800e70e98001e
:10fc18006d7090000004e0008a0032003d129000f0
:10fc2800cd1290000404550085845d0075252000e0
:10fc3800850f5400e08f5c001c0036006fb0970001
:10fc4800ffb097000fb997009fb997007d0a900001
:10fc58008d1290001d139000ad1390000400500009
:10fc6800858058000601590087815900a0b79f0078
:10fc7800b1b79f00c2b79f00d3b79f008201780039
:10fc880001017800800078000000eb000802be0047
:10fc98006033b80055c90700f0069800810e980037
:10fca800920e9800a30e9800660037007607200091
:10fcb800860f5400e08f5c00620036000800be002a
:10fcc8006011b800a0b79f00b1b79f00c2b79f00ee
:10fcd800d3b79f007d0890008d1090001d119000f3
:10fce800ad1190006fb29700ffb297000fbb97005d
:10fcf8009fbb97000000520081805a0002015b0000
:10fd080083815b008201780001017800800078001f
:10fd18000000eb002fb29700bfb297004fb39700d7
:10fd2800dfb3970031c907000203be000002be001e
:10fd3800e0af9f00f1af9f0082b79f0093b79f008d
:10fd48000000200001602a00d2d92f00f3ff2f0005
:10fd58000002420081824a0002034b0083834b0069
:10fd6800a4af9f00b5af9f00c6af9f00d7af9f005d
:10fd78002fb29700bfb297004fb39700dfb3970039
:10fd8800000020000188230012002000030020004a
:10fd980016c907000002400081824800020349009a
:10fda80083834900a4b79f00b5b79f00c6b79f00db
:10fdb800d7b79f002fa89700bfa897004fa9970013
:10fdc800dfa997000400e1000588e1000690e10042
:10fdd8000798e10013003c006022b8006033b800c7
:10fde8000002520081825a0002035b0083835b0099
:10fdf800a4af9f00b5af9f00c6af9f00d7af9f00cd
:10fe08002fb09700bfb097004fb19700dfb19700b0
:10fe18000400e1000588e1000690e1000798e10090
:10fe280008003d006faa9700ffaa97000fb397003c
:10fe38009fb39700f4069800850e9800960e9800d8
:10fe4800a70e98007d7090000004e00015003a00ad
:10fe58003d109000cd1090000000550081805d009d
:10fe6800f5c12100850f5000e08f58002a003600a8
:10fe78006fb09700ffb097000fb997009fb9970030
:10fe8800d0169800e1169800f2169800831e980084
:10fe98009a1e9800ab1e980010c0b300f076980028
:10fea8001d0037001d189000ad1890000000550087
:10feb80081805d00f2c12100820f5000e08f580060
:10fec80015003600a00220000d004000fe8046000c
:10fed8003002be008488be004100b000b01878002f
:10fee800b01078001003be00a6009800b700980074
:10fef8006fb09700ffb097000fb997009fb99700b0
:10ff0800d0169800e1169800f2169800831e980003
:10ff18009a1e9800ab1e98000040eb00805e990086
:10ff28003d909000cd90900061004000e080480036
:10ff3800b0969800c19698000004eb00380037008e
:10ff48008c0078000a01be006fb29700ffb29700dc
:10ff58000fbb97009fbb97000d00780046fc070079
:10ff68000d00780094fb0700e10f50000f003400eb
:10ff78000a01be006fb29700ffb297000fbb97004f
:10ff88009fbb97000d00780024fc07007d9090002f
:10ff98008d98900061004000e0804800f09698003d
:10ffa800819e9800280020001d0037005d90900079
:10ffb800ed90900061004000e0804800d0969800e5
:10ffc800e1969800480020001f0037008c00780058
:10ffd8000a01be006fb29700ffb297000fbb9700ef
:10ffe8009fbb97000d00780023fc07000d007800e8
:10fff80071fb0700380020000000e0001200340008
:020000040001f9
:100008000a01be006fb29700ffb297000fbb9700be
:100018009fbb97000d00780000fc07001800200027
:10002800cc409000915e99007c419000a25e9900be
:100038008c499000b35e99000a01be008c007800dc
:100048000d00780041fe0700080078004f06be004a
:100058004f05be004f04be000080fa0000000600f5
:100068004200fa00889fbe008a9fbe008c9fbe0097
:10007800300f9800440f9800550f9800660f9800ad
:10008800770f98002107980012079800030f78004f
:100098000000eb00be0c90001904e000ce003a000e
:1000a800095e91000c86fb000c06e900ca003300cb
:1000b80034002000050020006033b800790090006b
:1000c8008908900019099000a9099000a5c807009f
:1000d8000203be000002be00001798001117980026
:1000e80022179800331798004f3ade006033b800a3
:1000f8008002eb000000420081804a0002014b00b0
:1001080083814b008383d1000283d3008182d30093
:100118000082d300340798004507980056079800d6
:1001280067079800c466dd008d03b000be0a900022
:100138008d8642000c2798004e089000de0890003b
:100148006e099000fe0990003d045000bd845800df
:100158003d0559009d8559006d00b100481798006c
:10016800591798006a1798007b179800f4ff2f001a
:10017800f5ff2f000403be000400440085804c00f6
:1001880006014d0087814d00f8ff2d0059d022004f
:10019800ba0020000b0020000800e1000988e100f7
:1001a8000a90e1000b98e10086003e004e12900094
:1001b800de1290006e139000fe1390008603780004
:1001c80005037800840278000002eb003e049000ea
:1001d800ce0490005e059000ee05900008004200f5
:1001e80089804a000a014b008b814b000e12900057
:1001f8009e1290002e139000be139000fbc70700bc
:100208000205be000004be00e00f5000e08f580059
:10021800e00f5900e08f59006a0034000e12900078
:100228009e1290002e139000be1390004dc8070038
:1002380004002000150020006033b800a9fa070068
:1002480070079800010f9800120f9800230f98006c
:1002580084382100050020006033b8004e1090005b
:10026800de1090006e119000fe119000dfc70700ad
:1002780004502300c50020006033b8000402400089
:10028800858248000603490087834900041f9800b7
:10029800151f9800261f9800371f98004e109000d1
:1002a800de1090006e119000fe1190007e0290000a
:1002b8008e0a90001e0b9000ae0b900004005000b8
:1002c800858058000601590087815900401f980011
:1002d800511f9800621f9800731f98000e1a900013
:1002e8009e1a90002e1b9000be1b90000020e1007b
:1002f80001a8e10002b0e10003b8e10031003500d7
:100308007e0090008e0890001e099000ae099000b3
:100318004e129000de1290006e139000fe139000b3
:100328000400500085805800060159008781590053
:100338004017980051179800621798007317980093
:100348000e1a90009e1a90002e1b9000be1b900063
:100358000020e10001a8e10002b0e10003b8e100db
:1003680018003500640046004400dd00be0a900015
:10037800008042001000be00320020000300200070
:100388008ec307002e039000081b40000993480005
:100398004461dd004204b0009e0390003e0c9000d2
:1003a800e84b790002014400124190009e04780055
:1003b800824c78004eb897000c4878001000200056
:1003c800050037000c06e900f08656000c00e00036
:1003d80058ff3d000000eb004f06be004f05be0071
:1003e8004f04be000080fa00000006002200fa0058
:1003f800889fbe008a1f7800000578004000200012
:100408001a04e00038003a000a5c9100814f540059
:10041800350036008180fb000008dd0068042000fc
:10042800000444006a447c000844e80000004500d9
:1004380068c0980030002000e14f54002a003600c0
:100448000f0078008002b100100009000018eb00ce
:10045800c2af9f00d3af9f00c408dd004104b000c5
:100468006ac07800c0df9f008100450011409000fd
:10047800e1406000d1df9f000080fb008000d100d8
:10048800e1c06000e1df9f00c200de00e1c0600063
:10049800f1df9f004300de006340600080e79f00bb
:1004a8006318b9006314b800890440000801be004d
:1004b8000a007800d9fa07004fd89700105d990014
:1004c8007fd89700205d99000fe09700305d990074
:1004d8000801be0081fd2f008f8040000a007800cf
:1004e8001afd0700100020004f0578004f04be00d9
:1004f8000080fa00000006001800fa00889fbe007d
:100508008a9fbe008c9fbe0000067800a4b79f009b
:10051800b5b79f00c6b79f00d7b79f008106780080
:1005280002fe2f000f014100c1fd2f008f80400007
:100538000c00780075fb0700800078000004eb00d1
:100548000100e000430032006fac9700ffac970059
:1005580032002000030020000800be0017c3070077
:100568000005be0032002000030020000800be0085
:1005780022c3070002242400028ab9006f03b900cd
:10058800040243000201b800830142000fb0970043
:100598009fb09700020140008381480000362e007a
:1005a80061012000800f5100818f59000200360040
:1005b80061054500e0854d006358b9006351b800f6
:1005c800830140000c00780031fb07002fb2970030
:1005d800bfb297004fb39700dfb3970000025200f5
:1005e80081825a0002035b0083835b00e4b79f00ab
:1005f800f5b79f0086bf9f0097bf9f00009020001f
:10060800d10320006011b8000002420081824a0034
:1006180002034b0083834b00a4b79f00b5b79f002c
:10062800c6b79f00d7b79f000004eb000020210049
:10063800a10720006011b8000020e10001a8e10036
:1006480002b0e10003b8e10002003e008a8ebe005d
:1006580018002000080078004f06be004f05be00b5
:100668004f04be000080fa0000000600e68747003d
:10067800889fbe008a9fbe008c9fbe008e1f780098
:10068800000778000605be000404be001e04e00052
:10069800420032004e5891000004e0001f00320072
:1006a8000001eb00f28057000e00780017fb0700ee
:1006b8000000e000190032007e8e90008e969000b7
:1006c8007fb097008fb89700800f5600818f5e002b
:1006d80012003e000c01be000e007800ecfa070084
:1006e80010079800210798003207980043079800e0
:1006f8004e5891000000fb00cf80de000006560037
:1007080081865e005c0798006d0798000040eb004a
:10071800405f990070779800607798001e029000fb
:10072800ae0290003e039000ce03900004025400f5
:1007380085825c0006035d0087835d0000002a0057
:100748001171280012022000030020000020e1009f
:1007580001a8e10002b0e10003b8e1000f00340095
:100768005e049000ee04900080bb20000100200091
:1007780008044000898448000801be000e00780083
:10078800c3fa07001007980021079800320798005d
:100798004307980058079800690798004f077800a2
:1007a8004f06be004f05be004f04be006f00b100eb
:1007b80000000600889fbe008a9fbe008c9fbe0076
:1007c8000005be000004be00e00f5000e08f580096
:1007d80002003d0060041000e0841800823e200002
:1007e800030020000800be0084c20700a200200009
:1007f8000300200071c207000006be00823e2000f0
:10080800030020000800be006cc207000001be0003
:10081800b1022000e00f5500e08f5d0001003d00af
:10082800d10220008c9fbe00829fbe00811f7800ed
:10083800c0762d00801f78001e0e0700ec87570039
:100848004f06be004f05be004f04be000000060064
:100858007b0f070004882300150020006033b800d0
:10086800c0c6070000000600889fbe008a9fbe0021
:100878008c1f780000067800710f07002403200001
:10088800050020006033b8004dc607000205be0011
:100898000004be008c1f7800a20020000300200086
:1008a80056c20700809fbe00a2002000030020005f
:1008b8000800be0041c20700809fbe00b0772d002f
:1008c800801f7800fb0d0700ec8757004f06780063
:1008d8004f05be004f04be00000006000800fa00e5
:1008e800889fbe008a1f78000004be000245780079
:1008f8006e8157007cfb07000ff897000080fb0013
:10090800801f78005ff097000080fb00801f780050
:100918002ff097000080fb00801f78007fe8970089
:100928000080fb00801f78004fe897000080fb00e4
:10093800801f78004fb09700801f7800c0782d0086
:10094800801f7800db0d0700ee8757000a04e000df
:10095800190035000a01fb00cf91de0000e12000fc
:10096800009ab9000010b80081004200000044005d
:1009780081804c006e8157005bfb07000a05fb0075
:100988008a1f78006ff097000080fb00801f7800b6
:100998003ff097000080fb00801f78000ff0970061
:1009a8000080fb00801f7800e07a2d00801f78000f
:1009b800c00d0700ea8757004f0578004f04be00b6
:1009c8000080fa0000000600889fbe008a9fbe00d3
:1009d8008c9fbe008e1f7800000778000204be00be
:1009e800e07c2d0007000900305f78008e00b10020
:1009f800670547006f8640003b0020006d7d2d0095
:100a08005c80fb00801f78008d1f78000a0078004a
:100a1800c2c60700000545008b05e800e4875700bb
:100a2800ec8f5500f6ff3a00889fbe00c07d2d0070
:100a3800801f78000a007800b8c607000005450046
:100a48000e00e800e68757008040eb00800f550055
:100a580003003600b0c068008a0f5000fdff3a005e
:100a68008180fb00811f7800007e2d00801f7800a8
:100a78000a007800a9c60700000545000e005500c9
:100a8800e48757004f0778004f06be004f05be00a9
:100a98004f04be0000000600f200fa00889fbe0066
:100aa8008a9fbe008c9fbe00605b22003004be009f
:100ab8002005be0010000900001feb002e02b10047
:100ac8008e007800205d2200fbf507000006780004
:100ad800e10f560003003a00305b22000048eb00ab
:100ae8008e02370004882300150020006033b80008
:100af8000800be000a01be001ac6070008782c00cc
:100b0800e9ff2f00faff2f00fbff2f000804400029
:100b1800898448000a0549008b85490012408000f5
:100b28002340800061014100e081490012408800b3
:100b380023408800a0832d004bff0700042e81006e
:100b4800f03f28000000620004003b000000e900bc
:100b580001c02f00008070000000e800410620005e
:100b68000180b900e00f5000e08f580002003d00fe
:100b7800f03fb0000180b000c60add004a01de0087
:100b880002817200821f7800040078000400e000ef
:100b980002003d00f03f2000040040004a80de00d3
:100ba800801f78001640800027408000869fbe0086
:100bb80000842d00801f78003e0d0700ea8757004b
:100bc800e30f560051013a00e08823001004e000ca
:100bd80046023a0047022000871f470033022000e0
:100be8008e814100220220000e014100a102200056
:100bf8008e8040000802be000a03be0018fd0700f0
:100c08008f87e9000000e000380232006000b80079
:100c18003017980041179800e40220000e024200a5
:100c2800be6190002e6190005e109000ee10900062
:100c380098f40700620220000e014100e102200042
:100c48008e804000205d2200dcf4070080067800da
:100c580030332000808f5600240234005e1190004b
:100c6800ee11900072b7980003bf98003e109000f4
:100c7800ce1090004f89de0082017800048823009e
:100c8800150020006033b800b6c50700e00f50001b
:100c9800e08f5800e00f5900e08f590007003d0031
:100ca800f4ff2700050020006033b800040040006e
:100cb8008580480006014900878149000203be007b
:100cc8000002be004f22de00412edd000402760045
:100cd800cf2ade004136dd00850276004f33de0084
:100ce800413edd0006037600cfbbde007eb19000fa
:100cf8008eb990000802420089824a000a034b001c
:100d08008b834b00ce609000e0882300b7fd07007e
:100d180000047800304080004140800061004000bd
:100d2800e08048003040880041408800ee0890008c
:100d3800811f7800f03f28000080660004003b0017
:100d48000000e90001c02f00008070000000e800ea
:100d5800410620000180b900e00f5000e08f5800e4
:100d680002003d00f03fb0000180b000460add00ff
:100d78004a01de0002017200821f78000d0078002f
:100d88000d00e00002003d00f03f20000d00400093
:100d98004a80de00801f780030852d00801f780093
:100da800c40c07006e1190006311b9005e1090002a
:100db8006300b800810041002e619000c7fe070063
:100dc800608b2d00b20c0700908b2d00a6fe07004b
:100dd800e8875700e10f540025003a0000982300e7
:100de800100009000018eb002002b1005e1390000b
:100df800ee1390000688be0040982300ae63900072
:100e0800074878003e60900051982300e148600050
:100e18000080fb000001d10061982300e1486100d7
:100e28004201de0071982300e14861004300de00c2
:100e380081982300e348600010c0b3000ae8b700b7
:100e4800f08b2d00920c07006e1190006311b90011
:100e58005e1090006300b8008100410000c1eb0003
:100e68009efe0700608b2d00890c070002003700ea
:100e780040902d00860c0700305b22000048eb00f4
:100e8800a6013700610220008e8040000802be00e3
:100e98000a03be00e088230097fd07000000e00079
:100ea800950132006066b8005c1798006d179800cd
:100eb800609823009041d000709823001080fb00b8
:100ec8004200dd0080c171005098230090c171007c
:100ed800809823001080fb00e1006000c308dd005b
:100ee80081c171000000d1004400dd00e408200049
:100ef8000e02420080c17100409823001041780022
:100f08003e109000ce109000e2f30700a2022000ed
:100f18000e014100e10820008e804000205d220083
:100f280026f407000006780030332000800f5600b2
:100f380071013400ed0220008d064700009823005f
:100f480010000900b01e78003e119000ce119000ec
:100f580072179800031f98005e109000ee10900022
:100f68004f89de00820178000488230015002000e4
:100f78006033b800fbc40700e00f5000e08f580052
:100f8800e00f5900e08f590007003d00f4ff2700eb
:100f9800050020006033b800040040008580480048
:100fa80006014900878149000203be000002be0015
:100fb8004f22de00c12edd0004827600cf2ade003b
:100fc800c136dd00858276004f33de00c13edd008c
:100fd80006837600cfbbde00e10220008e80400051
:100fe8000802420089824a000a034b008b834b00a7
:100ff800e08823008cfa0700000478003040800065
:101008004140800061004000e08048003040880096
:1010180041408800ee089000811f7800f03f2800ca
:101028000000660004003b000000e90001c02f003a
:10103800008070000000e800410620000180b9002f
:10104800e00f5000e08f580002003d00f03fb00074
:101058000180b000460add004a01de00020172008c
:10106800821f78000c0078000c00e00002003d00b0
:10107800f03f20000c0040004a80de00801f78000e
:10108800c0932d00801f78000a0c07004e119000b5
:101098006311b9003e1090006300b8008100410060
:1010a8002e7190000dfe0700608b2d00f80b0700d5
:1010b800908b2d00ecfd0700e88757000800e00042
:1010c8000d003a00c0982d00f10b070080c981007f
:1010d80091c98100b7fd0700e08823000df90700da
:1010e800809fbe00e0992d00801f7800f10b07005b
:1010f800e687570002003700009b2d00e40b07002d
:10110800305b22000048eb00040137000c00e000cf
:10111800140032006640800077408000610343007d
:10112800e0834b006640880077408800ee08900016
:10113800607f2d00e20f560001003a00807e2d00ee
:10114800811f7800801f7800b09d2d00801f7800d7
:10115800d80b0700305b22000048eb00e6875700f9
:10116800ee0037007e0890008e1090004f89de0058
:101178008201780004882300150020006033b8003d
:1011880078c40700e00f5000e08f5800e00f5900c6
:10119800e08f590007003d00f4ff270005002000fc
:1011a8006033b8000400400085804800060149000b
:1011b800878149004f00de00c10bdd00008073000d
:1011c800cf08de00c113dd00818073004f11de00ff
:1011d800c11bdd0002817300cf99de0008044000c6
:1011e800898448000a0549008b8549006066b80073
:1011f8007cb798000dbf9800e08823001004e00039
:101208001d003200408a230030025400b0825c0086
:1012180030035d0090835d000400be000601be003f
:1012280004a02500252620006033b800efc307007e
:101238000006be001e0090006300b9001e01780081
:101248006311b80083014000e088230010f807000c
:101258000000540081805c0002015d0083815d0014
:1012680004c42900050020006033b800dfc307006c
:1012780070b7980001bf98008e0078000802be0081
:101288000a03be00e0882300e7f90700000478009d
:1012980091812d003e4890000004e00001003200da
:1012a800a1802d0090812d002e4990000204e000bd
:1012b80001003200a0812d00811f7800801f780076
:1012c8001e4890000080fb00801f7800ee0b900005
:1012d800871f7800d09f2d00801f7800750b0700ae
:1012e8001e0190006311b9001e0078006300b80069
:1012f800810041004e41900078fd0700ea875700c1
:101308005e4090000004e0000a00320000832d00d7
:10131800ee4090000104e0000100320080822d00c0
:10132800801f780010a22d00801f7800610b070035
:10133800e48757007e4090000004e000020032007d
:10134800b0a32d00520b07000e4890000004e000e7
:10135800060032000080fb00801f780010a52d00d9
:10136800801f7800530b0700e4875700608b2d001f
:10137800470b0700e10f5400150032000500390043
:10138800e20f540020003200e30f54002d003a0011
:1013980027003700908b2d0033fd070070a72d0024
:1013a8003b0b070080c9810091c9810001fd07003e
:1013b800e088230057f80700809fbe00e0992d00c1
:1013c800801f78003b0b0700e6875700280037008e
:1013d800908b2d0024fd070070a92d002c0b070011
:1013e8001e0190006311b9001e0078006300b80068
:1013f8008100410000c1eb0038fd0700608b2d0023
:10140800230b07001a003700908b2d0016fd0700ec
:101418007eb090008eb89000809fbe0050ac2d002a
:10142800801f7800230b0700e6875700100037005d
:10143800908b2d000cfd070040b02d00140b070009
:1014480019003700908b2d0007fd07007eb1900032
:101458008eb99000829fbe0030b42d00801f7800a6
:10146800140b0700e6875700e20f54000e003e00f9
:101478000398230010000900be1978002e02b1005d
:1014880010c0b3000ae8b7001ae8b7000008e20085
:1014980005003a000c01be008e007800009423007d
:1014a80049fd07000040880070b82d00eefc0700d9
:1014b8006c04470078064700b9b82d005880fb0037
:1014c800801f7800891f7800fa0a0700e487570010
:1014d8008c0f5400f9ff3a00608b2d00ec0a0700ce
:1014e800305b22000048eb000c0037000a48e2009d
:1014f80006ff320063fe37006440800075408000bc
:1015080061024200e0824a00644088007540880019
:10151800ee089000607f2d0009ff37004f06be00df
:101528004f05be004f04be000080fa000000060010
:101538001800fa00889fbe008a9fbe008c9fbe00dc
:10154800c3fc07000205be000004be000203be0083
:101558000002be00e088230044fc070002fe2f00c2
:101568000f014100c1fd2f008f8040000802be001e
:101578000a03be00e088230064f707000000e000cb
:10158800460032006fa89700ffa897006106400048
:10159800e08648000c01be00e08823003cf7070005
:1015a800e0b79f00f1b79f0082bf9f0093bf9f00e5
:1015b80008025000898258000a0359008b83590099
:1015c800f04f2300c10020006011b8000020e100a6
:1015d80001a8e10002b0e10003b8e10009003c0005
:1015e80061064600e0864e000c01be00e08823003c
:1015f80027f70700e0b79f00f1b79f0082bf9f0061
:1016080093bf9f007c8157000c00be0036f807008e
:101618000802be000a03be00e0882300a1f7070005
:101628008001780012002000fc80570020d722009b
:10163800030b0700024080000200e0000a003200ad
:1016480002044000f10f2000810f540006003e0004
:1016580021d722000100400001942300bcc30700e9
:101668000028ef0008007800c04088006fb097009d
:10167800ffb097000fb997009fb9970024d62200b2
:10168800009abe000292be005c6b89006d6b8900f7
:1016980011c0b300e0d62200014878004f06be0012
:1016a8004f05be004f04be000080fa00000006008f
:1016b800889fbe008a1f780052ec8000cf91de0020
:1016c80040ec8000cf80de0000015100818159008c
:1016d80040062000009ab9000011b80083014200ba
:1016e8000200be00e00f5100e08f590004003d00e9
:1016f800f0ff2f0001002000020040008380480016
:10170800010478006aec8000bb0807008044780078
:1017180052ec8000cf91de0040ec8000cf80de00ec
:10172800020140008381480020032000009ab9008c
:101738000011b800830142000200be00e00f510012
:10174800e08f590004003d00f0ff27000100200051
:101758000200400083804800410add004f01de009e
:10176800020172008240880040d52100dc06070093
:1017780090408000880f5000010031009840880098
:101788000a0078001428b400e20f5500050036005e
:10179800a1c0b300eccf54000b003600e3c05400e6
:1017a8000900370050052000800f5400050036005e
:1017b800a1c0b30081cf5400030036008940e9007e
:1017c800010037008940780070022000800f540023
:1017d8000c003e000a00e0000a003a001648ec003f
:1017e80016e8b700e44f5000070036001668ef000f
:1017f800e0c3b30080cf540003003e008940e800f6
:10180800010037001668ef0089cf5000020032004f
:10181800014078006f0807004f0578004f04be00ac
:10182800000006001e00fa00889fbe008a9fbe00c6
:101838008c9fbe009a408000ac4080006e08070074
:101848008045780040d52100c10607000004be008d
:1018580000962700e1ff2f00080140008981480019
:10186800420f9800530f98001228ef001428ef0039
:10187800d0cc2c000050b800420ade000e81e800ef
:101888000000eb00d3c2b30035c2b3008340780038
:10189800800f520001003600854078000169780009
:1018a8000000e800f40f5000f8ff3a000040eb0099
:1018b8007057980090bc2d00ebfb0700e31f470012
:1018c8008a1f780000bd2d00801f7800f9090700e5
:1018d800e68757000c00e000060032008c1f7800f5
:1018e80020be2d00801f7800f2090700e48757000a
:1018f80018003700e90f550009003e0080bf2d0091
:10190800e30907000b80fb00801f7800a0c02d00b2
:10191800801f7800e7090700e48757001a0037009e
:10192800fd0f550003003e0090c12d00d8090700a7
:101938000800370050052000800f550003003e00c6
:10194800d0c12d00d20907000200370000c22d00c7
:10195800cf0907000b80fb00801f7800a0c02d0076
:10196800801f7800d3090700e4875700e20f56006c
:1019780005003600eacf550003003e0050c22d0096
:10198800c30907000a003700fd0f550008003e0094
:10199800e0c3b30080cf55000500360040bb2d00e2
:1019a800e90f550001003e0010b92d00b8090700e5
:1019b8001008f800a0c32d00801f7800bd0907009b
:1019c80000eb80000000400021f42d00e1007800c9
:1019d800610f98004e0d9000de0d9000e00f55004d
:1019e800e08f5d0002003d0060051500e0851d00e8
:1019f80042062000030020000a00be00e0bd0700e8
:101a08000006be0042062000030020000a00be00b7
:101a18002cbd07000001be00e4875700b10220007a
:101a28004e0a9000de0a9000e00f5200e08f5a0044
:101a380001003d00d1022000ee0a9000851f7800c9
:101a48008c9fbe00829fbe00811f78004206200046
:101a5800030020000800be00c9bd0700809fbe002b
:101a680042062000030020000800be0015bd070044
:101a7800809fbe0080c42d00801f78008d0907005c
:101a8800f687570000eb8000e30f500022003a0071
:101a9800f2eb800003ec80004c1add004410de00fd
:101aa80000007200c498de0082162000028ab90085
:101ab8000200b800810042000001be00e00f5000a3
:101ac800e08f580004003d00f2ff2f0003002000c3
:101ad8000001410081814900831f780080162000a1
:101ae800e1eb80000088b900e00f5000e08f58005b
:101af80004003d00f2ff2f00030020000000410019
:101b080081804900811f780010c72d00801f780050
:101b180068090700e68757000e007800b807070035
:101b28000000e0000a003a001e4090000080fb0020
:101b3800801f78001e80fb00801f780040c92d00a0
:101b4800801f78005b090700e6875700020037000e
:101b580060cb2d004e0907004f06be004f05be00a2
:101b68004f04be000080fa00000006000400fa00de
:101b7800889fbe008a9fbe008c9fbe0034fb070072
:101b88000205be000004be0020cf2d0036fb070072
:101b98000001eb00f08057000802be000a03be00f7
:101ba800e0882300d9f507000000e000200032009b
:101bb800408a230030025400b0825c0030035d008c
:101bc80090835d000400be000601be0004a025004d
:101bd800252620006033b80084c107000006be0037
:101be80070922300104178000fb897009fb89700b3
:101bf8003afb07000802be000a03be00e088230083
:101c080028f6070061cd2d000000e0000100320039
:101c180001cd2d008c9fbe00811f780090cf2d0034
:101c2800801f780023090700e88757000200370063
:101c380080d12d0016090700e6c98100f7c9810087
:101c4800869fbe00c0c98100d1c98100809fbe00a7
:101c58003440800045408000849fbe00a6c98100b2
:101c6800b7c98100869fbe00604080007140800037
:101c7800809fbe001440800025408000849fbe00e5
:101c880040d22d00801f78000a090700806b810070
:101c9800fa8757000000e00003003a00190907001e
:101ca8000000e0000700320016090700801f7800d6
:101cb800702df80050d92d00801f7800fd0807000e
:101cc800e6875700608b2d00f10807004f06be001d
:101cd8004f05be004f04be000080fa000000060059
:101ce8004f06b000889fbe008a9fbe008c9fbe0032
:101cf8008e1f7800c9090700b108070060db2d00b6
:101d0800e3080700b0db2d00d7fa070000dc2d0040
:101d1800df080700b0db2d00d3fa0700a0df2d0095
:101d2800db08070038080700e08823004cf50700a7
:101d3800380020009ae72d00fbe72d0089060700f0
:101d4800800478000900e0000b0032000a007800e7
:101d5800c5fa0700891f78008b1f7800d50807008f
:101d68000804e900e48757000800e000f3ff3a00a0
:101d78000900e00001003a005b070700380a070085
:101d880040a7a80090e72d00b7fa070030ea2d0019
:101d9800bf080700300a0700800578000b067800a6
:101da8000b0578008bbf9f008046eb00ee88230070
:101db80004003700080578008046eb000100370072
:101dc80008057800240a0700000478001c0a0700a8
:101dd800f4f82500150020006033b800491f2000e2
:101de8000400e1000588e1000690e1000798e100a1
:101df80001003600893821000060fe00355b2200b2
:101e08001504e0000100320023fb07001e04e00077
:101e180020003200e0d6220036c0b300904f1300f5
:101e2800020032001004e00012003a00e0d622005e
:101e380037c0b30090cf13000b003a0084fa0700b4
:101e48000203be000002be000e00780095f50700f0
:101e5800610060004800dd00211680000180a100bb
:101e68008100700021168800e0d622000048eb00af
:101e7800affd0700e140800081005400f48050006d
:101e8800a0142000808f50001a003e00a50807000b
:101e9800180037000fb8970080005400301f20004a
:101ea800808f5000120036008001eb00030178009b
:101eb8008300780000f92f000f004000e0080700b9
:101ec8008000780000f92f000f00400096080700f6
:101ed800014080000100e00003003200009423006c
:101ee800910807000028ef00c502a90088bf9f00dd
:101ef8008c0807008b005400301f2000808f500092
:101f080002003600eafd0700880578000c0054003e
:101f1800808f540002003e0042fe07000806780049
:101f28000a00540074382100840f5000a5ff3600c1
:101f38000eff070000f92f000f004000b006070051
:101f48000000e0009bff32008d46e800e2cf56001b
:101f58009bff360090e72d0043fa070080ee2d0026
:101f68004b080700ff050700080578008046eb00ce
:101f780094ff37004f22b000889fbe008a9fbe00a2
:101f88008c9fbe008e1f7800fb1a2e008084eb0009
:101f98006011b8000003eb000cff2f001e002000aa
:101fa800080120003d1020000202be000500370095
:101fb8000c0378000704e000010032000003eb0086
:101fc800ea844400db4378000c0178000704e00051
:101fd800010032000001eb008981440000dd2f0080
:101fe8000f004000830140000e00780006015100f8
:101ff8008bbf9f0080007800f00f50000100340074
:1020080088007800028db900eab79f00fbb79f00ef
:102018008a0078000100e00001003d00ef804000e8
:10202800c488de008680400081297800cf8dde00dc
:102038000482400085824d000080e800f50f5000c2
:10204800ecff3a008fbd97008d8f5400d8ff3a00ff
:102058000401be00e4dc2f000f02420000672300e9
:10206800768657006044b8006055b800e510200037
:10207800d4007800058bb90082005300012878004d
:10208800018bb900cfb8de000804430089844b00f7
:102098000a8548008b8548008c0f5200f4ff3a00ef
:1020a8000800be000a01be00b8bb0700d041880086
:1020b800e14188004f0778004f06be004f05be007b
:1020c8004f04be00ef1fb1006f02b1000000060010
:1020d8000800fa00889fbe008a9fbe008c9fbe0041
:1020e8008000780000672300cb8823006066b80072
:1020f800f83f20000900200008057800020265006a
:102108007d0342000603430061037b0044b3de0005
:10211800d003780006bbb9000c0643008d864b003f
:1021280061014100e08149008b0f5000f3ff3a0044
:102138000001eb00e00f5600e08f5e003e00340027
:1021480020842000008040001001be000202be0072
:102158004fabde0086037800e4b79f00f5b79f0019
:1021680086bf9f0097bf9f0060842000808040004a
:102178001102be006033b8000400be000601be00b4
:10218800e4102000050020006033b80075c0070087
:102198000205be000004be006fb29700ffb29700b0
:1021a8000fbb97009fbb97000400be000601be004e
:1021b8006cc007000002540081825c0002035d00cd
:1021c80083835d000001eb004240a9001a0034003f
:1021d8000400be000601be006cbb0700d2418000af
:1021e800e3418000d5bd07000200200073382400b9
:1021f800f3bc0700a8ba07000004be000c00be002c
:1022080072bb07000801be00edbc070002002000f9
:1022180003482400c9bd07003bbb07000540200058
:10222800850f5000e08f580002003c000001780044
:102238000100370002402000020078004f06be006f
:102248004f05be004f04be000080fa0000000600e3
:10225800f2874700889fbe008a9fbe008c9fbe0001
:102268008e1f780000047800a0832000000044003e
:102278003002be002003be00d4b79f00e5b79f0020
:10228800f6b79f0087bf9f00d010200001002000f4
:102298006011b8000020e10001a8e10002b0e100ef
:1022a80003b8e100ca003600d410b1000580b100bf
:1022b8000680b1000780b10094b79f00a5b79f00c2
:1022c800b6b79f00c7b79f000401be00080078009a
:1022d8007fff070080047800a08420006840780011
:1022e8000004e00003003200e14f500046003a00cd
:1022f80019003700b0122000808f5400b20034005b
:1023080010c0b300a184200000f47800c18420002c
:10231800810044008008eb000185200009b47800a2
:10232800e284200021852000e2307c0061852000c5
:10233800810044001fb29700afb297003fb39700e7
:10234800cfb397008498be008690be00e185200038
:1023580000f478009c003700e08520006840780091
:102368000004e000050032004085200009347800b0
:10237800e0852000000044000048eb0000852000b4
:1023880000004400908f540010003400e1842000c5
:102398002085200061307c00008520000934780009
:1023a80060852000000044001fb29700afb297007c
:1023b8003fb39700cfb397000498be000690be00c5
:1023c80011c0b300e085200001747800c1842000aa
:1023d800810044001100e80080087800d110200036
:1023e800810f500078003600e085200068407800b2
:1023f8000004e00074003a0021c0b300a08420006b
:1024080001747800700037006085200000004400e7
:102418003002be002003be0094b79f00a5b79f00fe
:10242800b6b79f00c7b79f000400be000601be00f4
:10243800703cb0000180b0000280b0000380b000a2
:102448005fb29700efb297007fb397008fbb9700fa
:102458000020e10001a8e10002b0e10003b8e100ba
:1024680059003900f0852000684078000004e00039
:102478004f003a001fb39700afb3970068055300a9
:10248800e0855b0020852000e802780000852000b8
:10249800680778004085200068027800e2ff2f0076
:1024a80002f1b9004fa8de00028142008301480012
:1024b800cfa0de00020142008381480002014100f2
:1024c800838149006000b800e00f5100e08f590097
:1024d80007003d0004825200cfa2de004f28dd0035
:1024e800c120de00810070004f20dd0075ba0700b2
:1024f80002002400820f5000e08f580002003400d0
:1025080000002400010020000002be00d0b79f0098
:10251800e1b79f0000002c00f1ff2f00800f520050
:10252800818f5a0002003d00d0b79f00e1b79f009d
:10253800c186200081004400c60021000603440033
:10254800f43f200005002000840178000a8661001d
:102558007d00460000004000e8287800610545003d
:10256800e0854d00868f5000f8ff3a002086200055
:10257800000044001fb29700afb297003fb3970026
:10258800cfb397000498be000690be00a086200036
:10259800dfb2970005347800c08620000e3478003a
:1025a80011c0b300f08520000174780003003700e3
:1025b80000862000000044001048e800a0842000a5
:1025c800000044000048eb00e08420000934780053
:1025d8004f0778004f06be004f05be004f04be00ef
:1025e8002f01b100000006000400fa00889fbe0019
:1025f8008a9fbe008c9fbe000005be000204be007c
:102608000206be00e00f5100e08f590002003d00b5
:1026180060061100e08619000a00be00e00f5500b0
:10262800e08f5d0002003d0060001500e0801d00a5
:1026380080bf9f0091bf9f000c01be00800f560015
:10264800818f5e00010031000001be000000eb0038
:10265800e00f5100e08f5900490032000c02be0023
:102668000fb897009fb89700800f5600818f5e00c3
:10267800010036000002be00f1ff2700810f510063
:10268800e08f590009003600f0ff27000100200004
:102698008301d1000281d3008502d1000482d300d6
:1026a800800f5100818f5900f9ff3e004f28dd004f
:1026b800c120de00810070004f20dd00bfba070096
:1026c800024e2f00028ab900000252000201b8002f
:1026d8008301420004002000055920000202420044
:1026e80083824a00412bdd004f21de000201730086
:1026f800cfa9de00040022000500200002014200ec
:1027080083814a00009bb900028ab9000602420090
:102718000010b800810042004109dd004f02de00d0
:1027280004027100cf8ade000fb897009fb89700a7
:10273800800f5600818f5e000400310000002400e5
:10274800010020000402500085825800e00f540068
:10275800e08f5c0004003d0000002800010020001c
:102768000402500085825800e00f5500e08f5d009c
:1027780002003d0060021200e0821a0004007800a6
:102788004f06be004f05be004f04be000080fa0091
:10279800000006003400fa00889fbe008a9fbe0031
:1027a8008c1f7800000678000403be00ec0290003d
:1027b8000500e00007013a00461add00ca10de00f5
:1027c80081007200f1b79f00ca9ade0085bf9f00a2
:1027d800463ddd00ca34de0089047500d9b79f0084
:1027e800cabdde00ebb79f007fb097008fb8970097
:1027f8004f89de0082017800d0af9f00e1af9f00d3
:10280800f2af9f0083b79f000c1490009c149000b7
:102818004fcdde008a0578005fb29700efb29700cf
:102828004fabde008603780094af9f00a5af9f00f2
:10283800b6af9f00c7af9f002c109000bc1090004f
:102848000002be004fabde0086037800d4a79f00cd
:10285800e5a79f00f6a79f0087af9f000802be006c
:102868000a03be005fa89700efa897007fa997000a
:102878008fb19700bbbe07000203be000002be0076
:102888000c0890009c0890002c099000bc0990004e
:102898000000420081804a0002014b0083814b0006
:1028a80090a79f00a1a79f00b2a79f00c3a79f0062
:1028b8005fa29700efa297007fa397008fab9700c6
:1028c8001fa89700afa897003fa99700cfa9970026
:1028d800a4be07001fa29700afa297003fa39700ce
:1028e800cfa397000002420081824a0002034b00f6
:1028f80083834b0094b79f00a5b79f00b6b79f008e
:10290800c7b79f00040e9800150e9800260e980071
:10291800370e98000802be000a03be001fa89700e1
:10292800afa897003fa99700cfa997008dbe0700d1
:102938000205be000004be005fa29700efa2970048
:102948007fa397008fab97005fa89700efa8970029
:102958007fa997008fb1970082be0700000054003e
:1029680081805c0002015d0083815d004c0a90005b
:10297800dc0a90006c0b9000fc0b900004024000f5
:10298800858248000603490087834900440e980061
:10299800550e9800660e9800770e98007fb4970041
:1029a8008fbc970008169800191698005fb5970015
:1029b800efb597002a1698003b1698007c00900007
:1029c8000000e80070069800311f2000810f5000b9
:1029d80012003e00540137008381d1000281d300e8
:1029e8008180d3000080d3007fb297008fba970010
:1029f8001fbb9700afbb97008783d1000683d30026
:102a08008582d3000482d300f4b79f0085bf9f005e
:102a180096bf9f00a7bf9f00080037001fb0970010
:102a2800afb097003fb19700cfb19700f4b79f00c0
:102a380085bf9f0096bf9f00a7bf9f00f8ff2f008c
:102a4800f9ff23006055b800080240008982480059
:102a58000a0349008b834900e8ff2f00f9ff27008c
:102a68006055b8000820e10009a8e1000ab0e100bb
:102a78000bb8e100d8ff3e007fb297008fba9700ed
:102a88001fbb9700afbb9700f8ff2f00f9ff23008b
:102a98006055b8000820e10009a8e1000ab0e1008b
:102aa8000bb8e100ccff3c001800200009002c0006
:102ab800faff2f00fbff2f000820e10009a8e10022
:102ac8000ab0e1000bb8e100c3ff350090b79f00e2
:102ad800a1b79f00b2b79f00c3b79f007fb297000e
:102ae8008fba97001fbb9700afbb97001fb1970025
:102af800afb197000400be00bbfe0700c1cc2000a8
:102b08000180b9002c029000bc0290000002420033
:102b180081824a0024069800350698004c019000ee
:102b2800dc019000d64d220067102000020343000c
:102b380083834b00860f5200878f5a0002003400af
:102b4800260698003706980034b22d0095ef2f001e
:102b58000201420083814a002c029000bc029000ce
:102b6800820f5200838f5a0002003d00220698000f
:102b7800330698006022b8006033b800440e98000d
:102b8800550e9800660e9800770e9800040e98006f
:102b9800150e9800260e9800370e98000001eb00dd
:102ba80072069800f2ff2f00030020000000410089
:102bb80081804900e2ff2f0013002000820f50009f
:102bc800838f5800d8003e0010002000600698004f
:102bd800d50037004c1090004f01de000001410085
:102be8000281d100810f510004003d006108b90045
:102bf800e38f520044003a00240037006101b90015
:102c08006108b9000200500083805800e38f520029
:102c18003d003a005c149000ec1490004c4ddd002f
:102c28004443de0006037500c4cbde00bb71200000
:102c38008b0f5300e08f5b0033003c00480add0037
:102c48004803de0006037200c88bde00060141005f
:102c58008781490056332f00f7ff2f00860f510058
:102c6800878f59000200350042332f00f3ff2f00f1
:102c780066552d00f7ff2f00860f5100878f5900ea
:102c880001003d000601be00421698005c1390004a
:102c9800ec1390004c3cdd004431de00020174006e
:102ca800c4b9de00b9712000890f5100e08f5900c6
:102cb80015003c0062572000028ab9000201b800e2
:102cc800830142001c0e41005c964900b22f20008f
:102cd800028ab9000201b80083014200461ddd00e6
:102ce8004a12de0004027500ca9ade002c01900028
:102cf800bc0190000202420083824a002406980028
:102d0800350698001d00370085824200021a2e0001
:102d180062817a006114b900028bb90000ccb90055
:102d2800060244000201b800830142001c0e410063
:102d38005c964900821a2e0062817a006113b900fc
:102d4800028ab90000bbb900040243000201b800be
:102d580083014200c61ddd004a12de0004827500b0
:102d6800ca9ade002c019000bc01900002024200c9
:102d780083824a0024069800350698004c0190008a
:102d8800dc019000d44d22006510200002024200b0
:102d980083824a002c039000bc039000840f5300e8
:102da800858f5b00020034002406980035069800e1
:102db80034b22d0095ef2f000201420083814a00b2
:102dc8002c029000bc029000820f5200838f5a00a0
:102dd80002003d002206980033069800fc0190008e
:102de8008301e800730698006c019000e10f510020
:102df80008003a00b45d2000848f510005003600b9
:102e080022002000620698000001eb00720698007c
:102e180009003700e20f510007003a00b25d2000b8
:102e2800828f5100040036003200200062069800ac
:102e38000001eb00720698005c129000ec12900002
:102e48000001be00e00f5000e08f580002003d0076
:102e580060011000e08118004418dd00cc10de008d
:102e6800810070004410dd00040150008581580085
:102e7800471bdd004910de0000007300c998de0022
:102e88000000420081804a005016980061169800a0
:102e98006c019000e30f510023003a00cc0bdd00d9
:102ea8004401de0002817300c489de00781c210021
:102eb800880f5100e08f5900190034007c109000f1
:102ec8000000e8007016980081382100810f50003a
:102ed800150036000000eb006006980070069800a8
:102ee8006022b8006033b800440e9800550e980070
:102ef800660e9800770e9800040e9800150e98003c
:102f0800260e9800370e9800701698004c05900011
:102f1800dc0590002a0698003b069800020037005e
:102f28000000eb00701698004f0678004f05be00b1
:102f38004f04be000080fa0000000600fe8747002c
:102f4800889fbe008a9fbe008c9fbe008e1f78009f
:102f5800f0af9f001001be00d2af9f00e3af9f000b
:102f6800201f9000b01e9000401a900084b79f0068
:102f78008003780027039000b703900096b79f005e
:102f8800a7b79f00010678000202be008001eb008f
:102f98006055b8006044b800c1f62c00d8b79f004f
:102fa800e9b79f00bab79f00cbb79f003c007800f5
:102fb800462dde000b0020000a0178000a102000d0
:102fc80002054500f93f2000090565000a0545008e
:102fd80061057d000a85b900485cdd004853de00c4
:102fe80006037400c8dbde005fb59700efb59700f5
:102ff8000a0543008b854b00dab79f00ebb79f00ab
:1030080002014100610579000a85b9004859dd00cf
:103018004854de0008047100c8dcde003fb59700a4
:10302800cfb597000805550089855d00bab79f00a0
:10303800cbb79f001fb59700afb5970004024500b6
:1030480085824d00808f560001003d008006780083
:10305800800f570001003400000778008beb270031
:103068000b00400002d72f00820f500003003600eb
:103078000fb597000a05e8008ab79f008301e800aa
:10308800f48f5100c9ff3a005fb49700efb497007e
:103098003fb59700cfb597001fb19700afb1970024
:1030a8005faa9700efaa97000200420083804a00b7
:1030b800afb297007329b9001fb397007332b800f5
:1030c80085024100ffab9700841b400085934800b0
:1030d800ae1b9800bd1b98000fb09700c01b98004e
:1030e8000801be000a00be003ffd07000006780088
:1030f8000801be00e00f5400e08f5c0002003d00b4
:1031080060011400e0811c000a00be00e00f5500b9
:10311800e08f5d0002003d0060001500e0801d00aa
:10312800800f5100818f59000a003400630ab900ea
:103138006300b800810042004d0bdd004302de0051
:1031480004027300c38ade0004014100858149003e
:1031580009003700631ab9006311b80083014200ff
:10316800cd1bdd004312de0004827300c39ade002b
:1031780004014000858148007fa89700001a90004c
:10318800901a900004015100858159004a1bdd0006
:103198004610de0000007300c698de000000420002
:1031a80081804a00ffab9700801b9800911b980014
:1031b8000a02be000801be008c00780007007800f3
:1031c80074fd0700a08320007fac97000000440036
:1031d8003002be002003be0061024200e0824a00c5
:1031e80060034b00e0834b000498be000690be00cd
:1031f800f23f200003002000040061007d01400030
:10320800020141000c34790044e6de0022842000eb
:10321800020144001205be00cfe1de000a054600a7
:103228008b854900dab79f00ebb79f000a89be007b
:103238000ce6b90062842000020144003204460012
:10324800a2844e000806be000889be00d8102000df
:10325800090020006055b8000820e10009a8e10035
:103268000ab0e1000bb8e10015003600f43f200079
:1032780005002000e010b100040160007d0141005c
:1032880002014100ffac9700690079004480de002c
:1032980021842000818044006101b9005fb5970056
:1032a800efb597008218550083905d006184200077
:1032b800818044000081b9008218560083905e0026
:1032c8007fa89700e2fb07004f0778004f06be0073
:1032d8004f05be004f04be00ef01b100000006001c
:1032e800f1ff2700211898001100280031189800d4
:1032f8008000eb004118980000000600881f780045
:1033080000047800e000210006080900001ceb001a
:103318000004540017fb0700909929009199210097
:103328004004980051049800200498003104980043
:10333800f0932e00401498000000eb006004980001
:1033480008007800e6ff07004f0478000000060038
:10335800b0009000200090004f89de0082017800c4
:1033680004242400f50020006033b800fdbb0700ea
:103378000200be00000006008281fb00838241003b
:10338800e0817a00ec8151000002eb00e24f51002d
:103398001c0036000281fb00630341008180fb00b2
:1033a800810f530017003d008200e9008180400032
:1033b800810040000201e8000201410002014000d2
:1033c80068005000808242000043eb00064078000d
:1033d80014c0b300a18f51000100350004407800eb
:1033e800b28f51000100350004437800858f5000ea
:1033f800f8ff3a000002eb000004e0000100320090
:10340800610263000400780000000600889fbe0087
:10341800f10520000104b800420620000300200046
:103428000800be0065b70700a200200003002000c6
:1034380072b70700809fbe00823e20000300200074
:103448000800be005db70700809fbe00a0f42d00f5
:10345800801f780017030700ea8757004f04be0053
:10346800000006000200fa00889fbe008a9fbe0086
:103478000040eb00e0f79f008a3e20001bc0b3002d
:1034880018ee2200090020000b417800ea8057005e
:1034980010c1b300880207000000e00006003a00ef
:1034a8006ff097000004e00003003d004600de00d6
:1034b80061006000060037000800be00a60407008f
:1034c8000060fe000a05e900efff3a000080eb000b
:1034d8004f05be004f04be000080fa000000060041
:1034e800889fbe008004780001447800ddff070053
:1034f800800078000080eb000100e0000a00350041
:10350800084178008900780010c1b3004402070020
:10351800800078000080eb000100e00002003a0023
:10352800d0ff07004f80de004f04be0000000600f9
:103538000a00fa0020c4b300e0f79f0010c0b300ef
:10354800f0f79f0021c0b3006a805700e4ff07002e
:10355800000178000080eb008080eb000200e000b2
:103568000f003a0082c0b300e880570010c1b300d2
:1035780051020700000178000080eb008080eb001a
:103588000200e00006003a00eff89700c808dd00e6
:103598007ff897000080fb00010070008000eb00be
:1035a8000080fa0000000600ea874700889fbe00f6
:1035b8008a9fbe008c9fbe008e1f78000000eb0023
:1035c800118685000100e0002b003200000578001c
:1035d8008a0578008a0478002d8685004c132b0014
:1035e8006f8457000107780060c1b300a0ef9f0007
:1035f8008b8f5600080036000b804500610c2b00ad
:1036080061007800890f500003003a0050c1b300f0
:10361800a0ef9f008b05e8008c0045008100e900c1
:103628007680570051687800880f5000fdff3a00f7
:1036380082c0b300f680570010c1b300f80107003c
:103648000000e00009003a0086ff07000000e000e3
:10365800080035008904e80067054500890f570010
:10366800e1ff3e000000eb00030037000080eb00a4
:10367800010037000080eb004f0778004f06be00be
:103688004f05be004f04be00af00b10000000600a9
:103698000600fa00881f780001c4b30081ff9f006c
:1036a80011c8b30091ff9f008040eb00a1ff9f006d
:1036b80001ceb300b1ff9f00c800de00c1ff9f002c
:1036c800d0ff9f0067ff07000084eb000000e000c8
:1036d8000a00350062c0b300e880570010c1b3008b
:1036e800cf0107000000e00004003a005dff07007a
:1036f800000478004006200039030700080078001d
:103708004f0478000080fa00000006000600fa0066
:10371800881f780022c1b30082ff9f000041eb00a0
:1037280092ff9f004801de00a2ff9f00b0ff9f00ac
:103738004808de00c0ff9f00d1ff9f0061c0b300b2
:103748006880570066ff070000047800a00020008a
:1037580023030700080078004f0478000080fa006f
:10376800000006000c00fa00889fbe008a1f78003f
:10377800d462a8004006200019030700d462a900fb
:103788004006200016030700d462a8004006200067
:103798001303070010c0b300e0ef9f00f0c1b300af
:1037a800f0ef9f0050c0b30080f79f0031c0b30016
:1037b800728057004aff07000000e0000400320052
:1037c80050f52d00320207000080eb007d00370025
:1037d80082c0b300ef80570010c1b300b6010700e4
:1037e8000000e00013003a000ff897000080fb008b
:1037f800801f78005ff097000080fb00801f780032
:103808000ff097000080fb00801f78005fe89700aa
:103818000080fb00801f78002fe897000080fb00e5
:10382800801f7800b0f62d00801f78002102070065
:10383800ec87570010c0b300e0ef9f0010c3b3003f
:10384800f0ef9f0050c0b30080f79f0031c0b30075
:103858007280570022ff070080007800e0ff2f00e9
:103868000100e00057003a0060222000dc02070057
:1038780060f92d00060207004bff07000000e0007a
:103888000400320030fb2d0001020700d0ff2f009a
:103898004c003700d0fb2d00fd01070010c0b3001d
:1038a800e0ef9f0010c1b300f0ef9f0050c0b300dd
:1038b80080f79f0031c0b3007280570008ff0700ef
:1038c800800c2000c60207002101290010102000ea
:1038d8008eff070080007800c0ff2f000100e00085
:1038e80038003a0001842000914078008180fb0074
:1038f8000000240085ff07001000200064ff070077
:1039080060222000b6020700510129001010200093
:103918007eff07008000eb00001020007bff0700ff
:10392800416327003010230078ff0700f041800032
:1039380057ff070080007800b0ff2f000100e0006b
:103948002000350000c1b300e0ef9f0011c0b300b4
:1039580072805700e2fe0700800078000000eb004c
:103968000100e00017003a0082c0b300ef80570062
:1039780010c1b30050010700800078000000eb0080
:103988000100e0000f003a0050fc2d00c0010700c4
:103998006f845700e88457001afd2d005880fb00fb
:1039a800801f78008a1f7800c2010700e48757004b
:1039b800890f5400f9ff3a0070fd2d00b40107008b
:1039c8000000eb004f0578004f04be000080fa00ad
:1039d80000000600f1c3b300814f5000010036001b
:1039e8000140780040e8b7008080fb000000240018
:1039f80046ff07000000060040c8bf0000000600a0
:103a08000800fa00881f78000004780030c4b3006a
:103a1800e0f79f0010c0b300f0f79f0021c0b3008b
:103a28006a805700aefe0700800078000080eb0037
:103a38000100e0000f003a0062c0b300e8805700c0
:103a480010c1b3001c010700800078000080eb0063
:103a58000100e00007003a000ff8970020449800a2
:103a68004ff89700004c78005ff8970010449800d2
:103a78000000eb004f0478000080fa000000060008
:103a88000400fa00889fbe008a1f780020032000e7
:103a98005302070048c0b3008004eb009a012000dd
:103aa8006a805700d6ff07000000e00008003a00cf
:103ab800eff097000180fb00808444000a00780042
:103ac800470207000844e900f5ff3a000100370003
:103ad8008084eb00090078004f0578004f04be0091
:103ae8000080fa00000006003000fa00889fbe003f
:103af8008a9fbe008c9fbe008dfe07000004be009a
:103b0800f0418000e2fe07000005780088fe07000b
:103b18000001be0081fe2d000a00e0000100340013
:103b2800a1fd2d00829fbe00811f7800802b2800f8
:103b3800801f780010ff2d00801f78005d010700ae
:103b4800889fbe0020032e00801f780059010700bf
:103b580030042e004e0107008e85e900f0875700db
:103b68000a0820000046eb008c4478004d072e0020
:103b78000a007800c6fe0700c1ff070000047800ad
:103b8800882d78000800e00005003d0050062e0052
:103b98003f010700f0418000bdfe07004d003700df
:103ba800080078000800e00001003d0063004400c0
:103bb8004280de00801f78008d1f78003d010700dd
:103bc8000c80fb0000004000e48757006e0078007e
:103bd800800f540001003400094678008944e80049
:103be8000a10b000f8cf5400e1ff3a0070fd2d0034
:103bf800270107000c41780081c1b3000e0078004e
:103c0800ddfd07000000e00005003a0080072e00f7
:103c18001f010700f04180009dfe07002d003700be
:103c28004865dd0008f82f000a0444000a18b000af
:103c38008005eb000b0678008084eb00880f5500a8
:103c4800120039000b0678000800780090fe070083
:103c58008bff0700808f540003003500890f500048
:103c680007003a0004003700880578000806780045
:103c78008004780002003700880578008004780006
:103c88000802b000880f5500efff31000c80450096
:103c98000000d100f04188007dfe0700f00b2e00e7
:103ca800fb000700f0418000d8fd070009007800fc
:103cb8000900e00001003d00638044004280de000e
:103cc800801f7800e00d2e00801f7800f9000700a3
:103cd800e48757004f06be004f05be004f04be00e4
:103ce8000080fa000000060002e2240090816000d3
:103cf800040032000201e900fcff3a000080eb00fa
:103d0800040037000000eb000200e00001003a0068
:103d18000080eb0000000600f10120006020200078
:103d2800f1ff0700800078000080eb000100e00050
:103d380003003a000100240080202000eaff070069
:103d480000000600f4ff0700800078000080eb0008
:103d58000100e00004003a000602a800110020005b
:103d680060202000e0ff070000000600eaff0700cf
:103d78000642a8004100200060202000daff07006a
:103d880000000600881f780000447800e2ff070062
:103d9800800078000080eb000100e00012003a008b
:103da8000884fb00181088000100240080202000ef
:103db800cdff0700800078000080eb000100e000e4
:103dc80009003a00d4ff0700800078000080eb006b
:103dd8000100e00004003a000000eb000802e200e5
:103de80001003d00e0ff2f004f04780000000600ae
:103df80007e2a90000192000010020005602070070
:103e080007e2a800000006000622ef00b018200014
:103e1800201088000722a80007e2a800000006007a
:103e2800889fbe008a9fbe00804578000105780003
:103e380082447800c3ff0700000478000800e0000f
:103e480012003a000bc04500ceff0700800578003d
:103e58000b00e0000c003a000904e00013003200f7
:103e68008944e9003a407800c6ff0700000478005a
:103e78000800e00005003a000904e0000b003200e9
:103e88008944e900f7ff37000b047800b7ff070003
:103e9800e10f440001003a00d5ff07000800780050
:103ea8004f05be004f04be0000000600afff07002c
:103eb8000b047800f9ff3700889fbe008a9fbe0078
:103ec8008c1f78008044780001057800024478004f
:103ed8009cff0700000678000c00e0002a003a006a
:103ee80009c044000004a000a6ff070000067800ef
:103ef8000c00e0001c0032002300370086ff07009a
:103f08000000e00029003a000662a8008b00780053
:103f18000900780074ff07000000e00023003a0061
:103f280000108000005d78000844e9000880fb006c
:103f38000000e9004f00de004500dd003110800080
:103f48000150a10081007000311088000682a8008d
:103f5800010120000900780063ff07000000e0006d
:103f680006003200110037008b0020006920200075
:103f78000804e000e1ff3a000f0037000804e00001
:103f8800deff3a000c00370078ff0700e10f46001b
:103f980001003a0096ff07000c0078004f067800f1
:103fa8004f05be004f04be00000006006fff07006b
:103fb8000086eb00f7ff37006cff0700f6ff3700bd
:103fc8002022ef002062a800500520004011880040
:103fd8003022ef003062a800c011880023a2a90097
:103fe80023e2a90033a2a90033e2a90080ff2f0031
:103ff800aa00b6003000b30050058800f1ff280081
:10400800900580008080600000002300010070009f
:104018009005880021e2a8002342a80031e2a80008
:104028003342a8008580a9009580a80087e0a900f0
:1040380097e0a8009560a90097c0a90000000600b5
:10404800f43f2000252723000d003700b2418000ef
:104058000201e80004016100c3418000828f510021
:1040680002003a003428ec0004003700b341800015
:104078003043780086f27900b24188008100e90077
:104088000100e000f1ff3a008580a800000006006a
:10409800881f7800000478000800780073b90700ca
:1040a8008000780008007800e5ff07004f047800da
:1040b80000000600a000fa0083f52f008f81410060
:1040c8004f299700010a200000f62f000f0040003a
:1040d8007eb90700f1092000810f5000010034006b
:1040e800010078000000e00004003400800078003f
:1040f80000f62f000f004000d1ff07000080fa00f3
:1041080000000600a04180000000060090418000e9
:10411800814180000000e90001005000f03fb2003a
:1041280000000600000006000100e0001700320051
:10413800824180000201e800f23fb2009341800012
:10414800828f5100110032008100e90024e722002b
:10415800f53f200007003700824180000201e80097
:10416800050161008100e90096418000820f53003b
:1041780006003200834180003043780006f279005f
:10418800824188000100e000f3ff3a0087e0a800c0
:10419800000006008180fb00d2cc2c000209b80088
:1041a8004319de0003c3b300035841006a11b90084
:1041b8000281500001c3b30001584100000006000d
:1041c800114178000204e000060032008001780006
:1041d8008259780003007800514178000204e00019
:1041e800fbff3a00000006000000e8000041eb0079
:1041f800810f50000300310030416900810f5000e9
:10420800fdff3a00a0c2b3008048780001007800a2
:104218000281fb00c411de0081132e0061e87900e1
:104228006f01610061687900d1c0b300016878004e
:10423800a1c0b300016878000068eb000000060028
:10424800889fbe008a1f78008004780001047800e7
:10425800030578000200e00008003a00010f2e0074
:1042680009007800d6ff0700800078000900780070
:10427800ddff0700090050002300370051102e0011
:1042880009007800ceff0700c8409000c1ff070072
:10429800d8409000bfff0700e8409000bdff07002e
:1042a800c1c2b300015878000a00e00019003200ca
:1042b8001ac4b3000a587800d1102e00c0ff0700b6
:1042c800b8409000b3ff0700a8409000b1ff070076
:1042d800800178009800780042062000110009004b
:1042e8008280d80003007800aaff070031132e004f
:1042f800b3ff0700800078008a587800090078002a
:10430800b9ff0700090050004f0578004f04be00b0
:104318000000060061c5b30001587800d1102e00d6
:10432800a7ff0700b84090009aff0700a840900038
:1043380098ff070080017800980078004206200066
:10434800110009008280d8000300780091ff07005f
:1043580031132e009aff0700eac4b300e5ff3700c7
:10436800e0012000303a8800f0f32f004427b6001f
:1043780000fe2f004427b600a109200032002000cb
:104388008007200033742000804978008149780034
:1043980082497800123a80000200a00071052000ce
:1043a8006004200023742000804978008149780047
:1043b800824978000200270001002300133a800098
:1043c80003006100810f5000fcff3a000102200049
:1043d800123a800002806000fdff320000000600f3
:1043e800881f78008a9fbe00000478000800e0005b
:1043f800070032000ac429000b0020000a00be0092
:10440800d50007000060fe000804e900fbff3a0041
:104418004f05be004f0478000000060040a7a90021
:10442800cfff0700e0ff2f0060198800c422ef00cb
:10443800cc22ef00d422ef00d462a800d482a800d6
:10444800d4a2a800c002a800c102a900c142a900c4
:10445800c962a900c982a900c9a2a900c862a900a5
:10446800c842a800d002a900d062a900d082a90041
:10447800d0a2a90068c0a800103a80000060a1007e
:10448800610420007205200023742000814978000f
:10449800824978008049780000fe2f006436800049
:1044a800840160003300b30063368800f30f2e00e8
:1044b80064368000848261000430210005027200a5
:1044c800643688001436800084816100045020001e
:1044d800030272001436880084368000840160006c
:1044e8003301b30083368800a606b6000010a0008a
:1044f80030358800103a80000060a0002374200046
:1045080081497800824978008049780000000600d7
:020000040000fa
:020000040001f9
:10451800723600001c020000000000003a0800008b
:10452800040000000000000044080000101500000e
:10453800000000008e380000140100000000000098
:10454800000800001800000000000000541d0000d2
:104558001e110000000000001808000018000000ec
:1045680000000000d84700002800000000000000fc
:10457800b047000028000000000000003e080000ce
:104588000400000002000000b8823a0000000000a9
:10459800722e000000080000000000003008000033
:1045a8000a000000000000004208000002000000ad
:1045b80000000000e03900000200000000000000d8
:1045c800a23900001e00000002000000286e6900e9
:1045d8006c29000025006800076c09004c836a00fc
:1045e8009074a0007ac000008068880000846c0085
:1045f80082008100c03900001000000002000000a5
:10460800494e460000696e0066004e00414e0000ab
:104618006e616e0000000000d0390000100000003c
:1046280002000000494e460000696e0066004e0018
:10463800414e00006e616e000000000000000000a6
:020000040000fa
:020000040001f9
:10464800ff3ffc00848220003400be002401be002d
:104658000000fc0000000600f0408000000006009a
:1046680040d5210025fb07001021ef00f0fc2f00aa
:104678001001b6000040a000800888000ca1ef00df
:104688000621ef001221ef000a21ef00f0f92000c7
:10469800700888002023ef002143a8000030200084
:1046a8002023b700f0f12f002003b6000060a0001f
:1046b800001988002043a8002183a8002223ef00c6
:1046c8002423ef0040c0b30024e3b7003223ef00f7
:1046d8002823ef008023ef00c0ff2f008003b600df
:1046e8000010a000001c8800d0002000101c8800ca
:1046f80000302000401c8800807d2000201c88009d
:10470800007b2000301c880030012000501c8800ed
:1047180080ff2f00a600b6006000b30030058800b7
:104728008480a9009480a80081e3a800f18f2f005d
:10473800300580008080600000502000010070007b
:10474800300588008a21ef0021e3a80011e1a800c4
:0847580013e1a80000000600b7
:020000040000fa
:020000040001f9
:10476000f03fb1000180b10006003500ee03090002
:1047700000000000403fb1000180b100fbff3d00a0
:104780001000b000203fb00002003500008009009a
:0847900000000000000006001b
:00000001FF
